run_accession,analysis_accession,sample_accession,study_accession,analysis_type,tax_id,scientific_name,submitted_ftp,study_accession,experiment_accession,fastq_ftp,submitted_ftp,sra_ftp,bam_match,samplename
ERR3572847,ERZ2270687,SAMEA5989477,PRJEB45055,SEQUENCE_ASSEMBLY,749907,sediment metagenome,ftp.sra.ebi.ac.uk/vol1/ERZ227/ERZ2270687/ERR3572847.fasta.gz,PRJEB34634,ERX3571085,ftp.sra.ebi.ac.uk/vol1/fastq/ERR357/007/ERR3572847/ERR3572847_1.fastq.gz;ftp.sra.ebi.ac.uk/vol1/fastq/ERR357/007/ERR3572847/ERR3572847_2.fastq.gz,ftp.sra.ebi.ac.uk/vol1/run/ERR357/ERR3572847/WTCHG_670348_242184.bam,,WTCHG_670348_242184,DID-DW-100-AUT
ERR3572848,ERZ2272566,SAMEA5989477,PRJEB45055,SEQUENCE_ASSEMBLY,749907,sediment metagenome,ftp.sra.ebi.ac.uk/vol1/ERZ227/ERZ2272566/ERR3572848.fasta.gz,PRJEB34634,ERX3571086,ftp.sra.ebi.ac.uk/vol1/fastq/ERR357/008/ERR3572848/ERR3572848_1.fastq.gz;ftp.sra.ebi.ac.uk/vol1/fastq/ERR357/008/ERR3572848/ERR3572848_2.fastq.gz,ftp.sra.ebi.ac.uk/vol1/run/ERR357/ERR3572848/WTCHG_670345_242184.bam,,WTCHG_670345_242184,DID-DW-100-AUT
ERR3572849,ERZ2227750,SAMEA5989477,PRJEB45055,SEQUENCE_ASSEMBLY,749907,sediment metagenome,ftp.sra.ebi.ac.uk/vol1/ERZ222/ERZ2227750/ERR3572849.fasta.gz,PRJEB34634,ERX3571087,ftp.sra.ebi.ac.uk/vol1/fastq/ERR357/009/ERR3572849/ERR3572849_1.fastq.gz;ftp.sra.ebi.ac.uk/vol1/fastq/ERR357/009/ERR3572849/ERR3572849_2.fastq.gz,ftp.sra.ebi.ac.uk/vol1/run/ERR357/ERR3572849/WTCHG_670346_242184.bam,,WTCHG_670346_242184,DID-DW-100-AUT
ERR3572850,ERZ2227082,SAMEA5989477,PRJEB45055,SEQUENCE_ASSEMBLY,749907,sediment metagenome,ftp.sra.ebi.ac.uk/vol1/ERZ222/ERZ2227082/ERR3572850.fasta.gz,PRJEB34634,ERX3571088,ftp.sra.ebi.ac.uk/vol1/fastq/ERR357/000/ERR3572850/ERR3572850_1.fastq.gz;ftp.sra.ebi.ac.uk/vol1/fastq/ERR357/000/ERR3572850/ERR3572850_2.fastq.gz,ftp.sra.ebi.ac.uk/vol1/run/ERR357/ERR3572850/WTCHG_670349_242184.bam,,WTCHG_670349_242184,DID-DW-100-AUT
ERR3572851,ERZ2226719,SAMEA5989477,PRJEB45055,SEQUENCE_ASSEMBLY,749907,sediment metagenome,ftp.sra.ebi.ac.uk/vol1/ERZ222/ERZ2226719/ERR3572851.fasta.gz,PRJEB34634,ERX3571089,ftp.sra.ebi.ac.uk/vol1/fastq/ERR357/001/ERR3572851/ERR3572851_1.fastq.gz;ftp.sra.ebi.ac.uk/vol1/fastq/ERR357/001/ERR3572851/ERR3572851_2.fastq.gz,ftp.sra.ebi.ac.uk/vol1/run/ERR357/ERR3572851/WTCHG_670344_242184.bam,,WTCHG_670344_242184,DID-DW-100-AUT
ERR3572852,ERZ2226768,SAMEA5989477,PRJEB45055,SEQUENCE_ASSEMBLY,749907,sediment metagenome,ftp.sra.ebi.ac.uk/vol1/ERZ222/ERZ2226768/ERR3572852.fasta.gz,PRJEB34634,ERX3571090,ftp.sra.ebi.ac.uk/vol1/fastq/ERR357/002/ERR3572852/ERR3572852_1.fastq.gz;ftp.sra.ebi.ac.uk/vol1/fastq/ERR357/002/ERR3572852/ERR3572852_2.fastq.gz,ftp.sra.ebi.ac.uk/vol1/run/ERR357/ERR3572852/WTCHG_670347_242184.bam,,WTCHG_670347_242184,DID-DW-100-AUT
ERR3572853,ERZ2227383,SAMEA5989477,PRJEB45055,SEQUENCE_ASSEMBLY,749907,sediment metagenome,ftp.sra.ebi.ac.uk/vol1/ERZ222/ERZ2227383/ERR3572853.fasta.gz,PRJEB34634,ERX3571091,ftp.sra.ebi.ac.uk/vol1/fastq/ERR357/003/ERR3572853/ERR3572853_1.fastq.gz;ftp.sra.ebi.ac.uk/vol1/fastq/ERR357/003/ERR3572853/ERR3572853_2.fastq.gz,ftp.sra.ebi.ac.uk/vol1/run/ERR357/ERR3572853/WTCHG_664453_242184.bam,,WTCHG_664453_242184,DID-DW-100-AUT
ERR3572854,ERZ2270831,SAMEA5989477,PRJEB45055,SEQUENCE_ASSEMBLY,749907,sediment metagenome,ftp.sra.ebi.ac.uk/vol1/ERZ227/ERZ2270831/ERR3572854.fasta.gz,PRJEB34634,ERX3571092,ftp.sra.ebi.ac.uk/vol1/fastq/ERR357/004/ERR3572854/ERR3572854_1.fastq.gz;ftp.sra.ebi.ac.uk/vol1/fastq/ERR357/004/ERR3572854/ERR3572854_2.fastq.gz,ftp.sra.ebi.ac.uk/vol1/run/ERR357/ERR3572854/WTCHG_670349_252159.bam,,WTCHG_670349_252159,DID-DW-100-SUM
ERR3572855,ERZ2272690,SAMEA5989477,PRJEB45055,SEQUENCE_ASSEMBLY,749907,sediment metagenome,ftp.sra.ebi.ac.uk/vol1/ERZ227/ERZ2272690/ERR3572855.fasta.gz,PRJEB34634,ERX3571093,ftp.sra.ebi.ac.uk/vol1/fastq/ERR357/005/ERR3572855/ERR3572855_1.fastq.gz;ftp.sra.ebi.ac.uk/vol1/fastq/ERR357/005/ERR3572855/ERR3572855_2.fastq.gz,ftp.sra.ebi.ac.uk/vol1/run/ERR357/ERR3572855/WTCHG_670344_252159.bam,,WTCHG_670344_252159,DID-DW-100-SUM
ERR3572856,ERZ2271703,SAMEA5989477,PRJEB45055,SEQUENCE_ASSEMBLY,749907,sediment metagenome,ftp.sra.ebi.ac.uk/vol1/ERZ227/ERZ2271703/ERR3572856.fasta.gz,PRJEB34634,ERX3571094,ftp.sra.ebi.ac.uk/vol1/fastq/ERR357/006/ERR3572856/ERR3572856_1.fastq.gz;ftp.sra.ebi.ac.uk/vol1/fastq/ERR357/006/ERR3572856/ERR3572856_2.fastq.gz,ftp.sra.ebi.ac.uk/vol1/run/ERR357/ERR3572856/WTCHG_670347_252159.bam,,WTCHG_670347_252159,DID-DW-100-SUM
ERR3572857,ERZ2271553,SAMEA5989477,PRJEB45055,SEQUENCE_ASSEMBLY,749907,sediment metagenome,ftp.sra.ebi.ac.uk/vol1/ERZ227/ERZ2271553/ERR3572857.fasta.gz,PRJEB34634,ERX3571095,ftp.sra.ebi.ac.uk/vol1/fastq/ERR357/007/ERR3572857/ERR3572857_1.fastq.gz;ftp.sra.ebi.ac.uk/vol1/fastq/ERR357/007/ERR3572857/ERR3572857_2.fastq.gz,ftp.sra.ebi.ac.uk/vol1/run/ERR357/ERR3572857/WTCHG_670345_252159.bam,,WTCHG_670345_252159,DID-DW-100-SUM
ERR3572858,ERZ2271043,SAMEA5989477,PRJEB45055,SEQUENCE_ASSEMBLY,749907,sediment metagenome,ftp.sra.ebi.ac.uk/vol1/ERZ227/ERZ2271043/ERR3572858.fasta.gz,PRJEB34634,ERX3571096,ftp.sra.ebi.ac.uk/vol1/fastq/ERR357/008/ERR3572858/ERR3572858_1.fastq.gz;ftp.sra.ebi.ac.uk/vol1/fastq/ERR357/008/ERR3572858/ERR3572858_2.fastq.gz,ftp.sra.ebi.ac.uk/vol1/run/ERR357/ERR3572858/WTCHG_670346_252159.bam,,WTCHG_670346_252159,DID-DW-100-SUM
ERR3572859,ERZ2227387,SAMEA5989477,PRJEB45055,SEQUENCE_ASSEMBLY,749907,sediment metagenome,ftp.sra.ebi.ac.uk/vol1/ERZ222/ERZ2227387/ERR3572859.fasta.gz,PRJEB34634,ERX3571097,ftp.sra.ebi.ac.uk/vol1/fastq/ERR357/009/ERR3572859/ERR3572859_1.fastq.gz;ftp.sra.ebi.ac.uk/vol1/fastq/ERR357/009/ERR3572859/ERR3572859_2.fastq.gz,ftp.sra.ebi.ac.uk/vol1/run/ERR357/ERR3572859/WTCHG_670348_252159.bam,,WTCHG_670348_252159,DID-DW-100-SUM
ERR3572860,ERZ2270450,SAMEA5989477,PRJEB45055,SEQUENCE_ASSEMBLY,749907,sediment metagenome,ftp.sra.ebi.ac.uk/vol1/ERZ227/ERZ2270450/ERR3572860.fasta.gz,PRJEB34634,ERX3571098,ftp.sra.ebi.ac.uk/vol1/fastq/ERR357/000/ERR3572860/ERR3572860_1.fastq.gz;ftp.sra.ebi.ac.uk/vol1/fastq/ERR357/000/ERR3572860/ERR3572860_2.fastq.gz,ftp.sra.ebi.ac.uk/vol1/run/ERR357/ERR3572860/WTCHG_664453_252159.bam,,WTCHG_664453_252159,DID-DW-100-SUM
ERR3572861,ERZ2271717,SAMEA5989477,PRJEB45055,SEQUENCE_ASSEMBLY,749907,sediment metagenome,ftp.sra.ebi.ac.uk/vol1/ERZ227/ERZ2271717/ERR3572861.fasta.gz,PRJEB34634,ERX3571099,ftp.sra.ebi.ac.uk/vol1/fastq/ERR357/001/ERR3572861/ERR3572861_1.fastq.gz;ftp.sra.ebi.ac.uk/vol1/fastq/ERR357/001/ERR3572861/ERR3572861_2.fastq.gz,ftp.sra.ebi.ac.uk/vol1/run/ERR357/ERR3572861/WTCHG_670345_247124.bam,,WTCHG_670345_247124,DID-DW-100-WIN
ERR3572862,ERZ2270337,SAMEA5989477,PRJEB45055,SEQUENCE_ASSEMBLY,749907,sediment metagenome,ftp.sra.ebi.ac.uk/vol1/ERZ227/ERZ2270337/ERR3572862.fasta.gz,PRJEB34634,ERX3571100,ftp.sra.ebi.ac.uk/vol1/fastq/ERR357/002/ERR3572862/ERR3572862_1.fastq.gz;ftp.sra.ebi.ac.uk/vol1/fastq/ERR357/002/ERR3572862/ERR3572862_2.fastq.gz,ftp.sra.ebi.ac.uk/vol1/run/ERR357/ERR3572862/WTCHG_670348_247124.bam,,WTCHG_670348_247124,DID-DW-100-WIN
ERR3572863,ERZ2271204,SAMEA5989477,PRJEB45055,SEQUENCE_ASSEMBLY,749907,sediment metagenome,ftp.sra.ebi.ac.uk/vol1/ERZ227/ERZ2271204/ERR3572863.fasta.gz,PRJEB34634,ERX3571101,ftp.sra.ebi.ac.uk/vol1/fastq/ERR357/003/ERR3572863/ERR3572863_1.fastq.gz;ftp.sra.ebi.ac.uk/vol1/fastq/ERR357/003/ERR3572863/ERR3572863_2.fastq.gz,ftp.sra.ebi.ac.uk/vol1/run/ERR357/ERR3572863/WTCHG_670347_247124.bam,,WTCHG_670347_247124,DID-DW-100-WIN
ERR3572864,ERZ2271601,SAMEA5989477,PRJEB45055,SEQUENCE_ASSEMBLY,749907,sediment metagenome,ftp.sra.ebi.ac.uk/vol1/ERZ227/ERZ2271601/ERR3572864.fasta.gz,PRJEB34634,ERX3571102,ftp.sra.ebi.ac.uk/vol1/fastq/ERR357/004/ERR3572864/ERR3572864_1.fastq.gz;ftp.sra.ebi.ac.uk/vol1/fastq/ERR357/004/ERR3572864/ERR3572864_2.fastq.gz,ftp.sra.ebi.ac.uk/vol1/run/ERR357/ERR3572864/WTCHG_670346_247124.bam,,WTCHG_670346_247124,DID-DW-100-WIN
ERR3572865,ERZ2227794,SAMEA5989477,PRJEB45055,SEQUENCE_ASSEMBLY,749907,sediment metagenome,ftp.sra.ebi.ac.uk/vol1/ERZ222/ERZ2227794/ERR3572865.fasta.gz,PRJEB34634,ERX3571103,ftp.sra.ebi.ac.uk/vol1/fastq/ERR357/005/ERR3572865/ERR3572865_1.fastq.gz;ftp.sra.ebi.ac.uk/vol1/fastq/ERR357/005/ERR3572865/ERR3572865_2.fastq.gz,ftp.sra.ebi.ac.uk/vol1/run/ERR357/ERR3572865/WTCHG_670349_247124.bam,,WTCHG_670349_247124,DID-DW-100-WIN
ERR3572866,ERZ2272350,SAMEA5989477,PRJEB45055,SEQUENCE_ASSEMBLY,749907,sediment metagenome,ftp.sra.ebi.ac.uk/vol1/ERZ227/ERZ2272350/ERR3572866.fasta.gz,PRJEB34634,ERX3571104,ftp.sra.ebi.ac.uk/vol1/fastq/ERR357/006/ERR3572866/ERR3572866_1.fastq.gz;ftp.sra.ebi.ac.uk/vol1/fastq/ERR357/006/ERR3572866/ERR3572866_2.fastq.gz,ftp.sra.ebi.ac.uk/vol1/run/ERR357/ERR3572866/WTCHG_670344_247124.bam,,WTCHG_670344_247124,DID-DW-100-WIN
ERR3572867,ERZ2271854,SAMEA5989477,PRJEB45055,SEQUENCE_ASSEMBLY,749907,sediment metagenome,ftp.sra.ebi.ac.uk/vol1/ERZ227/ERZ2271854/ERR3572867.fasta.gz,PRJEB34634,ERX3571105,ftp.sra.ebi.ac.uk/vol1/fastq/ERR357/007/ERR3572867/ERR3572867_1.fastq.gz;ftp.sra.ebi.ac.uk/vol1/fastq/ERR357/007/ERR3572867/ERR3572867_2.fastq.gz,ftp.sra.ebi.ac.uk/vol1/run/ERR357/ERR3572867/WTCHG_664453_247124.bam,,WTCHG_664453_247124,DID-DW-100-WIN
ERR3572868,ERZ2227277,SAMEA5989477,PRJEB45055,SEQUENCE_ASSEMBLY,749907,sediment metagenome,ftp.sra.ebi.ac.uk/vol1/ERZ222/ERZ2227277/ERR3572868.fasta.gz,PRJEB34634,ERX3571106,ftp.sra.ebi.ac.uk/vol1/fastq/ERR357/008/ERR3572868/ERR3572868_1.fastq.gz;ftp.sra.ebi.ac.uk/vol1/fastq/ERR357/008/ERR3572868/ERR3572868_2.fastq.gz,ftp.sra.ebi.ac.uk/vol1/run/ERR357/ERR3572868/WTCHG_670348_245148.bam,,WTCHG_670348_245148,DID-DW-1000-AUT
ERR3572869,ERZ2227965,SAMEA5989477,PRJEB45055,SEQUENCE_ASSEMBLY,749907,sediment metagenome,ftp.sra.ebi.ac.uk/vol1/ERZ222/ERZ2227965/ERR3572869.fasta.gz,PRJEB34634,ERX3571107,ftp.sra.ebi.ac.uk/vol1/fastq/ERR357/009/ERR3572869/ERR3572869_1.fastq.gz;ftp.sra.ebi.ac.uk/vol1/fastq/ERR357/009/ERR3572869/ERR3572869_2.fastq.gz,ftp.sra.ebi.ac.uk/vol1/run/ERR357/ERR3572869/WTCHG_670349_245148.bam,,WTCHG_670349_245148,DID-DW-1000-AUT
ERR3572870,ERZ2272232,SAMEA5989477,PRJEB45055,SEQUENCE_ASSEMBLY,749907,sediment metagenome,ftp.sra.ebi.ac.uk/vol1/ERZ227/ERZ2272232/ERR3572870.fasta.gz,PRJEB34634,ERX3571108,ftp.sra.ebi.ac.uk/vol1/fastq/ERR357/000/ERR3572870/ERR3572870_1.fastq.gz;ftp.sra.ebi.ac.uk/vol1/fastq/ERR357/000/ERR3572870/ERR3572870_2.fastq.gz,ftp.sra.ebi.ac.uk/vol1/run/ERR357/ERR3572870/WTCHG_670345_245148.bam,,WTCHG_670345_245148,DID-DW-1000-AUT
ERR3572871,ERZ2271793,SAMEA5989477,PRJEB45055,SEQUENCE_ASSEMBLY,749907,sediment metagenome,ftp.sra.ebi.ac.uk/vol1/ERZ227/ERZ2271793/ERR3572871.fasta.gz,PRJEB34634,ERX3571109,ftp.sra.ebi.ac.uk/vol1/fastq/ERR357/001/ERR3572871/ERR3572871_1.fastq.gz;ftp.sra.ebi.ac.uk/vol1/fastq/ERR357/001/ERR3572871/ERR3572871_2.fastq.gz,ftp.sra.ebi.ac.uk/vol1/run/ERR357/ERR3572871/WTCHG_670347_245148.bam,,WTCHG_670347_245148,DID-DW-1000-AUT
ERR3572872,ERZ2227328,SAMEA5989477,PRJEB45055,SEQUENCE_ASSEMBLY,749907,sediment metagenome,ftp.sra.ebi.ac.uk/vol1/ERZ222/ERZ2227328/ERR3572872.fasta.gz,PRJEB34634,ERX3571110,ftp.sra.ebi.ac.uk/vol1/fastq/ERR357/002/ERR3572872/ERR3572872_1.fastq.gz;ftp.sra.ebi.ac.uk/vol1/fastq/ERR357/002/ERR3572872/ERR3572872_2.fastq.gz,ftp.sra.ebi.ac.uk/vol1/run/ERR357/ERR3572872/WTCHG_670346_245148.bam,,WTCHG_670346_245148,DID-DW-1000-AUT
ERR3572873,ERZ2271961,SAMEA5989477,PRJEB45055,SEQUENCE_ASSEMBLY,749907,sediment metagenome,ftp.sra.ebi.ac.uk/vol1/ERZ227/ERZ2271961/ERR3572873.fasta.gz,PRJEB34634,ERX3571111,ftp.sra.ebi.ac.uk/vol1/fastq/ERR357/003/ERR3572873/ERR3572873_1.fastq.gz;ftp.sra.ebi.ac.uk/vol1/fastq/ERR357/003/ERR3572873/ERR3572873_2.fastq.gz,ftp.sra.ebi.ac.uk/vol1/run/ERR357/ERR3572873/WTCHG_670344_245148.bam,,WTCHG_670344_245148,DID-DW-1000-AUT
ERR3572874,ERZ2272027,SAMEA5989477,PRJEB45055,SEQUENCE_ASSEMBLY,749907,sediment metagenome,ftp.sra.ebi.ac.uk/vol1/ERZ227/ERZ2272027/ERR3572874.fasta.gz,PRJEB34634,ERX3571112,ftp.sra.ebi.ac.uk/vol1/fastq/ERR357/004/ERR3572874/ERR3572874_1.fastq.gz;ftp.sra.ebi.ac.uk/vol1/fastq/ERR357/004/ERR3572874/ERR3572874_2.fastq.gz,ftp.sra.ebi.ac.uk/vol1/run/ERR357/ERR3572874/WTCHG_664453_245148.bam,,WTCHG_664453_245148,DID-DW-1000-AUT
ERR3572875,ERZ2271086,SAMEA5989477,PRJEB45055,SEQUENCE_ASSEMBLY,749907,sediment metagenome,ftp.sra.ebi.ac.uk/vol1/ERZ227/ERZ2271086/ERR3572875.fasta.gz,PRJEB34634,ERX3571113,ftp.sra.ebi.ac.uk/vol1/fastq/ERR357/005/ERR3572875/ERR3572875_1.fastq.gz;ftp.sra.ebi.ac.uk/vol1/fastq/ERR357/005/ERR3572875/ERR3572875_2.fastq.gz,ftp.sra.ebi.ac.uk/vol1/run/ERR357/ERR3572875/WTCHG_670348_255123.bam,,WTCHG_670348_255123,DID-DW-1000-SUM
ERR3572876,ERZ2271440,SAMEA5989477,PRJEB45055,SEQUENCE_ASSEMBLY,749907,sediment metagenome,ftp.sra.ebi.ac.uk/vol1/ERZ227/ERZ2271440/ERR3572876.fasta.gz,PRJEB34634,ERX3571114,ftp.sra.ebi.ac.uk/vol1/fastq/ERR357/006/ERR3572876/ERR3572876_1.fastq.gz;ftp.sra.ebi.ac.uk/vol1/fastq/ERR357/006/ERR3572876/ERR3572876_2.fastq.gz,ftp.sra.ebi.ac.uk/vol1/run/ERR357/ERR3572876/WTCHG_670346_255123.bam,,WTCHG_670346_255123,DID-DW-1000-SUM
ERR3572877,ERZ2271190,SAMEA5989477,PRJEB45055,SEQUENCE_ASSEMBLY,749907,sediment metagenome,ftp.sra.ebi.ac.uk/vol1/ERZ227/ERZ2271190/ERR3572877.fasta.gz,PRJEB34634,ERX3571115,ftp.sra.ebi.ac.uk/vol1/fastq/ERR357/007/ERR3572877/ERR3572877_1.fastq.gz;ftp.sra.ebi.ac.uk/vol1/fastq/ERR357/007/ERR3572877/ERR3572877_2.fastq.gz,ftp.sra.ebi.ac.uk/vol1/run/ERR357/ERR3572877/WTCHG_670349_255123.bam,,WTCHG_670349_255123,DID-DW-1000-SUM
ERR3572878,ERZ2270245,SAMEA5989477,PRJEB45055,SEQUENCE_ASSEMBLY,749907,sediment metagenome,ftp.sra.ebi.ac.uk/vol1/ERZ227/ERZ2270245/ERR3572878.fasta.gz,PRJEB34634,ERX3571116,ftp.sra.ebi.ac.uk/vol1/fastq/ERR357/008/ERR3572878/ERR3572878_1.fastq.gz;ftp.sra.ebi.ac.uk/vol1/fastq/ERR357/008/ERR3572878/ERR3572878_2.fastq.gz,ftp.sra.ebi.ac.uk/vol1/run/ERR357/ERR3572878/WTCHG_670347_255123.bam,,WTCHG_670347_255123,DID-DW-1000-SUM
ERR3572879,ERZ2272586,SAMEA5989477,PRJEB45055,SEQUENCE_ASSEMBLY,749907,sediment metagenome,ftp.sra.ebi.ac.uk/vol1/ERZ227/ERZ2272586/ERR3572879.fasta.gz,PRJEB34634,ERX3571117,ftp.sra.ebi.ac.uk/vol1/fastq/ERR357/009/ERR3572879/ERR3572879_1.fastq.gz;ftp.sra.ebi.ac.uk/vol1/fastq/ERR357/009/ERR3572879/ERR3572879_2.fastq.gz,ftp.sra.ebi.ac.uk/vol1/run/ERR357/ERR3572879/WTCHG_670345_255123.bam,,WTCHG_670345_255123,DID-DW-1000-SUM
ERR3572880,ERZ2271971,SAMEA5989477,PRJEB45055,SEQUENCE_ASSEMBLY,749907,sediment metagenome,ftp.sra.ebi.ac.uk/vol1/ERZ227/ERZ2271971/ERR3572880.fasta.gz,PRJEB34634,ERX3571118,ftp.sra.ebi.ac.uk/vol1/fastq/ERR357/000/ERR3572880/ERR3572880_1.fastq.gz;ftp.sra.ebi.ac.uk/vol1/fastq/ERR357/000/ERR3572880/ERR3572880_2.fastq.gz,ftp.sra.ebi.ac.uk/vol1/run/ERR357/ERR3572880/WTCHG_670344_255123.bam,,WTCHG_670344_255123,DID-DW-1000-SUM
ERR3572881,ERZ2272728,SAMEA5989477,PRJEB45055,SEQUENCE_ASSEMBLY,749907,sediment metagenome,ftp.sra.ebi.ac.uk/vol1/ERZ227/ERZ2272728/ERR3572881.fasta.gz,PRJEB34634,ERX3571119,ftp.sra.ebi.ac.uk/vol1/fastq/ERR357/001/ERR3572881/ERR3572881_1.fastq.gz;ftp.sra.ebi.ac.uk/vol1/fastq/ERR357/001/ERR3572881/ERR3572881_2.fastq.gz,ftp.sra.ebi.ac.uk/vol1/run/ERR357/ERR3572881/WTCHG_664453_255123.bam,,WTCHG_664453_255123,DID-DW-1000-SUM
ERR3572882,ERZ2270290,SAMEA5989477,PRJEB45055,SEQUENCE_ASSEMBLY,749907,sediment metagenome,ftp.sra.ebi.ac.uk/vol1/ERZ227/ERZ2270290/ERR3572882.fasta.gz,PRJEB34634,ERX3571120,ftp.sra.ebi.ac.uk/vol1/fastq/ERR357/002/ERR3572882/ERR3572882_1.fastq.gz;ftp.sra.ebi.ac.uk/vol1/fastq/ERR357/002/ERR3572882/ERR3572882_2.fastq.gz,ftp.sra.ebi.ac.uk/vol1/run/ERR357/ERR3572882/WTCHG_670348_250183.bam,,WTCHG_670348_250183,DID-DW-1000-WIN
ERR3572883,ERZ2272057,SAMEA5989477,PRJEB45055,SEQUENCE_ASSEMBLY,749907,sediment metagenome,ftp.sra.ebi.ac.uk/vol1/ERZ227/ERZ2272057/ERR3572883.fasta.gz,PRJEB34634,ERX3571121,ftp.sra.ebi.ac.uk/vol1/fastq/ERR357/003/ERR3572883/ERR3572883_1.fastq.gz;ftp.sra.ebi.ac.uk/vol1/fastq/ERR357/003/ERR3572883/ERR3572883_2.fastq.gz,ftp.sra.ebi.ac.uk/vol1/run/ERR357/ERR3572883/WTCHG_670347_250183.bam,,WTCHG_670347_250183,DID-DW-1000-WIN
ERR3572884,ERZ2226976,SAMEA5989477,PRJEB45055,SEQUENCE_ASSEMBLY,749907,sediment metagenome,ftp.sra.ebi.ac.uk/vol1/ERZ222/ERZ2226976/ERR3572884.fasta.gz,PRJEB34634,ERX3571122,ftp.sra.ebi.ac.uk/vol1/fastq/ERR357/004/ERR3572884/ERR3572884_1.fastq.gz;ftp.sra.ebi.ac.uk/vol1/fastq/ERR357/004/ERR3572884/ERR3572884_2.fastq.gz,ftp.sra.ebi.ac.uk/vol1/run/ERR357/ERR3572884/WTCHG_670349_250183.bam,,WTCHG_670349_250183,DID-DW-1000-WIN
ERR3572885,ERZ2272389,SAMEA5989477,PRJEB45055,SEQUENCE_ASSEMBLY,749907,sediment metagenome,ftp.sra.ebi.ac.uk/vol1/ERZ227/ERZ2272389/ERR3572885.fasta.gz,PRJEB34634,ERX3571123,ftp.sra.ebi.ac.uk/vol1/fastq/ERR357/005/ERR3572885/ERR3572885_1.fastq.gz;ftp.sra.ebi.ac.uk/vol1/fastq/ERR357/005/ERR3572885/ERR3572885_2.fastq.gz,ftp.sra.ebi.ac.uk/vol1/run/ERR357/ERR3572885/WTCHG_670346_250183.bam,,WTCHG_670346_250183,DID-DW-1000-WIN
ERR3572886,ERZ2270937,SAMEA5989477,PRJEB45055,SEQUENCE_ASSEMBLY,749907,sediment metagenome,ftp.sra.ebi.ac.uk/vol1/ERZ227/ERZ2270937/ERR3572886.fasta.gz,PRJEB34634,ERX3571124,ftp.sra.ebi.ac.uk/vol1/fastq/ERR357/006/ERR3572886/ERR3572886_1.fastq.gz;ftp.sra.ebi.ac.uk/vol1/fastq/ERR357/006/ERR3572886/ERR3572886_2.fastq.gz,ftp.sra.ebi.ac.uk/vol1/run/ERR357/ERR3572886/WTCHG_670344_250183.bam,,WTCHG_670344_250183,DID-DW-1000-WIN
ERR3572887,ERZ2272080,SAMEA5989477,PRJEB45055,SEQUENCE_ASSEMBLY,749907,sediment metagenome,ftp.sra.ebi.ac.uk/vol1/ERZ227/ERZ2272080/ERR3572887.fasta.gz,PRJEB34634,ERX3571125,ftp.sra.ebi.ac.uk/vol1/fastq/ERR357/007/ERR3572887/ERR3572887_1.fastq.gz;ftp.sra.ebi.ac.uk/vol1/fastq/ERR357/007/ERR3572887/ERR3572887_2.fastq.gz,ftp.sra.ebi.ac.uk/vol1/run/ERR357/ERR3572887/WTCHG_670345_250183.bam,,WTCHG_670345_250183,DID-DW-1000-WIN
ERR3572888,ERZ2272661,SAMEA5989477,PRJEB45055,SEQUENCE_ASSEMBLY,749907,sediment metagenome,ftp.sra.ebi.ac.uk/vol1/ERZ227/ERZ2272661/ERR3572888.fasta.gz,PRJEB34634,ERX3571126,ftp.sra.ebi.ac.uk/vol1/fastq/ERR357/008/ERR3572888/ERR3572888_1.fastq.gz;ftp.sra.ebi.ac.uk/vol1/fastq/ERR357/008/ERR3572888/ERR3572888_2.fastq.gz,ftp.sra.ebi.ac.uk/vol1/run/ERR357/ERR3572888/WTCHG_664453_250183.bam,,WTCHG_664453_250183,DID-DW-1000-WIN
ERR3572889,ERZ2272261,SAMEA5989477,PRJEB45055,SEQUENCE_ASSEMBLY,749907,sediment metagenome,ftp.sra.ebi.ac.uk/vol1/ERZ227/ERZ2272261/ERR3572889.fasta.gz,PRJEB34634,ERX3571127,ftp.sra.ebi.ac.uk/vol1/fastq/ERR357/009/ERR3572889/ERR3572889_1.fastq.gz;ftp.sra.ebi.ac.uk/vol1/fastq/ERR357/009/ERR3572889/ERR3572889_2.fastq.gz,ftp.sra.ebi.ac.uk/vol1/run/ERR357/ERR3572889/WTCHG_670347_243172.bam,,WTCHG_670347_243172,DID-DW-250-AUT
ERR3572890,ERZ2272476,SAMEA5989477,PRJEB45055,SEQUENCE_ASSEMBLY,749907,sediment metagenome,ftp.sra.ebi.ac.uk/vol1/ERZ227/ERZ2272476/ERR3572890.fasta.gz,PRJEB34634,ERX3571128,ftp.sra.ebi.ac.uk/vol1/fastq/ERR357/000/ERR3572890/ERR3572890_1.fastq.gz;ftp.sra.ebi.ac.uk/vol1/fastq/ERR357/000/ERR3572890/ERR3572890_2.fastq.gz,ftp.sra.ebi.ac.uk/vol1/run/ERR357/ERR3572890/WTCHG_670344_243172.bam,,WTCHG_670344_243172,DID-DW-250-AUT
ERR3572891,ERZ2271743,SAMEA5989477,PRJEB45055,SEQUENCE_ASSEMBLY,749907,sediment metagenome,ftp.sra.ebi.ac.uk/vol1/ERZ227/ERZ2271743/ERR3572891.fasta.gz,PRJEB34634,ERX3571129,ftp.sra.ebi.ac.uk/vol1/fastq/ERR357/001/ERR3572891/ERR3572891_1.fastq.gz;ftp.sra.ebi.ac.uk/vol1/fastq/ERR357/001/ERR3572891/ERR3572891_2.fastq.gz,ftp.sra.ebi.ac.uk/vol1/run/ERR357/ERR3572891/WTCHG_670345_243172.bam,,WTCHG_670345_243172,DID-DW-250-AUT
ERR3572892,ERZ2227806,SAMEA5989477,PRJEB45055,SEQUENCE_ASSEMBLY,749907,sediment metagenome,ftp.sra.ebi.ac.uk/vol1/ERZ222/ERZ2227806/ERR3572892.fasta.gz,PRJEB34634,ERX3571130,ftp.sra.ebi.ac.uk/vol1/fastq/ERR357/002/ERR3572892/ERR3572892_1.fastq.gz;ftp.sra.ebi.ac.uk/vol1/fastq/ERR357/002/ERR3572892/ERR3572892_2.fastq.gz,ftp.sra.ebi.ac.uk/vol1/run/ERR357/ERR3572892/WTCHG_670348_243172.bam,,WTCHG_670348_243172,DID-DW-250-AUT
ERR3572893,ERZ2228028,SAMEA5989477,PRJEB45055,SEQUENCE_ASSEMBLY,749907,sediment metagenome,ftp.sra.ebi.ac.uk/vol1/ERZ222/ERZ2228028/ERR3572893.fasta.gz,PRJEB34634,ERX3571131,ftp.sra.ebi.ac.uk/vol1/fastq/ERR357/003/ERR3572893/ERR3572893_1.fastq.gz;ftp.sra.ebi.ac.uk/vol1/fastq/ERR357/003/ERR3572893/ERR3572893_2.fastq.gz,ftp.sra.ebi.ac.uk/vol1/run/ERR357/ERR3572893/WTCHG_670349_243172.bam,,WTCHG_670349_243172,DID-DW-250-AUT
ERR3572894,ERZ2271636,SAMEA5989477,PRJEB45055,SEQUENCE_ASSEMBLY,749907,sediment metagenome,ftp.sra.ebi.ac.uk/vol1/ERZ227/ERZ2271636/ERR3572894.fasta.gz,PRJEB34634,ERX3571132,ftp.sra.ebi.ac.uk/vol1/fastq/ERR357/004/ERR3572894/ERR3572894_1.fastq.gz;ftp.sra.ebi.ac.uk/vol1/fastq/ERR357/004/ERR3572894/ERR3572894_2.fastq.gz,ftp.sra.ebi.ac.uk/vol1/run/ERR357/ERR3572894/WTCHG_670346_243172.bam,,WTCHG_670346_243172,DID-DW-250-AUT
ERR3572895,ERZ2272386,SAMEA5989477,PRJEB45055,SEQUENCE_ASSEMBLY,749907,sediment metagenome,ftp.sra.ebi.ac.uk/vol1/ERZ227/ERZ2272386/ERR3572895.fasta.gz,PRJEB34634,ERX3571133,ftp.sra.ebi.ac.uk/vol1/fastq/ERR357/005/ERR3572895/ERR3572895_1.fastq.gz;ftp.sra.ebi.ac.uk/vol1/fastq/ERR357/005/ERR3572895/ERR3572895_2.fastq.gz,ftp.sra.ebi.ac.uk/vol1/run/ERR357/ERR3572895/WTCHG_664453_243172.bam,,WTCHG_664453_243172,DID-DW-250-AUT
ERR3572896,ERZ2272220,SAMEA5989477,PRJEB45055,SEQUENCE_ASSEMBLY,749907,sediment metagenome,ftp.sra.ebi.ac.uk/vol1/ERZ227/ERZ2272220/ERR3572896.fasta.gz,PRJEB34634,ERX3571134,ftp.sra.ebi.ac.uk/vol1/fastq/ERR357/006/ERR3572896/ERR3572896_1.fastq.gz;ftp.sra.ebi.ac.uk/vol1/fastq/ERR357/006/ERR3572896/ERR3572896_2.fastq.gz,ftp.sra.ebi.ac.uk/vol1/run/ERR357/ERR3572896/WTCHG_670346_253147.bam,,WTCHG_670346_253147,DID-DW-250-SUM
ERR3572897,ERZ2271631,SAMEA5989477,PRJEB45055,SEQUENCE_ASSEMBLY,749907,sediment metagenome,ftp.sra.ebi.ac.uk/vol1/ERZ227/ERZ2271631/ERR3572897.fasta.gz,PRJEB34634,ERX3571135,ftp.sra.ebi.ac.uk/vol1/fastq/ERR357/007/ERR3572897/ERR3572897_1.fastq.gz;ftp.sra.ebi.ac.uk/vol1/fastq/ERR357/007/ERR3572897/ERR3572897_2.fastq.gz,ftp.sra.ebi.ac.uk/vol1/run/ERR357/ERR3572897/WTCHG_670349_253147.bam,,WTCHG_670349_253147,DID-DW-250-SUM
ERR3572898,ERZ2272684,SAMEA5989477,PRJEB45055,SEQUENCE_ASSEMBLY,749907,sediment metagenome,ftp.sra.ebi.ac.uk/vol1/ERZ227/ERZ2272684/ERR3572898.fasta.gz,PRJEB34634,ERX3571136,ftp.sra.ebi.ac.uk/vol1/fastq/ERR357/008/ERR3572898/ERR3572898_1.fastq.gz;ftp.sra.ebi.ac.uk/vol1/fastq/ERR357/008/ERR3572898/ERR3572898_2.fastq.gz,ftp.sra.ebi.ac.uk/vol1/run/ERR357/ERR3572898/WTCHG_670347_253147.bam,,WTCHG_670347_253147,DID-DW-250-SUM
ERR3572899,ERZ2271811,SAMEA5989477,PRJEB45055,SEQUENCE_ASSEMBLY,749907,sediment metagenome,ftp.sra.ebi.ac.uk/vol1/ERZ227/ERZ2271811/ERR3572899.fasta.gz,PRJEB34634,ERX3571137,ftp.sra.ebi.ac.uk/vol1/fastq/ERR357/009/ERR3572899/ERR3572899_1.fastq.gz;ftp.sra.ebi.ac.uk/vol1/fastq/ERR357/009/ERR3572899/ERR3572899_2.fastq.gz,ftp.sra.ebi.ac.uk/vol1/run/ERR357/ERR3572899/WTCHG_670348_253147.bam,,WTCHG_670348_253147,DID-DW-250-SUM
ERR3572900,ERZ2271751,SAMEA5989477,PRJEB45055,SEQUENCE_ASSEMBLY,749907,sediment metagenome,ftp.sra.ebi.ac.uk/vol1/ERZ227/ERZ2271751/ERR3572900.fasta.gz,PRJEB34634,ERX3571138,ftp.sra.ebi.ac.uk/vol1/fastq/ERR357/000/ERR3572900/ERR3572900_1.fastq.gz;ftp.sra.ebi.ac.uk/vol1/fastq/ERR357/000/ERR3572900/ERR3572900_2.fastq.gz,ftp.sra.ebi.ac.uk/vol1/run/ERR357/ERR3572900/WTCHG_670345_253147.bam,,WTCHG_670345_253147,DID-DW-250-SUM
ERR3572901,ERZ2271829,SAMEA5989477,PRJEB45055,SEQUENCE_ASSEMBLY,749907,sediment metagenome,ftp.sra.ebi.ac.uk/vol1/ERZ227/ERZ2271829/ERR3572901.fasta.gz,PRJEB34634,ERX3571139,ftp.sra.ebi.ac.uk/vol1/fastq/ERR357/001/ERR3572901/ERR3572901_1.fastq.gz;ftp.sra.ebi.ac.uk/vol1/fastq/ERR357/001/ERR3572901/ERR3572901_2.fastq.gz,ftp.sra.ebi.ac.uk/vol1/run/ERR357/ERR3572901/WTCHG_670344_253147.bam,,WTCHG_670344_253147,DID-DW-250-SUM
ERR3572902,ERZ2271911,SAMEA5989477,PRJEB45055,SEQUENCE_ASSEMBLY,749907,sediment metagenome,ftp.sra.ebi.ac.uk/vol1/ERZ227/ERZ2271911/ERR3572902.fasta.gz,PRJEB34634,ERX3571140,ftp.sra.ebi.ac.uk/vol1/fastq/ERR357/002/ERR3572902/ERR3572902_1.fastq.gz;ftp.sra.ebi.ac.uk/vol1/fastq/ERR357/002/ERR3572902/ERR3572902_2.fastq.gz,ftp.sra.ebi.ac.uk/vol1/run/ERR357/ERR3572902/WTCHG_664453_253147.bam,,WTCHG_664453_253147,DID-DW-250-SUM
ERR3572903,ERZ2271850,SAMEA5989477,PRJEB45055,SEQUENCE_ASSEMBLY,749907,sediment metagenome,ftp.sra.ebi.ac.uk/vol1/ERZ227/ERZ2271850/ERR3572903.fasta.gz,PRJEB34634,ERX3571141,ftp.sra.ebi.ac.uk/vol1/fastq/ERR357/003/ERR3572903/ERR3572903_1.fastq.gz;ftp.sra.ebi.ac.uk/vol1/fastq/ERR357/003/ERR3572903/ERR3572903_2.fastq.gz,ftp.sra.ebi.ac.uk/vol1/run/ERR357/ERR3572903/WTCHG_670347_248112.bam,,WTCHG_670347_248112,DID-DW-250-WIN
ERR3572904,ERZ2272025,SAMEA5989477,PRJEB45055,SEQUENCE_ASSEMBLY,749907,sediment metagenome,ftp.sra.ebi.ac.uk/vol1/ERZ227/ERZ2272025/ERR3572904.fasta.gz,PRJEB34634,ERX3571142,ftp.sra.ebi.ac.uk/vol1/fastq/ERR357/004/ERR3572904/ERR3572904_1.fastq.gz;ftp.sra.ebi.ac.uk/vol1/fastq/ERR357/004/ERR3572904/ERR3572904_2.fastq.gz,ftp.sra.ebi.ac.uk/vol1/run/ERR357/ERR3572904/WTCHG_670346_248112.bam,,WTCHG_670346_248112,DID-DW-250-WIN
ERR3572905,ERZ2271145,SAMEA5989477,PRJEB45055,SEQUENCE_ASSEMBLY,749907,sediment metagenome,ftp.sra.ebi.ac.uk/vol1/ERZ227/ERZ2271145/ERR3572905.fasta.gz,PRJEB34634,ERX3571143,ftp.sra.ebi.ac.uk/vol1/fastq/ERR357/005/ERR3572905/ERR3572905_1.fastq.gz;ftp.sra.ebi.ac.uk/vol1/fastq/ERR357/005/ERR3572905/ERR3572905_2.fastq.gz,ftp.sra.ebi.ac.uk/vol1/run/ERR357/ERR3572905/WTCHG_670345_248112.bam,,WTCHG_670345_248112,DID-DW-250-WIN
ERR3572906,ERZ2272755,SAMEA5989477,PRJEB45055,SEQUENCE_ASSEMBLY,749907,sediment metagenome,ftp.sra.ebi.ac.uk/vol1/ERZ227/ERZ2272755/ERR3572906.fasta.gz,PRJEB34634,ERX3571144,ftp.sra.ebi.ac.uk/vol1/fastq/ERR357/006/ERR3572906/ERR3572906_1.fastq.gz;ftp.sra.ebi.ac.uk/vol1/fastq/ERR357/006/ERR3572906/ERR3572906_2.fastq.gz,ftp.sra.ebi.ac.uk/vol1/run/ERR357/ERR3572906/WTCHG_670348_248112.bam,,WTCHG_670348_248112,DID-DW-250-WIN
ERR3572907,ERZ2227355,SAMEA5989477,PRJEB45055,SEQUENCE_ASSEMBLY,749907,sediment metagenome,ftp.sra.ebi.ac.uk/vol1/ERZ222/ERZ2227355/ERR3572907.fasta.gz,PRJEB34634,ERX3571145,ftp.sra.ebi.ac.uk/vol1/fastq/ERR357/007/ERR3572907/ERR3572907_1.fastq.gz;ftp.sra.ebi.ac.uk/vol1/fastq/ERR357/007/ERR3572907/ERR3572907_2.fastq.gz,ftp.sra.ebi.ac.uk/vol1/run/ERR357/ERR3572907/WTCHG_670349_248112.bam,,WTCHG_670349_248112,DID-DW-250-WIN
ERR3572908,ERZ2227481,SAMEA5989477,PRJEB45055,SEQUENCE_ASSEMBLY,749907,sediment metagenome,ftp.sra.ebi.ac.uk/vol1/ERZ222/ERZ2227481/ERR3572908.fasta.gz,PRJEB34634,ERX3571146,ftp.sra.ebi.ac.uk/vol1/fastq/ERR357/008/ERR3572908/ERR3572908_1.fastq.gz;ftp.sra.ebi.ac.uk/vol1/fastq/ERR357/008/ERR3572908/ERR3572908_2.fastq.gz,ftp.sra.ebi.ac.uk/vol1/run/ERR357/ERR3572908/WTCHG_670344_248112.bam,,WTCHG_670344_248112,DID-DW-250-WIN
ERR3572909,ERZ2271577,SAMEA5989477,PRJEB45055,SEQUENCE_ASSEMBLY,749907,sediment metagenome,ftp.sra.ebi.ac.uk/vol1/ERZ227/ERZ2271577/ERR3572909.fasta.gz,PRJEB34634,ERX3571147,ftp.sra.ebi.ac.uk/vol1/fastq/ERR357/009/ERR3572909/ERR3572909_1.fastq.gz;ftp.sra.ebi.ac.uk/vol1/fastq/ERR357/009/ERR3572909/ERR3572909_2.fastq.gz,ftp.sra.ebi.ac.uk/vol1/run/ERR357/ERR3572909/WTCHG_664453_248112.bam,,WTCHG_664453_248112,DID-DW-250-WIN
ERR3572910,ERZ2272536,SAMEA5989477,PRJEB45055,SEQUENCE_ASSEMBLY,749907,sediment metagenome,ftp.sra.ebi.ac.uk/vol1/ERZ227/ERZ2272536/ERR3572910.fasta.gz,PRJEB34634,ERX3571148,ftp.sra.ebi.ac.uk/vol1/fastq/ERR357/000/ERR3572910/ERR3572910_1.fastq.gz;ftp.sra.ebi.ac.uk/vol1/fastq/ERR357/000/ERR3572910/ERR3572910_2.fastq.gz,ftp.sra.ebi.ac.uk/vol1/run/ERR357/ERR3572910/WTCHG_670348_244160.bam,,WTCHG_670348_244160,DID-DW-500-AUT
ERR3572911,ERZ2272225,SAMEA5989477,PRJEB45055,SEQUENCE_ASSEMBLY,749907,sediment metagenome,ftp.sra.ebi.ac.uk/vol1/ERZ227/ERZ2272225/ERR3572911.fasta.gz,PRJEB34634,ERX3571149,ftp.sra.ebi.ac.uk/vol1/fastq/ERR357/001/ERR3572911/ERR3572911_1.fastq.gz;ftp.sra.ebi.ac.uk/vol1/fastq/ERR357/001/ERR3572911/ERR3572911_2.fastq.gz,ftp.sra.ebi.ac.uk/vol1/run/ERR357/ERR3572911/WTCHG_670344_244160.bam,,WTCHG_670344_244160,DID-DW-500-AUT
ERR3572912,ERZ2227775,SAMEA5989477,PRJEB45055,SEQUENCE_ASSEMBLY,749907,sediment metagenome,ftp.sra.ebi.ac.uk/vol1/ERZ222/ERZ2227775/ERR3572912.fasta.gz,PRJEB34634,ERX3571150,ftp.sra.ebi.ac.uk/vol1/fastq/ERR357/002/ERR3572912/ERR3572912_1.fastq.gz;ftp.sra.ebi.ac.uk/vol1/fastq/ERR357/002/ERR3572912/ERR3572912_2.fastq.gz,ftp.sra.ebi.ac.uk/vol1/run/ERR357/ERR3572912/WTCHG_670347_244160.bam,,WTCHG_670347_244160,DID-DW-500-AUT
ERR3572913,ERZ2271944,SAMEA5989477,PRJEB45055,SEQUENCE_ASSEMBLY,749907,sediment metagenome,ftp.sra.ebi.ac.uk/vol1/ERZ227/ERZ2271944/ERR3572913.fasta.gz,PRJEB34634,ERX3571151,ftp.sra.ebi.ac.uk/vol1/fastq/ERR357/003/ERR3572913/ERR3572913_1.fastq.gz;ftp.sra.ebi.ac.uk/vol1/fastq/ERR357/003/ERR3572913/ERR3572913_2.fastq.gz,ftp.sra.ebi.ac.uk/vol1/run/ERR357/ERR3572913/WTCHG_670346_244160.bam,,WTCHG_670346_244160,DID-DW-500-AUT
ERR3572914,ERZ2272759,SAMEA5989477,PRJEB45055,SEQUENCE_ASSEMBLY,749907,sediment metagenome,ftp.sra.ebi.ac.uk/vol1/ERZ227/ERZ2272759/ERR3572914.fasta.gz,PRJEB34634,ERX3571152,ftp.sra.ebi.ac.uk/vol1/fastq/ERR357/004/ERR3572914/ERR3572914_1.fastq.gz;ftp.sra.ebi.ac.uk/vol1/fastq/ERR357/004/ERR3572914/ERR3572914_2.fastq.gz,ftp.sra.ebi.ac.uk/vol1/run/ERR357/ERR3572914/WTCHG_670345_244160.bam,,WTCHG_670345_244160,DID-DW-500-AUT
ERR3572915,ERZ2272608,SAMEA5989477,PRJEB45055,SEQUENCE_ASSEMBLY,749907,sediment metagenome,ftp.sra.ebi.ac.uk/vol1/ERZ227/ERZ2272608/ERR3572915.fasta.gz,PRJEB34634,ERX3571153,ftp.sra.ebi.ac.uk/vol1/fastq/ERR357/005/ERR3572915/ERR3572915_1.fastq.gz;ftp.sra.ebi.ac.uk/vol1/fastq/ERR357/005/ERR3572915/ERR3572915_2.fastq.gz,ftp.sra.ebi.ac.uk/vol1/run/ERR357/ERR3572915/WTCHG_670349_244160.bam,,WTCHG_670349_244160,DID-DW-500-AUT
ERR3572916,ERZ2271211,SAMEA5989477,PRJEB45055,SEQUENCE_ASSEMBLY,749907,sediment metagenome,ftp.sra.ebi.ac.uk/vol1/ERZ227/ERZ2271211/ERR3572916.fasta.gz,PRJEB34634,ERX3571154,ftp.sra.ebi.ac.uk/vol1/fastq/ERR357/006/ERR3572916/ERR3572916_1.fastq.gz;ftp.sra.ebi.ac.uk/vol1/fastq/ERR357/006/ERR3572916/ERR3572916_2.fastq.gz,ftp.sra.ebi.ac.uk/vol1/run/ERR357/ERR3572916/WTCHG_664453_244160.bam,,WTCHG_664453_244160,DID-DW-500-AUT
ERR3572917,ERZ2271430,SAMEA5989477,PRJEB45055,SEQUENCE_ASSEMBLY,749907,sediment metagenome,ftp.sra.ebi.ac.uk/vol1/ERZ227/ERZ2271430/ERR3572917.fasta.gz,PRJEB34634,ERX3571155,ftp.sra.ebi.ac.uk/vol1/fastq/ERR357/007/ERR3572917/ERR3572917_1.fastq.gz;ftp.sra.ebi.ac.uk/vol1/fastq/ERR357/007/ERR3572917/ERR3572917_2.fastq.gz,ftp.sra.ebi.ac.uk/vol1/run/ERR357/ERR3572917/WTCHG_670348_254135.bam,,WTCHG_670348_254135,DID-DW-500-SUM
ERR3572918,ERZ2272342,SAMEA5989477,PRJEB45055,SEQUENCE_ASSEMBLY,749907,sediment metagenome,ftp.sra.ebi.ac.uk/vol1/ERZ227/ERZ2272342/ERR3572918.fasta.gz,PRJEB34634,ERX3571156,ftp.sra.ebi.ac.uk/vol1/fastq/ERR357/008/ERR3572918/ERR3572918_1.fastq.gz;ftp.sra.ebi.ac.uk/vol1/fastq/ERR357/008/ERR3572918/ERR3572918_2.fastq.gz,ftp.sra.ebi.ac.uk/vol1/run/ERR357/ERR3572918/WTCHG_670349_254135.bam,,WTCHG_670349_254135,DID-DW-500-SUM
ERR3572919,ERZ2271867,SAMEA5989477,PRJEB45055,SEQUENCE_ASSEMBLY,749907,sediment metagenome,ftp.sra.ebi.ac.uk/vol1/ERZ227/ERZ2271867/ERR3572919.fasta.gz,PRJEB34634,ERX3571157,ftp.sra.ebi.ac.uk/vol1/fastq/ERR357/009/ERR3572919/ERR3572919_1.fastq.gz;ftp.sra.ebi.ac.uk/vol1/fastq/ERR357/009/ERR3572919/ERR3572919_2.fastq.gz,ftp.sra.ebi.ac.uk/vol1/run/ERR357/ERR3572919/WTCHG_670346_254135.bam,,WTCHG_670346_254135,DID-DW-500-SUM
ERR3572920,ERZ2270390,SAMEA5989477,PRJEB45055,SEQUENCE_ASSEMBLY,749907,sediment metagenome,ftp.sra.ebi.ac.uk/vol1/ERZ227/ERZ2270390/ERR3572920.fasta.gz,PRJEB34634,ERX3571158,ftp.sra.ebi.ac.uk/vol1/fastq/ERR357/000/ERR3572920/ERR3572920_1.fastq.gz;ftp.sra.ebi.ac.uk/vol1/fastq/ERR357/000/ERR3572920/ERR3572920_2.fastq.gz,ftp.sra.ebi.ac.uk/vol1/run/ERR357/ERR3572920/WTCHG_670344_254135.bam,,WTCHG_670344_254135,DID-DW-500-SUM
ERR3572921,ERZ2272310,SAMEA5989477,PRJEB45055,SEQUENCE_ASSEMBLY,749907,sediment metagenome,ftp.sra.ebi.ac.uk/vol1/ERZ227/ERZ2272310/ERR3572921.fasta.gz,PRJEB34634,ERX3571159,ftp.sra.ebi.ac.uk/vol1/fastq/ERR357/001/ERR3572921/ERR3572921_1.fastq.gz;ftp.sra.ebi.ac.uk/vol1/fastq/ERR357/001/ERR3572921/ERR3572921_2.fastq.gz,ftp.sra.ebi.ac.uk/vol1/run/ERR357/ERR3572921/WTCHG_670347_254135.bam,,WTCHG_670347_254135,DID-DW-500-SUM
ERR3572922,ERZ2227050,SAMEA5989477,PRJEB45055,SEQUENCE_ASSEMBLY,749907,sediment metagenome,ftp.sra.ebi.ac.uk/vol1/ERZ222/ERZ2227050/ERR3572922.fasta.gz,PRJEB34634,ERX3571160,ftp.sra.ebi.ac.uk/vol1/fastq/ERR357/002/ERR3572922/ERR3572922_1.fastq.gz;ftp.sra.ebi.ac.uk/vol1/fastq/ERR357/002/ERR3572922/ERR3572922_2.fastq.gz,ftp.sra.ebi.ac.uk/vol1/run/ERR357/ERR3572922/WTCHG_670345_254135.bam,,WTCHG_670345_254135,DID-DW-500-SUM
ERR3572923,ERZ2272492,SAMEA5989477,PRJEB45055,SEQUENCE_ASSEMBLY,749907,sediment metagenome,ftp.sra.ebi.ac.uk/vol1/ERZ227/ERZ2272492/ERR3572923.fasta.gz,PRJEB34634,ERX3571161,ftp.sra.ebi.ac.uk/vol1/fastq/ERR357/003/ERR3572923/ERR3572923_1.fastq.gz;ftp.sra.ebi.ac.uk/vol1/fastq/ERR357/003/ERR3572923/ERR3572923_2.fastq.gz,ftp.sra.ebi.ac.uk/vol1/run/ERR357/ERR3572923/WTCHG_664453_254135.bam,,WTCHG_664453_254135,DID-DW-500-SUM
ERR3572924,ERZ2227493,SAMEA5989477,PRJEB45055,SEQUENCE_ASSEMBLY,749907,sediment metagenome,ftp.sra.ebi.ac.uk/vol1/ERZ222/ERZ2227493/ERR3572924.fasta.gz,PRJEB34634,ERX3571162,ftp.sra.ebi.ac.uk/vol1/fastq/ERR357/004/ERR3572924/ERR3572924_1.fastq.gz;ftp.sra.ebi.ac.uk/vol1/fastq/ERR357/004/ERR3572924/ERR3572924_2.fastq.gz,ftp.sra.ebi.ac.uk/vol1/run/ERR357/ERR3572924/WTCHG_670345_249195.bam,,WTCHG_670345_249195,DID-DW-500-WIN
ERR3572925,ERZ2272475,SAMEA5989477,PRJEB45055,SEQUENCE_ASSEMBLY,749907,sediment metagenome,ftp.sra.ebi.ac.uk/vol1/ERZ227/ERZ2272475/ERR3572925.fasta.gz,PRJEB34634,ERX3571163,ftp.sra.ebi.ac.uk/vol1/fastq/ERR357/005/ERR3572925/ERR3572925_1.fastq.gz;ftp.sra.ebi.ac.uk/vol1/fastq/ERR357/005/ERR3572925/ERR3572925_2.fastq.gz,ftp.sra.ebi.ac.uk/vol1/run/ERR357/ERR3572925/WTCHG_670346_249195.bam,,WTCHG_670346_249195,DID-DW-500-WIN
ERR3572926,ERZ2271356,SAMEA5989477,PRJEB45055,SEQUENCE_ASSEMBLY,749907,sediment metagenome,ftp.sra.ebi.ac.uk/vol1/ERZ227/ERZ2271356/ERR3572926.fasta.gz,PRJEB34634,ERX3571164,ftp.sra.ebi.ac.uk/vol1/fastq/ERR357/006/ERR3572926/ERR3572926_1.fastq.gz;ftp.sra.ebi.ac.uk/vol1/fastq/ERR357/006/ERR3572926/ERR3572926_2.fastq.gz,ftp.sra.ebi.ac.uk/vol1/run/ERR357/ERR3572926/WTCHG_670348_249195.bam,,WTCHG_670348_249195,DID-DW-500-WIN
ERR3572927,ERZ2272777,SAMEA5989477,PRJEB45055,SEQUENCE_ASSEMBLY,749907,sediment metagenome,ftp.sra.ebi.ac.uk/vol1/ERZ227/ERZ2272777/ERR3572927.fasta.gz,PRJEB34634,ERX3571165,ftp.sra.ebi.ac.uk/vol1/fastq/ERR357/007/ERR3572927/ERR3572927_1.fastq.gz;ftp.sra.ebi.ac.uk/vol1/fastq/ERR357/007/ERR3572927/ERR3572927_2.fastq.gz,ftp.sra.ebi.ac.uk/vol1/run/ERR357/ERR3572927/WTCHG_670347_249195.bam,,WTCHG_670347_249195,DID-DW-500-WIN
ERR3572928,ERZ2272024,SAMEA5989477,PRJEB45055,SEQUENCE_ASSEMBLY,749907,sediment metagenome,ftp.sra.ebi.ac.uk/vol1/ERZ227/ERZ2272024/ERR3572928.fasta.gz,PRJEB34634,ERX3571166,ftp.sra.ebi.ac.uk/vol1/fastq/ERR357/008/ERR3572928/ERR3572928_1.fastq.gz;ftp.sra.ebi.ac.uk/vol1/fastq/ERR357/008/ERR3572928/ERR3572928_2.fastq.gz,ftp.sra.ebi.ac.uk/vol1/run/ERR357/ERR3572928/WTCHG_670349_249195.bam,,WTCHG_670349_249195,DID-DW-500-WIN
ERR3572929,ERZ2270617,SAMEA5989477,PRJEB45055,SEQUENCE_ASSEMBLY,749907,sediment metagenome,ftp.sra.ebi.ac.uk/vol1/ERZ227/ERZ2270617/ERR3572929.fasta.gz,PRJEB34634,ERX3571167,ftp.sra.ebi.ac.uk/vol1/fastq/ERR357/009/ERR3572929/ERR3572929_1.fastq.gz;ftp.sra.ebi.ac.uk/vol1/fastq/ERR357/009/ERR3572929/ERR3572929_2.fastq.gz,ftp.sra.ebi.ac.uk/vol1/run/ERR357/ERR3572929/WTCHG_670344_249195.bam,,WTCHG_670344_249195,DID-DW-500-WIN
ERR3572930,ERZ2272316,SAMEA5989477,PRJEB45055,SEQUENCE_ASSEMBLY,749907,sediment metagenome,ftp.sra.ebi.ac.uk/vol1/ERZ227/ERZ2272316/ERR3572930.fasta.gz,PRJEB34634,ERX3571168,ftp.sra.ebi.ac.uk/vol1/fastq/ERR357/000/ERR3572930/ERR3572930_1.fastq.gz;ftp.sra.ebi.ac.uk/vol1/fastq/ERR357/000/ERR3572930/ERR3572930_2.fastq.gz,ftp.sra.ebi.ac.uk/vol1/run/ERR357/ERR3572930/WTCHG_664453_249195.bam,,WTCHG_664453_249195,DID-DW-500-WIN
ERR3572931,ERZ2272053,SAMEA5989477,PRJEB45055,SEQUENCE_ASSEMBLY,749907,sediment metagenome,ftp.sra.ebi.ac.uk/vol1/ERZ227/ERZ2272053/ERR3572931.fasta.gz,PRJEB34634,ERX3571169,ftp.sra.ebi.ac.uk/vol1/fastq/ERR357/001/ERR3572931/ERR3572931_1.fastq.gz;ftp.sra.ebi.ac.uk/vol1/fastq/ERR357/001/ERR3572931/ERR3572931_2.fastq.gz,ftp.sra.ebi.ac.uk/vol1/run/ERR357/ERR3572931/WTCHG_550636_210119.bam,,WTCHG_550636_210119,DID-EFF-AUT
ERR3572932,ERZ2272188,SAMEA5989477,PRJEB45055,SEQUENCE_ASSEMBLY,749907,sediment metagenome,ftp.sra.ebi.ac.uk/vol1/ERZ227/ERZ2272188/ERR3572932.fasta.gz,PRJEB34634,ERX3571170,ftp.sra.ebi.ac.uk/vol1/fastq/ERR357/002/ERR3572932/ERR3572932_1.fastq.gz;ftp.sra.ebi.ac.uk/vol1/fastq/ERR357/002/ERR3572932/ERR3572932_2.fastq.gz,ftp.sra.ebi.ac.uk/vol1/run/ERR357/ERR3572932/WTCHG_551515_210119.bam,,WTCHG_551515_210119,DID-EFF-AUT
ERR3572933,ERZ2271565,SAMEA5989477,PRJEB45055,SEQUENCE_ASSEMBLY,749907,sediment metagenome,ftp.sra.ebi.ac.uk/vol1/ERZ227/ERZ2271565/ERR3572933.fasta.gz,PRJEB34634,ERX3571171,ftp.sra.ebi.ac.uk/vol1/fastq/ERR357/003/ERR3572933/ERR3572933_1.fastq.gz;ftp.sra.ebi.ac.uk/vol1/fastq/ERR357/003/ERR3572933/ERR3572933_2.fastq.gz,ftp.sra.ebi.ac.uk/vol1/run/ERR357/ERR3572933/WTCHG_551514_210119.bam,,WTCHG_551514_210119,DID-EFF-AUT
ERR3572934,ERZ2271802,SAMEA5989477,PRJEB45055,SEQUENCE_ASSEMBLY,749907,sediment metagenome,ftp.sra.ebi.ac.uk/vol1/ERZ227/ERZ2271802/ERR3572934.fasta.gz,PRJEB34634,ERX3571172,ftp.sra.ebi.ac.uk/vol1/fastq/ERR357/004/ERR3572934/ERR3572934_1.fastq.gz;ftp.sra.ebi.ac.uk/vol1/fastq/ERR357/004/ERR3572934/ERR3572934_2.fastq.gz,ftp.sra.ebi.ac.uk/vol1/run/ERR357/ERR3572934/WTCHG_554366_210119.bam,,WTCHG_554366_210119,DID-EFF-AUT
ERR3572935,ERZ2226793,SAMEA5989477,PRJEB45055,SEQUENCE_ASSEMBLY,749907,sediment metagenome,ftp.sra.ebi.ac.uk/vol1/ERZ222/ERZ2226793/ERR3572935.fasta.gz,PRJEB34634,ERX3571173,ftp.sra.ebi.ac.uk/vol1/fastq/ERR357/005/ERR3572935/ERR3572935_1.fastq.gz;ftp.sra.ebi.ac.uk/vol1/fastq/ERR357/005/ERR3572935/ERR3572935_2.fastq.gz,ftp.sra.ebi.ac.uk/vol1/run/ERR357/ERR3572935/WTCHG_554367_210119.bam,,WTCHG_554367_210119,DID-EFF-AUT
ERR3572936,ERZ2272079,SAMEA5989477,PRJEB45055,SEQUENCE_ASSEMBLY,749907,sediment metagenome,ftp.sra.ebi.ac.uk/vol1/ERZ227/ERZ2272079/ERR3572936.fasta.gz,PRJEB34634,ERX3571174,ftp.sra.ebi.ac.uk/vol1/fastq/ERR357/006/ERR3572936/ERR3572936_1.fastq.gz;ftp.sra.ebi.ac.uk/vol1/fastq/ERR357/006/ERR3572936/ERR3572936_2.fastq.gz,ftp.sra.ebi.ac.uk/vol1/run/ERR357/ERR3572936/WTCHG_555217_210119.bam,,WTCHG_555217_210119,DID-EFF-AUT
ERR3572937,ERZ2271791,SAMEA5989477,PRJEB45055,SEQUENCE_ASSEMBLY,749907,sediment metagenome,ftp.sra.ebi.ac.uk/vol1/ERZ227/ERZ2271791/ERR3572937.fasta.gz,PRJEB34634,ERX3571175,ftp.sra.ebi.ac.uk/vol1/fastq/ERR357/007/ERR3572937/ERR3572937_1.fastq.gz;ftp.sra.ebi.ac.uk/vol1/fastq/ERR357/007/ERR3572937/ERR3572937_2.fastq.gz,ftp.sra.ebi.ac.uk/vol1/run/ERR357/ERR3572937/WTCHG_555216_210119.bam,,WTCHG_555216_210119,DID-EFF-AUT
ERR3572938,ERZ2272161,SAMEA5989477,PRJEB45055,SEQUENCE_ASSEMBLY,749907,sediment metagenome,ftp.sra.ebi.ac.uk/vol1/ERZ227/ERZ2272161/ERR3572938.fasta.gz,PRJEB34634,ERX3571176,ftp.sra.ebi.ac.uk/vol1/fastq/ERR357/008/ERR3572938/ERR3572938_1.fastq.gz;ftp.sra.ebi.ac.uk/vol1/fastq/ERR357/008/ERR3572938/ERR3572938_2.fastq.gz,ftp.sra.ebi.ac.uk/vol1/run/ERR357/ERR3572938/WTCHG_555215_210119.bam,,WTCHG_555215_210119,DID-EFF-AUT
ERR3572939,ERZ2270658,SAMEA5989477,PRJEB45055,SEQUENCE_ASSEMBLY,749907,sediment metagenome,ftp.sra.ebi.ac.uk/vol1/ERZ227/ERZ2270658/ERR3572939.fasta.gz,PRJEB34634,ERX3571177,ftp.sra.ebi.ac.uk/vol1/fastq/ERR357/009/ERR3572939/ERR3572939_1.fastq.gz;ftp.sra.ebi.ac.uk/vol1/fastq/ERR357/009/ERR3572939/ERR3572939_2.fastq.gz,ftp.sra.ebi.ac.uk/vol1/run/ERR357/ERR3572939/WTCHG_555220_210119.bam,,WTCHG_555220_210119,DID-EFF-AUT
ERR3572940,ERZ2271299,SAMEA5989477,PRJEB45055,SEQUENCE_ASSEMBLY,749907,sediment metagenome,ftp.sra.ebi.ac.uk/vol1/ERZ227/ERZ2271299/ERR3572940.fasta.gz,PRJEB34634,ERX3571178,ftp.sra.ebi.ac.uk/vol1/fastq/ERR357/000/ERR3572940/ERR3572940_1.fastq.gz;ftp.sra.ebi.ac.uk/vol1/fastq/ERR357/000/ERR3572940/ERR3572940_2.fastq.gz,ftp.sra.ebi.ac.uk/vol1/run/ERR357/ERR3572940/WTCHG_555218_210119.bam,,WTCHG_555218_210119,DID-EFF-AUT
ERR3572941,ERZ2226721,SAMEA5989477,PRJEB45055,SEQUENCE_ASSEMBLY,749907,sediment metagenome,ftp.sra.ebi.ac.uk/vol1/ERZ222/ERZ2226721/ERR3572941.fasta.gz,PRJEB34634,ERX3571179,ftp.sra.ebi.ac.uk/vol1/fastq/ERR357/001/ERR3572941/ERR3572941_1.fastq.gz;ftp.sra.ebi.ac.uk/vol1/fastq/ERR357/001/ERR3572941/ERR3572941_2.fastq.gz,ftp.sra.ebi.ac.uk/vol1/run/ERR357/ERR3572941/WTCHG_555214_210119.bam,,WTCHG_555214_210119,DID-EFF-AUT
ERR3572942,ERZ2272331,SAMEA5989477,PRJEB45055,SEQUENCE_ASSEMBLY,749907,sediment metagenome,ftp.sra.ebi.ac.uk/vol1/ERZ227/ERZ2272331/ERR3572942.fasta.gz,PRJEB34634,ERX3571180,ftp.sra.ebi.ac.uk/vol1/fastq/ERR357/002/ERR3572942/ERR3572942_1.fastq.gz;ftp.sra.ebi.ac.uk/vol1/fastq/ERR357/002/ERR3572942/ERR3572942_2.fastq.gz,ftp.sra.ebi.ac.uk/vol1/run/ERR357/ERR3572942/WTCHG_555221_210119.bam,,WTCHG_555221_210119,DID-EFF-AUT
ERR3572943,ERZ2227399,SAMEA5989477,PRJEB45055,SEQUENCE_ASSEMBLY,749907,sediment metagenome,ftp.sra.ebi.ac.uk/vol1/ERZ222/ERZ2227399/ERR3572943.fasta.gz,PRJEB34634,ERX3571181,ftp.sra.ebi.ac.uk/vol1/fastq/ERR357/003/ERR3572943/ERR3572943_1.fastq.gz;ftp.sra.ebi.ac.uk/vol1/fastq/ERR357/003/ERR3572943/ERR3572943_2.fastq.gz,ftp.sra.ebi.ac.uk/vol1/run/ERR357/ERR3572943/WTCHG_555219_210119.bam,,WTCHG_555219_210119,DID-EFF-AUT
ERR3572944,ERZ2272794,SAMEA5989477,PRJEB45055,SEQUENCE_ASSEMBLY,749907,sediment metagenome,ftp.sra.ebi.ac.uk/vol1/ERZ227/ERZ2272794/ERR3572944.fasta.gz,PRJEB34634,ERX3571182,ftp.sra.ebi.ac.uk/vol1/fastq/ERR357/004/ERR3572944/ERR3572944_1.fastq.gz;ftp.sra.ebi.ac.uk/vol1/fastq/ERR357/004/ERR3572944/ERR3572944_2.fastq.gz,ftp.sra.ebi.ac.uk/vol1/run/ERR357/ERR3572944/WTCHG_559243_210119.bam,,WTCHG_559243_210119,DID-EFF-AUT
ERR3572945,ERZ2272466,SAMEA5989477,PRJEB45055,SEQUENCE_ASSEMBLY,749907,sediment metagenome,ftp.sra.ebi.ac.uk/vol1/ERZ227/ERZ2272466/ERR3572945.fasta.gz,PRJEB34634,ERX3571183,ftp.sra.ebi.ac.uk/vol1/fastq/ERR357/005/ERR3572945/ERR3572945_1.fastq.gz;ftp.sra.ebi.ac.uk/vol1/fastq/ERR357/005/ERR3572945/ERR3572945_2.fastq.gz,ftp.sra.ebi.ac.uk/vol1/run/ERR357/ERR3572945/WTCHG_559242_210119.bam,,WTCHG_559242_210119,DID-EFF-AUT
ERR3572946,ERZ2271666,SAMEA5989477,PRJEB45055,SEQUENCE_ASSEMBLY,749907,sediment metagenome,ftp.sra.ebi.ac.uk/vol1/ERZ227/ERZ2271666/ERR3572946.fasta.gz,PRJEB34634,ERX3571184,ftp.sra.ebi.ac.uk/vol1/fastq/ERR357/006/ERR3572946/ERR3572946_1.fastq.gz;ftp.sra.ebi.ac.uk/vol1/fastq/ERR357/006/ERR3572946/ERR3572946_2.fastq.gz,ftp.sra.ebi.ac.uk/vol1/run/ERR357/ERR3572946/WTCHG_559240_210119.bam,,WTCHG_559240_210119,DID-EFF-AUT
ERR3572947,ERZ2270429,SAMEA5989477,PRJEB45055,SEQUENCE_ASSEMBLY,749907,sediment metagenome,ftp.sra.ebi.ac.uk/vol1/ERZ227/ERZ2270429/ERR3572947.fasta.gz,PRJEB34634,ERX3571185,ftp.sra.ebi.ac.uk/vol1/fastq/ERR357/007/ERR3572947/ERR3572947_1.fastq.gz;ftp.sra.ebi.ac.uk/vol1/fastq/ERR357/007/ERR3572947/ERR3572947_2.fastq.gz,ftp.sra.ebi.ac.uk/vol1/run/ERR357/ERR3572947/WTCHG_559244_210119.bam,,WTCHG_559244_210119,DID-EFF-AUT
ERR3572948,ERZ2271554,SAMEA5989477,PRJEB45055,SEQUENCE_ASSEMBLY,749907,sediment metagenome,ftp.sra.ebi.ac.uk/vol1/ERZ227/ERZ2271554/ERR3572948.fasta.gz,PRJEB34634,ERX3571186,ftp.sra.ebi.ac.uk/vol1/fastq/ERR357/008/ERR3572948/ERR3572948_1.fastq.gz;ftp.sra.ebi.ac.uk/vol1/fastq/ERR357/008/ERR3572948/ERR3572948_2.fastq.gz,ftp.sra.ebi.ac.uk/vol1/run/ERR357/ERR3572948/WTCHG_559241_210119.bam,,WTCHG_559241_210119,DID-EFF-AUT
ERR3572949,ERZ2272772,SAMEA5989477,PRJEB45055,SEQUENCE_ASSEMBLY,749907,sediment metagenome,ftp.sra.ebi.ac.uk/vol1/ERZ227/ERZ2272772/ERR3572949.fasta.gz,PRJEB34634,ERX3571187,ftp.sra.ebi.ac.uk/vol1/fastq/ERR357/009/ERR3572949/ERR3572949_1.fastq.gz;ftp.sra.ebi.ac.uk/vol1/fastq/ERR357/009/ERR3572949/ERR3572949_2.fastq.gz,ftp.sra.ebi.ac.uk/vol1/run/ERR357/ERR3572949/WTCHG_455360_253148.bam,,WTCHG_455360_253148,DID-EFF-SUM
ERR3572950,ERZ2272382,SAMEA5989477,PRJEB45055,SEQUENCE_ASSEMBLY,749907,sediment metagenome,ftp.sra.ebi.ac.uk/vol1/ERZ227/ERZ2272382/ERR3572950.fasta.gz,PRJEB34634,ERX3571188,ftp.sra.ebi.ac.uk/vol1/fastq/ERR357/000/ERR3572950/ERR3572950_1.fastq.gz;ftp.sra.ebi.ac.uk/vol1/fastq/ERR357/000/ERR3572950/ERR3572950_2.fastq.gz,ftp.sra.ebi.ac.uk/vol1/run/ERR357/ERR3572950/WTCHG_456624_253148.bam,,WTCHG_456624_253148,DID-EFF-SUM
ERR3572951,ERZ2271402,SAMEA5989477,PRJEB45055,SEQUENCE_ASSEMBLY,749907,sediment metagenome,ftp.sra.ebi.ac.uk/vol1/ERZ227/ERZ2271402/ERR3572951.fasta.gz,PRJEB34634,ERX3571189,ftp.sra.ebi.ac.uk/vol1/fastq/ERR357/001/ERR3572951/ERR3572951_1.fastq.gz;ftp.sra.ebi.ac.uk/vol1/fastq/ERR357/001/ERR3572951/ERR3572951_2.fastq.gz,ftp.sra.ebi.ac.uk/vol1/run/ERR357/ERR3572951/WTCHG_457295_253148.bam,,WTCHG_457295_253148,DID-EFF-SUM
ERR3572952,ERZ2272721,SAMEA5989477,PRJEB45055,SEQUENCE_ASSEMBLY,749907,sediment metagenome,ftp.sra.ebi.ac.uk/vol1/ERZ227/ERZ2272721/ERR3572952.fasta.gz,PRJEB34634,ERX3571190,ftp.sra.ebi.ac.uk/vol1/fastq/ERR357/002/ERR3572952/ERR3572952_1.fastq.gz;ftp.sra.ebi.ac.uk/vol1/fastq/ERR357/002/ERR3572952/ERR3572952_2.fastq.gz,ftp.sra.ebi.ac.uk/vol1/run/ERR357/ERR3572952/WTCHG_457296_253148.bam,,WTCHG_457296_253148,DID-EFF-SUM
ERR3572953,ERZ2271822,SAMEA5989477,PRJEB45055,SEQUENCE_ASSEMBLY,749907,sediment metagenome,ftp.sra.ebi.ac.uk/vol1/ERZ227/ERZ2271822/ERR3572953.fasta.gz,PRJEB34634,ERX3571191,ftp.sra.ebi.ac.uk/vol1/fastq/ERR357/003/ERR3572953/ERR3572953_1.fastq.gz;ftp.sra.ebi.ac.uk/vol1/fastq/ERR357/003/ERR3572953/ERR3572953_2.fastq.gz,ftp.sra.ebi.ac.uk/vol1/run/ERR357/ERR3572953/WTCHG_457297_253148.bam,,WTCHG_457297_253148,DID-EFF-SUM
ERR3572954,ERZ2270788,SAMEA5989477,PRJEB45055,SEQUENCE_ASSEMBLY,749907,sediment metagenome,ftp.sra.ebi.ac.uk/vol1/ERZ227/ERZ2270788/ERR3572954.fasta.gz,PRJEB34634,ERX3571192,ftp.sra.ebi.ac.uk/vol1/fastq/ERR357/004/ERR3572954/ERR3572954_1.fastq.gz;ftp.sra.ebi.ac.uk/vol1/fastq/ERR357/004/ERR3572954/ERR3572954_2.fastq.gz,ftp.sra.ebi.ac.uk/vol1/run/ERR357/ERR3572954/WTCHG_457298_253148.bam,,WTCHG_457298_253148,DID-EFF-SUM
ERR3572955,ERZ2272275,SAMEA5989477,PRJEB45055,SEQUENCE_ASSEMBLY,749907,sediment metagenome,ftp.sra.ebi.ac.uk/vol1/ERZ227/ERZ2272275/ERR3572955.fasta.gz,PRJEB34634,ERX3571193,ftp.sra.ebi.ac.uk/vol1/fastq/ERR357/005/ERR3572955/ERR3572955_1.fastq.gz;ftp.sra.ebi.ac.uk/vol1/fastq/ERR357/005/ERR3572955/ERR3572955_2.fastq.gz,ftp.sra.ebi.ac.uk/vol1/run/ERR357/ERR3572955/WTCHG_457710_253148.bam,,WTCHG_457710_253148,DID-EFF-SUM
ERR3572956,ERZ2271151,SAMEA5989477,PRJEB45055,SEQUENCE_ASSEMBLY,749907,sediment metagenome,ftp.sra.ebi.ac.uk/vol1/ERZ227/ERZ2271151/ERR3572956.fasta.gz,PRJEB34634,ERX3571194,ftp.sra.ebi.ac.uk/vol1/fastq/ERR357/006/ERR3572956/ERR3572956_1.fastq.gz;ftp.sra.ebi.ac.uk/vol1/fastq/ERR357/006/ERR3572956/ERR3572956_2.fastq.gz,ftp.sra.ebi.ac.uk/vol1/run/ERR357/ERR3572956/WTCHG_457711_253148.bam,,WTCHG_457711_253148,DID-EFF-SUM
ERR3572957,ERZ2271465,SAMEA5989477,PRJEB45055,SEQUENCE_ASSEMBLY,749907,sediment metagenome,ftp.sra.ebi.ac.uk/vol1/ERZ227/ERZ2271465/ERR3572957.fasta.gz,PRJEB34634,ERX3571195,ftp.sra.ebi.ac.uk/vol1/fastq/ERR357/007/ERR3572957/ERR3572957_1.fastq.gz;ftp.sra.ebi.ac.uk/vol1/fastq/ERR357/007/ERR3572957/ERR3572957_2.fastq.gz,ftp.sra.ebi.ac.uk/vol1/run/ERR357/ERR3572957/WTCHG_457712_253148.bam,,WTCHG_457712_253148,DID-EFF-SUM
ERR3572958,ERZ2272710,SAMEA5989477,PRJEB45055,SEQUENCE_ASSEMBLY,749907,sediment metagenome,ftp.sra.ebi.ac.uk/vol1/ERZ227/ERZ2272710/ERR3572958.fasta.gz,PRJEB34634,ERX3571196,ftp.sra.ebi.ac.uk/vol1/fastq/ERR357/008/ERR3572958/ERR3572958_1.fastq.gz;ftp.sra.ebi.ac.uk/vol1/fastq/ERR357/008/ERR3572958/ERR3572958_2.fastq.gz,ftp.sra.ebi.ac.uk/vol1/run/ERR357/ERR3572958/WTCHG_457713_253148.bam,,WTCHG_457713_253148,DID-EFF-SUM
ERR3572959,ERZ2227786,SAMEA5989477,PRJEB45055,SEQUENCE_ASSEMBLY,749907,sediment metagenome,ftp.sra.ebi.ac.uk/vol1/ERZ222/ERZ2227786/ERR3572959.fasta.gz,PRJEB34634,ERX3571197,ftp.sra.ebi.ac.uk/vol1/fastq/ERR357/009/ERR3572959/ERR3572959_1.fastq.gz;ftp.sra.ebi.ac.uk/vol1/fastq/ERR357/009/ERR3572959/ERR3572959_2.fastq.gz,ftp.sra.ebi.ac.uk/vol1/run/ERR357/ERR3572959/WTCHG_457714_253148.bam,,WTCHG_457714_253148,DID-EFF-SUM
ERR3572960,ERZ2272140,SAMEA5989477,PRJEB45055,SEQUENCE_ASSEMBLY,749907,sediment metagenome,ftp.sra.ebi.ac.uk/vol1/ERZ227/ERZ2272140/ERR3572960.fasta.gz,PRJEB34634,ERX3571198,ftp.sra.ebi.ac.uk/vol1/fastq/ERR357/000/ERR3572960/ERR3572960_1.fastq.gz;ftp.sra.ebi.ac.uk/vol1/fastq/ERR357/000/ERR3572960/ERR3572960_2.fastq.gz,ftp.sra.ebi.ac.uk/vol1/run/ERR357/ERR3572960/WTCHG_461227_253148.bam,,WTCHG_461227_253148,DID-EFF-SUM
ERR3572961,ERZ2271070,SAMEA5989477,PRJEB45055,SEQUENCE_ASSEMBLY,749907,sediment metagenome,ftp.sra.ebi.ac.uk/vol1/ERZ227/ERZ2271070/ERR3572961.fasta.gz,PRJEB34634,ERX3571199,ftp.sra.ebi.ac.uk/vol1/fastq/ERR357/001/ERR3572961/ERR3572961_1.fastq.gz;ftp.sra.ebi.ac.uk/vol1/fastq/ERR357/001/ERR3572961/ERR3572961_2.fastq.gz,ftp.sra.ebi.ac.uk/vol1/run/ERR357/ERR3572961/WTCHG_461228_253148.bam,,WTCHG_461228_253148,DID-EFF-SUM
ERR3572962,ERZ2271774,SAMEA5989477,PRJEB45055,SEQUENCE_ASSEMBLY,749907,sediment metagenome,ftp.sra.ebi.ac.uk/vol1/ERZ227/ERZ2271774/ERR3572962.fasta.gz,PRJEB34634,ERX3571200,ftp.sra.ebi.ac.uk/vol1/fastq/ERR357/002/ERR3572962/ERR3572962_1.fastq.gz;ftp.sra.ebi.ac.uk/vol1/fastq/ERR357/002/ERR3572962/ERR3572962_2.fastq.gz,ftp.sra.ebi.ac.uk/vol1/run/ERR357/ERR3572962/WTCHG_455360_248196.bam,,WTCHG_455360_248196,DID-EFF-WIN
ERR3572963,ERZ2271607,SAMEA5989477,PRJEB45055,SEQUENCE_ASSEMBLY,749907,sediment metagenome,ftp.sra.ebi.ac.uk/vol1/ERZ227/ERZ2271607/ERR3572963.fasta.gz,PRJEB34634,ERX3571201,ftp.sra.ebi.ac.uk/vol1/fastq/ERR357/003/ERR3572963/ERR3572963_1.fastq.gz;ftp.sra.ebi.ac.uk/vol1/fastq/ERR357/003/ERR3572963/ERR3572963_2.fastq.gz,ftp.sra.ebi.ac.uk/vol1/run/ERR357/ERR3572963/WTCHG_456624_248196.bam,,WTCHG_456624_248196,DID-EFF-WIN
ERR3572964,ERZ2270514,SAMEA5989477,PRJEB45055,SEQUENCE_ASSEMBLY,749907,sediment metagenome,ftp.sra.ebi.ac.uk/vol1/ERZ227/ERZ2270514/ERR3572964.fasta.gz,PRJEB34634,ERX3571202,ftp.sra.ebi.ac.uk/vol1/fastq/ERR357/004/ERR3572964/ERR3572964_1.fastq.gz;ftp.sra.ebi.ac.uk/vol1/fastq/ERR357/004/ERR3572964/ERR3572964_2.fastq.gz,ftp.sra.ebi.ac.uk/vol1/run/ERR357/ERR3572964/WTCHG_457295_248196.bam,,WTCHG_457295_248196,DID-EFF-WIN
ERR3572965,ERZ2271878,SAMEA5989477,PRJEB45055,SEQUENCE_ASSEMBLY,749907,sediment metagenome,ftp.sra.ebi.ac.uk/vol1/ERZ227/ERZ2271878/ERR3572965.fasta.gz,PRJEB34634,ERX3571203,ftp.sra.ebi.ac.uk/vol1/fastq/ERR357/005/ERR3572965/ERR3572965_1.fastq.gz;ftp.sra.ebi.ac.uk/vol1/fastq/ERR357/005/ERR3572965/ERR3572965_2.fastq.gz,ftp.sra.ebi.ac.uk/vol1/run/ERR357/ERR3572965/WTCHG_457296_248196.bam,,WTCHG_457296_248196,DID-EFF-WIN
ERR3572966,ERZ2272718,SAMEA5989477,PRJEB45055,SEQUENCE_ASSEMBLY,749907,sediment metagenome,ftp.sra.ebi.ac.uk/vol1/ERZ227/ERZ2272718/ERR3572966.fasta.gz,PRJEB34634,ERX3571204,ftp.sra.ebi.ac.uk/vol1/fastq/ERR357/006/ERR3572966/ERR3572966_1.fastq.gz;ftp.sra.ebi.ac.uk/vol1/fastq/ERR357/006/ERR3572966/ERR3572966_2.fastq.gz,ftp.sra.ebi.ac.uk/vol1/run/ERR357/ERR3572966/WTCHG_457297_248196.bam,,WTCHG_457297_248196,DID-EFF-WIN
ERR3572967,ERZ2269104,SAMEA5989477,PRJEB45055,SEQUENCE_ASSEMBLY,749907,sediment metagenome,ftp.sra.ebi.ac.uk/vol1/ERZ226/ERZ2269104/ERR3572967.fasta.gz,PRJEB34634,ERX3571205,ftp.sra.ebi.ac.uk/vol1/fastq/ERR357/007/ERR3572967/ERR3572967_1.fastq.gz;ftp.sra.ebi.ac.uk/vol1/fastq/ERR357/007/ERR3572967/ERR3572967_2.fastq.gz,ftp.sra.ebi.ac.uk/vol1/run/ERR357/ERR3572967/WTCHG_457298_248196.bam,,WTCHG_457298_248196,DID-EFF-WIN
ERR3572968,ERZ2227181,SAMEA5989477,PRJEB45055,SEQUENCE_ASSEMBLY,749907,sediment metagenome,ftp.sra.ebi.ac.uk/vol1/ERZ222/ERZ2227181/ERR3572968.fasta.gz,PRJEB34634,ERX3571206,ftp.sra.ebi.ac.uk/vol1/fastq/ERR357/008/ERR3572968/ERR3572968_1.fastq.gz;ftp.sra.ebi.ac.uk/vol1/fastq/ERR357/008/ERR3572968/ERR3572968_2.fastq.gz,ftp.sra.ebi.ac.uk/vol1/run/ERR357/ERR3572968/WTCHG_457710_248196.bam,,WTCHG_457710_248196,DID-EFF-WIN
ERR3572969,ERZ2271942,SAMEA5989477,PRJEB45055,SEQUENCE_ASSEMBLY,749907,sediment metagenome,ftp.sra.ebi.ac.uk/vol1/ERZ227/ERZ2271942/ERR3572969.fasta.gz,PRJEB34634,ERX3571207,ftp.sra.ebi.ac.uk/vol1/fastq/ERR357/009/ERR3572969/ERR3572969_1.fastq.gz;ftp.sra.ebi.ac.uk/vol1/fastq/ERR357/009/ERR3572969/ERR3572969_2.fastq.gz,ftp.sra.ebi.ac.uk/vol1/run/ERR357/ERR3572969/WTCHG_457711_248196.bam,,WTCHG_457711_248196,DID-EFF-WIN
ERR3572970,ERZ2271354,SAMEA5989477,PRJEB45055,SEQUENCE_ASSEMBLY,749907,sediment metagenome,ftp.sra.ebi.ac.uk/vol1/ERZ227/ERZ2271354/ERR3572970.fasta.gz,PRJEB34634,ERX3571208,ftp.sra.ebi.ac.uk/vol1/fastq/ERR357/000/ERR3572970/ERR3572970_1.fastq.gz;ftp.sra.ebi.ac.uk/vol1/fastq/ERR357/000/ERR3572970/ERR3572970_2.fastq.gz,ftp.sra.ebi.ac.uk/vol1/run/ERR357/ERR3572970/WTCHG_457712_248196.bam,,WTCHG_457712_248196,DID-EFF-WIN
ERR3572971,ERZ2272512,SAMEA5989477,PRJEB45055,SEQUENCE_ASSEMBLY,749907,sediment metagenome,ftp.sra.ebi.ac.uk/vol1/ERZ227/ERZ2272512/ERR3572971.fasta.gz,PRJEB34634,ERX3571209,ftp.sra.ebi.ac.uk/vol1/fastq/ERR357/001/ERR3572971/ERR3572971_1.fastq.gz;ftp.sra.ebi.ac.uk/vol1/fastq/ERR357/001/ERR3572971/ERR3572971_2.fastq.gz,ftp.sra.ebi.ac.uk/vol1/run/ERR357/ERR3572971/WTCHG_457713_248196.bam,,WTCHG_457713_248196,DID-EFF-WIN
ERR3572972,ERZ2272035,SAMEA5989477,PRJEB45055,SEQUENCE_ASSEMBLY,749907,sediment metagenome,ftp.sra.ebi.ac.uk/vol1/ERZ227/ERZ2272035/ERR3572972.fasta.gz,PRJEB34634,ERX3571210,ftp.sra.ebi.ac.uk/vol1/fastq/ERR357/002/ERR3572972/ERR3572972_1.fastq.gz;ftp.sra.ebi.ac.uk/vol1/fastq/ERR357/002/ERR3572972/ERR3572972_2.fastq.gz,ftp.sra.ebi.ac.uk/vol1/run/ERR357/ERR3572972/WTCHG_457714_248196.bam,,WTCHG_457714_248196,DID-EFF-WIN
ERR3572973,ERZ2271916,SAMEA5989477,PRJEB45055,SEQUENCE_ASSEMBLY,749907,sediment metagenome,ftp.sra.ebi.ac.uk/vol1/ERZ227/ERZ2271916/ERR3572973.fasta.gz,PRJEB34634,ERX3571211,ftp.sra.ebi.ac.uk/vol1/fastq/ERR357/003/ERR3572973/ERR3572973_1.fastq.gz;ftp.sra.ebi.ac.uk/vol1/fastq/ERR357/003/ERR3572973/ERR3572973_2.fastq.gz,ftp.sra.ebi.ac.uk/vol1/run/ERR357/ERR3572973/WTCHG_461227_248196.bam,,WTCHG_461227_248196,DID-EFF-WIN
ERR3572974,ERZ2272800,SAMEA5989477,PRJEB45055,SEQUENCE_ASSEMBLY,749907,sediment metagenome,ftp.sra.ebi.ac.uk/vol1/ERZ227/ERZ2272800/ERR3572974.fasta.gz,PRJEB34634,ERX3571212,ftp.sra.ebi.ac.uk/vol1/fastq/ERR357/004/ERR3572974/ERR3572974_1.fastq.gz;ftp.sra.ebi.ac.uk/vol1/fastq/ERR357/004/ERR3572974/ERR3572974_2.fastq.gz,ftp.sra.ebi.ac.uk/vol1/run/ERR357/ERR3572974/WTCHG_461228_248196.bam,,WTCHG_461228_248196,DID-EFF-WIN
ERR3572975,ERZ2272439,SAMEA5989477,PRJEB45055,SEQUENCE_ASSEMBLY,749907,sediment metagenome,ftp.sra.ebi.ac.uk/vol1/ERZ227/ERZ2272439/ERR3572975.fasta.gz,PRJEB34634,ERX3571213,ftp.sra.ebi.ac.uk/vol1/fastq/ERR357/005/ERR3572975/ERR3572975_1.fastq.gz;ftp.sra.ebi.ac.uk/vol1/fastq/ERR357/005/ERR3572975/ERR3572975_2.fastq.gz,ftp.sra.ebi.ac.uk/vol1/run/ERR357/ERR3572975/WTCHG_550636_211131.bam,,WTCHG_550636_211131,DID-INF-AUT
ERR3572976,ERZ2270423,SAMEA5989477,PRJEB45055,SEQUENCE_ASSEMBLY,749907,sediment metagenome,ftp.sra.ebi.ac.uk/vol1/ERZ227/ERZ2270423/ERR3572976.fasta.gz,PRJEB34634,ERX3571214,ftp.sra.ebi.ac.uk/vol1/fastq/ERR357/006/ERR3572976/ERR3572976_1.fastq.gz;ftp.sra.ebi.ac.uk/vol1/fastq/ERR357/006/ERR3572976/ERR3572976_2.fastq.gz,ftp.sra.ebi.ac.uk/vol1/run/ERR357/ERR3572976/WTCHG_551515_211131.bam,,WTCHG_551515_211131,DID-INF-AUT
ERR3572977,ERZ2227354,SAMEA5989477,PRJEB45055,SEQUENCE_ASSEMBLY,749907,sediment metagenome,ftp.sra.ebi.ac.uk/vol1/ERZ222/ERZ2227354/ERR3572977.fasta.gz,PRJEB34634,ERX3571215,ftp.sra.ebi.ac.uk/vol1/fastq/ERR357/007/ERR3572977/ERR3572977_1.fastq.gz;ftp.sra.ebi.ac.uk/vol1/fastq/ERR357/007/ERR3572977/ERR3572977_2.fastq.gz,ftp.sra.ebi.ac.uk/vol1/run/ERR357/ERR3572977/WTCHG_551514_211131.bam,,WTCHG_551514_211131,DID-INF-AUT
ERR3572978,ERZ2272691,SAMEA5989477,PRJEB45055,SEQUENCE_ASSEMBLY,749907,sediment metagenome,ftp.sra.ebi.ac.uk/vol1/ERZ227/ERZ2272691/ERR3572978.fasta.gz,PRJEB34634,ERX3571216,ftp.sra.ebi.ac.uk/vol1/fastq/ERR357/008/ERR3572978/ERR3572978_1.fastq.gz;ftp.sra.ebi.ac.uk/vol1/fastq/ERR357/008/ERR3572978/ERR3572978_2.fastq.gz,ftp.sra.ebi.ac.uk/vol1/run/ERR357/ERR3572978/WTCHG_554366_211131.bam,,WTCHG_554366_211131,DID-INF-AUT
ERR3572979,ERZ2269013,SAMEA5989477,PRJEB45055,SEQUENCE_ASSEMBLY,749907,sediment metagenome,ftp.sra.ebi.ac.uk/vol1/ERZ226/ERZ2269013/ERR3572979.fasta.gz,PRJEB34634,ERX3571217,ftp.sra.ebi.ac.uk/vol1/fastq/ERR357/009/ERR3572979/ERR3572979_1.fastq.gz;ftp.sra.ebi.ac.uk/vol1/fastq/ERR357/009/ERR3572979/ERR3572979_2.fastq.gz,ftp.sra.ebi.ac.uk/vol1/run/ERR357/ERR3572979/WTCHG_554367_211131.bam,,WTCHG_554367_211131,DID-INF-AUT
ERR3572980,ERZ2272061,SAMEA5989477,PRJEB45055,SEQUENCE_ASSEMBLY,749907,sediment metagenome,ftp.sra.ebi.ac.uk/vol1/ERZ227/ERZ2272061/ERR3572980.fasta.gz,PRJEB34634,ERX3571218,ftp.sra.ebi.ac.uk/vol1/fastq/ERR357/000/ERR3572980/ERR3572980_1.fastq.gz;ftp.sra.ebi.ac.uk/vol1/fastq/ERR357/000/ERR3572980/ERR3572980_2.fastq.gz,ftp.sra.ebi.ac.uk/vol1/run/ERR357/ERR3572980/WTCHG_555218_211131.bam,,WTCHG_555218_211131,DID-INF-AUT
ERR3572981,ERZ2271998,SAMEA5989477,PRJEB45055,SEQUENCE_ASSEMBLY,749907,sediment metagenome,ftp.sra.ebi.ac.uk/vol1/ERZ227/ERZ2271998/ERR3572981.fasta.gz,PRJEB34634,ERX3571219,ftp.sra.ebi.ac.uk/vol1/fastq/ERR357/001/ERR3572981/ERR3572981_1.fastq.gz;ftp.sra.ebi.ac.uk/vol1/fastq/ERR357/001/ERR3572981/ERR3572981_2.fastq.gz,ftp.sra.ebi.ac.uk/vol1/run/ERR357/ERR3572981/WTCHG_555221_211131.bam,,WTCHG_555221_211131,DID-INF-AUT
ERR3572982,ERZ2227891,SAMEA5989477,PRJEB45055,SEQUENCE_ASSEMBLY,749907,sediment metagenome,ftp.sra.ebi.ac.uk/vol1/ERZ222/ERZ2227891/ERR3572982.fasta.gz,PRJEB34634,ERX3571220,ftp.sra.ebi.ac.uk/vol1/fastq/ERR357/002/ERR3572982/ERR3572982_1.fastq.gz;ftp.sra.ebi.ac.uk/vol1/fastq/ERR357/002/ERR3572982/ERR3572982_2.fastq.gz,ftp.sra.ebi.ac.uk/vol1/run/ERR357/ERR3572982/WTCHG_555214_211131.bam,,WTCHG_555214_211131,DID-INF-AUT
ERR3572983,ERZ2226780,SAMEA5989477,PRJEB45055,SEQUENCE_ASSEMBLY,749907,sediment metagenome,ftp.sra.ebi.ac.uk/vol1/ERZ222/ERZ2226780/ERR3572983.fasta.gz,PRJEB34634,ERX3571221,ftp.sra.ebi.ac.uk/vol1/fastq/ERR357/003/ERR3572983/ERR3572983_1.fastq.gz;ftp.sra.ebi.ac.uk/vol1/fastq/ERR357/003/ERR3572983/ERR3572983_2.fastq.gz,ftp.sra.ebi.ac.uk/vol1/run/ERR357/ERR3572983/WTCHG_555215_211131.bam,,WTCHG_555215_211131,DID-INF-AUT
ERR3572984,ERZ2272354,SAMEA5989477,PRJEB45055,SEQUENCE_ASSEMBLY,749907,sediment metagenome,ftp.sra.ebi.ac.uk/vol1/ERZ227/ERZ2272354/ERR3572984.fasta.gz,PRJEB34634,ERX3571222,ftp.sra.ebi.ac.uk/vol1/fastq/ERR357/004/ERR3572984/ERR3572984_1.fastq.gz;ftp.sra.ebi.ac.uk/vol1/fastq/ERR357/004/ERR3572984/ERR3572984_2.fastq.gz,ftp.sra.ebi.ac.uk/vol1/run/ERR357/ERR3572984/WTCHG_555217_211131.bam,,WTCHG_555217_211131,DID-INF-AUT
ERR3572985,ERZ2226704,SAMEA5989477,PRJEB45055,SEQUENCE_ASSEMBLY,749907,sediment metagenome,ftp.sra.ebi.ac.uk/vol1/ERZ222/ERZ2226704/ERR3572985.fasta.gz,PRJEB34634,ERX3571223,ftp.sra.ebi.ac.uk/vol1/fastq/ERR357/005/ERR3572985/ERR3572985_1.fastq.gz;ftp.sra.ebi.ac.uk/vol1/fastq/ERR357/005/ERR3572985/ERR3572985_2.fastq.gz,ftp.sra.ebi.ac.uk/vol1/run/ERR357/ERR3572985/WTCHG_555220_211131.bam,,WTCHG_555220_211131,DID-INF-AUT
ERR3572986,ERZ2272583,SAMEA5989477,PRJEB45055,SEQUENCE_ASSEMBLY,749907,sediment metagenome,ftp.sra.ebi.ac.uk/vol1/ERZ227/ERZ2272583/ERR3572986.fasta.gz,PRJEB34634,ERX3571224,ftp.sra.ebi.ac.uk/vol1/fastq/ERR357/006/ERR3572986/ERR3572986_1.fastq.gz;ftp.sra.ebi.ac.uk/vol1/fastq/ERR357/006/ERR3572986/ERR3572986_2.fastq.gz,ftp.sra.ebi.ac.uk/vol1/run/ERR357/ERR3572986/WTCHG_555216_211131.bam,,WTCHG_555216_211131,DID-INF-AUT
ERR3572987,ERZ2226773,SAMEA5989477,PRJEB45055,SEQUENCE_ASSEMBLY,749907,sediment metagenome,ftp.sra.ebi.ac.uk/vol1/ERZ222/ERZ2226773/ERR3572987.fasta.gz,PRJEB34634,ERX3571225,ftp.sra.ebi.ac.uk/vol1/fastq/ERR357/007/ERR3572987/ERR3572987_1.fastq.gz;ftp.sra.ebi.ac.uk/vol1/fastq/ERR357/007/ERR3572987/ERR3572987_2.fastq.gz,ftp.sra.ebi.ac.uk/vol1/run/ERR357/ERR3572987/WTCHG_555219_211131.bam,,WTCHG_555219_211131,DID-INF-AUT
ERR3572988,ERZ2270824,SAMEA5989477,PRJEB45055,SEQUENCE_ASSEMBLY,749907,sediment metagenome,ftp.sra.ebi.ac.uk/vol1/ERZ227/ERZ2270824/ERR3572988.fasta.gz,PRJEB34634,ERX3571226,ftp.sra.ebi.ac.uk/vol1/fastq/ERR357/008/ERR3572988/ERR3572988_1.fastq.gz;ftp.sra.ebi.ac.uk/vol1/fastq/ERR357/008/ERR3572988/ERR3572988_2.fastq.gz,ftp.sra.ebi.ac.uk/vol1/run/ERR357/ERR3572988/WTCHG_559242_211131.bam,,WTCHG_559242_211131,DID-INF-AUT
ERR3572989,ERZ2271921,SAMEA5989477,PRJEB45055,SEQUENCE_ASSEMBLY,749907,sediment metagenome,ftp.sra.ebi.ac.uk/vol1/ERZ227/ERZ2271921/ERR3572989.fasta.gz,PRJEB34634,ERX3571227,ftp.sra.ebi.ac.uk/vol1/fastq/ERR357/009/ERR3572989/ERR3572989_1.fastq.gz;ftp.sra.ebi.ac.uk/vol1/fastq/ERR357/009/ERR3572989/ERR3572989_2.fastq.gz,ftp.sra.ebi.ac.uk/vol1/run/ERR357/ERR3572989/WTCHG_559240_211131.bam,,WTCHG_559240_211131,DID-INF-AUT
ERR3572990,ERZ2272415,SAMEA5989477,PRJEB45055,SEQUENCE_ASSEMBLY,749907,sediment metagenome,ftp.sra.ebi.ac.uk/vol1/ERZ227/ERZ2272415/ERR3572990.fasta.gz,PRJEB34634,ERX3571228,ftp.sra.ebi.ac.uk/vol1/fastq/ERR357/000/ERR3572990/ERR3572990_1.fastq.gz;ftp.sra.ebi.ac.uk/vol1/fastq/ERR357/000/ERR3572990/ERR3572990_2.fastq.gz,ftp.sra.ebi.ac.uk/vol1/run/ERR357/ERR3572990/WTCHG_559243_211131.bam,,WTCHG_559243_211131,DID-INF-AUT
ERR3572991,ERZ2226803,SAMEA5989477,PRJEB45055,SEQUENCE_ASSEMBLY,749907,sediment metagenome,ftp.sra.ebi.ac.uk/vol1/ERZ222/ERZ2226803/ERR3572991.fasta.gz,PRJEB34634,ERX3571229,ftp.sra.ebi.ac.uk/vol1/fastq/ERR357/001/ERR3572991/ERR3572991_1.fastq.gz;ftp.sra.ebi.ac.uk/vol1/fastq/ERR357/001/ERR3572991/ERR3572991_2.fastq.gz,ftp.sra.ebi.ac.uk/vol1/run/ERR357/ERR3572991/WTCHG_559241_211131.bam,,WTCHG_559241_211131,DID-INF-AUT
ERR3572992,ERZ2271647,SAMEA5989477,PRJEB45055,SEQUENCE_ASSEMBLY,749907,sediment metagenome,ftp.sra.ebi.ac.uk/vol1/ERZ227/ERZ2271647/ERR3572992.fasta.gz,PRJEB34634,ERX3571230,ftp.sra.ebi.ac.uk/vol1/fastq/ERR357/002/ERR3572992/ERR3572992_1.fastq.gz;ftp.sra.ebi.ac.uk/vol1/fastq/ERR357/002/ERR3572992/ERR3572992_2.fastq.gz,ftp.sra.ebi.ac.uk/vol1/run/ERR357/ERR3572992/WTCHG_559244_211131.bam,,WTCHG_559244_211131,DID-INF-AUT
ERR3572993,ERZ2272816,SAMEA5989477,PRJEB45055,SEQUENCE_ASSEMBLY,749907,sediment metagenome,ftp.sra.ebi.ac.uk/vol1/ERZ227/ERZ2272816/ERR3572993.fasta.gz,PRJEB34634,ERX3571231,ftp.sra.ebi.ac.uk/vol1/fastq/ERR357/003/ERR3572993/ERR3572993_1.fastq.gz;ftp.sra.ebi.ac.uk/vol1/fastq/ERR357/003/ERR3572993/ERR3572993_2.fastq.gz,ftp.sra.ebi.ac.uk/vol1/run/ERR357/ERR3572993/WTCHG_455360_241112.bam,,WTCHG_455360_241112,DID-INF-SUM
ERR3572994,ERZ2271130,SAMEA5989477,PRJEB45055,SEQUENCE_ASSEMBLY,749907,sediment metagenome,ftp.sra.ebi.ac.uk/vol1/ERZ227/ERZ2271130/ERR3572994.fasta.gz,PRJEB34634,ERX3571232,ftp.sra.ebi.ac.uk/vol1/fastq/ERR357/004/ERR3572994/ERR3572994_1.fastq.gz;ftp.sra.ebi.ac.uk/vol1/fastq/ERR357/004/ERR3572994/ERR3572994_2.fastq.gz,ftp.sra.ebi.ac.uk/vol1/run/ERR357/ERR3572994/WTCHG_456624_241112.bam,,WTCHG_456624_241112,DID-INF-SUM
ERR3572995,ERZ2271797,SAMEA5989477,PRJEB45055,SEQUENCE_ASSEMBLY,749907,sediment metagenome,ftp.sra.ebi.ac.uk/vol1/ERZ227/ERZ2271797/ERR3572995.fasta.gz,PRJEB34634,ERX3571233,ftp.sra.ebi.ac.uk/vol1/fastq/ERR357/005/ERR3572995/ERR3572995_1.fastq.gz;ftp.sra.ebi.ac.uk/vol1/fastq/ERR357/005/ERR3572995/ERR3572995_2.fastq.gz,ftp.sra.ebi.ac.uk/vol1/run/ERR357/ERR3572995/WTCHG_457295_241112.bam,,WTCHG_457295_241112,DID-INF-SUM
ERR3572996,ERZ2272474,SAMEA5989477,PRJEB45055,SEQUENCE_ASSEMBLY,749907,sediment metagenome,ftp.sra.ebi.ac.uk/vol1/ERZ227/ERZ2272474/ERR3572996.fasta.gz,PRJEB34634,ERX3571234,ftp.sra.ebi.ac.uk/vol1/fastq/ERR357/006/ERR3572996/ERR3572996_1.fastq.gz;ftp.sra.ebi.ac.uk/vol1/fastq/ERR357/006/ERR3572996/ERR3572996_2.fastq.gz,ftp.sra.ebi.ac.uk/vol1/run/ERR357/ERR3572996/WTCHG_457296_241112.bam,,WTCHG_457296_241112,DID-INF-SUM
ERR3572997,ERZ2271604,SAMEA5989477,PRJEB45055,SEQUENCE_ASSEMBLY,749907,sediment metagenome,ftp.sra.ebi.ac.uk/vol1/ERZ227/ERZ2271604/ERR3572997.fasta.gz,PRJEB34634,ERX3571235,ftp.sra.ebi.ac.uk/vol1/fastq/ERR357/007/ERR3572997/ERR3572997_1.fastq.gz;ftp.sra.ebi.ac.uk/vol1/fastq/ERR357/007/ERR3572997/ERR3572997_2.fastq.gz,ftp.sra.ebi.ac.uk/vol1/run/ERR357/ERR3572997/WTCHG_457297_241112.bam,,WTCHG_457297_241112,DID-INF-SUM
ERR3572998,ERZ2271509,SAMEA5989477,PRJEB45055,SEQUENCE_ASSEMBLY,749907,sediment metagenome,ftp.sra.ebi.ac.uk/vol1/ERZ227/ERZ2271509/ERR3572998.fasta.gz,PRJEB34634,ERX3571236,ftp.sra.ebi.ac.uk/vol1/fastq/ERR357/008/ERR3572998/ERR3572998_1.fastq.gz;ftp.sra.ebi.ac.uk/vol1/fastq/ERR357/008/ERR3572998/ERR3572998_2.fastq.gz,ftp.sra.ebi.ac.uk/vol1/run/ERR357/ERR3572998/WTCHG_457298_241112.bam,,WTCHG_457298_241112,DID-INF-SUM
ERR3572999,ERZ2272257,SAMEA5989477,PRJEB45055,SEQUENCE_ASSEMBLY,749907,sediment metagenome,ftp.sra.ebi.ac.uk/vol1/ERZ227/ERZ2272257/ERR3572999.fasta.gz,PRJEB34634,ERX3571237,ftp.sra.ebi.ac.uk/vol1/fastq/ERR357/009/ERR3572999/ERR3572999_1.fastq.gz;ftp.sra.ebi.ac.uk/vol1/fastq/ERR357/009/ERR3572999/ERR3572999_2.fastq.gz,ftp.sra.ebi.ac.uk/vol1/run/ERR357/ERR3572999/WTCHG_457710_241112.bam,,WTCHG_457710_241112,DID-INF-SUM
ERR3573000,ERZ2272622,SAMEA5989477,PRJEB45055,SEQUENCE_ASSEMBLY,749907,sediment metagenome,ftp.sra.ebi.ac.uk/vol1/ERZ227/ERZ2272622/ERR3573000.fasta.gz,PRJEB34634,ERX3571238,ftp.sra.ebi.ac.uk/vol1/fastq/ERR357/000/ERR3573000/ERR3573000_1.fastq.gz;ftp.sra.ebi.ac.uk/vol1/fastq/ERR357/000/ERR3573000/ERR3573000_2.fastq.gz,ftp.sra.ebi.ac.uk/vol1/run/ERR357/ERR3573000/WTCHG_457711_241112.bam,,WTCHG_457711_241112,DID-INF-SUM
ERR3573001,ERZ2227300,SAMEA5989477,PRJEB45055,SEQUENCE_ASSEMBLY,749907,sediment metagenome,ftp.sra.ebi.ac.uk/vol1/ERZ222/ERZ2227300/ERR3573001.fasta.gz,PRJEB34634,ERX3571239,ftp.sra.ebi.ac.uk/vol1/fastq/ERR357/001/ERR3573001/ERR3573001_1.fastq.gz;ftp.sra.ebi.ac.uk/vol1/fastq/ERR357/001/ERR3573001/ERR3573001_2.fastq.gz,ftp.sra.ebi.ac.uk/vol1/run/ERR357/ERR3573001/WTCHG_457712_241112.bam,,WTCHG_457712_241112,DID-INF-SUM
ERR3573002,ERZ2271847,SAMEA5989477,PRJEB45055,SEQUENCE_ASSEMBLY,749907,sediment metagenome,ftp.sra.ebi.ac.uk/vol1/ERZ227/ERZ2271847/ERR3573002.fasta.gz,PRJEB34634,ERX3571240,ftp.sra.ebi.ac.uk/vol1/fastq/ERR357/002/ERR3573002/ERR3573002_1.fastq.gz;ftp.sra.ebi.ac.uk/vol1/fastq/ERR357/002/ERR3573002/ERR3573002_2.fastq.gz,ftp.sra.ebi.ac.uk/vol1/run/ERR357/ERR3573002/WTCHG_457713_241112.bam,,WTCHG_457713_241112,DID-INF-SUM
ERR3573003,ERZ2272817,SAMEA5989477,PRJEB45055,SEQUENCE_ASSEMBLY,749907,sediment metagenome,ftp.sra.ebi.ac.uk/vol1/ERZ227/ERZ2272817/ERR3573003.fasta.gz,PRJEB34634,ERX3571241,ftp.sra.ebi.ac.uk/vol1/fastq/ERR357/003/ERR3573003/ERR3573003_1.fastq.gz;ftp.sra.ebi.ac.uk/vol1/fastq/ERR357/003/ERR3573003/ERR3573003_2.fastq.gz,ftp.sra.ebi.ac.uk/vol1/run/ERR357/ERR3573003/WTCHG_457714_241112.bam,,WTCHG_457714_241112,DID-INF-SUM
ERR3573004,ERZ2271993,SAMEA5989477,PRJEB45055,SEQUENCE_ASSEMBLY,749907,sediment metagenome,ftp.sra.ebi.ac.uk/vol1/ERZ227/ERZ2271993/ERR3573004.fasta.gz,PRJEB34634,ERX3571242,ftp.sra.ebi.ac.uk/vol1/fastq/ERR357/004/ERR3573004/ERR3573004_1.fastq.gz;ftp.sra.ebi.ac.uk/vol1/fastq/ERR357/004/ERR3573004/ERR3573004_2.fastq.gz,ftp.sra.ebi.ac.uk/vol1/run/ERR357/ERR3573004/WTCHG_461227_241112.bam,,WTCHG_461227_241112,DID-INF-SUM
ERR3573005,ERZ2271567,SAMEA5989477,PRJEB45055,SEQUENCE_ASSEMBLY,749907,sediment metagenome,ftp.sra.ebi.ac.uk/vol1/ERZ227/ERZ2271567/ERR3573005.fasta.gz,PRJEB34634,ERX3571243,ftp.sra.ebi.ac.uk/vol1/fastq/ERR357/005/ERR3573005/ERR3573005_1.fastq.gz;ftp.sra.ebi.ac.uk/vol1/fastq/ERR357/005/ERR3573005/ERR3573005_2.fastq.gz,ftp.sra.ebi.ac.uk/vol1/run/ERR357/ERR3573005/WTCHG_461228_241112.bam,,WTCHG_461228_241112,DID-INF-SUM
ERR3573006,ERZ2271523,SAMEA5989477,PRJEB45055,SEQUENCE_ASSEMBLY,749907,sediment metagenome,ftp.sra.ebi.ac.uk/vol1/ERZ227/ERZ2271523/ERR3573006.fasta.gz,PRJEB34634,ERX3571244,ftp.sra.ebi.ac.uk/vol1/fastq/ERR357/006/ERR3573006/ERR3573006_1.fastq.gz;ftp.sra.ebi.ac.uk/vol1/fastq/ERR357/006/ERR3573006/ERR3573006_2.fastq.gz,ftp.sra.ebi.ac.uk/vol1/run/ERR357/ERR3573006/WTCHG_455360_236147.bam,,WTCHG_455360_236147,DID-INF-WIN
ERR3573007,ERZ2272279,SAMEA5989477,PRJEB45055,SEQUENCE_ASSEMBLY,749907,sediment metagenome,ftp.sra.ebi.ac.uk/vol1/ERZ227/ERZ2272279/ERR3573007.fasta.gz,PRJEB34634,ERX3571245,ftp.sra.ebi.ac.uk/vol1/fastq/ERR357/007/ERR3573007/ERR3573007_1.fastq.gz;ftp.sra.ebi.ac.uk/vol1/fastq/ERR357/007/ERR3573007/ERR3573007_2.fastq.gz,ftp.sra.ebi.ac.uk/vol1/run/ERR357/ERR3573007/WTCHG_456624_236147.bam,,WTCHG_456624_236147,DID-INF-WIN
ERR3573008,ERZ2272654,SAMEA5989477,PRJEB45055,SEQUENCE_ASSEMBLY,749907,sediment metagenome,ftp.sra.ebi.ac.uk/vol1/ERZ227/ERZ2272654/ERR3573008.fasta.gz,PRJEB34634,ERX3571246,ftp.sra.ebi.ac.uk/vol1/fastq/ERR357/008/ERR3573008/ERR3573008_1.fastq.gz;ftp.sra.ebi.ac.uk/vol1/fastq/ERR357/008/ERR3573008/ERR3573008_2.fastq.gz,ftp.sra.ebi.ac.uk/vol1/run/ERR357/ERR3573008/WTCHG_457295_236147.bam,,WTCHG_457295_236147,DID-INF-WIN
ERR3573009,ERZ2269143,SAMEA5989477,PRJEB45055,SEQUENCE_ASSEMBLY,749907,sediment metagenome,ftp.sra.ebi.ac.uk/vol1/ERZ226/ERZ2269143/ERR3573009.fasta.gz,PRJEB34634,ERX3571247,ftp.sra.ebi.ac.uk/vol1/fastq/ERR357/009/ERR3573009/ERR3573009_1.fastq.gz;ftp.sra.ebi.ac.uk/vol1/fastq/ERR357/009/ERR3573009/ERR3573009_2.fastq.gz,ftp.sra.ebi.ac.uk/vol1/run/ERR357/ERR3573009/WTCHG_457296_236147.bam,,WTCHG_457296_236147,DID-INF-WIN
ERR3573010,ERZ2272641,SAMEA5989477,PRJEB45055,SEQUENCE_ASSEMBLY,749907,sediment metagenome,ftp.sra.ebi.ac.uk/vol1/ERZ227/ERZ2272641/ERR3573010.fasta.gz,PRJEB34634,ERX3571248,ftp.sra.ebi.ac.uk/vol1/fastq/ERR357/000/ERR3573010/ERR3573010_1.fastq.gz;ftp.sra.ebi.ac.uk/vol1/fastq/ERR357/000/ERR3573010/ERR3573010_2.fastq.gz,ftp.sra.ebi.ac.uk/vol1/run/ERR357/ERR3573010/WTCHG_457297_236147.bam,,WTCHG_457297_236147,DID-INF-WIN
ERR3573011,ERZ2227331,SAMEA5989477,PRJEB45055,SEQUENCE_ASSEMBLY,749907,sediment metagenome,ftp.sra.ebi.ac.uk/vol1/ERZ222/ERZ2227331/ERR3573011.fasta.gz,PRJEB34634,ERX3571249,ftp.sra.ebi.ac.uk/vol1/fastq/ERR357/001/ERR3573011/ERR3573011_1.fastq.gz;ftp.sra.ebi.ac.uk/vol1/fastq/ERR357/001/ERR3573011/ERR3573011_2.fastq.gz,ftp.sra.ebi.ac.uk/vol1/run/ERR357/ERR3573011/WTCHG_457298_236147.bam,,WTCHG_457298_236147,DID-INF-WIN
ERR3573012,ERZ2271720,SAMEA5989477,PRJEB45055,SEQUENCE_ASSEMBLY,749907,sediment metagenome,ftp.sra.ebi.ac.uk/vol1/ERZ227/ERZ2271720/ERR3573012.fasta.gz,PRJEB34634,ERX3571250,ftp.sra.ebi.ac.uk/vol1/fastq/ERR357/002/ERR3573012/ERR3573012_1.fastq.gz;ftp.sra.ebi.ac.uk/vol1/fastq/ERR357/002/ERR3573012/ERR3573012_2.fastq.gz,ftp.sra.ebi.ac.uk/vol1/run/ERR357/ERR3573012/WTCHG_457710_236147.bam,,WTCHG_457710_236147,DID-INF-WIN
ERR3573013,ERZ2272132,SAMEA5989477,PRJEB45055,SEQUENCE_ASSEMBLY,749907,sediment metagenome,ftp.sra.ebi.ac.uk/vol1/ERZ227/ERZ2272132/ERR3573013.fasta.gz,PRJEB34634,ERX3571251,ftp.sra.ebi.ac.uk/vol1/fastq/ERR357/003/ERR3573013/ERR3573013_1.fastq.gz;ftp.sra.ebi.ac.uk/vol1/fastq/ERR357/003/ERR3573013/ERR3573013_2.fastq.gz,ftp.sra.ebi.ac.uk/vol1/run/ERR357/ERR3573013/WTCHG_457711_236147.bam,,WTCHG_457711_236147,DID-INF-WIN
ERR3573014,ERZ2227155,SAMEA5989477,PRJEB45055,SEQUENCE_ASSEMBLY,749907,sediment metagenome,ftp.sra.ebi.ac.uk/vol1/ERZ222/ERZ2227155/ERR3573014.fasta.gz,PRJEB34634,ERX3571252,ftp.sra.ebi.ac.uk/vol1/fastq/ERR357/004/ERR3573014/ERR3573014_1.fastq.gz;ftp.sra.ebi.ac.uk/vol1/fastq/ERR357/004/ERR3573014/ERR3573014_2.fastq.gz,ftp.sra.ebi.ac.uk/vol1/run/ERR357/ERR3573014/WTCHG_457712_236147.bam,,WTCHG_457712_236147,DID-INF-WIN
ERR3573015,ERZ2227962,SAMEA5989477,PRJEB45055,SEQUENCE_ASSEMBLY,749907,sediment metagenome,ftp.sra.ebi.ac.uk/vol1/ERZ222/ERZ2227962/ERR3573015.fasta.gz,PRJEB34634,ERX3571253,ftp.sra.ebi.ac.uk/vol1/fastq/ERR357/005/ERR3573015/ERR3573015_1.fastq.gz;ftp.sra.ebi.ac.uk/vol1/fastq/ERR357/005/ERR3573015/ERR3573015_2.fastq.gz,ftp.sra.ebi.ac.uk/vol1/run/ERR357/ERR3573015/WTCHG_457713_236147.bam,,WTCHG_457713_236147,DID-INF-WIN
ERR3573016,ERZ2272222,SAMEA5989477,PRJEB45055,SEQUENCE_ASSEMBLY,749907,sediment metagenome,ftp.sra.ebi.ac.uk/vol1/ERZ227/ERZ2272222/ERR3573016.fasta.gz,PRJEB34634,ERX3571254,ftp.sra.ebi.ac.uk/vol1/fastq/ERR357/006/ERR3573016/ERR3573016_1.fastq.gz;ftp.sra.ebi.ac.uk/vol1/fastq/ERR357/006/ERR3573016/ERR3573016_2.fastq.gz,ftp.sra.ebi.ac.uk/vol1/run/ERR357/ERR3573016/WTCHG_457714_236147.bam,,WTCHG_457714_236147,DID-INF-WIN
ERR3573017,ERZ2272766,SAMEA5989477,PRJEB45055,SEQUENCE_ASSEMBLY,749907,sediment metagenome,ftp.sra.ebi.ac.uk/vol1/ERZ227/ERZ2272766/ERR3573017.fasta.gz,PRJEB34634,ERX3571255,ftp.sra.ebi.ac.uk/vol1/fastq/ERR357/007/ERR3573017/ERR3573017_1.fastq.gz;ftp.sra.ebi.ac.uk/vol1/fastq/ERR357/007/ERR3573017/ERR3573017_2.fastq.gz,ftp.sra.ebi.ac.uk/vol1/run/ERR357/ERR3573017/WTCHG_461227_236147.bam,,WTCHG_461227_236147,DID-INF-WIN
ERR3573018,ERZ2227092,SAMEA5989477,PRJEB45055,SEQUENCE_ASSEMBLY,749907,sediment metagenome,ftp.sra.ebi.ac.uk/vol1/ERZ222/ERZ2227092/ERR3573018.fasta.gz,PRJEB34634,ERX3571256,ftp.sra.ebi.ac.uk/vol1/fastq/ERR357/008/ERR3573018/ERR3573018_1.fastq.gz;ftp.sra.ebi.ac.uk/vol1/fastq/ERR357/008/ERR3573018/ERR3573018_2.fastq.gz,ftp.sra.ebi.ac.uk/vol1/run/ERR357/ERR3573018/WTCHG_461228_236147.bam,,WTCHG_461228_236147,DID-INF-WIN
ERR3573019,ERZ2228049,SAMEA5989477,PRJEB45055,SEQUENCE_ASSEMBLY,749907,sediment metagenome,ftp.sra.ebi.ac.uk/vol1/ERZ222/ERZ2228049/ERR3573019.fasta.gz,PRJEB34634,ERX3571257,ftp.sra.ebi.ac.uk/vol1/fastq/ERR357/009/ERR3573019/ERR3573019_1.fastq.gz;ftp.sra.ebi.ac.uk/vol1/fastq/ERR357/009/ERR3573019/ERR3573019_2.fastq.gz,ftp.sra.ebi.ac.uk/vol1/run/ERR357/ERR3573019/WTCHG_670347_241196.bam,,WTCHG_670347_241196,DID-UP-100-AUT
ERR3573020,ERZ2271520,SAMEA5989477,PRJEB45055,SEQUENCE_ASSEMBLY,749907,sediment metagenome,ftp.sra.ebi.ac.uk/vol1/ERZ227/ERZ2271520/ERR3573020.fasta.gz,PRJEB34634,ERX3571258,ftp.sra.ebi.ac.uk/vol1/fastq/ERR357/000/ERR3573020/ERR3573020_1.fastq.gz;ftp.sra.ebi.ac.uk/vol1/fastq/ERR357/000/ERR3573020/ERR3573020_2.fastq.gz,ftp.sra.ebi.ac.uk/vol1/run/ERR357/ERR3573020/WTCHG_670349_241196.bam,,WTCHG_670349_241196,DID-UP-100-AUT
ERR3573021,ERZ2272412,SAMEA5989477,PRJEB45055,SEQUENCE_ASSEMBLY,749907,sediment metagenome,ftp.sra.ebi.ac.uk/vol1/ERZ227/ERZ2272412/ERR3573021.fasta.gz,PRJEB34634,ERX3571259,ftp.sra.ebi.ac.uk/vol1/fastq/ERR357/001/ERR3573021/ERR3573021_1.fastq.gz;ftp.sra.ebi.ac.uk/vol1/fastq/ERR357/001/ERR3573021/ERR3573021_2.fastq.gz,ftp.sra.ebi.ac.uk/vol1/run/ERR357/ERR3573021/WTCHG_670348_241196.bam,,WTCHG_670348_241196,DID-UP-100-AUT
ERR3573022,ERZ2271696,SAMEA5989477,PRJEB45055,SEQUENCE_ASSEMBLY,749907,sediment metagenome,ftp.sra.ebi.ac.uk/vol1/ERZ227/ERZ2271696/ERR3573022.fasta.gz,PRJEB34634,ERX3571260,ftp.sra.ebi.ac.uk/vol1/fastq/ERR357/002/ERR3573022/ERR3573022_1.fastq.gz;ftp.sra.ebi.ac.uk/vol1/fastq/ERR357/002/ERR3573022/ERR3573022_2.fastq.gz,ftp.sra.ebi.ac.uk/vol1/run/ERR357/ERR3573022/WTCHG_670344_241196.bam,,WTCHG_670344_241196,DID-UP-100-AUT
ERR3573023,ERZ2271943,SAMEA5989477,PRJEB45055,SEQUENCE_ASSEMBLY,749907,sediment metagenome,ftp.sra.ebi.ac.uk/vol1/ERZ227/ERZ2271943/ERR3573023.fasta.gz,PRJEB34634,ERX3571261,ftp.sra.ebi.ac.uk/vol1/fastq/ERR357/003/ERR3573023/ERR3573023_1.fastq.gz;ftp.sra.ebi.ac.uk/vol1/fastq/ERR357/003/ERR3573023/ERR3573023_2.fastq.gz,ftp.sra.ebi.ac.uk/vol1/run/ERR357/ERR3573023/WTCHG_670345_241196.bam,,WTCHG_670345_241196,DID-UP-100-AUT
ERR3573024,ERZ2271984,SAMEA5989477,PRJEB45055,SEQUENCE_ASSEMBLY,749907,sediment metagenome,ftp.sra.ebi.ac.uk/vol1/ERZ227/ERZ2271984/ERR3573024.fasta.gz,PRJEB34634,ERX3571262,ftp.sra.ebi.ac.uk/vol1/fastq/ERR357/004/ERR3573024/ERR3573024_1.fastq.gz;ftp.sra.ebi.ac.uk/vol1/fastq/ERR357/004/ERR3573024/ERR3573024_2.fastq.gz,ftp.sra.ebi.ac.uk/vol1/run/ERR357/ERR3573024/WTCHG_670346_241196.bam,,WTCHG_670346_241196,DID-UP-100-AUT
ERR3573025,ERZ2272487,SAMEA5989477,PRJEB45055,SEQUENCE_ASSEMBLY,749907,sediment metagenome,ftp.sra.ebi.ac.uk/vol1/ERZ227/ERZ2272487/ERR3573025.fasta.gz,PRJEB34634,ERX3571263,ftp.sra.ebi.ac.uk/vol1/fastq/ERR357/005/ERR3573025/ERR3573025_1.fastq.gz;ftp.sra.ebi.ac.uk/vol1/fastq/ERR357/005/ERR3573025/ERR3573025_2.fastq.gz,ftp.sra.ebi.ac.uk/vol1/run/ERR357/ERR3573025/WTCHG_664453_241196.bam,,WTCHG_664453_241196,DID-UP-100-AUT
ERR3573026,ERZ2270353,SAMEA5989477,PRJEB45055,SEQUENCE_ASSEMBLY,749907,sediment metagenome,ftp.sra.ebi.ac.uk/vol1/ERZ227/ERZ2270353/ERR3573026.fasta.gz,PRJEB34634,ERX3571264,ftp.sra.ebi.ac.uk/vol1/fastq/ERR357/006/ERR3573026/ERR3573026_1.fastq.gz;ftp.sra.ebi.ac.uk/vol1/fastq/ERR357/006/ERR3573026/ERR3573026_2.fastq.gz,ftp.sra.ebi.ac.uk/vol1/run/ERR357/ERR3573026/WTCHG_670348_251171.bam,,WTCHG_670348_251171,DID-UP-100-SUM
ERR3573027,ERZ2271590,SAMEA5989477,PRJEB45055,SEQUENCE_ASSEMBLY,749907,sediment metagenome,ftp.sra.ebi.ac.uk/vol1/ERZ227/ERZ2271590/ERR3573027.fasta.gz,PRJEB34634,ERX3571265,ftp.sra.ebi.ac.uk/vol1/fastq/ERR357/007/ERR3573027/ERR3573027_1.fastq.gz;ftp.sra.ebi.ac.uk/vol1/fastq/ERR357/007/ERR3573027/ERR3573027_2.fastq.gz,ftp.sra.ebi.ac.uk/vol1/run/ERR357/ERR3573027/WTCHG_670349_251171.bam,,WTCHG_670349_251171,DID-UP-100-SUM
ERR3573028,ERZ2270895,SAMEA5989477,PRJEB45055,SEQUENCE_ASSEMBLY,749907,sediment metagenome,ftp.sra.ebi.ac.uk/vol1/ERZ227/ERZ2270895/ERR3573028.fasta.gz,PRJEB34634,ERX3571266,ftp.sra.ebi.ac.uk/vol1/fastq/ERR357/008/ERR3573028/ERR3573028_1.fastq.gz;ftp.sra.ebi.ac.uk/vol1/fastq/ERR357/008/ERR3573028/ERR3573028_2.fastq.gz,ftp.sra.ebi.ac.uk/vol1/run/ERR357/ERR3573028/WTCHG_670345_251171.bam,,WTCHG_670345_251171,DID-UP-100-SUM
ERR3573029,ERZ2271794,SAMEA5989477,PRJEB45055,SEQUENCE_ASSEMBLY,749907,sediment metagenome,ftp.sra.ebi.ac.uk/vol1/ERZ227/ERZ2271794/ERR3573029.fasta.gz,PRJEB34634,ERX3571267,ftp.sra.ebi.ac.uk/vol1/fastq/ERR357/009/ERR3573029/ERR3573029_1.fastq.gz;ftp.sra.ebi.ac.uk/vol1/fastq/ERR357/009/ERR3573029/ERR3573029_2.fastq.gz,ftp.sra.ebi.ac.uk/vol1/run/ERR357/ERR3573029/WTCHG_670347_251171.bam,,WTCHG_670347_251171,DID-UP-100-SUM
ERR3573030,ERZ2272388,SAMEA5989477,PRJEB45055,SEQUENCE_ASSEMBLY,749907,sediment metagenome,ftp.sra.ebi.ac.uk/vol1/ERZ227/ERZ2272388/ERR3573030.fasta.gz,PRJEB34634,ERX3571268,ftp.sra.ebi.ac.uk/vol1/fastq/ERR357/000/ERR3573030/ERR3573030_1.fastq.gz;ftp.sra.ebi.ac.uk/vol1/fastq/ERR357/000/ERR3573030/ERR3573030_2.fastq.gz,ftp.sra.ebi.ac.uk/vol1/run/ERR357/ERR3573030/WTCHG_670344_251171.bam,,WTCHG_670344_251171,DID-UP-100-SUM
ERR3573031,ERZ2270764,SAMEA5989477,PRJEB45055,SEQUENCE_ASSEMBLY,749907,sediment metagenome,ftp.sra.ebi.ac.uk/vol1/ERZ227/ERZ2270764/ERR3573031.fasta.gz,PRJEB34634,ERX3571269,ftp.sra.ebi.ac.uk/vol1/fastq/ERR357/001/ERR3573031/ERR3573031_1.fastq.gz;ftp.sra.ebi.ac.uk/vol1/fastq/ERR357/001/ERR3573031/ERR3573031_2.fastq.gz,ftp.sra.ebi.ac.uk/vol1/run/ERR357/ERR3573031/WTCHG_670346_251171.bam,,WTCHG_670346_251171,DID-UP-100-SUM
ERR3573032,ERZ2272637,SAMEA5989477,PRJEB45055,SEQUENCE_ASSEMBLY,749907,sediment metagenome,ftp.sra.ebi.ac.uk/vol1/ERZ227/ERZ2272637/ERR3573032.fasta.gz,PRJEB34634,ERX3571270,ftp.sra.ebi.ac.uk/vol1/fastq/ERR357/002/ERR3573032/ERR3573032_1.fastq.gz;ftp.sra.ebi.ac.uk/vol1/fastq/ERR357/002/ERR3573032/ERR3573032_2.fastq.gz,ftp.sra.ebi.ac.uk/vol1/run/ERR357/ERR3573032/WTCHG_664453_251171.bam,,WTCHG_664453_251171,DID-UP-100-SUM
ERR3573033,ERZ2272144,SAMEA5989477,PRJEB45055,SEQUENCE_ASSEMBLY,749907,sediment metagenome,ftp.sra.ebi.ac.uk/vol1/ERZ227/ERZ2272144/ERR3573033.fasta.gz,PRJEB34634,ERX3571271,ftp.sra.ebi.ac.uk/vol1/fastq/ERR357/003/ERR3573033/ERR3573033_1.fastq.gz;ftp.sra.ebi.ac.uk/vol1/fastq/ERR357/003/ERR3573033/ERR3573033_2.fastq.gz,ftp.sra.ebi.ac.uk/vol1/run/ERR357/ERR3573033/WTCHG_670348_246136.bam,,WTCHG_670348_246136,DID-UP-100-WIN
ERR3573034,ERZ2271699,SAMEA5989477,PRJEB45055,SEQUENCE_ASSEMBLY,749907,sediment metagenome,ftp.sra.ebi.ac.uk/vol1/ERZ227/ERZ2271699/ERR3573034.fasta.gz,PRJEB34634,ERX3571272,ftp.sra.ebi.ac.uk/vol1/fastq/ERR357/004/ERR3573034/ERR3573034_1.fastq.gz;ftp.sra.ebi.ac.uk/vol1/fastq/ERR357/004/ERR3573034/ERR3573034_2.fastq.gz,ftp.sra.ebi.ac.uk/vol1/run/ERR357/ERR3573034/WTCHG_670349_246136.bam,,WTCHG_670349_246136,DID-UP-100-WIN
ERR3573035,ERZ2269115,SAMEA5989477,PRJEB45055,SEQUENCE_ASSEMBLY,749907,sediment metagenome,ftp.sra.ebi.ac.uk/vol1/ERZ226/ERZ2269115/ERR3573035.fasta.gz,PRJEB34634,ERX3571273,ftp.sra.ebi.ac.uk/vol1/fastq/ERR357/005/ERR3573035/ERR3573035_1.fastq.gz;ftp.sra.ebi.ac.uk/vol1/fastq/ERR357/005/ERR3573035/ERR3573035_2.fastq.gz,ftp.sra.ebi.ac.uk/vol1/run/ERR357/ERR3573035/WTCHG_670347_246136.bam,,WTCHG_670347_246136,DID-UP-100-WIN
ERR3573036,ERZ2270923,SAMEA5989477,PRJEB45055,SEQUENCE_ASSEMBLY,749907,sediment metagenome,ftp.sra.ebi.ac.uk/vol1/ERZ227/ERZ2270923/ERR3573036.fasta.gz,PRJEB34634,ERX3571274,ftp.sra.ebi.ac.uk/vol1/fastq/ERR357/006/ERR3573036/ERR3573036_1.fastq.gz;ftp.sra.ebi.ac.uk/vol1/fastq/ERR357/006/ERR3573036/ERR3573036_2.fastq.gz,ftp.sra.ebi.ac.uk/vol1/run/ERR357/ERR3573036/WTCHG_670345_246136.bam,,WTCHG_670345_246136,DID-UP-100-WIN
ERR3573037,ERZ2272127,SAMEA5989477,PRJEB45055,SEQUENCE_ASSEMBLY,749907,sediment metagenome,ftp.sra.ebi.ac.uk/vol1/ERZ227/ERZ2272127/ERR3573037.fasta.gz,PRJEB34634,ERX3571275,ftp.sra.ebi.ac.uk/vol1/fastq/ERR357/007/ERR3573037/ERR3573037_1.fastq.gz;ftp.sra.ebi.ac.uk/vol1/fastq/ERR357/007/ERR3573037/ERR3573037_2.fastq.gz,ftp.sra.ebi.ac.uk/vol1/run/ERR357/ERR3573037/WTCHG_670346_246136.bam,,WTCHG_670346_246136,DID-UP-100-WIN
ERR3573038,ERZ2270381,SAMEA5989477,PRJEB45055,SEQUENCE_ASSEMBLY,749907,sediment metagenome,ftp.sra.ebi.ac.uk/vol1/ERZ227/ERZ2270381/ERR3573038.fasta.gz,PRJEB34634,ERX3571276,ftp.sra.ebi.ac.uk/vol1/fastq/ERR357/008/ERR3573038/ERR3573038_1.fastq.gz;ftp.sra.ebi.ac.uk/vol1/fastq/ERR357/008/ERR3573038/ERR3573038_2.fastq.gz,ftp.sra.ebi.ac.uk/vol1/run/ERR357/ERR3573038/WTCHG_670344_246136.bam,,WTCHG_670344_246136,DID-UP-100-WIN
ERR3573039,ERZ2270243,SAMEA5989477,PRJEB45055,SEQUENCE_ASSEMBLY,749907,sediment metagenome,ftp.sra.ebi.ac.uk/vol1/ERZ227/ERZ2270243/ERR3573039.fasta.gz,PRJEB34634,ERX3571277,ftp.sra.ebi.ac.uk/vol1/fastq/ERR357/009/ERR3573039/ERR3573039_1.fastq.gz;ftp.sra.ebi.ac.uk/vol1/fastq/ERR357/009/ERR3573039/ERR3573039_2.fastq.gz,ftp.sra.ebi.ac.uk/vol1/run/ERR357/ERR3573039/WTCHG_664453_246136.bam,,WTCHG_664453_246136,DID-UP-100-WIN
ERR3573040,ERZ2270237,SAMEA5989477,PRJEB45055,SEQUENCE_ASSEMBLY,749907,sediment metagenome,ftp.sra.ebi.ac.uk/vol1/ERZ227/ERZ2270237/ERR3573040.fasta.gz,PRJEB34634,ERX3571278,ftp.sra.ebi.ac.uk/vol1/fastq/ERR357/000/ERR3573040/ERR3573040_1.fastq.gz;ftp.sra.ebi.ac.uk/vol1/fastq/ERR357/000/ERR3573040/ERR3573040_2.fastq.gz,ftp.sra.ebi.ac.uk/vol1/run/ERR357/ERR3573040/WTCHG_550636_263173.bam,,WTCHG_550636_263173,OXF-DW-100-AUT
ERR3573041,ERZ2272347,SAMEA5989477,PRJEB45055,SEQUENCE_ASSEMBLY,749907,sediment metagenome,ftp.sra.ebi.ac.uk/vol1/ERZ227/ERZ2272347/ERR3573041.fasta.gz,PRJEB34634,ERX3571279,ftp.sra.ebi.ac.uk/vol1/fastq/ERR357/001/ERR3573041/ERR3573041_1.fastq.gz;ftp.sra.ebi.ac.uk/vol1/fastq/ERR357/001/ERR3573041/ERR3573041_2.fastq.gz,ftp.sra.ebi.ac.uk/vol1/run/ERR357/ERR3573041/WTCHG_551514_263173.bam,,WTCHG_551514_263173,OXF-DW-100-AUT
ERR3573042,ERZ2272338,SAMEA5989477,PRJEB45055,SEQUENCE_ASSEMBLY,749907,sediment metagenome,ftp.sra.ebi.ac.uk/vol1/ERZ227/ERZ2272338/ERR3573042.fasta.gz,PRJEB34634,ERX3571280,ftp.sra.ebi.ac.uk/vol1/fastq/ERR357/002/ERR3573042/ERR3573042_1.fastq.gz;ftp.sra.ebi.ac.uk/vol1/fastq/ERR357/002/ERR3573042/ERR3573042_2.fastq.gz,ftp.sra.ebi.ac.uk/vol1/run/ERR357/ERR3573042/WTCHG_551515_263173.bam,,WTCHG_551515_263173,OXF-DW-100-AUT
ERR3573043,ERZ2272714,SAMEA5989477,PRJEB45055,SEQUENCE_ASSEMBLY,749907,sediment metagenome,ftp.sra.ebi.ac.uk/vol1/ERZ227/ERZ2272714/ERR3573043.fasta.gz,PRJEB34634,ERX3571281,ftp.sra.ebi.ac.uk/vol1/fastq/ERR357/003/ERR3573043/ERR3573043_1.fastq.gz;ftp.sra.ebi.ac.uk/vol1/fastq/ERR357/003/ERR3573043/ERR3573043_2.fastq.gz,ftp.sra.ebi.ac.uk/vol1/run/ERR357/ERR3573043/WTCHG_554367_263173.bam,,WTCHG_554367_263173,OXF-DW-100-AUT
ERR3573044,ERZ2272702,SAMEA5989477,PRJEB45055,SEQUENCE_ASSEMBLY,749907,sediment metagenome,ftp.sra.ebi.ac.uk/vol1/ERZ227/ERZ2272702/ERR3573044.fasta.gz,PRJEB34634,ERX3571282,ftp.sra.ebi.ac.uk/vol1/fastq/ERR357/004/ERR3573044/ERR3573044_1.fastq.gz;ftp.sra.ebi.ac.uk/vol1/fastq/ERR357/004/ERR3573044/ERR3573044_2.fastq.gz,ftp.sra.ebi.ac.uk/vol1/run/ERR357/ERR3573044/WTCHG_554366_263173.bam,,WTCHG_554366_263173,OXF-DW-100-AUT
ERR3573045,ERZ2271266,SAMEA5989477,PRJEB45055,SEQUENCE_ASSEMBLY,749907,sediment metagenome,ftp.sra.ebi.ac.uk/vol1/ERZ227/ERZ2271266/ERR3573045.fasta.gz,PRJEB34634,ERX3571283,ftp.sra.ebi.ac.uk/vol1/fastq/ERR357/005/ERR3573045/ERR3573045_1.fastq.gz;ftp.sra.ebi.ac.uk/vol1/fastq/ERR357/005/ERR3573045/ERR3573045_2.fastq.gz,ftp.sra.ebi.ac.uk/vol1/run/ERR357/ERR3573045/WTCHG_555218_263173.bam,,WTCHG_555218_263173,OXF-DW-100-AUT
ERR3573046,ERZ2272317,SAMEA5989477,PRJEB45055,SEQUENCE_ASSEMBLY,749907,sediment metagenome,ftp.sra.ebi.ac.uk/vol1/ERZ227/ERZ2272317/ERR3573046.fasta.gz,PRJEB34634,ERX3571284,ftp.sra.ebi.ac.uk/vol1/fastq/ERR357/006/ERR3573046/ERR3573046_1.fastq.gz;ftp.sra.ebi.ac.uk/vol1/fastq/ERR357/006/ERR3573046/ERR3573046_2.fastq.gz,ftp.sra.ebi.ac.uk/vol1/run/ERR357/ERR3573046/WTCHG_555215_263173.bam,,WTCHG_555215_263173,OXF-DW-100-AUT
ERR3573047,ERZ2271061,SAMEA5989477,PRJEB45055,SEQUENCE_ASSEMBLY,749907,sediment metagenome,ftp.sra.ebi.ac.uk/vol1/ERZ227/ERZ2271061/ERR3573047.fasta.gz,PRJEB34634,ERX3571285,ftp.sra.ebi.ac.uk/vol1/fastq/ERR357/007/ERR3573047/ERR3573047_1.fastq.gz;ftp.sra.ebi.ac.uk/vol1/fastq/ERR357/007/ERR3573047/ERR3573047_2.fastq.gz,ftp.sra.ebi.ac.uk/vol1/run/ERR357/ERR3573047/WTCHG_555217_263173.bam,,WTCHG_555217_263173,OXF-DW-100-AUT
ERR3573048,ERZ2270926,SAMEA5989477,PRJEB45055,SEQUENCE_ASSEMBLY,749907,sediment metagenome,ftp.sra.ebi.ac.uk/vol1/ERZ227/ERZ2270926/ERR3573048.fasta.gz,PRJEB34634,ERX3571286,ftp.sra.ebi.ac.uk/vol1/fastq/ERR357/008/ERR3573048/ERR3573048_1.fastq.gz;ftp.sra.ebi.ac.uk/vol1/fastq/ERR357/008/ERR3573048/ERR3573048_2.fastq.gz,ftp.sra.ebi.ac.uk/vol1/run/ERR357/ERR3573048/WTCHG_555216_263173.bam,,WTCHG_555216_263173,OXF-DW-100-AUT
ERR3573049,ERZ2272588,SAMEA5989477,PRJEB45055,SEQUENCE_ASSEMBLY,749907,sediment metagenome,ftp.sra.ebi.ac.uk/vol1/ERZ227/ERZ2272588/ERR3573049.fasta.gz,PRJEB34634,ERX3571287,ftp.sra.ebi.ac.uk/vol1/fastq/ERR357/009/ERR3573049/ERR3573049_1.fastq.gz;ftp.sra.ebi.ac.uk/vol1/fastq/ERR357/009/ERR3573049/ERR3573049_2.fastq.gz,ftp.sra.ebi.ac.uk/vol1/run/ERR357/ERR3573049/WTCHG_555219_263173.bam,,WTCHG_555219_263173,OXF-DW-100-AUT
ERR3573050,ERZ2272730,SAMEA5989477,PRJEB45055,SEQUENCE_ASSEMBLY,749907,sediment metagenome,ftp.sra.ebi.ac.uk/vol1/ERZ227/ERZ2272730/ERR3573050.fasta.gz,PRJEB34634,ERX3571288,ftp.sra.ebi.ac.uk/vol1/fastq/ERR357/000/ERR3573050/ERR3573050_1.fastq.gz;ftp.sra.ebi.ac.uk/vol1/fastq/ERR357/000/ERR3573050/ERR3573050_2.fastq.gz,ftp.sra.ebi.ac.uk/vol1/run/ERR357/ERR3573050/WTCHG_555221_263173.bam,,WTCHG_555221_263173,OXF-DW-100-AUT
ERR3573051,ERZ2272073,SAMEA5989477,PRJEB45055,SEQUENCE_ASSEMBLY,749907,sediment metagenome,ftp.sra.ebi.ac.uk/vol1/ERZ227/ERZ2272073/ERR3573051.fasta.gz,PRJEB34634,ERX3571289,ftp.sra.ebi.ac.uk/vol1/fastq/ERR357/001/ERR3573051/ERR3573051_1.fastq.gz;ftp.sra.ebi.ac.uk/vol1/fastq/ERR357/001/ERR3573051/ERR3573051_2.fastq.gz,ftp.sra.ebi.ac.uk/vol1/run/ERR357/ERR3573051/WTCHG_555220_263173.bam,,WTCHG_555220_263173,OXF-DW-100-AUT
ERR3573052,ERZ2272268,SAMEA5989477,PRJEB45055,SEQUENCE_ASSEMBLY,749907,sediment metagenome,ftp.sra.ebi.ac.uk/vol1/ERZ227/ERZ2272268/ERR3573052.fasta.gz,PRJEB34634,ERX3571290,ftp.sra.ebi.ac.uk/vol1/fastq/ERR357/002/ERR3573052/ERR3573052_1.fastq.gz;ftp.sra.ebi.ac.uk/vol1/fastq/ERR357/002/ERR3573052/ERR3573052_2.fastq.gz,ftp.sra.ebi.ac.uk/vol1/run/ERR357/ERR3573052/WTCHG_555214_263173.bam,,WTCHG_555214_263173,OXF-DW-100-AUT
ERR3573053,ERZ2227099,SAMEA5989477,PRJEB45055,SEQUENCE_ASSEMBLY,749907,sediment metagenome,ftp.sra.ebi.ac.uk/vol1/ERZ222/ERZ2227099/ERR3573053.fasta.gz,PRJEB34634,ERX3571291,ftp.sra.ebi.ac.uk/vol1/fastq/ERR357/003/ERR3573053/ERR3573053_1.fastq.gz;ftp.sra.ebi.ac.uk/vol1/fastq/ERR357/003/ERR3573053/ERR3573053_2.fastq.gz,ftp.sra.ebi.ac.uk/vol1/run/ERR357/ERR3573053/WTCHG_559240_263173.bam,,WTCHG_559240_263173,OXF-DW-100-AUT
ERR3573054,ERZ2271937,SAMEA5989477,PRJEB45055,SEQUENCE_ASSEMBLY,749907,sediment metagenome,ftp.sra.ebi.ac.uk/vol1/ERZ227/ERZ2271937/ERR3573054.fasta.gz,PRJEB34634,ERX3571292,ftp.sra.ebi.ac.uk/vol1/fastq/ERR357/004/ERR3573054/ERR3573054_1.fastq.gz;ftp.sra.ebi.ac.uk/vol1/fastq/ERR357/004/ERR3573054/ERR3573054_2.fastq.gz,ftp.sra.ebi.ac.uk/vol1/run/ERR357/ERR3573054/WTCHG_559243_263173.bam,,WTCHG_559243_263173,OXF-DW-100-AUT
ERR3573055,ERZ2272399,SAMEA5989477,PRJEB45055,SEQUENCE_ASSEMBLY,749907,sediment metagenome,ftp.sra.ebi.ac.uk/vol1/ERZ227/ERZ2272399/ERR3573055.fasta.gz,PRJEB34634,ERX3571293,ftp.sra.ebi.ac.uk/vol1/fastq/ERR357/005/ERR3573055/ERR3573055_1.fastq.gz;ftp.sra.ebi.ac.uk/vol1/fastq/ERR357/005/ERR3573055/ERR3573055_2.fastq.gz,ftp.sra.ebi.ac.uk/vol1/run/ERR357/ERR3573055/WTCHG_559244_263173.bam,,WTCHG_559244_263173,OXF-DW-100-AUT
ERR3573056,ERZ2227317,SAMEA5989477,PRJEB45055,SEQUENCE_ASSEMBLY,749907,sediment metagenome,ftp.sra.ebi.ac.uk/vol1/ERZ222/ERZ2227317/ERR3573056.fasta.gz,PRJEB34634,ERX3571294,ftp.sra.ebi.ac.uk/vol1/fastq/ERR357/006/ERR3573056/ERR3573056_1.fastq.gz;ftp.sra.ebi.ac.uk/vol1/fastq/ERR357/006/ERR3573056/ERR3573056_2.fastq.gz,ftp.sra.ebi.ac.uk/vol1/run/ERR357/ERR3573056/WTCHG_559241_263173.bam,,WTCHG_559241_263173,OXF-DW-100-AUT
ERR3573057,ERZ2272673,SAMEA5989477,PRJEB45055,SEQUENCE_ASSEMBLY,749907,sediment metagenome,ftp.sra.ebi.ac.uk/vol1/ERZ227/ERZ2272673/ERR3573057.fasta.gz,PRJEB34634,ERX3571295,ftp.sra.ebi.ac.uk/vol1/fastq/ERR357/007/ERR3573057/ERR3573057_1.fastq.gz;ftp.sra.ebi.ac.uk/vol1/fastq/ERR357/007/ERR3573057/ERR3573057_2.fastq.gz,ftp.sra.ebi.ac.uk/vol1/run/ERR357/ERR3573057/WTCHG_559242_263173.bam,,WTCHG_559242_263173,OXF-DW-100-AUT
ERR3573058,ERZ2272291,SAMEA5989477,PRJEB45055,SEQUENCE_ASSEMBLY,749907,sediment metagenome,ftp.sra.ebi.ac.uk/vol1/ERZ227/ERZ2272291/ERR3573058.fasta.gz,PRJEB34634,ERX3571296,ftp.sra.ebi.ac.uk/vol1/fastq/ERR357/008/ERR3573058/ERR3573058_1.fastq.gz;ftp.sra.ebi.ac.uk/vol1/fastq/ERR357/008/ERR3573058/ERR3573058_2.fastq.gz,ftp.sra.ebi.ac.uk/vol1/run/ERR357/ERR3573058/WTCHG_550636_258113.bam,,WTCHG_550636_258113,OXF-DW-100-SUM
ERR3573059,ERZ2272571,SAMEA5989477,PRJEB45055,SEQUENCE_ASSEMBLY,749907,sediment metagenome,ftp.sra.ebi.ac.uk/vol1/ERZ227/ERZ2272571/ERR3573059.fasta.gz,PRJEB34634,ERX3571297,ftp.sra.ebi.ac.uk/vol1/fastq/ERR357/009/ERR3573059/ERR3573059_1.fastq.gz;ftp.sra.ebi.ac.uk/vol1/fastq/ERR357/009/ERR3573059/ERR3573059_2.fastq.gz,ftp.sra.ebi.ac.uk/vol1/run/ERR357/ERR3573059/WTCHG_551514_258113.bam,,WTCHG_551514_258113,OXF-DW-100-SUM
ERR3573060,ERZ2272031,SAMEA5989477,PRJEB45055,SEQUENCE_ASSEMBLY,749907,sediment metagenome,ftp.sra.ebi.ac.uk/vol1/ERZ227/ERZ2272031/ERR3573060.fasta.gz,PRJEB34634,ERX3571298,ftp.sra.ebi.ac.uk/vol1/fastq/ERR357/000/ERR3573060/ERR3573060_1.fastq.gz;ftp.sra.ebi.ac.uk/vol1/fastq/ERR357/000/ERR3573060/ERR3573060_2.fastq.gz,ftp.sra.ebi.ac.uk/vol1/run/ERR357/ERR3573060/WTCHG_551515_258113.bam,,WTCHG_551515_258113,OXF-DW-100-SUM
ERR3573061,ERZ2271686,SAMEA5989477,PRJEB45055,SEQUENCE_ASSEMBLY,749907,sediment metagenome,ftp.sra.ebi.ac.uk/vol1/ERZ227/ERZ2271686/ERR3573061.fasta.gz,PRJEB34634,ERX3571299,ftp.sra.ebi.ac.uk/vol1/fastq/ERR357/001/ERR3573061/ERR3573061_1.fastq.gz;ftp.sra.ebi.ac.uk/vol1/fastq/ERR357/001/ERR3573061/ERR3573061_2.fastq.gz,ftp.sra.ebi.ac.uk/vol1/run/ERR357/ERR3573061/WTCHG_554366_258113.bam,,WTCHG_554366_258113,OXF-DW-100-SUM
ERR3573062,ERZ2271609,SAMEA5989477,PRJEB45055,SEQUENCE_ASSEMBLY,749907,sediment metagenome,ftp.sra.ebi.ac.uk/vol1/ERZ227/ERZ2271609/ERR3573062.fasta.gz,PRJEB34634,ERX3571300,ftp.sra.ebi.ac.uk/vol1/fastq/ERR357/002/ERR3573062/ERR3573062_1.fastq.gz;ftp.sra.ebi.ac.uk/vol1/fastq/ERR357/002/ERR3573062/ERR3573062_2.fastq.gz,ftp.sra.ebi.ac.uk/vol1/run/ERR357/ERR3573062/WTCHG_554367_258113.bam,,WTCHG_554367_258113,OXF-DW-100-SUM
ERR3573063,ERZ2272542,SAMEA5989477,PRJEB45055,SEQUENCE_ASSEMBLY,749907,sediment metagenome,ftp.sra.ebi.ac.uk/vol1/ERZ227/ERZ2272542/ERR3573063.fasta.gz,PRJEB34634,ERX3571301,ftp.sra.ebi.ac.uk/vol1/fastq/ERR357/003/ERR3573063/ERR3573063_1.fastq.gz;ftp.sra.ebi.ac.uk/vol1/fastq/ERR357/003/ERR3573063/ERR3573063_2.fastq.gz,ftp.sra.ebi.ac.uk/vol1/run/ERR357/ERR3573063/WTCHG_555216_258113.bam,,WTCHG_555216_258113,OXF-DW-100-SUM
ERR3573064,ERZ2226727,SAMEA5989477,PRJEB45055,SEQUENCE_ASSEMBLY,749907,sediment metagenome,ftp.sra.ebi.ac.uk/vol1/ERZ222/ERZ2226727/ERR3573064.fasta.gz,PRJEB34634,ERX3571302,ftp.sra.ebi.ac.uk/vol1/fastq/ERR357/004/ERR3573064/ERR3573064_1.fastq.gz;ftp.sra.ebi.ac.uk/vol1/fastq/ERR357/004/ERR3573064/ERR3573064_2.fastq.gz,ftp.sra.ebi.ac.uk/vol1/run/ERR357/ERR3573064/WTCHG_555217_258113.bam,,WTCHG_555217_258113,OXF-DW-100-SUM
ERR3573065,ERZ2271600,SAMEA5989477,PRJEB45055,SEQUENCE_ASSEMBLY,749907,sediment metagenome,ftp.sra.ebi.ac.uk/vol1/ERZ227/ERZ2271600/ERR3573065.fasta.gz,PRJEB34634,ERX3571303,ftp.sra.ebi.ac.uk/vol1/fastq/ERR357/005/ERR3573065/ERR3573065_1.fastq.gz;ftp.sra.ebi.ac.uk/vol1/fastq/ERR357/005/ERR3573065/ERR3573065_2.fastq.gz,ftp.sra.ebi.ac.uk/vol1/run/ERR357/ERR3573065/WTCHG_555220_258113.bam,,WTCHG_555220_258113,OXF-DW-100-SUM
ERR3573066,ERZ2271843,SAMEA5989477,PRJEB45055,SEQUENCE_ASSEMBLY,749907,sediment metagenome,ftp.sra.ebi.ac.uk/vol1/ERZ227/ERZ2271843/ERR3573066.fasta.gz,PRJEB34634,ERX3571304,ftp.sra.ebi.ac.uk/vol1/fastq/ERR357/006/ERR3573066/ERR3573066_1.fastq.gz;ftp.sra.ebi.ac.uk/vol1/fastq/ERR357/006/ERR3573066/ERR3573066_2.fastq.gz,ftp.sra.ebi.ac.uk/vol1/run/ERR357/ERR3573066/WTCHG_555215_258113.bam,,WTCHG_555215_258113,OXF-DW-100-SUM
ERR3573067,ERZ2226726,SAMEA5989477,PRJEB45055,SEQUENCE_ASSEMBLY,749907,sediment metagenome,ftp.sra.ebi.ac.uk/vol1/ERZ222/ERZ2226726/ERR3573067.fasta.gz,PRJEB34634,ERX3571305,ftp.sra.ebi.ac.uk/vol1/fastq/ERR357/007/ERR3573067/ERR3573067_1.fastq.gz;ftp.sra.ebi.ac.uk/vol1/fastq/ERR357/007/ERR3573067/ERR3573067_2.fastq.gz,ftp.sra.ebi.ac.uk/vol1/run/ERR357/ERR3573067/WTCHG_555221_258113.bam,,WTCHG_555221_258113,OXF-DW-100-SUM
ERR3573068,ERZ2272808,SAMEA5989477,PRJEB45055,SEQUENCE_ASSEMBLY,749907,sediment metagenome,ftp.sra.ebi.ac.uk/vol1/ERZ227/ERZ2272808/ERR3573068.fasta.gz,PRJEB34634,ERX3571306,ftp.sra.ebi.ac.uk/vol1/fastq/ERR357/008/ERR3573068/ERR3573068_1.fastq.gz;ftp.sra.ebi.ac.uk/vol1/fastq/ERR357/008/ERR3573068/ERR3573068_2.fastq.gz,ftp.sra.ebi.ac.uk/vol1/run/ERR357/ERR3573068/WTCHG_555218_258113.bam,,WTCHG_555218_258113,OXF-DW-100-SUM
ERR3573069,ERZ2272525,SAMEA5989477,PRJEB45055,SEQUENCE_ASSEMBLY,749907,sediment metagenome,ftp.sra.ebi.ac.uk/vol1/ERZ227/ERZ2272525/ERR3573069.fasta.gz,PRJEB34634,ERX3571307,ftp.sra.ebi.ac.uk/vol1/fastq/ERR357/009/ERR3573069/ERR3573069_1.fastq.gz;ftp.sra.ebi.ac.uk/vol1/fastq/ERR357/009/ERR3573069/ERR3573069_2.fastq.gz,ftp.sra.ebi.ac.uk/vol1/run/ERR357/ERR3573069/WTCHG_555219_258113.bam,,WTCHG_555219_258113,OXF-DW-100-SUM
ERR3573070,ERZ2272416,SAMEA5989477,PRJEB45055,SEQUENCE_ASSEMBLY,749907,sediment metagenome,ftp.sra.ebi.ac.uk/vol1/ERZ227/ERZ2272416/ERR3573070.fasta.gz,PRJEB34634,ERX3571308,ftp.sra.ebi.ac.uk/vol1/fastq/ERR357/000/ERR3573070/ERR3573070_1.fastq.gz;ftp.sra.ebi.ac.uk/vol1/fastq/ERR357/000/ERR3573070/ERR3573070_2.fastq.gz,ftp.sra.ebi.ac.uk/vol1/run/ERR357/ERR3573070/WTCHG_555214_258113.bam,,WTCHG_555214_258113,OXF-DW-100-SUM
ERR3573071,ERZ2271884,SAMEA5989477,PRJEB45055,SEQUENCE_ASSEMBLY,749907,sediment metagenome,ftp.sra.ebi.ac.uk/vol1/ERZ227/ERZ2271884/ERR3573071.fasta.gz,PRJEB34634,ERX3571309,ftp.sra.ebi.ac.uk/vol1/fastq/ERR357/001/ERR3573071/ERR3573071_1.fastq.gz;ftp.sra.ebi.ac.uk/vol1/fastq/ERR357/001/ERR3573071/ERR3573071_2.fastq.gz,ftp.sra.ebi.ac.uk/vol1/run/ERR357/ERR3573071/WTCHG_559240_258113.bam,,WTCHG_559240_258113,OXF-DW-100-SUM
ERR3573072,ERZ2272052,SAMEA5989477,PRJEB45055,SEQUENCE_ASSEMBLY,749907,sediment metagenome,ftp.sra.ebi.ac.uk/vol1/ERZ227/ERZ2272052/ERR3573072.fasta.gz,PRJEB34634,ERX3571310,ftp.sra.ebi.ac.uk/vol1/fastq/ERR357/002/ERR3573072/ERR3573072_1.fastq.gz;ftp.sra.ebi.ac.uk/vol1/fastq/ERR357/002/ERR3573072/ERR3573072_2.fastq.gz,ftp.sra.ebi.ac.uk/vol1/run/ERR357/ERR3573072/WTCHG_559242_258113.bam,,WTCHG_559242_258113,OXF-DW-100-SUM
ERR3573073,ERZ2227112,SAMEA5989477,PRJEB45055,SEQUENCE_ASSEMBLY,749907,sediment metagenome,ftp.sra.ebi.ac.uk/vol1/ERZ222/ERZ2227112/ERR3573073.fasta.gz,PRJEB34634,ERX3571311,ftp.sra.ebi.ac.uk/vol1/fastq/ERR357/003/ERR3573073/ERR3573073_1.fastq.gz;ftp.sra.ebi.ac.uk/vol1/fastq/ERR357/003/ERR3573073/ERR3573073_2.fastq.gz,ftp.sra.ebi.ac.uk/vol1/run/ERR357/ERR3573073/WTCHG_559241_258113.bam,,WTCHG_559241_258113,OXF-DW-100-SUM
ERR3573074,ERZ2226999,SAMEA5989477,PRJEB45055,SEQUENCE_ASSEMBLY,749907,sediment metagenome,ftp.sra.ebi.ac.uk/vol1/ERZ222/ERZ2226999/ERR3573074.fasta.gz,PRJEB34634,ERX3571312,ftp.sra.ebi.ac.uk/vol1/fastq/ERR357/004/ERR3573074/ERR3573074_1.fastq.gz;ftp.sra.ebi.ac.uk/vol1/fastq/ERR357/004/ERR3573074/ERR3573074_2.fastq.gz,ftp.sra.ebi.ac.uk/vol1/run/ERR357/ERR3573074/WTCHG_559244_258113.bam,,WTCHG_559244_258113,OXF-DW-100-SUM
ERR3573075,ERZ2271612,SAMEA5989477,PRJEB45055,SEQUENCE_ASSEMBLY,749907,sediment metagenome,ftp.sra.ebi.ac.uk/vol1/ERZ227/ERZ2271612/ERR3573075.fasta.gz,PRJEB34634,ERX3571313,ftp.sra.ebi.ac.uk/vol1/fastq/ERR357/005/ERR3573075/ERR3573075_1.fastq.gz;ftp.sra.ebi.ac.uk/vol1/fastq/ERR357/005/ERR3573075/ERR3573075_2.fastq.gz,ftp.sra.ebi.ac.uk/vol1/run/ERR357/ERR3573075/WTCHG_559243_258113.bam,,WTCHG_559243_258113,OXF-DW-100-SUM
ERR3573076,ERZ2270752,SAMEA5989477,PRJEB45055,SEQUENCE_ASSEMBLY,749907,sediment metagenome,ftp.sra.ebi.ac.uk/vol1/ERZ227/ERZ2270752/ERR3573076.fasta.gz,PRJEB34634,ERX3571314,ftp.sra.ebi.ac.uk/vol1/fastq/ERR357/006/ERR3573076/ERR3573076_1.fastq.gz;ftp.sra.ebi.ac.uk/vol1/fastq/ERR357/006/ERR3573076/ERR3573076_2.fastq.gz,ftp.sra.ebi.ac.uk/vol1/run/ERR357/ERR3573076/WTCHG_550636_268138.bam,,WTCHG_550636_268138,OXF-DW-100-WIN
ERR3573077,ERZ2272746,SAMEA5989477,PRJEB45055,SEQUENCE_ASSEMBLY,749907,sediment metagenome,ftp.sra.ebi.ac.uk/vol1/ERZ227/ERZ2272746/ERR3573077.fasta.gz,PRJEB34634,ERX3571315,ftp.sra.ebi.ac.uk/vol1/fastq/ERR357/007/ERR3573077/ERR3573077_1.fastq.gz;ftp.sra.ebi.ac.uk/vol1/fastq/ERR357/007/ERR3573077/ERR3573077_2.fastq.gz,ftp.sra.ebi.ac.uk/vol1/run/ERR357/ERR3573077/WTCHG_551515_268138.bam,,WTCHG_551515_268138,OXF-DW-100-WIN
ERR3573078,ERZ2271924,SAMEA5989477,PRJEB45055,SEQUENCE_ASSEMBLY,749907,sediment metagenome,ftp.sra.ebi.ac.uk/vol1/ERZ227/ERZ2271924/ERR3573078.fasta.gz,PRJEB34634,ERX3571316,ftp.sra.ebi.ac.uk/vol1/fastq/ERR357/008/ERR3573078/ERR3573078_1.fastq.gz;ftp.sra.ebi.ac.uk/vol1/fastq/ERR357/008/ERR3573078/ERR3573078_2.fastq.gz,ftp.sra.ebi.ac.uk/vol1/run/ERR357/ERR3573078/WTCHG_551514_268138.bam,,WTCHG_551514_268138,OXF-DW-100-WIN
ERR3573079,ERZ2271562,SAMEA5989477,PRJEB45055,SEQUENCE_ASSEMBLY,749907,sediment metagenome,ftp.sra.ebi.ac.uk/vol1/ERZ227/ERZ2271562/ERR3573079.fasta.gz,PRJEB34634,ERX3571317,ftp.sra.ebi.ac.uk/vol1/fastq/ERR357/009/ERR3573079/ERR3573079_1.fastq.gz;ftp.sra.ebi.ac.uk/vol1/fastq/ERR357/009/ERR3573079/ERR3573079_2.fastq.gz,ftp.sra.ebi.ac.uk/vol1/run/ERR357/ERR3573079/WTCHG_554367_268138.bam,,WTCHG_554367_268138,OXF-DW-100-WIN
ERR3573080,ERZ2271752,SAMEA5989477,PRJEB45055,SEQUENCE_ASSEMBLY,749907,sediment metagenome,ftp.sra.ebi.ac.uk/vol1/ERZ227/ERZ2271752/ERR3573080.fasta.gz,PRJEB34634,ERX3571318,ftp.sra.ebi.ac.uk/vol1/fastq/ERR357/000/ERR3573080/ERR3573080_1.fastq.gz;ftp.sra.ebi.ac.uk/vol1/fastq/ERR357/000/ERR3573080/ERR3573080_2.fastq.gz,ftp.sra.ebi.ac.uk/vol1/run/ERR357/ERR3573080/WTCHG_554366_268138.bam,,WTCHG_554366_268138,OXF-DW-100-WIN
ERR3573081,ERZ2272753,SAMEA5989477,PRJEB45055,SEQUENCE_ASSEMBLY,749907,sediment metagenome,ftp.sra.ebi.ac.uk/vol1/ERZ227/ERZ2272753/ERR3573081.fasta.gz,PRJEB34634,ERX3571319,ftp.sra.ebi.ac.uk/vol1/fastq/ERR357/001/ERR3573081/ERR3573081_1.fastq.gz;ftp.sra.ebi.ac.uk/vol1/fastq/ERR357/001/ERR3573081/ERR3573081_2.fastq.gz,ftp.sra.ebi.ac.uk/vol1/run/ERR357/ERR3573081/WTCHG_555219_268138.bam,,WTCHG_555219_268138,OXF-DW-100-WIN
ERR3573082,ERZ2270691,SAMEA5989477,PRJEB45055,SEQUENCE_ASSEMBLY,749907,sediment metagenome,ftp.sra.ebi.ac.uk/vol1/ERZ227/ERZ2270691/ERR3573082.fasta.gz,PRJEB34634,ERX3571320,ftp.sra.ebi.ac.uk/vol1/fastq/ERR357/002/ERR3573082/ERR3573082_1.fastq.gz;ftp.sra.ebi.ac.uk/vol1/fastq/ERR357/002/ERR3573082/ERR3573082_2.fastq.gz,ftp.sra.ebi.ac.uk/vol1/run/ERR357/ERR3573082/WTCHG_555218_268138.bam,,WTCHG_555218_268138,OXF-DW-100-WIN
ERR3573083,ERZ2271212,SAMEA5989477,PRJEB45055,SEQUENCE_ASSEMBLY,749907,sediment metagenome,ftp.sra.ebi.ac.uk/vol1/ERZ227/ERZ2271212/ERR3573083.fasta.gz,PRJEB34634,ERX3571321,ftp.sra.ebi.ac.uk/vol1/fastq/ERR357/003/ERR3573083/ERR3573083_1.fastq.gz;ftp.sra.ebi.ac.uk/vol1/fastq/ERR357/003/ERR3573083/ERR3573083_2.fastq.gz,ftp.sra.ebi.ac.uk/vol1/run/ERR357/ERR3573083/WTCHG_555214_268138.bam,,WTCHG_555214_268138,OXF-DW-100-WIN
ERR3573084,ERZ2271736,SAMEA5989477,PRJEB45055,SEQUENCE_ASSEMBLY,749907,sediment metagenome,ftp.sra.ebi.ac.uk/vol1/ERZ227/ERZ2271736/ERR3573084.fasta.gz,PRJEB34634,ERX3571322,ftp.sra.ebi.ac.uk/vol1/fastq/ERR357/004/ERR3573084/ERR3573084_1.fastq.gz;ftp.sra.ebi.ac.uk/vol1/fastq/ERR357/004/ERR3573084/ERR3573084_2.fastq.gz,ftp.sra.ebi.ac.uk/vol1/run/ERR357/ERR3573084/WTCHG_555216_268138.bam,,WTCHG_555216_268138,OXF-DW-100-WIN
ERR3573085,ERZ2227076,SAMEA5989477,PRJEB45055,SEQUENCE_ASSEMBLY,749907,sediment metagenome,ftp.sra.ebi.ac.uk/vol1/ERZ222/ERZ2227076/ERR3573085.fasta.gz,PRJEB34634,ERX3571323,ftp.sra.ebi.ac.uk/vol1/fastq/ERR357/005/ERR3573085/ERR3573085_1.fastq.gz;ftp.sra.ebi.ac.uk/vol1/fastq/ERR357/005/ERR3573085/ERR3573085_2.fastq.gz,ftp.sra.ebi.ac.uk/vol1/run/ERR357/ERR3573085/WTCHG_555221_268138.bam,,WTCHG_555221_268138,OXF-DW-100-WIN
ERR3573086,ERZ2272505,SAMEA5989477,PRJEB45055,SEQUENCE_ASSEMBLY,749907,sediment metagenome,ftp.sra.ebi.ac.uk/vol1/ERZ227/ERZ2272505/ERR3573086.fasta.gz,PRJEB34634,ERX3571324,ftp.sra.ebi.ac.uk/vol1/fastq/ERR357/006/ERR3573086/ERR3573086_1.fastq.gz;ftp.sra.ebi.ac.uk/vol1/fastq/ERR357/006/ERR3573086/ERR3573086_2.fastq.gz,ftp.sra.ebi.ac.uk/vol1/run/ERR357/ERR3573086/WTCHG_555217_268138.bam,,WTCHG_555217_268138,OXF-DW-100-WIN
ERR3573087,ERZ2272305,SAMEA5989477,PRJEB45055,SEQUENCE_ASSEMBLY,749907,sediment metagenome,ftp.sra.ebi.ac.uk/vol1/ERZ227/ERZ2272305/ERR3573087.fasta.gz,PRJEB34634,ERX3571325,ftp.sra.ebi.ac.uk/vol1/fastq/ERR357/007/ERR3573087/ERR3573087_1.fastq.gz;ftp.sra.ebi.ac.uk/vol1/fastq/ERR357/007/ERR3573087/ERR3573087_2.fastq.gz,ftp.sra.ebi.ac.uk/vol1/run/ERR357/ERR3573087/WTCHG_555215_268138.bam,,WTCHG_555215_268138,OXF-DW-100-WIN
ERR3573088,ERZ2272725,SAMEA5989477,PRJEB45055,SEQUENCE_ASSEMBLY,749907,sediment metagenome,ftp.sra.ebi.ac.uk/vol1/ERZ227/ERZ2272725/ERR3573088.fasta.gz,PRJEB34634,ERX3571326,ftp.sra.ebi.ac.uk/vol1/fastq/ERR357/008/ERR3573088/ERR3573088_1.fastq.gz;ftp.sra.ebi.ac.uk/vol1/fastq/ERR357/008/ERR3573088/ERR3573088_2.fastq.gz,ftp.sra.ebi.ac.uk/vol1/run/ERR357/ERR3573088/WTCHG_555220_268138.bam,,WTCHG_555220_268138,OXF-DW-100-WIN
ERR3573089,ERZ2270551,SAMEA5989477,PRJEB45055,SEQUENCE_ASSEMBLY,749907,sediment metagenome,ftp.sra.ebi.ac.uk/vol1/ERZ227/ERZ2270551/ERR3573089.fasta.gz,PRJEB34634,ERX3571327,ftp.sra.ebi.ac.uk/vol1/fastq/ERR357/009/ERR3573089/ERR3573089_1.fastq.gz;ftp.sra.ebi.ac.uk/vol1/fastq/ERR357/009/ERR3573089/ERR3573089_2.fastq.gz,ftp.sra.ebi.ac.uk/vol1/run/ERR357/ERR3573089/WTCHG_559240_268138.bam,,WTCHG_559240_268138,OXF-DW-100-WIN
ERR3573090,ERZ2227725,SAMEA5989477,PRJEB45055,SEQUENCE_ASSEMBLY,749907,sediment metagenome,ftp.sra.ebi.ac.uk/vol1/ERZ222/ERZ2227725/ERR3573090.fasta.gz,PRJEB34634,ERX3571328,ftp.sra.ebi.ac.uk/vol1/fastq/ERR357/000/ERR3573090/ERR3573090_1.fastq.gz;ftp.sra.ebi.ac.uk/vol1/fastq/ERR357/000/ERR3573090/ERR3573090_2.fastq.gz,ftp.sra.ebi.ac.uk/vol1/run/ERR357/ERR3573090/WTCHG_559241_268138.bam,,WTCHG_559241_268138,OXF-DW-100-WIN
ERR3573091,ERZ2227134,SAMEA5989477,PRJEB45055,SEQUENCE_ASSEMBLY,749907,sediment metagenome,ftp.sra.ebi.ac.uk/vol1/ERZ222/ERZ2227134/ERR3573091.fasta.gz,PRJEB34634,ERX3571329,ftp.sra.ebi.ac.uk/vol1/fastq/ERR357/001/ERR3573091/ERR3573091_1.fastq.gz;ftp.sra.ebi.ac.uk/vol1/fastq/ERR357/001/ERR3573091/ERR3573091_2.fastq.gz,ftp.sra.ebi.ac.uk/vol1/run/ERR357/ERR3573091/WTCHG_559244_268138.bam,,WTCHG_559244_268138,OXF-DW-100-WIN
ERR3573092,ERZ2272567,SAMEA5989477,PRJEB45055,SEQUENCE_ASSEMBLY,749907,sediment metagenome,ftp.sra.ebi.ac.uk/vol1/ERZ227/ERZ2272567/ERR3573092.fasta.gz,PRJEB34634,ERX3571330,ftp.sra.ebi.ac.uk/vol1/fastq/ERR357/002/ERR3573092/ERR3573092_1.fastq.gz;ftp.sra.ebi.ac.uk/vol1/fastq/ERR357/002/ERR3573092/ERR3573092_2.fastq.gz,ftp.sra.ebi.ac.uk/vol1/run/ERR357/ERR3573092/WTCHG_559243_268138.bam,,WTCHG_559243_268138,OXF-DW-100-WIN
ERR3573093,ERZ2269226,SAMEA5989477,PRJEB45055,SEQUENCE_ASSEMBLY,749907,sediment metagenome,ftp.sra.ebi.ac.uk/vol1/ERZ226/ERZ2269226/ERR3573093.fasta.gz,PRJEB34634,ERX3571331,ftp.sra.ebi.ac.uk/vol1/fastq/ERR357/003/ERR3573093/ERR3573093_1.fastq.gz;ftp.sra.ebi.ac.uk/vol1/fastq/ERR357/003/ERR3573093/ERR3573093_2.fastq.gz,ftp.sra.ebi.ac.uk/vol1/run/ERR357/ERR3573093/WTCHG_559242_268138.bam,,WTCHG_559242_268138,OXF-DW-100-WIN
ERR3573094,ERZ2271931,SAMEA5989477,PRJEB45055,SEQUENCE_ASSEMBLY,749907,sediment metagenome,ftp.sra.ebi.ac.uk/vol1/ERZ227/ERZ2271931/ERR3573094.fasta.gz,PRJEB34634,ERX3571332,ftp.sra.ebi.ac.uk/vol1/fastq/ERR357/004/ERR3573094/ERR3573094_1.fastq.gz;ftp.sra.ebi.ac.uk/vol1/fastq/ERR357/004/ERR3573094/ERR3573094_2.fastq.gz,ftp.sra.ebi.ac.uk/vol1/run/ERR357/ERR3573094/WTCHG_550636_266114.bam,,WTCHG_550636_266114,OXF-DW-1000-AUT
ERR3573095,ERZ2272190,SAMEA5989477,PRJEB45055,SEQUENCE_ASSEMBLY,749907,sediment metagenome,ftp.sra.ebi.ac.uk/vol1/ERZ227/ERZ2272190/ERR3573095.fasta.gz,PRJEB34634,ERX3571333,ftp.sra.ebi.ac.uk/vol1/fastq/ERR357/005/ERR3573095/ERR3573095_1.fastq.gz;ftp.sra.ebi.ac.uk/vol1/fastq/ERR357/005/ERR3573095/ERR3573095_2.fastq.gz,ftp.sra.ebi.ac.uk/vol1/run/ERR357/ERR3573095/WTCHG_551515_266114.bam,,WTCHG_551515_266114,OXF-DW-1000-AUT
ERR3573096,ERZ2272174,SAMEA5989477,PRJEB45055,SEQUENCE_ASSEMBLY,749907,sediment metagenome,ftp.sra.ebi.ac.uk/vol1/ERZ227/ERZ2272174/ERR3573096.fasta.gz,PRJEB34634,ERX3571334,ftp.sra.ebi.ac.uk/vol1/fastq/ERR357/006/ERR3573096/ERR3573096_1.fastq.gz;ftp.sra.ebi.ac.uk/vol1/fastq/ERR357/006/ERR3573096/ERR3573096_2.fastq.gz,ftp.sra.ebi.ac.uk/vol1/run/ERR357/ERR3573096/WTCHG_551514_266114.bam,,WTCHG_551514_266114,OXF-DW-1000-AUT
ERR3573097,ERZ2227191,SAMEA5989477,PRJEB45055,SEQUENCE_ASSEMBLY,749907,sediment metagenome,ftp.sra.ebi.ac.uk/vol1/ERZ222/ERZ2227191/ERR3573097.fasta.gz,PRJEB34634,ERX3571335,ftp.sra.ebi.ac.uk/vol1/fastq/ERR357/007/ERR3573097/ERR3573097_1.fastq.gz;ftp.sra.ebi.ac.uk/vol1/fastq/ERR357/007/ERR3573097/ERR3573097_2.fastq.gz,ftp.sra.ebi.ac.uk/vol1/run/ERR357/ERR3573097/WTCHG_554366_266114.bam,,WTCHG_554366_266114,OXF-DW-1000-AUT
ERR3573098,ERZ2272355,SAMEA5989477,PRJEB45055,SEQUENCE_ASSEMBLY,749907,sediment metagenome,ftp.sra.ebi.ac.uk/vol1/ERZ227/ERZ2272355/ERR3573098.fasta.gz,PRJEB34634,ERX3571336,ftp.sra.ebi.ac.uk/vol1/fastq/ERR357/008/ERR3573098/ERR3573098_1.fastq.gz;ftp.sra.ebi.ac.uk/vol1/fastq/ERR357/008/ERR3573098/ERR3573098_2.fastq.gz,ftp.sra.ebi.ac.uk/vol1/run/ERR357/ERR3573098/WTCHG_554367_266114.bam,,WTCHG_554367_266114,OXF-DW-1000-AUT
ERR3573099,ERZ2226743,SAMEA5989477,PRJEB45055,SEQUENCE_ASSEMBLY,749907,sediment metagenome,ftp.sra.ebi.ac.uk/vol1/ERZ222/ERZ2226743/ERR3573099.fasta.gz,PRJEB34634,ERX3571337,ftp.sra.ebi.ac.uk/vol1/fastq/ERR357/009/ERR3573099/ERR3573099_1.fastq.gz;ftp.sra.ebi.ac.uk/vol1/fastq/ERR357/009/ERR3573099/ERR3573099_2.fastq.gz,ftp.sra.ebi.ac.uk/vol1/run/ERR357/ERR3573099/WTCHG_555220_266114.bam,,WTCHG_555220_266114,OXF-DW-1000-AUT
ERR3573100,ERZ2272575,SAMEA5989477,PRJEB45055,SEQUENCE_ASSEMBLY,749907,sediment metagenome,ftp.sra.ebi.ac.uk/vol1/ERZ227/ERZ2272575/ERR3573100.fasta.gz,PRJEB34634,ERX3571338,ftp.sra.ebi.ac.uk/vol1/fastq/ERR357/000/ERR3573100/ERR3573100_1.fastq.gz;ftp.sra.ebi.ac.uk/vol1/fastq/ERR357/000/ERR3573100/ERR3573100_2.fastq.gz,ftp.sra.ebi.ac.uk/vol1/run/ERR357/ERR3573100/WTCHG_555214_266114.bam,,WTCHG_555214_266114,OXF-DW-1000-AUT
ERR3573101,ERZ2272629,SAMEA5989477,PRJEB45055,SEQUENCE_ASSEMBLY,749907,sediment metagenome,ftp.sra.ebi.ac.uk/vol1/ERZ227/ERZ2272629/ERR3573101.fasta.gz,PRJEB34634,ERX3571339,ftp.sra.ebi.ac.uk/vol1/fastq/ERR357/001/ERR3573101/ERR3573101_1.fastq.gz;ftp.sra.ebi.ac.uk/vol1/fastq/ERR357/001/ERR3573101/ERR3573101_2.fastq.gz,ftp.sra.ebi.ac.uk/vol1/run/ERR357/ERR3573101/WTCHG_555221_266114.bam,,WTCHG_555221_266114,OXF-DW-1000-AUT
ERR3573102,ERZ2226815,SAMEA5989477,PRJEB45055,SEQUENCE_ASSEMBLY,749907,sediment metagenome,ftp.sra.ebi.ac.uk/vol1/ERZ222/ERZ2226815/ERR3573102.fasta.gz,PRJEB34634,ERX3571340,ftp.sra.ebi.ac.uk/vol1/fastq/ERR357/002/ERR3573102/ERR3573102_1.fastq.gz;ftp.sra.ebi.ac.uk/vol1/fastq/ERR357/002/ERR3573102/ERR3573102_2.fastq.gz,ftp.sra.ebi.ac.uk/vol1/run/ERR357/ERR3573102/WTCHG_555219_266114.bam,,WTCHG_555219_266114,OXF-DW-1000-AUT
ERR3573103,ERZ2272271,SAMEA5989477,PRJEB45055,SEQUENCE_ASSEMBLY,749907,sediment metagenome,ftp.sra.ebi.ac.uk/vol1/ERZ227/ERZ2272271/ERR3573103.fasta.gz,PRJEB34634,ERX3571341,ftp.sra.ebi.ac.uk/vol1/fastq/ERR357/003/ERR3573103/ERR3573103_1.fastq.gz;ftp.sra.ebi.ac.uk/vol1/fastq/ERR357/003/ERR3573103/ERR3573103_2.fastq.gz,ftp.sra.ebi.ac.uk/vol1/run/ERR357/ERR3573103/WTCHG_555218_266114.bam,,WTCHG_555218_266114,OXF-DW-1000-AUT
ERR3573104,ERZ2272404,SAMEA5989477,PRJEB45055,SEQUENCE_ASSEMBLY,749907,sediment metagenome,ftp.sra.ebi.ac.uk/vol1/ERZ227/ERZ2272404/ERR3573104.fasta.gz,PRJEB34634,ERX3571342,ftp.sra.ebi.ac.uk/vol1/fastq/ERR357/004/ERR3573104/ERR3573104_1.fastq.gz;ftp.sra.ebi.ac.uk/vol1/fastq/ERR357/004/ERR3573104/ERR3573104_2.fastq.gz,ftp.sra.ebi.ac.uk/vol1/run/ERR357/ERR3573104/WTCHG_555216_266114.bam,,WTCHG_555216_266114,OXF-DW-1000-AUT
ERR3573105,ERZ2227240,SAMEA5989477,PRJEB45055,SEQUENCE_ASSEMBLY,749907,sediment metagenome,ftp.sra.ebi.ac.uk/vol1/ERZ222/ERZ2227240/ERR3573105.fasta.gz,PRJEB34634,ERX3571343,ftp.sra.ebi.ac.uk/vol1/fastq/ERR357/005/ERR3573105/ERR3573105_1.fastq.gz;ftp.sra.ebi.ac.uk/vol1/fastq/ERR357/005/ERR3573105/ERR3573105_2.fastq.gz,ftp.sra.ebi.ac.uk/vol1/run/ERR357/ERR3573105/WTCHG_555217_266114.bam,,WTCHG_555217_266114,OXF-DW-1000-AUT
ERR3573106,ERZ2272066,SAMEA5989477,PRJEB45055,SEQUENCE_ASSEMBLY,749907,sediment metagenome,ftp.sra.ebi.ac.uk/vol1/ERZ227/ERZ2272066/ERR3573106.fasta.gz,PRJEB34634,ERX3571344,ftp.sra.ebi.ac.uk/vol1/fastq/ERR357/006/ERR3573106/ERR3573106_1.fastq.gz;ftp.sra.ebi.ac.uk/vol1/fastq/ERR357/006/ERR3573106/ERR3573106_2.fastq.gz,ftp.sra.ebi.ac.uk/vol1/run/ERR357/ERR3573106/WTCHG_555215_266114.bam,,WTCHG_555215_266114,OXF-DW-1000-AUT
ERR3573107,ERZ2272226,SAMEA5989477,PRJEB45055,SEQUENCE_ASSEMBLY,749907,sediment metagenome,ftp.sra.ebi.ac.uk/vol1/ERZ227/ERZ2272226/ERR3573107.fasta.gz,PRJEB34634,ERX3571345,ftp.sra.ebi.ac.uk/vol1/fastq/ERR357/007/ERR3573107/ERR3573107_1.fastq.gz;ftp.sra.ebi.ac.uk/vol1/fastq/ERR357/007/ERR3573107/ERR3573107_2.fastq.gz,ftp.sra.ebi.ac.uk/vol1/run/ERR357/ERR3573107/WTCHG_559241_266114.bam,,WTCHG_559241_266114,OXF-DW-1000-AUT
ERR3573108,ERZ2272077,SAMEA5989477,PRJEB45055,SEQUENCE_ASSEMBLY,749907,sediment metagenome,ftp.sra.ebi.ac.uk/vol1/ERZ227/ERZ2272077/ERR3573108.fasta.gz,PRJEB34634,ERX3571346,ftp.sra.ebi.ac.uk/vol1/fastq/ERR357/008/ERR3573108/ERR3573108_1.fastq.gz;ftp.sra.ebi.ac.uk/vol1/fastq/ERR357/008/ERR3573108/ERR3573108_2.fastq.gz,ftp.sra.ebi.ac.uk/vol1/run/ERR357/ERR3573108/WTCHG_559244_266114.bam,,WTCHG_559244_266114,OXF-DW-1000-AUT
ERR3573109,ERZ2271707,SAMEA5989477,PRJEB45055,SEQUENCE_ASSEMBLY,749907,sediment metagenome,ftp.sra.ebi.ac.uk/vol1/ERZ227/ERZ2271707/ERR3573109.fasta.gz,PRJEB34634,ERX3571347,ftp.sra.ebi.ac.uk/vol1/fastq/ERR357/009/ERR3573109/ERR3573109_1.fastq.gz;ftp.sra.ebi.ac.uk/vol1/fastq/ERR357/009/ERR3573109/ERR3573109_2.fastq.gz,ftp.sra.ebi.ac.uk/vol1/run/ERR357/ERR3573109/WTCHG_559242_266114.bam,,WTCHG_559242_266114,OXF-DW-1000-AUT
ERR3573110,ERZ2268945,SAMEA5989477,PRJEB45055,SEQUENCE_ASSEMBLY,749907,sediment metagenome,ftp.sra.ebi.ac.uk/vol1/ERZ226/ERZ2268945/ERR3573110.fasta.gz,PRJEB34634,ERX3571348,ftp.sra.ebi.ac.uk/vol1/fastq/ERR357/000/ERR3573110/ERR3573110_1.fastq.gz;ftp.sra.ebi.ac.uk/vol1/fastq/ERR357/000/ERR3573110/ERR3573110_2.fastq.gz,ftp.sra.ebi.ac.uk/vol1/run/ERR357/ERR3573110/WTCHG_559243_266114.bam,,WTCHG_559243_266114,OXF-DW-1000-AUT
ERR3573111,ERZ2272514,SAMEA5989477,PRJEB45055,SEQUENCE_ASSEMBLY,749907,sediment metagenome,ftp.sra.ebi.ac.uk/vol1/ERZ227/ERZ2272514/ERR3573111.fasta.gz,PRJEB34634,ERX3571349,ftp.sra.ebi.ac.uk/vol1/fastq/ERR357/001/ERR3573111/ERR3573111_1.fastq.gz;ftp.sra.ebi.ac.uk/vol1/fastq/ERR357/001/ERR3573111/ERR3573111_2.fastq.gz,ftp.sra.ebi.ac.uk/vol1/run/ERR357/ERR3573111/WTCHG_559240_266114.bam,,WTCHG_559240_266114,OXF-DW-1000-AUT
ERR3573112,ERZ2227940,SAMEA5989477,PRJEB45055,SEQUENCE_ASSEMBLY,749907,sediment metagenome,ftp.sra.ebi.ac.uk/vol1/ERZ222/ERZ2227940/ERR3573112.fasta.gz,PRJEB34634,ERX3571350,ftp.sra.ebi.ac.uk/vol1/fastq/ERR357/002/ERR3573112/ERR3573112_1.fastq.gz;ftp.sra.ebi.ac.uk/vol1/fastq/ERR357/002/ERR3573112/ERR3573112_2.fastq.gz,ftp.sra.ebi.ac.uk/vol1/run/ERR357/ERR3573112/WTCHG_550636_261149.bam,,WTCHG_550636_261149,OXF-DW-1000-SUM
ERR3573113,ERZ2272295,SAMEA5989477,PRJEB45055,SEQUENCE_ASSEMBLY,749907,sediment metagenome,ftp.sra.ebi.ac.uk/vol1/ERZ227/ERZ2272295/ERR3573113.fasta.gz,PRJEB34634,ERX3571351,ftp.sra.ebi.ac.uk/vol1/fastq/ERR357/003/ERR3573113/ERR3573113_1.fastq.gz;ftp.sra.ebi.ac.uk/vol1/fastq/ERR357/003/ERR3573113/ERR3573113_2.fastq.gz,ftp.sra.ebi.ac.uk/vol1/run/ERR357/ERR3573113/WTCHG_551514_261149.bam,,WTCHG_551514_261149,OXF-DW-1000-SUM
ERR3573114,ERZ2270735,SAMEA5989477,PRJEB45055,SEQUENCE_ASSEMBLY,749907,sediment metagenome,ftp.sra.ebi.ac.uk/vol1/ERZ227/ERZ2270735/ERR3573114.fasta.gz,PRJEB34634,ERX3571352,ftp.sra.ebi.ac.uk/vol1/fastq/ERR357/004/ERR3573114/ERR3573114_1.fastq.gz;ftp.sra.ebi.ac.uk/vol1/fastq/ERR357/004/ERR3573114/ERR3573114_2.fastq.gz,ftp.sra.ebi.ac.uk/vol1/run/ERR357/ERR3573114/WTCHG_551515_261149.bam,,WTCHG_551515_261149,OXF-DW-1000-SUM
ERR3573115,ERZ2271926,SAMEA5989477,PRJEB45055,SEQUENCE_ASSEMBLY,749907,sediment metagenome,ftp.sra.ebi.ac.uk/vol1/ERZ227/ERZ2271926/ERR3573115.fasta.gz,PRJEB34634,ERX3571353,ftp.sra.ebi.ac.uk/vol1/fastq/ERR357/005/ERR3573115/ERR3573115_1.fastq.gz;ftp.sra.ebi.ac.uk/vol1/fastq/ERR357/005/ERR3573115/ERR3573115_2.fastq.gz,ftp.sra.ebi.ac.uk/vol1/run/ERR357/ERR3573115/WTCHG_554367_261149.bam,,WTCHG_554367_261149,OXF-DW-1000-SUM
ERR3573116,ERZ2270572,SAMEA5989477,PRJEB45055,SEQUENCE_ASSEMBLY,749907,sediment metagenome,ftp.sra.ebi.ac.uk/vol1/ERZ227/ERZ2270572/ERR3573116.fasta.gz,PRJEB34634,ERX3571354,ftp.sra.ebi.ac.uk/vol1/fastq/ERR357/006/ERR3573116/ERR3573116_1.fastq.gz;ftp.sra.ebi.ac.uk/vol1/fastq/ERR357/006/ERR3573116/ERR3573116_2.fastq.gz,ftp.sra.ebi.ac.uk/vol1/run/ERR357/ERR3573116/WTCHG_554366_261149.bam,,WTCHG_554366_261149,OXF-DW-1000-SUM
ERR3573117,ERZ2271705,SAMEA5989477,PRJEB45055,SEQUENCE_ASSEMBLY,749907,sediment metagenome,ftp.sra.ebi.ac.uk/vol1/ERZ227/ERZ2271705/ERR3573117.fasta.gz,PRJEB34634,ERX3571355,ftp.sra.ebi.ac.uk/vol1/fastq/ERR357/007/ERR3573117/ERR3573117_1.fastq.gz;ftp.sra.ebi.ac.uk/vol1/fastq/ERR357/007/ERR3573117/ERR3573117_2.fastq.gz,ftp.sra.ebi.ac.uk/vol1/run/ERR357/ERR3573117/WTCHG_555217_261149.bam,,WTCHG_555217_261149,OXF-DW-1000-SUM
ERR3573118,ERZ2272007,SAMEA5989477,PRJEB45055,SEQUENCE_ASSEMBLY,749907,sediment metagenome,ftp.sra.ebi.ac.uk/vol1/ERZ227/ERZ2272007/ERR3573118.fasta.gz,PRJEB34634,ERX3571356,ftp.sra.ebi.ac.uk/vol1/fastq/ERR357/008/ERR3573118/ERR3573118_1.fastq.gz;ftp.sra.ebi.ac.uk/vol1/fastq/ERR357/008/ERR3573118/ERR3573118_2.fastq.gz,ftp.sra.ebi.ac.uk/vol1/run/ERR357/ERR3573118/WTCHG_555221_261149.bam,,WTCHG_555221_261149,OXF-DW-1000-SUM
ERR3573119,ERZ2226707,SAMEA5989477,PRJEB45055,SEQUENCE_ASSEMBLY,749907,sediment metagenome,ftp.sra.ebi.ac.uk/vol1/ERZ222/ERZ2226707/ERR3573119.fasta.gz,PRJEB34634,ERX3571357,ftp.sra.ebi.ac.uk/vol1/fastq/ERR357/009/ERR3573119/ERR3573119_1.fastq.gz;ftp.sra.ebi.ac.uk/vol1/fastq/ERR357/009/ERR3573119/ERR3573119_2.fastq.gz,ftp.sra.ebi.ac.uk/vol1/run/ERR357/ERR3573119/WTCHG_555216_261149.bam,,WTCHG_555216_261149,OXF-DW-1000-SUM
ERR3573120,ERZ2270448,SAMEA5989477,PRJEB45055,SEQUENCE_ASSEMBLY,749907,sediment metagenome,ftp.sra.ebi.ac.uk/vol1/ERZ227/ERZ2270448/ERR3573120.fasta.gz,PRJEB34634,ERX3571358,ftp.sra.ebi.ac.uk/vol1/fastq/ERR357/000/ERR3573120/ERR3573120_1.fastq.gz;ftp.sra.ebi.ac.uk/vol1/fastq/ERR357/000/ERR3573120/ERR3573120_2.fastq.gz,ftp.sra.ebi.ac.uk/vol1/run/ERR357/ERR3573120/WTCHG_555214_261149.bam,,WTCHG_555214_261149,OXF-DW-1000-SUM
ERR3573121,ERZ2270761,SAMEA5989477,PRJEB45055,SEQUENCE_ASSEMBLY,749907,sediment metagenome,ftp.sra.ebi.ac.uk/vol1/ERZ227/ERZ2270761/ERR3573121.fasta.gz,PRJEB34634,ERX3571359,ftp.sra.ebi.ac.uk/vol1/fastq/ERR357/001/ERR3573121/ERR3573121_1.fastq.gz;ftp.sra.ebi.ac.uk/vol1/fastq/ERR357/001/ERR3573121/ERR3573121_2.fastq.gz,ftp.sra.ebi.ac.uk/vol1/run/ERR357/ERR3573121/WTCHG_555220_261149.bam,,WTCHG_555220_261149,OXF-DW-1000-SUM
ERR3573122,ERZ2271917,SAMEA5989477,PRJEB45055,SEQUENCE_ASSEMBLY,749907,sediment metagenome,ftp.sra.ebi.ac.uk/vol1/ERZ227/ERZ2271917/ERR3573122.fasta.gz,PRJEB34634,ERX3571360,ftp.sra.ebi.ac.uk/vol1/fastq/ERR357/002/ERR3573122/ERR3573122_1.fastq.gz;ftp.sra.ebi.ac.uk/vol1/fastq/ERR357/002/ERR3573122/ERR3573122_2.fastq.gz,ftp.sra.ebi.ac.uk/vol1/run/ERR357/ERR3573122/WTCHG_555219_261149.bam,,WTCHG_555219_261149,OXF-DW-1000-SUM
ERR3573123,ERZ2228004,SAMEA5989477,PRJEB45055,SEQUENCE_ASSEMBLY,749907,sediment metagenome,ftp.sra.ebi.ac.uk/vol1/ERZ222/ERZ2228004/ERR3573123.fasta.gz,PRJEB34634,ERX3571361,ftp.sra.ebi.ac.uk/vol1/fastq/ERR357/003/ERR3573123/ERR3573123_1.fastq.gz;ftp.sra.ebi.ac.uk/vol1/fastq/ERR357/003/ERR3573123/ERR3573123_2.fastq.gz,ftp.sra.ebi.ac.uk/vol1/run/ERR357/ERR3573123/WTCHG_555218_261149.bam,,WTCHG_555218_261149,OXF-DW-1000-SUM
ERR3573124,ERZ2272361,SAMEA5989477,PRJEB45055,SEQUENCE_ASSEMBLY,749907,sediment metagenome,ftp.sra.ebi.ac.uk/vol1/ERZ227/ERZ2272361/ERR3573124.fasta.gz,PRJEB34634,ERX3571362,ftp.sra.ebi.ac.uk/vol1/fastq/ERR357/004/ERR3573124/ERR3573124_1.fastq.gz;ftp.sra.ebi.ac.uk/vol1/fastq/ERR357/004/ERR3573124/ERR3573124_2.fastq.gz,ftp.sra.ebi.ac.uk/vol1/run/ERR357/ERR3573124/WTCHG_555215_261149.bam,,WTCHG_555215_261149,OXF-DW-1000-SUM
ERR3573125,ERZ2271069,SAMEA5989477,PRJEB45055,SEQUENCE_ASSEMBLY,749907,sediment metagenome,ftp.sra.ebi.ac.uk/vol1/ERZ227/ERZ2271069/ERR3573125.fasta.gz,PRJEB34634,ERX3571363,ftp.sra.ebi.ac.uk/vol1/fastq/ERR357/005/ERR3573125/ERR3573125_1.fastq.gz;ftp.sra.ebi.ac.uk/vol1/fastq/ERR357/005/ERR3573125/ERR3573125_2.fastq.gz,ftp.sra.ebi.ac.uk/vol1/run/ERR357/ERR3573125/WTCHG_559243_261149.bam,,WTCHG_559243_261149,OXF-DW-1000-SUM
ERR3573126,ERZ2271236,SAMEA5989477,PRJEB45055,SEQUENCE_ASSEMBLY,749907,sediment metagenome,ftp.sra.ebi.ac.uk/vol1/ERZ227/ERZ2271236/ERR3573126.fasta.gz,PRJEB34634,ERX3571364,ftp.sra.ebi.ac.uk/vol1/fastq/ERR357/006/ERR3573126/ERR3573126_1.fastq.gz;ftp.sra.ebi.ac.uk/vol1/fastq/ERR357/006/ERR3573126/ERR3573126_2.fastq.gz,ftp.sra.ebi.ac.uk/vol1/run/ERR357/ERR3573126/WTCHG_559242_261149.bam,,WTCHG_559242_261149,OXF-DW-1000-SUM
ERR3573127,ERZ2227763,SAMEA5989477,PRJEB45055,SEQUENCE_ASSEMBLY,749907,sediment metagenome,ftp.sra.ebi.ac.uk/vol1/ERZ222/ERZ2227763/ERR3573127.fasta.gz,PRJEB34634,ERX3571365,ftp.sra.ebi.ac.uk/vol1/fastq/ERR357/007/ERR3573127/ERR3573127_1.fastq.gz;ftp.sra.ebi.ac.uk/vol1/fastq/ERR357/007/ERR3573127/ERR3573127_2.fastq.gz,ftp.sra.ebi.ac.uk/vol1/run/ERR357/ERR3573127/WTCHG_559240_261149.bam,,WTCHG_559240_261149,OXF-DW-1000-SUM
ERR3573128,ERZ2272002,SAMEA5989477,PRJEB45055,SEQUENCE_ASSEMBLY,749907,sediment metagenome,ftp.sra.ebi.ac.uk/vol1/ERZ227/ERZ2272002/ERR3573128.fasta.gz,PRJEB34634,ERX3571366,ftp.sra.ebi.ac.uk/vol1/fastq/ERR357/008/ERR3573128/ERR3573128_1.fastq.gz;ftp.sra.ebi.ac.uk/vol1/fastq/ERR357/008/ERR3573128/ERR3573128_2.fastq.gz,ftp.sra.ebi.ac.uk/vol1/run/ERR357/ERR3573128/WTCHG_559244_261149.bam,,WTCHG_559244_261149,OXF-DW-1000-SUM
ERR3573129,ERZ2227843,SAMEA5989477,PRJEB45055,SEQUENCE_ASSEMBLY,749907,sediment metagenome,ftp.sra.ebi.ac.uk/vol1/ERZ222/ERZ2227843/ERR3573129.fasta.gz,PRJEB34634,ERX3571367,ftp.sra.ebi.ac.uk/vol1/fastq/ERR357/009/ERR3573129/ERR3573129_1.fastq.gz;ftp.sra.ebi.ac.uk/vol1/fastq/ERR357/009/ERR3573129/ERR3573129_2.fastq.gz,ftp.sra.ebi.ac.uk/vol1/run/ERR357/ERR3573129/WTCHG_559241_261149.bam,,WTCHG_559241_261149,OXF-DW-1000-SUM
ERR3573130,ERZ2226708,SAMEA5989477,PRJEB45055,SEQUENCE_ASSEMBLY,749907,sediment metagenome,ftp.sra.ebi.ac.uk/vol1/ERZ222/ERZ2226708/ERR3573130.fasta.gz,PRJEB34634,ERX3571368,ftp.sra.ebi.ac.uk/vol1/fastq/ERR357/000/ERR3573130/ERR3573130_1.fastq.gz;ftp.sra.ebi.ac.uk/vol1/fastq/ERR357/000/ERR3573130/ERR3573130_2.fastq.gz,ftp.sra.ebi.ac.uk/vol1/run/ERR357/ERR3573130/WTCHG_550636_271174.bam,,WTCHG_550636_271174,OXF-DW-1000-WIN
ERR3573131,ERZ2270251,SAMEA5989477,PRJEB45055,SEQUENCE_ASSEMBLY,749907,sediment metagenome,ftp.sra.ebi.ac.uk/vol1/ERZ227/ERZ2270251/ERR3573131.fasta.gz,PRJEB34634,ERX3571369,ftp.sra.ebi.ac.uk/vol1/fastq/ERR357/001/ERR3573131/ERR3573131_1.fastq.gz;ftp.sra.ebi.ac.uk/vol1/fastq/ERR357/001/ERR3573131/ERR3573131_2.fastq.gz,ftp.sra.ebi.ac.uk/vol1/run/ERR357/ERR3573131/WTCHG_551515_271174.bam,,WTCHG_551515_271174,OXF-DW-1000-WIN
ERR3573132,ERZ2271836,SAMEA5989477,PRJEB45055,SEQUENCE_ASSEMBLY,749907,sediment metagenome,ftp.sra.ebi.ac.uk/vol1/ERZ227/ERZ2271836/ERR3573132.fasta.gz,PRJEB34634,ERX3571370,ftp.sra.ebi.ac.uk/vol1/fastq/ERR357/002/ERR3573132/ERR3573132_1.fastq.gz;ftp.sra.ebi.ac.uk/vol1/fastq/ERR357/002/ERR3573132/ERR3573132_2.fastq.gz,ftp.sra.ebi.ac.uk/vol1/run/ERR357/ERR3573132/WTCHG_551514_271174.bam,,WTCHG_551514_271174,OXF-DW-1000-WIN
ERR3573133,ERZ2271767,SAMEA5989477,PRJEB45055,SEQUENCE_ASSEMBLY,749907,sediment metagenome,ftp.sra.ebi.ac.uk/vol1/ERZ227/ERZ2271767/ERR3573133.fasta.gz,PRJEB34634,ERX3571371,ftp.sra.ebi.ac.uk/vol1/fastq/ERR357/003/ERR3573133/ERR3573133_1.fastq.gz;ftp.sra.ebi.ac.uk/vol1/fastq/ERR357/003/ERR3573133/ERR3573133_2.fastq.gz,ftp.sra.ebi.ac.uk/vol1/run/ERR357/ERR3573133/WTCHG_554366_271174.bam,,WTCHG_554366_271174,OXF-DW-1000-WIN
ERR3573134,ERZ2271614,SAMEA5989477,PRJEB45055,SEQUENCE_ASSEMBLY,749907,sediment metagenome,ftp.sra.ebi.ac.uk/vol1/ERZ227/ERZ2271614/ERR3573134.fasta.gz,PRJEB34634,ERX3571372,ftp.sra.ebi.ac.uk/vol1/fastq/ERR357/004/ERR3573134/ERR3573134_1.fastq.gz;ftp.sra.ebi.ac.uk/vol1/fastq/ERR357/004/ERR3573134/ERR3573134_2.fastq.gz,ftp.sra.ebi.ac.uk/vol1/run/ERR357/ERR3573134/WTCHG_554367_271174.bam,,WTCHG_554367_271174,OXF-DW-1000-WIN
ERR3573135,ERZ2272133,SAMEA5989477,PRJEB45055,SEQUENCE_ASSEMBLY,749907,sediment metagenome,ftp.sra.ebi.ac.uk/vol1/ERZ227/ERZ2272133/ERR3573135.fasta.gz,PRJEB34634,ERX3571373,ftp.sra.ebi.ac.uk/vol1/fastq/ERR357/005/ERR3573135/ERR3573135_1.fastq.gz;ftp.sra.ebi.ac.uk/vol1/fastq/ERR357/005/ERR3573135/ERR3573135_2.fastq.gz,ftp.sra.ebi.ac.uk/vol1/run/ERR357/ERR3573135/WTCHG_555218_271174.bam,,WTCHG_555218_271174,OXF-DW-1000-WIN
ERR3573136,ERZ2271514,SAMEA5989477,PRJEB45055,SEQUENCE_ASSEMBLY,749907,sediment metagenome,ftp.sra.ebi.ac.uk/vol1/ERZ227/ERZ2271514/ERR3573136.fasta.gz,PRJEB34634,ERX3571374,ftp.sra.ebi.ac.uk/vol1/fastq/ERR357/006/ERR3573136/ERR3573136_1.fastq.gz;ftp.sra.ebi.ac.uk/vol1/fastq/ERR357/006/ERR3573136/ERR3573136_2.fastq.gz,ftp.sra.ebi.ac.uk/vol1/run/ERR357/ERR3573136/WTCHG_555220_271174.bam,,WTCHG_555220_271174,OXF-DW-1000-WIN
ERR3573137,ERZ2227122,SAMEA5989477,PRJEB45055,SEQUENCE_ASSEMBLY,749907,sediment metagenome,ftp.sra.ebi.ac.uk/vol1/ERZ222/ERZ2227122/ERR3573137.fasta.gz,PRJEB34634,ERX3571375,ftp.sra.ebi.ac.uk/vol1/fastq/ERR357/007/ERR3573137/ERR3573137_1.fastq.gz;ftp.sra.ebi.ac.uk/vol1/fastq/ERR357/007/ERR3573137/ERR3573137_2.fastq.gz,ftp.sra.ebi.ac.uk/vol1/run/ERR357/ERR3573137/WTCHG_555215_271174.bam,,WTCHG_555215_271174,OXF-DW-1000-WIN
ERR3573138,ERZ2227374,SAMEA5989477,PRJEB45055,SEQUENCE_ASSEMBLY,749907,sediment metagenome,ftp.sra.ebi.ac.uk/vol1/ERZ222/ERZ2227374/ERR3573138.fasta.gz,PRJEB34634,ERX3571376,ftp.sra.ebi.ac.uk/vol1/fastq/ERR357/008/ERR3573138/ERR3573138_1.fastq.gz;ftp.sra.ebi.ac.uk/vol1/fastq/ERR357/008/ERR3573138/ERR3573138_2.fastq.gz,ftp.sra.ebi.ac.uk/vol1/run/ERR357/ERR3573138/WTCHG_555216_271174.bam,,WTCHG_555216_271174,OXF-DW-1000-WIN
ERR3573139,ERZ2272119,SAMEA5989477,PRJEB45055,SEQUENCE_ASSEMBLY,749907,sediment metagenome,ftp.sra.ebi.ac.uk/vol1/ERZ227/ERZ2272119/ERR3573139.fasta.gz,PRJEB34634,ERX3571377,ftp.sra.ebi.ac.uk/vol1/fastq/ERR357/009/ERR3573139/ERR3573139_1.fastq.gz;ftp.sra.ebi.ac.uk/vol1/fastq/ERR357/009/ERR3573139/ERR3573139_2.fastq.gz,ftp.sra.ebi.ac.uk/vol1/run/ERR357/ERR3573139/WTCHG_555217_271174.bam,,WTCHG_555217_271174,OXF-DW-1000-WIN
ERR3573140,ERZ2272534,SAMEA5989477,PRJEB45055,SEQUENCE_ASSEMBLY,749907,sediment metagenome,ftp.sra.ebi.ac.uk/vol1/ERZ227/ERZ2272534/ERR3573140.fasta.gz,PRJEB34634,ERX3571378,ftp.sra.ebi.ac.uk/vol1/fastq/ERR357/000/ERR3573140/ERR3573140_1.fastq.gz;ftp.sra.ebi.ac.uk/vol1/fastq/ERR357/000/ERR3573140/ERR3573140_2.fastq.gz,ftp.sra.ebi.ac.uk/vol1/run/ERR357/ERR3573140/WTCHG_555214_271174.bam,,WTCHG_555214_271174,OXF-DW-1000-WIN
ERR3573141,ERZ2227170,SAMEA5989477,PRJEB45055,SEQUENCE_ASSEMBLY,749907,sediment metagenome,ftp.sra.ebi.ac.uk/vol1/ERZ222/ERZ2227170/ERR3573141.fasta.gz,PRJEB34634,ERX3571379,ftp.sra.ebi.ac.uk/vol1/fastq/ERR357/001/ERR3573141/ERR3573141_1.fastq.gz;ftp.sra.ebi.ac.uk/vol1/fastq/ERR357/001/ERR3573141/ERR3573141_2.fastq.gz,ftp.sra.ebi.ac.uk/vol1/run/ERR357/ERR3573141/WTCHG_555219_271174.bam,,WTCHG_555219_271174,OXF-DW-1000-WIN
ERR3573142,ERZ2272572,SAMEA5989477,PRJEB45055,SEQUENCE_ASSEMBLY,749907,sediment metagenome,ftp.sra.ebi.ac.uk/vol1/ERZ227/ERZ2272572/ERR3573142.fasta.gz,PRJEB34634,ERX3571380,ftp.sra.ebi.ac.uk/vol1/fastq/ERR357/002/ERR3573142/ERR3573142_1.fastq.gz;ftp.sra.ebi.ac.uk/vol1/fastq/ERR357/002/ERR3573142/ERR3573142_2.fastq.gz,ftp.sra.ebi.ac.uk/vol1/run/ERR357/ERR3573142/WTCHG_555221_271174.bam,,WTCHG_555221_271174,OXF-DW-1000-WIN
ERR3573143,ERZ2228006,SAMEA5989477,PRJEB45055,SEQUENCE_ASSEMBLY,749907,sediment metagenome,ftp.sra.ebi.ac.uk/vol1/ERZ222/ERZ2228006/ERR3573143.fasta.gz,PRJEB34634,ERX3571381,ftp.sra.ebi.ac.uk/vol1/fastq/ERR357/003/ERR3573143/ERR3573143_1.fastq.gz;ftp.sra.ebi.ac.uk/vol1/fastq/ERR357/003/ERR3573143/ERR3573143_2.fastq.gz,ftp.sra.ebi.ac.uk/vol1/run/ERR357/ERR3573143/WTCHG_559242_271174.bam,,WTCHG_559242_271174,OXF-DW-1000-WIN
ERR3573144,ERZ2272738,SAMEA5989477,PRJEB45055,SEQUENCE_ASSEMBLY,749907,sediment metagenome,ftp.sra.ebi.ac.uk/vol1/ERZ227/ERZ2272738/ERR3573144.fasta.gz,PRJEB34634,ERX3571382,ftp.sra.ebi.ac.uk/vol1/fastq/ERR357/004/ERR3573144/ERR3573144_1.fastq.gz;ftp.sra.ebi.ac.uk/vol1/fastq/ERR357/004/ERR3573144/ERR3573144_2.fastq.gz,ftp.sra.ebi.ac.uk/vol1/run/ERR357/ERR3573144/WTCHG_559244_271174.bam,,WTCHG_559244_271174,OXF-DW-1000-WIN
ERR3573145,ERZ2272573,SAMEA5989477,PRJEB45055,SEQUENCE_ASSEMBLY,749907,sediment metagenome,ftp.sra.ebi.ac.uk/vol1/ERZ227/ERZ2272573/ERR3573145.fasta.gz,PRJEB34634,ERX3571383,ftp.sra.ebi.ac.uk/vol1/fastq/ERR357/005/ERR3573145/ERR3573145_1.fastq.gz;ftp.sra.ebi.ac.uk/vol1/fastq/ERR357/005/ERR3573145/ERR3573145_2.fastq.gz,ftp.sra.ebi.ac.uk/vol1/run/ERR357/ERR3573145/WTCHG_559240_271174.bam,,WTCHG_559240_271174,OXF-DW-1000-WIN
ERR3573146,ERZ2272713,SAMEA5989477,PRJEB45055,SEQUENCE_ASSEMBLY,749907,sediment metagenome,ftp.sra.ebi.ac.uk/vol1/ERZ227/ERZ2272713/ERR3573146.fasta.gz,PRJEB34634,ERX3571384,ftp.sra.ebi.ac.uk/vol1/fastq/ERR357/006/ERR3573146/ERR3573146_1.fastq.gz;ftp.sra.ebi.ac.uk/vol1/fastq/ERR357/006/ERR3573146/ERR3573146_2.fastq.gz,ftp.sra.ebi.ac.uk/vol1/run/ERR357/ERR3573146/WTCHG_559241_271174.bam,,WTCHG_559241_271174,OXF-DW-1000-WIN
ERR3573147,ERZ2270717,SAMEA5989477,PRJEB45055,SEQUENCE_ASSEMBLY,749907,sediment metagenome,ftp.sra.ebi.ac.uk/vol1/ERZ227/ERZ2270717/ERR3573147.fasta.gz,PRJEB34634,ERX3571385,ftp.sra.ebi.ac.uk/vol1/fastq/ERR357/007/ERR3573147/ERR3573147_1.fastq.gz;ftp.sra.ebi.ac.uk/vol1/fastq/ERR357/007/ERR3573147/ERR3573147_2.fastq.gz,ftp.sra.ebi.ac.uk/vol1/run/ERR357/ERR3573147/WTCHG_559243_271174.bam,,WTCHG_559243_271174,OXF-DW-1000-WIN
ERR3573148,ERZ2272446,SAMEA5989477,PRJEB45055,SEQUENCE_ASSEMBLY,749907,sediment metagenome,ftp.sra.ebi.ac.uk/vol1/ERZ227/ERZ2272446/ERR3573148.fasta.gz,PRJEB34634,ERX3571386,ftp.sra.ebi.ac.uk/vol1/fastq/ERR357/008/ERR3573148/ERR3573148_1.fastq.gz;ftp.sra.ebi.ac.uk/vol1/fastq/ERR357/008/ERR3573148/ERR3573148_2.fastq.gz,ftp.sra.ebi.ac.uk/vol1/run/ERR357/ERR3573148/WTCHG_550636_264185.bam,,WTCHG_550636_264185,OXF-DW-250-AUT
ERR3573149,ERZ2272266,SAMEA5989477,PRJEB45055,SEQUENCE_ASSEMBLY,749907,sediment metagenome,ftp.sra.ebi.ac.uk/vol1/ERZ227/ERZ2272266/ERR3573149.fasta.gz,PRJEB34634,ERX3571387,ftp.sra.ebi.ac.uk/vol1/fastq/ERR357/009/ERR3573149/ERR3573149_1.fastq.gz;ftp.sra.ebi.ac.uk/vol1/fastq/ERR357/009/ERR3573149/ERR3573149_2.fastq.gz,ftp.sra.ebi.ac.uk/vol1/run/ERR357/ERR3573149/WTCHG_551515_264185.bam,,WTCHG_551515_264185,OXF-DW-250-AUT
ERR3573150,ERZ2272167,SAMEA5989477,PRJEB45055,SEQUENCE_ASSEMBLY,749907,sediment metagenome,ftp.sra.ebi.ac.uk/vol1/ERZ227/ERZ2272167/ERR3573150.fasta.gz,PRJEB34634,ERX3571388,ftp.sra.ebi.ac.uk/vol1/fastq/ERR357/000/ERR3573150/ERR3573150_1.fastq.gz;ftp.sra.ebi.ac.uk/vol1/fastq/ERR357/000/ERR3573150/ERR3573150_2.fastq.gz,ftp.sra.ebi.ac.uk/vol1/run/ERR357/ERR3573150/WTCHG_551514_264185.bam,,WTCHG_551514_264185,OXF-DW-250-AUT
ERR3573151,ERZ2272435,SAMEA5989477,PRJEB45055,SEQUENCE_ASSEMBLY,749907,sediment metagenome,ftp.sra.ebi.ac.uk/vol1/ERZ227/ERZ2272435/ERR3573151.fasta.gz,PRJEB34634,ERX3571389,ftp.sra.ebi.ac.uk/vol1/fastq/ERR357/001/ERR3573151/ERR3573151_1.fastq.gz;ftp.sra.ebi.ac.uk/vol1/fastq/ERR357/001/ERR3573151/ERR3573151_2.fastq.gz,ftp.sra.ebi.ac.uk/vol1/run/ERR357/ERR3573151/WTCHG_554367_264185.bam,,WTCHG_554367_264185,OXF-DW-250-AUT
ERR3573152,ERZ2227042,SAMEA5989477,PRJEB45055,SEQUENCE_ASSEMBLY,749907,sediment metagenome,ftp.sra.ebi.ac.uk/vol1/ERZ222/ERZ2227042/ERR3573152.fasta.gz,PRJEB34634,ERX3571390,ftp.sra.ebi.ac.uk/vol1/fastq/ERR357/002/ERR3573152/ERR3573152_1.fastq.gz;ftp.sra.ebi.ac.uk/vol1/fastq/ERR357/002/ERR3573152/ERR3573152_2.fastq.gz,ftp.sra.ebi.ac.uk/vol1/run/ERR357/ERR3573152/WTCHG_554366_264185.bam,,WTCHG_554366_264185,OXF-DW-250-AUT
ERR3573153,ERZ2271892,SAMEA5989477,PRJEB45055,SEQUENCE_ASSEMBLY,749907,sediment metagenome,ftp.sra.ebi.ac.uk/vol1/ERZ227/ERZ2271892/ERR3573153.fasta.gz,PRJEB34634,ERX3571391,ftp.sra.ebi.ac.uk/vol1/fastq/ERR357/003/ERR3573153/ERR3573153_1.fastq.gz;ftp.sra.ebi.ac.uk/vol1/fastq/ERR357/003/ERR3573153/ERR3573153_2.fastq.gz,ftp.sra.ebi.ac.uk/vol1/run/ERR357/ERR3573153/WTCHG_555218_264185.bam,,WTCHG_555218_264185,OXF-DW-250-AUT
ERR3573154,ERZ2272216,SAMEA5989477,PRJEB45055,SEQUENCE_ASSEMBLY,749907,sediment metagenome,ftp.sra.ebi.ac.uk/vol1/ERZ227/ERZ2272216/ERR3573154.fasta.gz,PRJEB34634,ERX3571392,ftp.sra.ebi.ac.uk/vol1/fastq/ERR357/004/ERR3573154/ERR3573154_1.fastq.gz;ftp.sra.ebi.ac.uk/vol1/fastq/ERR357/004/ERR3573154/ERR3573154_2.fastq.gz,ftp.sra.ebi.ac.uk/vol1/run/ERR357/ERR3573154/WTCHG_555220_264185.bam,,WTCHG_555220_264185,OXF-DW-250-AUT
ERR3573155,ERZ2226990,SAMEA5989477,PRJEB45055,SEQUENCE_ASSEMBLY,749907,sediment metagenome,ftp.sra.ebi.ac.uk/vol1/ERZ222/ERZ2226990/ERR3573155.fasta.gz,PRJEB34634,ERX3571393,ftp.sra.ebi.ac.uk/vol1/fastq/ERR357/005/ERR3573155/ERR3573155_1.fastq.gz;ftp.sra.ebi.ac.uk/vol1/fastq/ERR357/005/ERR3573155/ERR3573155_2.fastq.gz,ftp.sra.ebi.ac.uk/vol1/run/ERR357/ERR3573155/WTCHG_555215_264185.bam,,WTCHG_555215_264185,OXF-DW-250-AUT
ERR3573156,ERZ2271891,SAMEA5989477,PRJEB45055,SEQUENCE_ASSEMBLY,749907,sediment metagenome,ftp.sra.ebi.ac.uk/vol1/ERZ227/ERZ2271891/ERR3573156.fasta.gz,PRJEB34634,ERX3571394,ftp.sra.ebi.ac.uk/vol1/fastq/ERR357/006/ERR3573156/ERR3573156_1.fastq.gz;ftp.sra.ebi.ac.uk/vol1/fastq/ERR357/006/ERR3573156/ERR3573156_2.fastq.gz,ftp.sra.ebi.ac.uk/vol1/run/ERR357/ERR3573156/WTCHG_555219_264185.bam,,WTCHG_555219_264185,OXF-DW-250-AUT
ERR3573157,ERZ2272519,SAMEA5989477,PRJEB45055,SEQUENCE_ASSEMBLY,749907,sediment metagenome,ftp.sra.ebi.ac.uk/vol1/ERZ227/ERZ2272519/ERR3573157.fasta.gz,PRJEB34634,ERX3571395,ftp.sra.ebi.ac.uk/vol1/fastq/ERR357/007/ERR3573157/ERR3573157_1.fastq.gz;ftp.sra.ebi.ac.uk/vol1/fastq/ERR357/007/ERR3573157/ERR3573157_2.fastq.gz,ftp.sra.ebi.ac.uk/vol1/run/ERR357/ERR3573157/WTCHG_555216_264185.bam,,WTCHG_555216_264185,OXF-DW-250-AUT
ERR3573158,ERZ2227297,SAMEA5989477,PRJEB45055,SEQUENCE_ASSEMBLY,749907,sediment metagenome,ftp.sra.ebi.ac.uk/vol1/ERZ222/ERZ2227297/ERR3573158.fasta.gz,PRJEB34634,ERX3571396,ftp.sra.ebi.ac.uk/vol1/fastq/ERR357/008/ERR3573158/ERR3573158_1.fastq.gz;ftp.sra.ebi.ac.uk/vol1/fastq/ERR357/008/ERR3573158/ERR3573158_2.fastq.gz,ftp.sra.ebi.ac.uk/vol1/run/ERR357/ERR3573158/WTCHG_555217_264185.bam,,WTCHG_555217_264185,OXF-DW-250-AUT
ERR3573159,ERZ2271525,SAMEA5989477,PRJEB45055,SEQUENCE_ASSEMBLY,749907,sediment metagenome,ftp.sra.ebi.ac.uk/vol1/ERZ227/ERZ2271525/ERR3573159.fasta.gz,PRJEB34634,ERX3571397,ftp.sra.ebi.ac.uk/vol1/fastq/ERR357/009/ERR3573159/ERR3573159_1.fastq.gz;ftp.sra.ebi.ac.uk/vol1/fastq/ERR357/009/ERR3573159/ERR3573159_2.fastq.gz,ftp.sra.ebi.ac.uk/vol1/run/ERR357/ERR3573159/WTCHG_555214_264185.bam,,WTCHG_555214_264185,OXF-DW-250-AUT
ERR3573160,ERZ2272806,SAMEA5989477,PRJEB45055,SEQUENCE_ASSEMBLY,749907,sediment metagenome,ftp.sra.ebi.ac.uk/vol1/ERZ227/ERZ2272806/ERR3573160.fasta.gz,PRJEB34634,ERX3571398,ftp.sra.ebi.ac.uk/vol1/fastq/ERR357/000/ERR3573160/ERR3573160_1.fastq.gz;ftp.sra.ebi.ac.uk/vol1/fastq/ERR357/000/ERR3573160/ERR3573160_2.fastq.gz,ftp.sra.ebi.ac.uk/vol1/run/ERR357/ERR3573160/WTCHG_555221_264185.bam,,WTCHG_555221_264185,OXF-DW-250-AUT
ERR3573161,ERZ2271137,SAMEA5989477,PRJEB45055,SEQUENCE_ASSEMBLY,749907,sediment metagenome,ftp.sra.ebi.ac.uk/vol1/ERZ227/ERZ2271137/ERR3573161.fasta.gz,PRJEB34634,ERX3571399,ftp.sra.ebi.ac.uk/vol1/fastq/ERR357/001/ERR3573161/ERR3573161_1.fastq.gz;ftp.sra.ebi.ac.uk/vol1/fastq/ERR357/001/ERR3573161/ERR3573161_2.fastq.gz,ftp.sra.ebi.ac.uk/vol1/run/ERR357/ERR3573161/WTCHG_559240_264185.bam,,WTCHG_559240_264185,OXF-DW-250-AUT
ERR3573162,ERZ2271222,SAMEA5989477,PRJEB45055,SEQUENCE_ASSEMBLY,749907,sediment metagenome,ftp.sra.ebi.ac.uk/vol1/ERZ227/ERZ2271222/ERR3573162.fasta.gz,PRJEB34634,ERX3571400,ftp.sra.ebi.ac.uk/vol1/fastq/ERR357/002/ERR3573162/ERR3573162_1.fastq.gz;ftp.sra.ebi.ac.uk/vol1/fastq/ERR357/002/ERR3573162/ERR3573162_2.fastq.gz,ftp.sra.ebi.ac.uk/vol1/run/ERR357/ERR3573162/WTCHG_559243_264185.bam,,WTCHG_559243_264185,OXF-DW-250-AUT
ERR3573163,ERZ2271472,SAMEA5989477,PRJEB45055,SEQUENCE_ASSEMBLY,749907,sediment metagenome,ftp.sra.ebi.ac.uk/vol1/ERZ227/ERZ2271472/ERR3573163.fasta.gz,PRJEB34634,ERX3571401,ftp.sra.ebi.ac.uk/vol1/fastq/ERR357/003/ERR3573163/ERR3573163_1.fastq.gz;ftp.sra.ebi.ac.uk/vol1/fastq/ERR357/003/ERR3573163/ERR3573163_2.fastq.gz,ftp.sra.ebi.ac.uk/vol1/run/ERR357/ERR3573163/WTCHG_559244_264185.bam,,WTCHG_559244_264185,OXF-DW-250-AUT
ERR3573164,ERZ2271658,SAMEA5989477,PRJEB45055,SEQUENCE_ASSEMBLY,749907,sediment metagenome,ftp.sra.ebi.ac.uk/vol1/ERZ227/ERZ2271658/ERR3573164.fasta.gz,PRJEB34634,ERX3571402,ftp.sra.ebi.ac.uk/vol1/fastq/ERR357/004/ERR3573164/ERR3573164_1.fastq.gz;ftp.sra.ebi.ac.uk/vol1/fastq/ERR357/004/ERR3573164/ERR3573164_2.fastq.gz,ftp.sra.ebi.ac.uk/vol1/run/ERR357/ERR3573164/WTCHG_559242_264185.bam,,WTCHG_559242_264185,OXF-DW-250-AUT
ERR3573165,ERZ2271722,SAMEA5989477,PRJEB45055,SEQUENCE_ASSEMBLY,749907,sediment metagenome,ftp.sra.ebi.ac.uk/vol1/ERZ227/ERZ2271722/ERR3573165.fasta.gz,PRJEB34634,ERX3571403,ftp.sra.ebi.ac.uk/vol1/fastq/ERR357/005/ERR3573165/ERR3573165_1.fastq.gz;ftp.sra.ebi.ac.uk/vol1/fastq/ERR357/005/ERR3573165/ERR3573165_2.fastq.gz,ftp.sra.ebi.ac.uk/vol1/run/ERR357/ERR3573165/WTCHG_559241_264185.bam,,WTCHG_559241_264185,OXF-DW-250-AUT
ERR3573166,ERZ2271045,SAMEA5989477,PRJEB45055,SEQUENCE_ASSEMBLY,749907,sediment metagenome,ftp.sra.ebi.ac.uk/vol1/ERZ227/ERZ2271045/ERR3573166.fasta.gz,PRJEB34634,ERX3571404,ftp.sra.ebi.ac.uk/vol1/fastq/ERR357/006/ERR3573166/ERR3573166_1.fastq.gz;ftp.sra.ebi.ac.uk/vol1/fastq/ERR357/006/ERR3573166/ERR3573166_2.fastq.gz,ftp.sra.ebi.ac.uk/vol1/run/ERR357/ERR3573166/WTCHG_550636_259125.bam,,WTCHG_550636_259125,OXF-DW-250-SUM
ERR3573167,ERZ2226816,SAMEA5989477,PRJEB45055,SEQUENCE_ASSEMBLY,749907,sediment metagenome,ftp.sra.ebi.ac.uk/vol1/ERZ222/ERZ2226816/ERR3573167.fasta.gz,PRJEB34634,ERX3571405,ftp.sra.ebi.ac.uk/vol1/fastq/ERR357/007/ERR3573167/ERR3573167_1.fastq.gz;ftp.sra.ebi.ac.uk/vol1/fastq/ERR357/007/ERR3573167/ERR3573167_2.fastq.gz,ftp.sra.ebi.ac.uk/vol1/run/ERR357/ERR3573167/WTCHG_551515_259125.bam,,WTCHG_551515_259125,OXF-DW-250-SUM
ERR3573168,ERZ2227754,SAMEA5989477,PRJEB45055,SEQUENCE_ASSEMBLY,749907,sediment metagenome,ftp.sra.ebi.ac.uk/vol1/ERZ222/ERZ2227754/ERR3573168.fasta.gz,PRJEB34634,ERX3571406,ftp.sra.ebi.ac.uk/vol1/fastq/ERR357/008/ERR3573168/ERR3573168_1.fastq.gz;ftp.sra.ebi.ac.uk/vol1/fastq/ERR357/008/ERR3573168/ERR3573168_2.fastq.gz,ftp.sra.ebi.ac.uk/vol1/run/ERR357/ERR3573168/WTCHG_551514_259125.bam,,WTCHG_551514_259125,OXF-DW-250-SUM
ERR3573169,ERZ2272703,SAMEA5989477,PRJEB45055,SEQUENCE_ASSEMBLY,749907,sediment metagenome,ftp.sra.ebi.ac.uk/vol1/ERZ227/ERZ2272703/ERR3573169.fasta.gz,PRJEB34634,ERX3571407,ftp.sra.ebi.ac.uk/vol1/fastq/ERR357/009/ERR3573169/ERR3573169_1.fastq.gz;ftp.sra.ebi.ac.uk/vol1/fastq/ERR357/009/ERR3573169/ERR3573169_2.fastq.gz,ftp.sra.ebi.ac.uk/vol1/run/ERR357/ERR3573169/WTCHG_554367_259125.bam,,WTCHG_554367_259125,OXF-DW-250-SUM
ERR3573170,ERZ2226755,SAMEA5989477,PRJEB45055,SEQUENCE_ASSEMBLY,749907,sediment metagenome,ftp.sra.ebi.ac.uk/vol1/ERZ222/ERZ2226755/ERR3573170.fasta.gz,PRJEB34634,ERX3571408,ftp.sra.ebi.ac.uk/vol1/fastq/ERR357/000/ERR3573170/ERR3573170_1.fastq.gz;ftp.sra.ebi.ac.uk/vol1/fastq/ERR357/000/ERR3573170/ERR3573170_2.fastq.gz,ftp.sra.ebi.ac.uk/vol1/run/ERR357/ERR3573170/WTCHG_554366_259125.bam,,WTCHG_554366_259125,OXF-DW-250-SUM
ERR3573171,ERZ2272210,SAMEA5989477,PRJEB45055,SEQUENCE_ASSEMBLY,749907,sediment metagenome,ftp.sra.ebi.ac.uk/vol1/ERZ227/ERZ2272210/ERR3573171.fasta.gz,PRJEB34634,ERX3571409,ftp.sra.ebi.ac.uk/vol1/fastq/ERR357/001/ERR3573171/ERR3573171_1.fastq.gz;ftp.sra.ebi.ac.uk/vol1/fastq/ERR357/001/ERR3573171/ERR3573171_2.fastq.gz,ftp.sra.ebi.ac.uk/vol1/run/ERR357/ERR3573171/WTCHG_555221_259125.bam,,WTCHG_555221_259125,OXF-DW-250-SUM
ERR3573172,ERZ2271415,SAMEA5989477,PRJEB45055,SEQUENCE_ASSEMBLY,749907,sediment metagenome,ftp.sra.ebi.ac.uk/vol1/ERZ227/ERZ2271415/ERR3573172.fasta.gz,PRJEB34634,ERX3571410,ftp.sra.ebi.ac.uk/vol1/fastq/ERR357/002/ERR3573172/ERR3573172_1.fastq.gz;ftp.sra.ebi.ac.uk/vol1/fastq/ERR357/002/ERR3573172/ERR3573172_2.fastq.gz,ftp.sra.ebi.ac.uk/vol1/run/ERR357/ERR3573172/WTCHG_555217_259125.bam,,WTCHG_555217_259125,OXF-DW-250-SUM
ERR3573173,ERZ2270917,SAMEA5989477,PRJEB45055,SEQUENCE_ASSEMBLY,749907,sediment metagenome,ftp.sra.ebi.ac.uk/vol1/ERZ227/ERZ2270917/ERR3573173.fasta.gz,PRJEB34634,ERX3571411,ftp.sra.ebi.ac.uk/vol1/fastq/ERR357/003/ERR3573173/ERR3573173_1.fastq.gz;ftp.sra.ebi.ac.uk/vol1/fastq/ERR357/003/ERR3573173/ERR3573173_2.fastq.gz,ftp.sra.ebi.ac.uk/vol1/run/ERR357/ERR3573173/WTCHG_555216_259125.bam,,WTCHG_555216_259125,OXF-DW-250-SUM
ERR3573174,ERZ2271643,SAMEA5989477,PRJEB45055,SEQUENCE_ASSEMBLY,749907,sediment metagenome,ftp.sra.ebi.ac.uk/vol1/ERZ227/ERZ2271643/ERR3573174.fasta.gz,PRJEB34634,ERX3571412,ftp.sra.ebi.ac.uk/vol1/fastq/ERR357/004/ERR3573174/ERR3573174_1.fastq.gz;ftp.sra.ebi.ac.uk/vol1/fastq/ERR357/004/ERR3573174/ERR3573174_2.fastq.gz,ftp.sra.ebi.ac.uk/vol1/run/ERR357/ERR3573174/WTCHG_555220_259125.bam,,WTCHG_555220_259125,OXF-DW-250-SUM
ERR3573175,ERZ2271669,SAMEA5989477,PRJEB45055,SEQUENCE_ASSEMBLY,749907,sediment metagenome,ftp.sra.ebi.ac.uk/vol1/ERZ227/ERZ2271669/ERR3573175.fasta.gz,PRJEB34634,ERX3571413,ftp.sra.ebi.ac.uk/vol1/fastq/ERR357/005/ERR3573175/ERR3573175_1.fastq.gz;ftp.sra.ebi.ac.uk/vol1/fastq/ERR357/005/ERR3573175/ERR3573175_2.fastq.gz,ftp.sra.ebi.ac.uk/vol1/run/ERR357/ERR3573175/WTCHG_555215_259125.bam,,WTCHG_555215_259125,OXF-DW-250-SUM
ERR3573176,ERZ2272692,SAMEA5989477,PRJEB45055,SEQUENCE_ASSEMBLY,749907,sediment metagenome,ftp.sra.ebi.ac.uk/vol1/ERZ227/ERZ2272692/ERR3573176.fasta.gz,PRJEB34634,ERX3571414,ftp.sra.ebi.ac.uk/vol1/fastq/ERR357/006/ERR3573176/ERR3573176_1.fastq.gz;ftp.sra.ebi.ac.uk/vol1/fastq/ERR357/006/ERR3573176/ERR3573176_2.fastq.gz,ftp.sra.ebi.ac.uk/vol1/run/ERR357/ERR3573176/WTCHG_555214_259125.bam,,WTCHG_555214_259125,OXF-DW-250-SUM
ERR3573177,ERZ2272236,SAMEA5989477,PRJEB45055,SEQUENCE_ASSEMBLY,749907,sediment metagenome,ftp.sra.ebi.ac.uk/vol1/ERZ227/ERZ2272236/ERR3573177.fasta.gz,PRJEB34634,ERX3571415,ftp.sra.ebi.ac.uk/vol1/fastq/ERR357/007/ERR3573177/ERR3573177_1.fastq.gz;ftp.sra.ebi.ac.uk/vol1/fastq/ERR357/007/ERR3573177/ERR3573177_2.fastq.gz,ftp.sra.ebi.ac.uk/vol1/run/ERR357/ERR3573177/WTCHG_555219_259125.bam,,WTCHG_555219_259125,OXF-DW-250-SUM
ERR3573178,ERZ2272493,SAMEA5989477,PRJEB45055,SEQUENCE_ASSEMBLY,749907,sediment metagenome,ftp.sra.ebi.ac.uk/vol1/ERZ227/ERZ2272493/ERR3573178.fasta.gz,PRJEB34634,ERX3571416,ftp.sra.ebi.ac.uk/vol1/fastq/ERR357/008/ERR3573178/ERR3573178_1.fastq.gz;ftp.sra.ebi.ac.uk/vol1/fastq/ERR357/008/ERR3573178/ERR3573178_2.fastq.gz,ftp.sra.ebi.ac.uk/vol1/run/ERR357/ERR3573178/WTCHG_555218_259125.bam,,WTCHG_555218_259125,OXF-DW-250-SUM
ERR3573179,ERZ2272749,SAMEA5989477,PRJEB45055,SEQUENCE_ASSEMBLY,749907,sediment metagenome,ftp.sra.ebi.ac.uk/vol1/ERZ227/ERZ2272749/ERR3573179.fasta.gz,PRJEB34634,ERX3571417,ftp.sra.ebi.ac.uk/vol1/fastq/ERR357/009/ERR3573179/ERR3573179_1.fastq.gz;ftp.sra.ebi.ac.uk/vol1/fastq/ERR357/009/ERR3573179/ERR3573179_2.fastq.gz,ftp.sra.ebi.ac.uk/vol1/run/ERR357/ERR3573179/WTCHG_559241_259125.bam,,WTCHG_559241_259125,OXF-DW-250-SUM
ERR3573180,ERZ2271507,SAMEA5989477,PRJEB45055,SEQUENCE_ASSEMBLY,749907,sediment metagenome,ftp.sra.ebi.ac.uk/vol1/ERZ227/ERZ2271507/ERR3573180.fasta.gz,PRJEB34634,ERX3571418,ftp.sra.ebi.ac.uk/vol1/fastq/ERR357/000/ERR3573180/ERR3573180_1.fastq.gz;ftp.sra.ebi.ac.uk/vol1/fastq/ERR357/000/ERR3573180/ERR3573180_2.fastq.gz,ftp.sra.ebi.ac.uk/vol1/run/ERR357/ERR3573180/WTCHG_559243_259125.bam,,WTCHG_559243_259125,OXF-DW-250-SUM
ERR3573181,ERZ2270873,SAMEA5989477,PRJEB45055,SEQUENCE_ASSEMBLY,749907,sediment metagenome,ftp.sra.ebi.ac.uk/vol1/ERZ227/ERZ2270873/ERR3573181.fasta.gz,PRJEB34634,ERX3571419,ftp.sra.ebi.ac.uk/vol1/fastq/ERR357/001/ERR3573181/ERR3573181_1.fastq.gz;ftp.sra.ebi.ac.uk/vol1/fastq/ERR357/001/ERR3573181/ERR3573181_2.fastq.gz,ftp.sra.ebi.ac.uk/vol1/run/ERR357/ERR3573181/WTCHG_559240_259125.bam,,WTCHG_559240_259125,OXF-DW-250-SUM
ERR3573182,ERZ2272507,SAMEA5989477,PRJEB45055,SEQUENCE_ASSEMBLY,749907,sediment metagenome,ftp.sra.ebi.ac.uk/vol1/ERZ227/ERZ2272507/ERR3573182.fasta.gz,PRJEB34634,ERX3571420,ftp.sra.ebi.ac.uk/vol1/fastq/ERR357/002/ERR3573182/ERR3573182_1.fastq.gz;ftp.sra.ebi.ac.uk/vol1/fastq/ERR357/002/ERR3573182/ERR3573182_2.fastq.gz,ftp.sra.ebi.ac.uk/vol1/run/ERR357/ERR3573182/WTCHG_559242_259125.bam,,WTCHG_559242_259125,OXF-DW-250-SUM
ERR3573183,ERZ2272329,SAMEA5989477,PRJEB45055,SEQUENCE_ASSEMBLY,749907,sediment metagenome,ftp.sra.ebi.ac.uk/vol1/ERZ227/ERZ2272329/ERR3573183.fasta.gz,PRJEB34634,ERX3571421,ftp.sra.ebi.ac.uk/vol1/fastq/ERR357/003/ERR3573183/ERR3573183_1.fastq.gz;ftp.sra.ebi.ac.uk/vol1/fastq/ERR357/003/ERR3573183/ERR3573183_2.fastq.gz,ftp.sra.ebi.ac.uk/vol1/run/ERR357/ERR3573183/WTCHG_559244_259125.bam,,WTCHG_559244_259125,OXF-DW-250-SUM
ERR3573184,ERZ2272767,SAMEA5989477,PRJEB45055,SEQUENCE_ASSEMBLY,749907,sediment metagenome,ftp.sra.ebi.ac.uk/vol1/ERZ227/ERZ2272767/ERR3573184.fasta.gz,PRJEB34634,ERX3571422,ftp.sra.ebi.ac.uk/vol1/fastq/ERR357/004/ERR3573184/ERR3573184_1.fastq.gz;ftp.sra.ebi.ac.uk/vol1/fastq/ERR357/004/ERR3573184/ERR3573184_2.fastq.gz,ftp.sra.ebi.ac.uk/vol1/run/ERR357/ERR3573184/WTCHG_550636_269150.bam,,WTCHG_550636_269150,OXF-DW-250-WIN
ERR3573185,ERZ2227375,SAMEA5989477,PRJEB45055,SEQUENCE_ASSEMBLY,749907,sediment metagenome,ftp.sra.ebi.ac.uk/vol1/ERZ222/ERZ2227375/ERR3573185.fasta.gz,PRJEB34634,ERX3571423,ftp.sra.ebi.ac.uk/vol1/fastq/ERR357/005/ERR3573185/ERR3573185_1.fastq.gz;ftp.sra.ebi.ac.uk/vol1/fastq/ERR357/005/ERR3573185/ERR3573185_2.fastq.gz,ftp.sra.ebi.ac.uk/vol1/run/ERR357/ERR3573185/WTCHG_551514_269150.bam,,WTCHG_551514_269150,OXF-DW-250-WIN
ERR3573186,ERZ2272011,SAMEA5989477,PRJEB45055,SEQUENCE_ASSEMBLY,749907,sediment metagenome,ftp.sra.ebi.ac.uk/vol1/ERZ227/ERZ2272011/ERR3573186.fasta.gz,PRJEB34634,ERX3571424,ftp.sra.ebi.ac.uk/vol1/fastq/ERR357/006/ERR3573186/ERR3573186_1.fastq.gz;ftp.sra.ebi.ac.uk/vol1/fastq/ERR357/006/ERR3573186/ERR3573186_2.fastq.gz,ftp.sra.ebi.ac.uk/vol1/run/ERR357/ERR3573186/WTCHG_551515_269150.bam,,WTCHG_551515_269150,OXF-DW-250-WIN
ERR3573187,ERZ2271518,SAMEA5989477,PRJEB45055,SEQUENCE_ASSEMBLY,749907,sediment metagenome,ftp.sra.ebi.ac.uk/vol1/ERZ227/ERZ2271518/ERR3573187.fasta.gz,PRJEB34634,ERX3571425,ftp.sra.ebi.ac.uk/vol1/fastq/ERR357/007/ERR3573187/ERR3573187_1.fastq.gz;ftp.sra.ebi.ac.uk/vol1/fastq/ERR357/007/ERR3573187/ERR3573187_2.fastq.gz,ftp.sra.ebi.ac.uk/vol1/run/ERR357/ERR3573187/WTCHG_554367_269150.bam,,WTCHG_554367_269150,OXF-DW-250-WIN
ERR3573188,ERZ2271825,SAMEA5989477,PRJEB45055,SEQUENCE_ASSEMBLY,749907,sediment metagenome,ftp.sra.ebi.ac.uk/vol1/ERZ227/ERZ2271825/ERR3573188.fasta.gz,PRJEB34634,ERX3571426,ftp.sra.ebi.ac.uk/vol1/fastq/ERR357/008/ERR3573188/ERR3573188_1.fastq.gz;ftp.sra.ebi.ac.uk/vol1/fastq/ERR357/008/ERR3573188/ERR3573188_2.fastq.gz,ftp.sra.ebi.ac.uk/vol1/run/ERR357/ERR3573188/WTCHG_554366_269150.bam,,WTCHG_554366_269150,OXF-DW-250-WIN
ERR3573189,ERZ2272045,SAMEA5989477,PRJEB45055,SEQUENCE_ASSEMBLY,749907,sediment metagenome,ftp.sra.ebi.ac.uk/vol1/ERZ227/ERZ2272045/ERR3573189.fasta.gz,PRJEB34634,ERX3571427,ftp.sra.ebi.ac.uk/vol1/fastq/ERR357/009/ERR3573189/ERR3573189_1.fastq.gz;ftp.sra.ebi.ac.uk/vol1/fastq/ERR357/009/ERR3573189/ERR3573189_2.fastq.gz,ftp.sra.ebi.ac.uk/vol1/run/ERR357/ERR3573189/WTCHG_555217_269150.bam,,WTCHG_555217_269150,OXF-DW-250-WIN
ERR3573190,ERZ2227461,SAMEA5989477,PRJEB45055,SEQUENCE_ASSEMBLY,749907,sediment metagenome,ftp.sra.ebi.ac.uk/vol1/ERZ222/ERZ2227461/ERR3573190.fasta.gz,PRJEB34634,ERX3571428,ftp.sra.ebi.ac.uk/vol1/fastq/ERR357/000/ERR3573190/ERR3573190_1.fastq.gz;ftp.sra.ebi.ac.uk/vol1/fastq/ERR357/000/ERR3573190/ERR3573190_2.fastq.gz,ftp.sra.ebi.ac.uk/vol1/run/ERR357/ERR3573190/WTCHG_555220_269150.bam,,WTCHG_555220_269150,OXF-DW-250-WIN
ERR3573191,ERZ2272168,SAMEA5989477,PRJEB45055,SEQUENCE_ASSEMBLY,749907,sediment metagenome,ftp.sra.ebi.ac.uk/vol1/ERZ227/ERZ2272168/ERR3573191.fasta.gz,PRJEB34634,ERX3571429,ftp.sra.ebi.ac.uk/vol1/fastq/ERR357/001/ERR3573191/ERR3573191_1.fastq.gz;ftp.sra.ebi.ac.uk/vol1/fastq/ERR357/001/ERR3573191/ERR3573191_2.fastq.gz,ftp.sra.ebi.ac.uk/vol1/run/ERR357/ERR3573191/WTCHG_555221_269150.bam,,WTCHG_555221_269150,OXF-DW-250-WIN
ERR3573192,ERZ2272273,SAMEA5989477,PRJEB45055,SEQUENCE_ASSEMBLY,749907,sediment metagenome,ftp.sra.ebi.ac.uk/vol1/ERZ227/ERZ2272273/ERR3573192.fasta.gz,PRJEB34634,ERX3571430,ftp.sra.ebi.ac.uk/vol1/fastq/ERR357/002/ERR3573192/ERR3573192_1.fastq.gz;ftp.sra.ebi.ac.uk/vol1/fastq/ERR357/002/ERR3573192/ERR3573192_2.fastq.gz,ftp.sra.ebi.ac.uk/vol1/run/ERR357/ERR3573192/WTCHG_555218_269150.bam,,WTCHG_555218_269150,OXF-DW-250-WIN
ERR3573193,ERZ2271870,SAMEA5989477,PRJEB45055,SEQUENCE_ASSEMBLY,749907,sediment metagenome,ftp.sra.ebi.ac.uk/vol1/ERZ227/ERZ2271870/ERR3573193.fasta.gz,PRJEB34634,ERX3571431,ftp.sra.ebi.ac.uk/vol1/fastq/ERR357/003/ERR3573193/ERR3573193_1.fastq.gz;ftp.sra.ebi.ac.uk/vol1/fastq/ERR357/003/ERR3573193/ERR3573193_2.fastq.gz,ftp.sra.ebi.ac.uk/vol1/run/ERR357/ERR3573193/WTCHG_555219_269150.bam,,WTCHG_555219_269150,OXF-DW-250-WIN
ERR3573194,ERZ2226799,SAMEA5989477,PRJEB45055,SEQUENCE_ASSEMBLY,749907,sediment metagenome,ftp.sra.ebi.ac.uk/vol1/ERZ222/ERZ2226799/ERR3573194.fasta.gz,PRJEB34634,ERX3571432,ftp.sra.ebi.ac.uk/vol1/fastq/ERR357/004/ERR3573194/ERR3573194_1.fastq.gz;ftp.sra.ebi.ac.uk/vol1/fastq/ERR357/004/ERR3573194/ERR3573194_2.fastq.gz,ftp.sra.ebi.ac.uk/vol1/run/ERR357/ERR3573194/WTCHG_555214_269150.bam,,WTCHG_555214_269150,OXF-DW-250-WIN
ERR3573195,ERZ2272158,SAMEA5989477,PRJEB45055,SEQUENCE_ASSEMBLY,749907,sediment metagenome,ftp.sra.ebi.ac.uk/vol1/ERZ227/ERZ2272158/ERR3573195.fasta.gz,PRJEB34634,ERX3571433,ftp.sra.ebi.ac.uk/vol1/fastq/ERR357/005/ERR3573195/ERR3573195_1.fastq.gz;ftp.sra.ebi.ac.uk/vol1/fastq/ERR357/005/ERR3573195/ERR3573195_2.fastq.gz,ftp.sra.ebi.ac.uk/vol1/run/ERR357/ERR3573195/WTCHG_555216_269150.bam,,WTCHG_555216_269150,OXF-DW-250-WIN
ERR3573196,ERZ2271929,SAMEA5989477,PRJEB45055,SEQUENCE_ASSEMBLY,749907,sediment metagenome,ftp.sra.ebi.ac.uk/vol1/ERZ227/ERZ2271929/ERR3573196.fasta.gz,PRJEB34634,ERX3571434,ftp.sra.ebi.ac.uk/vol1/fastq/ERR357/006/ERR3573196/ERR3573196_1.fastq.gz;ftp.sra.ebi.ac.uk/vol1/fastq/ERR357/006/ERR3573196/ERR3573196_2.fastq.gz,ftp.sra.ebi.ac.uk/vol1/run/ERR357/ERR3573196/WTCHG_555215_269150.bam,,WTCHG_555215_269150,OXF-DW-250-WIN
ERR3573197,ERZ2270901,SAMEA5989477,PRJEB45055,SEQUENCE_ASSEMBLY,749907,sediment metagenome,ftp.sra.ebi.ac.uk/vol1/ERZ227/ERZ2270901/ERR3573197.fasta.gz,PRJEB34634,ERX3571435,ftp.sra.ebi.ac.uk/vol1/fastq/ERR357/007/ERR3573197/ERR3573197_1.fastq.gz;ftp.sra.ebi.ac.uk/vol1/fastq/ERR357/007/ERR3573197/ERR3573197_2.fastq.gz,ftp.sra.ebi.ac.uk/vol1/run/ERR357/ERR3573197/WTCHG_559244_269150.bam,,WTCHG_559244_269150,OXF-DW-250-WIN
ERR3573198,ERZ2271557,SAMEA5989477,PRJEB45055,SEQUENCE_ASSEMBLY,749907,sediment metagenome,ftp.sra.ebi.ac.uk/vol1/ERZ227/ERZ2271557/ERR3573198.fasta.gz,PRJEB34634,ERX3571436,ftp.sra.ebi.ac.uk/vol1/fastq/ERR357/008/ERR3573198/ERR3573198_1.fastq.gz;ftp.sra.ebi.ac.uk/vol1/fastq/ERR357/008/ERR3573198/ERR3573198_2.fastq.gz,ftp.sra.ebi.ac.uk/vol1/run/ERR357/ERR3573198/WTCHG_559240_269150.bam,,WTCHG_559240_269150,OXF-DW-250-WIN
ERR3573199,ERZ2272107,SAMEA5989477,PRJEB45055,SEQUENCE_ASSEMBLY,749907,sediment metagenome,ftp.sra.ebi.ac.uk/vol1/ERZ227/ERZ2272107/ERR3573199.fasta.gz,PRJEB34634,ERX3571437,ftp.sra.ebi.ac.uk/vol1/fastq/ERR357/009/ERR3573199/ERR3573199_1.fastq.gz;ftp.sra.ebi.ac.uk/vol1/fastq/ERR357/009/ERR3573199/ERR3573199_2.fastq.gz,ftp.sra.ebi.ac.uk/vol1/run/ERR357/ERR3573199/WTCHG_559241_269150.bam,,WTCHG_559241_269150,OXF-DW-250-WIN
ERR3573200,ERZ2271986,SAMEA5989477,PRJEB45055,SEQUENCE_ASSEMBLY,749907,sediment metagenome,ftp.sra.ebi.ac.uk/vol1/ERZ227/ERZ2271986/ERR3573200.fasta.gz,PRJEB34634,ERX3571438,ftp.sra.ebi.ac.uk/vol1/fastq/ERR357/000/ERR3573200/ERR3573200_1.fastq.gz;ftp.sra.ebi.ac.uk/vol1/fastq/ERR357/000/ERR3573200/ERR3573200_2.fastq.gz,ftp.sra.ebi.ac.uk/vol1/run/ERR357/ERR3573200/WTCHG_559243_269150.bam,,WTCHG_559243_269150,OXF-DW-250-WIN
ERR3573201,ERZ2226874,SAMEA5989477,PRJEB45055,SEQUENCE_ASSEMBLY,749907,sediment metagenome,ftp.sra.ebi.ac.uk/vol1/ERZ222/ERZ2226874/ERR3573201.fasta.gz,PRJEB34634,ERX3571439,ftp.sra.ebi.ac.uk/vol1/fastq/ERR357/001/ERR3573201/ERR3573201_1.fastq.gz;ftp.sra.ebi.ac.uk/vol1/fastq/ERR357/001/ERR3573201/ERR3573201_2.fastq.gz,ftp.sra.ebi.ac.uk/vol1/run/ERR357/ERR3573201/WTCHG_559242_269150.bam,,WTCHG_559242_269150,OXF-DW-250-WIN
ERR3573202,ERZ2271801,SAMEA5989477,PRJEB45055,SEQUENCE_ASSEMBLY,749907,sediment metagenome,ftp.sra.ebi.ac.uk/vol1/ERZ227/ERZ2271801/ERR3573202.fasta.gz,PRJEB34634,ERX3571440,ftp.sra.ebi.ac.uk/vol1/fastq/ERR357/002/ERR3573202/ERR3573202_1.fastq.gz;ftp.sra.ebi.ac.uk/vol1/fastq/ERR357/002/ERR3573202/ERR3573202_2.fastq.gz,ftp.sra.ebi.ac.uk/vol1/run/ERR357/ERR3573202/WTCHG_550636_265102.bam,,WTCHG_550636_265102,OXF-DW-500-AUT
ERR3573203,ERZ2271950,SAMEA5989477,PRJEB45055,SEQUENCE_ASSEMBLY,749907,sediment metagenome,ftp.sra.ebi.ac.uk/vol1/ERZ227/ERZ2271950/ERR3573203.fasta.gz,PRJEB34634,ERX3571441,ftp.sra.ebi.ac.uk/vol1/fastq/ERR357/003/ERR3573203/ERR3573203_1.fastq.gz;ftp.sra.ebi.ac.uk/vol1/fastq/ERR357/003/ERR3573203/ERR3573203_2.fastq.gz,ftp.sra.ebi.ac.uk/vol1/run/ERR357/ERR3573203/WTCHG_551515_265102.bam,,WTCHG_551515_265102,OXF-DW-500-AUT
ERR3573204,ERZ2270288,SAMEA5989477,PRJEB45055,SEQUENCE_ASSEMBLY,749907,sediment metagenome,ftp.sra.ebi.ac.uk/vol1/ERZ227/ERZ2270288/ERR3573204.fasta.gz,PRJEB34634,ERX3571442,ftp.sra.ebi.ac.uk/vol1/fastq/ERR357/004/ERR3573204/ERR3573204_1.fastq.gz;ftp.sra.ebi.ac.uk/vol1/fastq/ERR357/004/ERR3573204/ERR3573204_2.fastq.gz,ftp.sra.ebi.ac.uk/vol1/run/ERR357/ERR3573204/WTCHG_551514_265102.bam,,WTCHG_551514_265102,OXF-DW-500-AUT
ERR3573205,ERZ2271999,SAMEA5989477,PRJEB45055,SEQUENCE_ASSEMBLY,749907,sediment metagenome,ftp.sra.ebi.ac.uk/vol1/ERZ227/ERZ2271999/ERR3573205.fasta.gz,PRJEB34634,ERX3571443,ftp.sra.ebi.ac.uk/vol1/fastq/ERR357/005/ERR3573205/ERR3573205_1.fastq.gz;ftp.sra.ebi.ac.uk/vol1/fastq/ERR357/005/ERR3573205/ERR3573205_2.fastq.gz,ftp.sra.ebi.ac.uk/vol1/run/ERR357/ERR3573205/WTCHG_554366_265102.bam,,WTCHG_554366_265102,OXF-DW-500-AUT
ERR3573206,ERZ2271974,SAMEA5989477,PRJEB45055,SEQUENCE_ASSEMBLY,749907,sediment metagenome,ftp.sra.ebi.ac.uk/vol1/ERZ227/ERZ2271974/ERR3573206.fasta.gz,PRJEB34634,ERX3571444,ftp.sra.ebi.ac.uk/vol1/fastq/ERR357/006/ERR3573206/ERR3573206_1.fastq.gz;ftp.sra.ebi.ac.uk/vol1/fastq/ERR357/006/ERR3573206/ERR3573206_2.fastq.gz,ftp.sra.ebi.ac.uk/vol1/run/ERR357/ERR3573206/WTCHG_554367_265102.bam,,WTCHG_554367_265102,OXF-DW-500-AUT
ERR3573207,ERZ2272244,SAMEA5989477,PRJEB45055,SEQUENCE_ASSEMBLY,749907,sediment metagenome,ftp.sra.ebi.ac.uk/vol1/ERZ227/ERZ2272244/ERR3573207.fasta.gz,PRJEB34634,ERX3571445,ftp.sra.ebi.ac.uk/vol1/fastq/ERR357/007/ERR3573207/ERR3573207_1.fastq.gz;ftp.sra.ebi.ac.uk/vol1/fastq/ERR357/007/ERR3573207/ERR3573207_2.fastq.gz,ftp.sra.ebi.ac.uk/vol1/run/ERR357/ERR3573207/WTCHG_555215_265102.bam,,WTCHG_555215_265102,OXF-DW-500-AUT
ERR3573208,ERZ2271617,SAMEA5989477,PRJEB45055,SEQUENCE_ASSEMBLY,749907,sediment metagenome,ftp.sra.ebi.ac.uk/vol1/ERZ227/ERZ2271617/ERR3573208.fasta.gz,PRJEB34634,ERX3571446,ftp.sra.ebi.ac.uk/vol1/fastq/ERR357/008/ERR3573208/ERR3573208_1.fastq.gz;ftp.sra.ebi.ac.uk/vol1/fastq/ERR357/008/ERR3573208/ERR3573208_2.fastq.gz,ftp.sra.ebi.ac.uk/vol1/run/ERR357/ERR3573208/WTCHG_555219_265102.bam,,WTCHG_555219_265102,OXF-DW-500-AUT
ERR3573209,ERZ2272081,SAMEA5989477,PRJEB45055,SEQUENCE_ASSEMBLY,749907,sediment metagenome,ftp.sra.ebi.ac.uk/vol1/ERZ227/ERZ2272081/ERR3573209.fasta.gz,PRJEB34634,ERX3571447,ftp.sra.ebi.ac.uk/vol1/fastq/ERR357/009/ERR3573209/ERR3573209_1.fastq.gz;ftp.sra.ebi.ac.uk/vol1/fastq/ERR357/009/ERR3573209/ERR3573209_2.fastq.gz,ftp.sra.ebi.ac.uk/vol1/run/ERR357/ERR3573209/WTCHG_555221_265102.bam,,WTCHG_555221_265102,OXF-DW-500-AUT
ERR3573210,ERZ2227129,SAMEA5989477,PRJEB45055,SEQUENCE_ASSEMBLY,749907,sediment metagenome,ftp.sra.ebi.ac.uk/vol1/ERZ222/ERZ2227129/ERR3573210.fasta.gz,PRJEB34634,ERX3571448,ftp.sra.ebi.ac.uk/vol1/fastq/ERR357/000/ERR3573210/ERR3573210_1.fastq.gz;ftp.sra.ebi.ac.uk/vol1/fastq/ERR357/000/ERR3573210/ERR3573210_2.fastq.gz,ftp.sra.ebi.ac.uk/vol1/run/ERR357/ERR3573210/WTCHG_555216_265102.bam,,WTCHG_555216_265102,OXF-DW-500-AUT
ERR3573211,ERZ2270635,SAMEA5989477,PRJEB45055,SEQUENCE_ASSEMBLY,749907,sediment metagenome,ftp.sra.ebi.ac.uk/vol1/ERZ227/ERZ2270635/ERR3573211.fasta.gz,PRJEB34634,ERX3571449,ftp.sra.ebi.ac.uk/vol1/fastq/ERR357/001/ERR3573211/ERR3573211_1.fastq.gz;ftp.sra.ebi.ac.uk/vol1/fastq/ERR357/001/ERR3573211/ERR3573211_2.fastq.gz,ftp.sra.ebi.ac.uk/vol1/run/ERR357/ERR3573211/WTCHG_555214_265102.bam,,WTCHG_555214_265102,OXF-DW-500-AUT
ERR3573212,ERZ2270820,SAMEA5989477,PRJEB45055,SEQUENCE_ASSEMBLY,749907,sediment metagenome,ftp.sra.ebi.ac.uk/vol1/ERZ227/ERZ2270820/ERR3573212.fasta.gz,PRJEB34634,ERX3571450,ftp.sra.ebi.ac.uk/vol1/fastq/ERR357/002/ERR3573212/ERR3573212_1.fastq.gz;ftp.sra.ebi.ac.uk/vol1/fastq/ERR357/002/ERR3573212/ERR3573212_2.fastq.gz,ftp.sra.ebi.ac.uk/vol1/run/ERR357/ERR3573212/WTCHG_555218_265102.bam,,WTCHG_555218_265102,OXF-DW-500-AUT
ERR3573213,ERZ2272212,SAMEA5989477,PRJEB45055,SEQUENCE_ASSEMBLY,749907,sediment metagenome,ftp.sra.ebi.ac.uk/vol1/ERZ227/ERZ2272212/ERR3573213.fasta.gz,PRJEB34634,ERX3571451,ftp.sra.ebi.ac.uk/vol1/fastq/ERR357/003/ERR3573213/ERR3573213_1.fastq.gz;ftp.sra.ebi.ac.uk/vol1/fastq/ERR357/003/ERR3573213/ERR3573213_2.fastq.gz,ftp.sra.ebi.ac.uk/vol1/run/ERR357/ERR3573213/WTCHG_555220_265102.bam,,WTCHG_555220_265102,OXF-DW-500-AUT
ERR3573214,ERZ2272314,SAMEA5989477,PRJEB45055,SEQUENCE_ASSEMBLY,749907,sediment metagenome,ftp.sra.ebi.ac.uk/vol1/ERZ227/ERZ2272314/ERR3573214.fasta.gz,PRJEB34634,ERX3571452,ftp.sra.ebi.ac.uk/vol1/fastq/ERR357/004/ERR3573214/ERR3573214_1.fastq.gz;ftp.sra.ebi.ac.uk/vol1/fastq/ERR357/004/ERR3573214/ERR3573214_2.fastq.gz,ftp.sra.ebi.ac.uk/vol1/run/ERR357/ERR3573214/WTCHG_555217_265102.bam,,WTCHG_555217_265102,OXF-DW-500-AUT
ERR3573215,ERZ2272015,SAMEA5989477,PRJEB45055,SEQUENCE_ASSEMBLY,749907,sediment metagenome,ftp.sra.ebi.ac.uk/vol1/ERZ227/ERZ2272015/ERR3573215.fasta.gz,PRJEB34634,ERX3571453,ftp.sra.ebi.ac.uk/vol1/fastq/ERR357/005/ERR3573215/ERR3573215_1.fastq.gz;ftp.sra.ebi.ac.uk/vol1/fastq/ERR357/005/ERR3573215/ERR3573215_2.fastq.gz,ftp.sra.ebi.ac.uk/vol1/run/ERR357/ERR3573215/WTCHG_559243_265102.bam,,WTCHG_559243_265102,OXF-DW-500-AUT
ERR3573216,ERZ2227350,SAMEA5989477,PRJEB45055,SEQUENCE_ASSEMBLY,749907,sediment metagenome,ftp.sra.ebi.ac.uk/vol1/ERZ222/ERZ2227350/ERR3573216.fasta.gz,PRJEB34634,ERX3571454,ftp.sra.ebi.ac.uk/vol1/fastq/ERR357/006/ERR3573216/ERR3573216_1.fastq.gz;ftp.sra.ebi.ac.uk/vol1/fastq/ERR357/006/ERR3573216/ERR3573216_2.fastq.gz,ftp.sra.ebi.ac.uk/vol1/run/ERR357/ERR3573216/WTCHG_559242_265102.bam,,WTCHG_559242_265102,OXF-DW-500-AUT
ERR3573217,ERZ2270596,SAMEA5989477,PRJEB45055,SEQUENCE_ASSEMBLY,749907,sediment metagenome,ftp.sra.ebi.ac.uk/vol1/ERZ227/ERZ2270596/ERR3573217.fasta.gz,PRJEB34634,ERX3571455,ftp.sra.ebi.ac.uk/vol1/fastq/ERR357/007/ERR3573217/ERR3573217_1.fastq.gz;ftp.sra.ebi.ac.uk/vol1/fastq/ERR357/007/ERR3573217/ERR3573217_2.fastq.gz,ftp.sra.ebi.ac.uk/vol1/run/ERR357/ERR3573217/WTCHG_559241_265102.bam,,WTCHG_559241_265102,OXF-DW-500-AUT
ERR3573218,ERZ2271023,SAMEA5989477,PRJEB45055,SEQUENCE_ASSEMBLY,749907,sediment metagenome,ftp.sra.ebi.ac.uk/vol1/ERZ227/ERZ2271023/ERR3573218.fasta.gz,PRJEB34634,ERX3571456,ftp.sra.ebi.ac.uk/vol1/fastq/ERR357/008/ERR3573218/ERR3573218_1.fastq.gz;ftp.sra.ebi.ac.uk/vol1/fastq/ERR357/008/ERR3573218/ERR3573218_2.fastq.gz,ftp.sra.ebi.ac.uk/vol1/run/ERR357/ERR3573218/WTCHG_559244_265102.bam,,WTCHG_559244_265102,OXF-DW-500-AUT
ERR3573219,ERZ2271453,SAMEA5989477,PRJEB45055,SEQUENCE_ASSEMBLY,749907,sediment metagenome,ftp.sra.ebi.ac.uk/vol1/ERZ227/ERZ2271453/ERR3573219.fasta.gz,PRJEB34634,ERX3571457,ftp.sra.ebi.ac.uk/vol1/fastq/ERR357/009/ERR3573219/ERR3573219_1.fastq.gz;ftp.sra.ebi.ac.uk/vol1/fastq/ERR357/009/ERR3573219/ERR3573219_2.fastq.gz,ftp.sra.ebi.ac.uk/vol1/run/ERR357/ERR3573219/WTCHG_559240_265102.bam,,WTCHG_559240_265102,OXF-DW-500-AUT
ERR3573220,ERZ2271650,SAMEA5989477,PRJEB45055,SEQUENCE_ASSEMBLY,749907,sediment metagenome,ftp.sra.ebi.ac.uk/vol1/ERZ227/ERZ2271650/ERR3573220.fasta.gz,PRJEB34634,ERX3571458,ftp.sra.ebi.ac.uk/vol1/fastq/ERR357/000/ERR3573220/ERR3573220_1.fastq.gz;ftp.sra.ebi.ac.uk/vol1/fastq/ERR357/000/ERR3573220/ERR3573220_2.fastq.gz,ftp.sra.ebi.ac.uk/vol1/run/ERR357/ERR3573220/WTCHG_550636_260137.bam,,WTCHG_550636_260137,OXF-DW-500-SUM
ERR3573221,ERZ2271615,SAMEA5989477,PRJEB45055,SEQUENCE_ASSEMBLY,749907,sediment metagenome,ftp.sra.ebi.ac.uk/vol1/ERZ227/ERZ2271615/ERR3573221.fasta.gz,PRJEB34634,ERX3571459,ftp.sra.ebi.ac.uk/vol1/fastq/ERR357/001/ERR3573221/ERR3573221_1.fastq.gz;ftp.sra.ebi.ac.uk/vol1/fastq/ERR357/001/ERR3573221/ERR3573221_2.fastq.gz,ftp.sra.ebi.ac.uk/vol1/run/ERR357/ERR3573221/WTCHG_551515_260137.bam,,WTCHG_551515_260137,OXF-DW-500-SUM
ERR3573222,ERZ2272340,SAMEA5989477,PRJEB45055,SEQUENCE_ASSEMBLY,749907,sediment metagenome,ftp.sra.ebi.ac.uk/vol1/ERZ227/ERZ2272340/ERR3573222.fasta.gz,PRJEB34634,ERX3571460,ftp.sra.ebi.ac.uk/vol1/fastq/ERR357/002/ERR3573222/ERR3573222_1.fastq.gz;ftp.sra.ebi.ac.uk/vol1/fastq/ERR357/002/ERR3573222/ERR3573222_2.fastq.gz,ftp.sra.ebi.ac.uk/vol1/run/ERR357/ERR3573222/WTCHG_551514_260137.bam,,WTCHG_551514_260137,OXF-DW-500-SUM
ERR3573223,ERZ2226709,SAMEA5989477,PRJEB45055,SEQUENCE_ASSEMBLY,749907,sediment metagenome,ftp.sra.ebi.ac.uk/vol1/ERZ222/ERZ2226709/ERR3573223.fasta.gz,PRJEB34634,ERX3571461,ftp.sra.ebi.ac.uk/vol1/fastq/ERR357/003/ERR3573223/ERR3573223_1.fastq.gz;ftp.sra.ebi.ac.uk/vol1/fastq/ERR357/003/ERR3573223/ERR3573223_2.fastq.gz,ftp.sra.ebi.ac.uk/vol1/run/ERR357/ERR3573223/WTCHG_554367_260137.bam,,WTCHG_554367_260137,OXF-DW-500-SUM
ERR3573224,ERZ2270247,SAMEA5989477,PRJEB45055,SEQUENCE_ASSEMBLY,749907,sediment metagenome,ftp.sra.ebi.ac.uk/vol1/ERZ227/ERZ2270247/ERR3573224.fasta.gz,PRJEB34634,ERX3571462,ftp.sra.ebi.ac.uk/vol1/fastq/ERR357/004/ERR3573224/ERR3573224_1.fastq.gz;ftp.sra.ebi.ac.uk/vol1/fastq/ERR357/004/ERR3573224/ERR3573224_2.fastq.gz,ftp.sra.ebi.ac.uk/vol1/run/ERR357/ERR3573224/WTCHG_554366_260137.bam,,WTCHG_554366_260137,OXF-DW-500-SUM
ERR3573225,ERZ2271611,SAMEA5989477,PRJEB45055,SEQUENCE_ASSEMBLY,749907,sediment metagenome,ftp.sra.ebi.ac.uk/vol1/ERZ227/ERZ2271611/ERR3573225.fasta.gz,PRJEB34634,ERX3571463,ftp.sra.ebi.ac.uk/vol1/fastq/ERR357/005/ERR3573225/ERR3573225_1.fastq.gz;ftp.sra.ebi.ac.uk/vol1/fastq/ERR357/005/ERR3573225/ERR3573225_2.fastq.gz,ftp.sra.ebi.ac.uk/vol1/run/ERR357/ERR3573225/WTCHG_555219_260137.bam,,WTCHG_555219_260137,OXF-DW-500-SUM
ERR3573226,ERZ2227386,SAMEA5989477,PRJEB45055,SEQUENCE_ASSEMBLY,749907,sediment metagenome,ftp.sra.ebi.ac.uk/vol1/ERZ222/ERZ2227386/ERR3573226.fasta.gz,PRJEB34634,ERX3571464,ftp.sra.ebi.ac.uk/vol1/fastq/ERR357/006/ERR3573226/ERR3573226_1.fastq.gz;ftp.sra.ebi.ac.uk/vol1/fastq/ERR357/006/ERR3573226/ERR3573226_2.fastq.gz,ftp.sra.ebi.ac.uk/vol1/run/ERR357/ERR3573226/WTCHG_555215_260137.bam,,WTCHG_555215_260137,OXF-DW-500-SUM
ERR3573227,ERZ2226696,SAMEA5989477,PRJEB45055,SEQUENCE_ASSEMBLY,749907,sediment metagenome,ftp.sra.ebi.ac.uk/vol1/ERZ222/ERZ2226696/ERR3573227.fasta.gz,PRJEB34634,ERX3571465,ftp.sra.ebi.ac.uk/vol1/fastq/ERR357/007/ERR3573227/ERR3573227_1.fastq.gz;ftp.sra.ebi.ac.uk/vol1/fastq/ERR357/007/ERR3573227/ERR3573227_2.fastq.gz,ftp.sra.ebi.ac.uk/vol1/run/ERR357/ERR3573227/WTCHG_555218_260137.bam,,WTCHG_555218_260137,OXF-DW-500-SUM
ERR3573228,ERZ2226695,SAMEA5989477,PRJEB45055,SEQUENCE_ASSEMBLY,749907,sediment metagenome,ftp.sra.ebi.ac.uk/vol1/ERZ222/ERZ2226695/ERR3573228.fasta.gz,PRJEB34634,ERX3571466,ftp.sra.ebi.ac.uk/vol1/fastq/ERR357/008/ERR3573228/ERR3573228_1.fastq.gz;ftp.sra.ebi.ac.uk/vol1/fastq/ERR357/008/ERR3573228/ERR3573228_2.fastq.gz,ftp.sra.ebi.ac.uk/vol1/run/ERR357/ERR3573228/WTCHG_555216_260137.bam,,WTCHG_555216_260137,OXF-DW-500-SUM
ERR3573229,ERZ2272287,SAMEA5989477,PRJEB45055,SEQUENCE_ASSEMBLY,749907,sediment metagenome,ftp.sra.ebi.ac.uk/vol1/ERZ227/ERZ2272287/ERR3573229.fasta.gz,PRJEB34634,ERX3571467,ftp.sra.ebi.ac.uk/vol1/fastq/ERR357/009/ERR3573229/ERR3573229_1.fastq.gz;ftp.sra.ebi.ac.uk/vol1/fastq/ERR357/009/ERR3573229/ERR3573229_2.fastq.gz,ftp.sra.ebi.ac.uk/vol1/run/ERR357/ERR3573229/WTCHG_555220_260137.bam,,WTCHG_555220_260137,OXF-DW-500-SUM
ERR3573230,ERZ2270388,SAMEA5989477,PRJEB45055,SEQUENCE_ASSEMBLY,749907,sediment metagenome,ftp.sra.ebi.ac.uk/vol1/ERZ227/ERZ2270388/ERR3573230.fasta.gz,PRJEB34634,ERX3571468,ftp.sra.ebi.ac.uk/vol1/fastq/ERR357/000/ERR3573230/ERR3573230_1.fastq.gz;ftp.sra.ebi.ac.uk/vol1/fastq/ERR357/000/ERR3573230/ERR3573230_2.fastq.gz,ftp.sra.ebi.ac.uk/vol1/run/ERR357/ERR3573230/WTCHG_555221_260137.bam,,WTCHG_555221_260137,OXF-DW-500-SUM
ERR3573231,ERZ2272672,SAMEA5989477,PRJEB45055,SEQUENCE_ASSEMBLY,749907,sediment metagenome,ftp.sra.ebi.ac.uk/vol1/ERZ227/ERZ2272672/ERR3573231.fasta.gz,PRJEB34634,ERX3571469,ftp.sra.ebi.ac.uk/vol1/fastq/ERR357/001/ERR3573231/ERR3573231_1.fastq.gz;ftp.sra.ebi.ac.uk/vol1/fastq/ERR357/001/ERR3573231/ERR3573231_2.fastq.gz,ftp.sra.ebi.ac.uk/vol1/run/ERR357/ERR3573231/WTCHG_555217_260137.bam,,WTCHG_555217_260137,OXF-DW-500-SUM
ERR3573232,ERZ2226742,SAMEA5989477,PRJEB45055,SEQUENCE_ASSEMBLY,749907,sediment metagenome,ftp.sra.ebi.ac.uk/vol1/ERZ222/ERZ2226742/ERR3573232.fasta.gz,PRJEB34634,ERX3571470,ftp.sra.ebi.ac.uk/vol1/fastq/ERR357/002/ERR3573232/ERR3573232_1.fastq.gz;ftp.sra.ebi.ac.uk/vol1/fastq/ERR357/002/ERR3573232/ERR3573232_2.fastq.gz,ftp.sra.ebi.ac.uk/vol1/run/ERR357/ERR3573232/WTCHG_555214_260137.bam,,WTCHG_555214_260137,OXF-DW-500-SUM
ERR3573233,ERZ2271088,SAMEA5989477,PRJEB45055,SEQUENCE_ASSEMBLY,749907,sediment metagenome,ftp.sra.ebi.ac.uk/vol1/ERZ227/ERZ2271088/ERR3573233.fasta.gz,PRJEB34634,ERX3571471,ftp.sra.ebi.ac.uk/vol1/fastq/ERR357/003/ERR3573233/ERR3573233_1.fastq.gz;ftp.sra.ebi.ac.uk/vol1/fastq/ERR357/003/ERR3573233/ERR3573233_2.fastq.gz,ftp.sra.ebi.ac.uk/vol1/run/ERR357/ERR3573233/WTCHG_559243_260137.bam,,WTCHG_559243_260137,OXF-DW-500-SUM
ERR3573234,ERZ2271756,SAMEA5989477,PRJEB45055,SEQUENCE_ASSEMBLY,749907,sediment metagenome,ftp.sra.ebi.ac.uk/vol1/ERZ227/ERZ2271756/ERR3573234.fasta.gz,PRJEB34634,ERX3571472,ftp.sra.ebi.ac.uk/vol1/fastq/ERR357/004/ERR3573234/ERR3573234_1.fastq.gz;ftp.sra.ebi.ac.uk/vol1/fastq/ERR357/004/ERR3573234/ERR3573234_2.fastq.gz,ftp.sra.ebi.ac.uk/vol1/run/ERR357/ERR3573234/WTCHG_559244_260137.bam,,WTCHG_559244_260137,OXF-DW-500-SUM
ERR3573235,ERZ2227696,SAMEA5989477,PRJEB45055,SEQUENCE_ASSEMBLY,749907,sediment metagenome,ftp.sra.ebi.ac.uk/vol1/ERZ222/ERZ2227696/ERR3573235.fasta.gz,PRJEB34634,ERX3571473,ftp.sra.ebi.ac.uk/vol1/fastq/ERR357/005/ERR3573235/ERR3573235_1.fastq.gz;ftp.sra.ebi.ac.uk/vol1/fastq/ERR357/005/ERR3573235/ERR3573235_2.fastq.gz,ftp.sra.ebi.ac.uk/vol1/run/ERR357/ERR3573235/WTCHG_559240_260137.bam,,WTCHG_559240_260137,OXF-DW-500-SUM
ERR3573236,ERZ2227220,SAMEA5989477,PRJEB45055,SEQUENCE_ASSEMBLY,749907,sediment metagenome,ftp.sra.ebi.ac.uk/vol1/ERZ222/ERZ2227220/ERR3573236.fasta.gz,PRJEB34634,ERX3571474,ftp.sra.ebi.ac.uk/vol1/fastq/ERR357/006/ERR3573236/ERR3573236_1.fastq.gz;ftp.sra.ebi.ac.uk/vol1/fastq/ERR357/006/ERR3573236/ERR3573236_2.fastq.gz,ftp.sra.ebi.ac.uk/vol1/run/ERR357/ERR3573236/WTCHG_559242_260137.bam,,WTCHG_559242_260137,OXF-DW-500-SUM
ERR3573237,ERZ2272325,SAMEA5989477,PRJEB45055,SEQUENCE_ASSEMBLY,749907,sediment metagenome,ftp.sra.ebi.ac.uk/vol1/ERZ227/ERZ2272325/ERR3573237.fasta.gz,PRJEB34634,ERX3571475,ftp.sra.ebi.ac.uk/vol1/fastq/ERR357/007/ERR3573237/ERR3573237_1.fastq.gz;ftp.sra.ebi.ac.uk/vol1/fastq/ERR357/007/ERR3573237/ERR3573237_2.fastq.gz,ftp.sra.ebi.ac.uk/vol1/run/ERR357/ERR3573237/WTCHG_559241_260137.bam,,WTCHG_559241_260137,OXF-DW-500-SUM
ERR3573238,ERZ2270734,SAMEA5989477,PRJEB45055,SEQUENCE_ASSEMBLY,749907,sediment metagenome,ftp.sra.ebi.ac.uk/vol1/ERZ227/ERZ2270734/ERR3573238.fasta.gz,PRJEB34634,ERX3571476,ftp.sra.ebi.ac.uk/vol1/fastq/ERR357/008/ERR3573238/ERR3573238_1.fastq.gz;ftp.sra.ebi.ac.uk/vol1/fastq/ERR357/008/ERR3573238/ERR3573238_2.fastq.gz,ftp.sra.ebi.ac.uk/vol1/run/ERR357/ERR3573238/WTCHG_550636_270162.bam,,WTCHG_550636_270162,OXF-DW-500-WIN
ERR3573239,ERZ2227398,SAMEA5989477,PRJEB45055,SEQUENCE_ASSEMBLY,749907,sediment metagenome,ftp.sra.ebi.ac.uk/vol1/ERZ222/ERZ2227398/ERR3573239.fasta.gz,PRJEB34634,ERX3571477,ftp.sra.ebi.ac.uk/vol1/fastq/ERR357/009/ERR3573239/ERR3573239_1.fastq.gz;ftp.sra.ebi.ac.uk/vol1/fastq/ERR357/009/ERR3573239/ERR3573239_2.fastq.gz,ftp.sra.ebi.ac.uk/vol1/run/ERR357/ERR3573239/WTCHG_551515_270162.bam,,WTCHG_551515_270162,OXF-DW-500-WIN
ERR3573240,ERZ2272709,SAMEA5989477,PRJEB45055,SEQUENCE_ASSEMBLY,749907,sediment metagenome,ftp.sra.ebi.ac.uk/vol1/ERZ227/ERZ2272709/ERR3573240.fasta.gz,PRJEB34634,ERX3571478,ftp.sra.ebi.ac.uk/vol1/fastq/ERR357/000/ERR3573240/ERR3573240_1.fastq.gz;ftp.sra.ebi.ac.uk/vol1/fastq/ERR357/000/ERR3573240/ERR3573240_2.fastq.gz,ftp.sra.ebi.ac.uk/vol1/run/ERR357/ERR3573240/WTCHG_551514_270162.bam,,WTCHG_551514_270162,OXF-DW-500-WIN
ERR3573241,ERZ2227199,SAMEA5989477,PRJEB45055,SEQUENCE_ASSEMBLY,749907,sediment metagenome,ftp.sra.ebi.ac.uk/vol1/ERZ222/ERZ2227199/ERR3573241.fasta.gz,PRJEB34634,ERX3571479,ftp.sra.ebi.ac.uk/vol1/fastq/ERR357/001/ERR3573241/ERR3573241_1.fastq.gz;ftp.sra.ebi.ac.uk/vol1/fastq/ERR357/001/ERR3573241/ERR3573241_2.fastq.gz,ftp.sra.ebi.ac.uk/vol1/run/ERR357/ERR3573241/WTCHG_554367_270162.bam,,WTCHG_554367_270162,OXF-DW-500-WIN
ERR3573242,ERZ2272209,SAMEA5989477,PRJEB45055,SEQUENCE_ASSEMBLY,749907,sediment metagenome,ftp.sra.ebi.ac.uk/vol1/ERZ227/ERZ2272209/ERR3573242.fasta.gz,PRJEB34634,ERX3571480,ftp.sra.ebi.ac.uk/vol1/fastq/ERR357/002/ERR3573242/ERR3573242_1.fastq.gz;ftp.sra.ebi.ac.uk/vol1/fastq/ERR357/002/ERR3573242/ERR3573242_2.fastq.gz,ftp.sra.ebi.ac.uk/vol1/run/ERR357/ERR3573242/WTCHG_554366_270162.bam,,WTCHG_554366_270162,OXF-DW-500-WIN
ERR3573243,ERZ2272517,SAMEA5989477,PRJEB45055,SEQUENCE_ASSEMBLY,749907,sediment metagenome,ftp.sra.ebi.ac.uk/vol1/ERZ227/ERZ2272517/ERR3573243.fasta.gz,PRJEB34634,ERX3571481,ftp.sra.ebi.ac.uk/vol1/fastq/ERR357/003/ERR3573243/ERR3573243_1.fastq.gz;ftp.sra.ebi.ac.uk/vol1/fastq/ERR357/003/ERR3573243/ERR3573243_2.fastq.gz,ftp.sra.ebi.ac.uk/vol1/run/ERR357/ERR3573243/WTCHG_555214_270162.bam,,WTCHG_555214_270162,OXF-DW-500-WIN
ERR3573244,ERZ2272540,SAMEA5989477,PRJEB45055,SEQUENCE_ASSEMBLY,749907,sediment metagenome,ftp.sra.ebi.ac.uk/vol1/ERZ227/ERZ2272540/ERR3573244.fasta.gz,PRJEB34634,ERX3571482,ftp.sra.ebi.ac.uk/vol1/fastq/ERR357/004/ERR3573244/ERR3573244_1.fastq.gz;ftp.sra.ebi.ac.uk/vol1/fastq/ERR357/004/ERR3573244/ERR3573244_2.fastq.gz,ftp.sra.ebi.ac.uk/vol1/run/ERR357/ERR3573244/WTCHG_555221_270162.bam,,WTCHG_555221_270162,OXF-DW-500-WIN
ERR3573245,ERZ2271619,SAMEA5989477,PRJEB45055,SEQUENCE_ASSEMBLY,749907,sediment metagenome,ftp.sra.ebi.ac.uk/vol1/ERZ227/ERZ2271619/ERR3573245.fasta.gz,PRJEB34634,ERX3571483,ftp.sra.ebi.ac.uk/vol1/fastq/ERR357/005/ERR3573245/ERR3573245_1.fastq.gz;ftp.sra.ebi.ac.uk/vol1/fastq/ERR357/005/ERR3573245/ERR3573245_2.fastq.gz,ftp.sra.ebi.ac.uk/vol1/run/ERR357/ERR3573245/WTCHG_555216_270162.bam,,WTCHG_555216_270162,OXF-DW-500-WIN
ERR3573246,ERZ2272178,SAMEA5989477,PRJEB45055,SEQUENCE_ASSEMBLY,749907,sediment metagenome,ftp.sra.ebi.ac.uk/vol1/ERZ227/ERZ2272178/ERR3573246.fasta.gz,PRJEB34634,ERX3571484,ftp.sra.ebi.ac.uk/vol1/fastq/ERR357/006/ERR3573246/ERR3573246_1.fastq.gz;ftp.sra.ebi.ac.uk/vol1/fastq/ERR357/006/ERR3573246/ERR3573246_2.fastq.gz,ftp.sra.ebi.ac.uk/vol1/run/ERR357/ERR3573246/WTCHG_555215_270162.bam,,WTCHG_555215_270162,OXF-DW-500-WIN
ERR3573247,ERZ2227745,SAMEA5989477,PRJEB45055,SEQUENCE_ASSEMBLY,749907,sediment metagenome,ftp.sra.ebi.ac.uk/vol1/ERZ222/ERZ2227745/ERR3573247.fasta.gz,PRJEB34634,ERX3571485,ftp.sra.ebi.ac.uk/vol1/fastq/ERR357/007/ERR3573247/ERR3573247_1.fastq.gz;ftp.sra.ebi.ac.uk/vol1/fastq/ERR357/007/ERR3573247/ERR3573247_2.fastq.gz,ftp.sra.ebi.ac.uk/vol1/run/ERR357/ERR3573247/WTCHG_555218_270162.bam,,WTCHG_555218_270162,OXF-DW-500-WIN
ERR3573248,ERZ2271640,SAMEA5989477,PRJEB45055,SEQUENCE_ASSEMBLY,749907,sediment metagenome,ftp.sra.ebi.ac.uk/vol1/ERZ227/ERZ2271640/ERR3573248.fasta.gz,PRJEB34634,ERX3571486,ftp.sra.ebi.ac.uk/vol1/fastq/ERR357/008/ERR3573248/ERR3573248_1.fastq.gz;ftp.sra.ebi.ac.uk/vol1/fastq/ERR357/008/ERR3573248/ERR3573248_2.fastq.gz,ftp.sra.ebi.ac.uk/vol1/run/ERR357/ERR3573248/WTCHG_555219_270162.bam,,WTCHG_555219_270162,OXF-DW-500-WIN
ERR3573249,ERZ2227515,SAMEA5989477,PRJEB45055,SEQUENCE_ASSEMBLY,749907,sediment metagenome,ftp.sra.ebi.ac.uk/vol1/ERZ222/ERZ2227515/ERR3573249.fasta.gz,PRJEB34634,ERX3571487,ftp.sra.ebi.ac.uk/vol1/fastq/ERR357/009/ERR3573249/ERR3573249_1.fastq.gz;ftp.sra.ebi.ac.uk/vol1/fastq/ERR357/009/ERR3573249/ERR3573249_2.fastq.gz,ftp.sra.ebi.ac.uk/vol1/run/ERR357/ERR3573249/WTCHG_555220_270162.bam,,WTCHG_555220_270162,OXF-DW-500-WIN
ERR3573250,ERZ2271164,SAMEA5989477,PRJEB45055,SEQUENCE_ASSEMBLY,749907,sediment metagenome,ftp.sra.ebi.ac.uk/vol1/ERZ227/ERZ2271164/ERR3573250.fasta.gz,PRJEB34634,ERX3571488,ftp.sra.ebi.ac.uk/vol1/fastq/ERR357/000/ERR3573250/ERR3573250_1.fastq.gz;ftp.sra.ebi.ac.uk/vol1/fastq/ERR357/000/ERR3573250/ERR3573250_2.fastq.gz,ftp.sra.ebi.ac.uk/vol1/run/ERR357/ERR3573250/WTCHG_555217_270162.bam,,WTCHG_555217_270162,OXF-DW-500-WIN
ERR3573251,ERZ2227944,SAMEA5989477,PRJEB45055,SEQUENCE_ASSEMBLY,749907,sediment metagenome,ftp.sra.ebi.ac.uk/vol1/ERZ222/ERZ2227944/ERR3573251.fasta.gz,PRJEB34634,ERX3571489,ftp.sra.ebi.ac.uk/vol1/fastq/ERR357/001/ERR3573251/ERR3573251_1.fastq.gz;ftp.sra.ebi.ac.uk/vol1/fastq/ERR357/001/ERR3573251/ERR3573251_2.fastq.gz,ftp.sra.ebi.ac.uk/vol1/run/ERR357/ERR3573251/WTCHG_559242_270162.bam,,WTCHG_559242_270162,OXF-DW-500-WIN
ERR3573252,ERZ2226885,SAMEA5989477,PRJEB45055,SEQUENCE_ASSEMBLY,749907,sediment metagenome,ftp.sra.ebi.ac.uk/vol1/ERZ222/ERZ2226885/ERR3573252.fasta.gz,PRJEB34634,ERX3571490,ftp.sra.ebi.ac.uk/vol1/fastq/ERR357/002/ERR3573252/ERR3573252_1.fastq.gz;ftp.sra.ebi.ac.uk/vol1/fastq/ERR357/002/ERR3573252/ERR3573252_2.fastq.gz,ftp.sra.ebi.ac.uk/vol1/run/ERR357/ERR3573252/WTCHG_559244_270162.bam,,WTCHG_559244_270162,OXF-DW-500-WIN
ERR3573253,ERZ2272143,SAMEA5989477,PRJEB45055,SEQUENCE_ASSEMBLY,749907,sediment metagenome,ftp.sra.ebi.ac.uk/vol1/ERZ227/ERZ2272143/ERR3573253.fasta.gz,PRJEB34634,ERX3571491,ftp.sra.ebi.ac.uk/vol1/fastq/ERR357/003/ERR3573253/ERR3573253_1.fastq.gz;ftp.sra.ebi.ac.uk/vol1/fastq/ERR357/003/ERR3573253/ERR3573253_2.fastq.gz,ftp.sra.ebi.ac.uk/vol1/run/ERR357/ERR3573253/WTCHG_559243_270162.bam,,WTCHG_559243_270162,OXF-DW-500-WIN
ERR3573254,ERZ2271032,SAMEA5989477,PRJEB45055,SEQUENCE_ASSEMBLY,749907,sediment metagenome,ftp.sra.ebi.ac.uk/vol1/ERZ227/ERZ2271032/ERR3573254.fasta.gz,PRJEB34634,ERX3571492,ftp.sra.ebi.ac.uk/vol1/fastq/ERR357/004/ERR3573254/ERR3573254_1.fastq.gz;ftp.sra.ebi.ac.uk/vol1/fastq/ERR357/004/ERR3573254/ERR3573254_2.fastq.gz,ftp.sra.ebi.ac.uk/vol1/run/ERR357/ERR3573254/WTCHG_559240_270162.bam,,WTCHG_559240_270162,OXF-DW-500-WIN
ERR3573255,ERZ2271869,SAMEA5989477,PRJEB45055,SEQUENCE_ASSEMBLY,749907,sediment metagenome,ftp.sra.ebi.ac.uk/vol1/ERZ227/ERZ2271869/ERR3573255.fasta.gz,PRJEB34634,ERX3571493,ftp.sra.ebi.ac.uk/vol1/fastq/ERR357/005/ERR3573255/ERR3573255_1.fastq.gz;ftp.sra.ebi.ac.uk/vol1/fastq/ERR357/005/ERR3573255/ERR3573255_2.fastq.gz,ftp.sra.ebi.ac.uk/vol1/run/ERR357/ERR3573255/WTCHG_559241_270162.bam,,WTCHG_559241_270162,OXF-DW-500-WIN
ERR3573256,ERZ2271556,SAMEA5989477,PRJEB45055,SEQUENCE_ASSEMBLY,749907,sediment metagenome,ftp.sra.ebi.ac.uk/vol1/ERZ227/ERZ2271556/ERR3573256.fasta.gz,PRJEB34634,ERX3571494,ftp.sra.ebi.ac.uk/vol1/fastq/ERR357/006/ERR3573256/ERR3573256_1.fastq.gz;ftp.sra.ebi.ac.uk/vol1/fastq/ERR357/006/ERR3573256/ERR3573256_2.fastq.gz,ftp.sra.ebi.ac.uk/vol1/run/ERR357/ERR3573256/WTCHG_550636_214167.bam,,WTCHG_550636_214167,OXF-EFF-AUT
ERR3573257,ERZ2272046,SAMEA5989477,PRJEB45055,SEQUENCE_ASSEMBLY,749907,sediment metagenome,ftp.sra.ebi.ac.uk/vol1/ERZ227/ERZ2272046/ERR3573257.fasta.gz,PRJEB34634,ERX3571495,ftp.sra.ebi.ac.uk/vol1/fastq/ERR357/007/ERR3573257/ERR3573257_1.fastq.gz;ftp.sra.ebi.ac.uk/vol1/fastq/ERR357/007/ERR3573257/ERR3573257_2.fastq.gz,ftp.sra.ebi.ac.uk/vol1/run/ERR357/ERR3573257/WTCHG_551514_214167.bam,,WTCHG_551514_214167,OXF-EFF-AUT
ERR3573258,ERZ2268988,SAMEA5989477,PRJEB45055,SEQUENCE_ASSEMBLY,749907,sediment metagenome,ftp.sra.ebi.ac.uk/vol1/ERZ226/ERZ2268988/ERR3573258.fasta.gz,PRJEB34634,ERX3571496,ftp.sra.ebi.ac.uk/vol1/fastq/ERR357/008/ERR3573258/ERR3573258_1.fastq.gz;ftp.sra.ebi.ac.uk/vol1/fastq/ERR357/008/ERR3573258/ERR3573258_2.fastq.gz,ftp.sra.ebi.ac.uk/vol1/run/ERR357/ERR3573258/WTCHG_551515_214167.bam,,WTCHG_551515_214167,OXF-EFF-AUT
ERR3573259,ERZ2271987,SAMEA5989477,PRJEB45055,SEQUENCE_ASSEMBLY,749907,sediment metagenome,ftp.sra.ebi.ac.uk/vol1/ERZ227/ERZ2271987/ERR3573259.fasta.gz,PRJEB34634,ERX3571497,ftp.sra.ebi.ac.uk/vol1/fastq/ERR357/009/ERR3573259/ERR3573259_1.fastq.gz;ftp.sra.ebi.ac.uk/vol1/fastq/ERR357/009/ERR3573259/ERR3573259_2.fastq.gz,ftp.sra.ebi.ac.uk/vol1/run/ERR357/ERR3573259/WTCHG_554367_214167.bam,,WTCHG_554367_214167,OXF-EFF-AUT
ERR3573260,ERZ2272391,SAMEA5989477,PRJEB45055,SEQUENCE_ASSEMBLY,749907,sediment metagenome,ftp.sra.ebi.ac.uk/vol1/ERZ227/ERZ2272391/ERR3573260.fasta.gz,PRJEB34634,ERX3571498,ftp.sra.ebi.ac.uk/vol1/fastq/ERR357/000/ERR3573260/ERR3573260_1.fastq.gz;ftp.sra.ebi.ac.uk/vol1/fastq/ERR357/000/ERR3573260/ERR3573260_2.fastq.gz,ftp.sra.ebi.ac.uk/vol1/run/ERR357/ERR3573260/WTCHG_554366_214167.bam,,WTCHG_554366_214167,OXF-EFF-AUT
ERR3573261,ERZ2272243,SAMEA5989477,PRJEB45055,SEQUENCE_ASSEMBLY,749907,sediment metagenome,ftp.sra.ebi.ac.uk/vol1/ERZ227/ERZ2272243/ERR3573261.fasta.gz,PRJEB34634,ERX3571499,ftp.sra.ebi.ac.uk/vol1/fastq/ERR357/001/ERR3573261/ERR3573261_1.fastq.gz;ftp.sra.ebi.ac.uk/vol1/fastq/ERR357/001/ERR3573261/ERR3573261_2.fastq.gz,ftp.sra.ebi.ac.uk/vol1/run/ERR357/ERR3573261/WTCHG_555220_214167.bam,,WTCHG_555220_214167,OXF-EFF-AUT
ERR3573262,ERZ2271948,SAMEA5989477,PRJEB45055,SEQUENCE_ASSEMBLY,749907,sediment metagenome,ftp.sra.ebi.ac.uk/vol1/ERZ227/ERZ2271948/ERR3573262.fasta.gz,PRJEB34634,ERX3571500,ftp.sra.ebi.ac.uk/vol1/fastq/ERR357/002/ERR3573262/ERR3573262_1.fastq.gz;ftp.sra.ebi.ac.uk/vol1/fastq/ERR357/002/ERR3573262/ERR3573262_2.fastq.gz,ftp.sra.ebi.ac.uk/vol1/run/ERR357/ERR3573262/WTCHG_555216_214167.bam,,WTCHG_555216_214167,OXF-EFF-AUT
ERR3573263,ERZ2272202,SAMEA5989477,PRJEB45055,SEQUENCE_ASSEMBLY,749907,sediment metagenome,ftp.sra.ebi.ac.uk/vol1/ERZ227/ERZ2272202/ERR3573263.fasta.gz,PRJEB34634,ERX3571501,ftp.sra.ebi.ac.uk/vol1/fastq/ERR357/003/ERR3573263/ERR3573263_1.fastq.gz;ftp.sra.ebi.ac.uk/vol1/fastq/ERR357/003/ERR3573263/ERR3573263_2.fastq.gz,ftp.sra.ebi.ac.uk/vol1/run/ERR357/ERR3573263/WTCHG_555218_214167.bam,,WTCHG_555218_214167,OXF-EFF-AUT
ERR3573264,ERZ2270470,SAMEA5989477,PRJEB45055,SEQUENCE_ASSEMBLY,749907,sediment metagenome,ftp.sra.ebi.ac.uk/vol1/ERZ227/ERZ2270470/ERR3573264.fasta.gz,PRJEB34634,ERX3571502,ftp.sra.ebi.ac.uk/vol1/fastq/ERR357/004/ERR3573264/ERR3573264_1.fastq.gz;ftp.sra.ebi.ac.uk/vol1/fastq/ERR357/004/ERR3573264/ERR3573264_2.fastq.gz,ftp.sra.ebi.ac.uk/vol1/run/ERR357/ERR3573264/WTCHG_555214_214167.bam,,WTCHG_555214_214167,OXF-EFF-AUT
ERR3573265,ERZ2271328,SAMEA5989477,PRJEB45055,SEQUENCE_ASSEMBLY,749907,sediment metagenome,ftp.sra.ebi.ac.uk/vol1/ERZ227/ERZ2271328/ERR3573265.fasta.gz,PRJEB34634,ERX3571503,ftp.sra.ebi.ac.uk/vol1/fastq/ERR357/005/ERR3573265/ERR3573265_1.fastq.gz;ftp.sra.ebi.ac.uk/vol1/fastq/ERR357/005/ERR3573265/ERR3573265_2.fastq.gz,ftp.sra.ebi.ac.uk/vol1/run/ERR357/ERR3573265/WTCHG_555219_214167.bam,,WTCHG_555219_214167,OXF-EFF-AUT
ERR3573266,ERZ2272318,SAMEA5989477,PRJEB45055,SEQUENCE_ASSEMBLY,749907,sediment metagenome,ftp.sra.ebi.ac.uk/vol1/ERZ227/ERZ2272318/ERR3573266.fasta.gz,PRJEB34634,ERX3571504,ftp.sra.ebi.ac.uk/vol1/fastq/ERR357/006/ERR3573266/ERR3573266_1.fastq.gz;ftp.sra.ebi.ac.uk/vol1/fastq/ERR357/006/ERR3573266/ERR3573266_2.fastq.gz,ftp.sra.ebi.ac.uk/vol1/run/ERR357/ERR3573266/WTCHG_555221_214167.bam,,WTCHG_555221_214167,OXF-EFF-AUT
ERR3573267,ERZ2272110,SAMEA5989477,PRJEB45055,SEQUENCE_ASSEMBLY,749907,sediment metagenome,ftp.sra.ebi.ac.uk/vol1/ERZ227/ERZ2272110/ERR3573267.fasta.gz,PRJEB34634,ERX3571505,ftp.sra.ebi.ac.uk/vol1/fastq/ERR357/007/ERR3573267/ERR3573267_1.fastq.gz;ftp.sra.ebi.ac.uk/vol1/fastq/ERR357/007/ERR3573267/ERR3573267_2.fastq.gz,ftp.sra.ebi.ac.uk/vol1/run/ERR357/ERR3573267/WTCHG_555217_214167.bam,,WTCHG_555217_214167,OXF-EFF-AUT
ERR3573268,ERZ2270708,SAMEA5989477,PRJEB45055,SEQUENCE_ASSEMBLY,749907,sediment metagenome,ftp.sra.ebi.ac.uk/vol1/ERZ227/ERZ2270708/ERR3573268.fasta.gz,PRJEB34634,ERX3571506,ftp.sra.ebi.ac.uk/vol1/fastq/ERR357/008/ERR3573268/ERR3573268_1.fastq.gz;ftp.sra.ebi.ac.uk/vol1/fastq/ERR357/008/ERR3573268/ERR3573268_2.fastq.gz,ftp.sra.ebi.ac.uk/vol1/run/ERR357/ERR3573268/WTCHG_555215_214167.bam,,WTCHG_555215_214167,OXF-EFF-AUT
ERR3573269,ERZ2268718,SAMEA5989477,PRJEB45055,SEQUENCE_ASSEMBLY,749907,sediment metagenome,ftp.sra.ebi.ac.uk/vol1/ERZ226/ERZ2268718/ERR3573269.fasta.gz,PRJEB34634,ERX3571507,ftp.sra.ebi.ac.uk/vol1/fastq/ERR357/009/ERR3573269/ERR3573269_1.fastq.gz;ftp.sra.ebi.ac.uk/vol1/fastq/ERR357/009/ERR3573269/ERR3573269_2.fastq.gz,ftp.sra.ebi.ac.uk/vol1/run/ERR357/ERR3573269/WTCHG_559244_214167.bam,,WTCHG_559244_214167,OXF-EFF-AUT
ERR3573270,ERZ2271781,SAMEA5989477,PRJEB45055,SEQUENCE_ASSEMBLY,749907,sediment metagenome,ftp.sra.ebi.ac.uk/vol1/ERZ227/ERZ2271781/ERR3573270.fasta.gz,PRJEB34634,ERX3571508,ftp.sra.ebi.ac.uk/vol1/fastq/ERR357/000/ERR3573270/ERR3573270_1.fastq.gz;ftp.sra.ebi.ac.uk/vol1/fastq/ERR357/000/ERR3573270/ERR3573270_2.fastq.gz,ftp.sra.ebi.ac.uk/vol1/run/ERR357/ERR3573270/WTCHG_559241_214167.bam,,WTCHG_559241_214167,OXF-EFF-AUT
ERR3573271,ERZ2271202,SAMEA5989477,PRJEB45055,SEQUENCE_ASSEMBLY,749907,sediment metagenome,ftp.sra.ebi.ac.uk/vol1/ERZ227/ERZ2271202/ERR3573271.fasta.gz,PRJEB34634,ERX3571509,ftp.sra.ebi.ac.uk/vol1/fastq/ERR357/001/ERR3573271/ERR3573271_1.fastq.gz;ftp.sra.ebi.ac.uk/vol1/fastq/ERR357/001/ERR3573271/ERR3573271_2.fastq.gz,ftp.sra.ebi.ac.uk/vol1/run/ERR357/ERR3573271/WTCHG_559243_214167.bam,,WTCHG_559243_214167,OXF-EFF-AUT
ERR3573272,ERZ2272430,SAMEA5989477,PRJEB45055,SEQUENCE_ASSEMBLY,749907,sediment metagenome,ftp.sra.ebi.ac.uk/vol1/ERZ227/ERZ2272430/ERR3573272.fasta.gz,PRJEB34634,ERX3571510,ftp.sra.ebi.ac.uk/vol1/fastq/ERR357/002/ERR3573272/ERR3573272_1.fastq.gz;ftp.sra.ebi.ac.uk/vol1/fastq/ERR357/002/ERR3573272/ERR3573272_2.fastq.gz,ftp.sra.ebi.ac.uk/vol1/run/ERR357/ERR3573272/WTCHG_559242_214167.bam,,WTCHG_559242_214167,OXF-EFF-AUT
ERR3573273,ERZ2271673,SAMEA5989477,PRJEB45055,SEQUENCE_ASSEMBLY,749907,sediment metagenome,ftp.sra.ebi.ac.uk/vol1/ERZ227/ERZ2271673/ERR3573273.fasta.gz,PRJEB34634,ERX3571511,ftp.sra.ebi.ac.uk/vol1/fastq/ERR357/003/ERR3573273/ERR3573273_1.fastq.gz;ftp.sra.ebi.ac.uk/vol1/fastq/ERR357/003/ERR3573273/ERR3573273_2.fastq.gz,ftp.sra.ebi.ac.uk/vol1/run/ERR357/ERR3573273/WTCHG_559240_214167.bam,,WTCHG_559240_214167,OXF-EFF-AUT
ERR3573274,ERZ2272750,SAMEA5989477,PRJEB45055,SEQUENCE_ASSEMBLY,749907,sediment metagenome,ftp.sra.ebi.ac.uk/vol1/ERZ227/ERZ2272750/ERR3573274.fasta.gz,PRJEB34634,ERX3571512,ftp.sra.ebi.ac.uk/vol1/fastq/ERR357/004/ERR3573274/ERR3573274_1.fastq.gz;ftp.sra.ebi.ac.uk/vol1/fastq/ERR357/004/ERR3573274/ERR3573274_2.fastq.gz,ftp.sra.ebi.ac.uk/vol1/run/ERR357/ERR3573274/WTCHG_455360_252160.bam,,WTCHG_455360_252160,OXF-EFF-SUM
ERR3573275,ERZ2271914,SAMEA5989477,PRJEB45055,SEQUENCE_ASSEMBLY,749907,sediment metagenome,ftp.sra.ebi.ac.uk/vol1/ERZ227/ERZ2271914/ERR3573275.fasta.gz,PRJEB34634,ERX3571513,ftp.sra.ebi.ac.uk/vol1/fastq/ERR357/005/ERR3573275/ERR3573275_1.fastq.gz;ftp.sra.ebi.ac.uk/vol1/fastq/ERR357/005/ERR3573275/ERR3573275_2.fastq.gz,ftp.sra.ebi.ac.uk/vol1/run/ERR357/ERR3573275/WTCHG_456624_252160.bam,,WTCHG_456624_252160,OXF-EFF-SUM
ERR3573276,ERZ2271076,SAMEA5989477,PRJEB45055,SEQUENCE_ASSEMBLY,749907,sediment metagenome,ftp.sra.ebi.ac.uk/vol1/ERZ227/ERZ2271076/ERR3573276.fasta.gz,PRJEB34634,ERX3571514,ftp.sra.ebi.ac.uk/vol1/fastq/ERR357/006/ERR3573276/ERR3573276_1.fastq.gz;ftp.sra.ebi.ac.uk/vol1/fastq/ERR357/006/ERR3573276/ERR3573276_2.fastq.gz,ftp.sra.ebi.ac.uk/vol1/run/ERR357/ERR3573276/WTCHG_457295_252160.bam,,WTCHG_457295_252160,OXF-EFF-SUM
ERR3573277,ERZ2272336,SAMEA5989477,PRJEB45055,SEQUENCE_ASSEMBLY,749907,sediment metagenome,ftp.sra.ebi.ac.uk/vol1/ERZ227/ERZ2272336/ERR3573277.fasta.gz,PRJEB34634,ERX3571515,ftp.sra.ebi.ac.uk/vol1/fastq/ERR357/007/ERR3573277/ERR3573277_1.fastq.gz;ftp.sra.ebi.ac.uk/vol1/fastq/ERR357/007/ERR3573277/ERR3573277_2.fastq.gz,ftp.sra.ebi.ac.uk/vol1/run/ERR357/ERR3573277/WTCHG_457296_252160.bam,,WTCHG_457296_252160,OXF-EFF-SUM
ERR3573278,ERZ2272155,SAMEA5989477,PRJEB45055,SEQUENCE_ASSEMBLY,749907,sediment metagenome,ftp.sra.ebi.ac.uk/vol1/ERZ227/ERZ2272155/ERR3573278.fasta.gz,PRJEB34634,ERX3571516,ftp.sra.ebi.ac.uk/vol1/fastq/ERR357/008/ERR3573278/ERR3573278_1.fastq.gz;ftp.sra.ebi.ac.uk/vol1/fastq/ERR357/008/ERR3573278/ERR3573278_2.fastq.gz,ftp.sra.ebi.ac.uk/vol1/run/ERR357/ERR3573278/WTCHG_457297_252160.bam,,WTCHG_457297_252160,OXF-EFF-SUM
ERR3573279,ERZ2272722,SAMEA5989477,PRJEB45055,SEQUENCE_ASSEMBLY,749907,sediment metagenome,ftp.sra.ebi.ac.uk/vol1/ERZ227/ERZ2272722/ERR3573279.fasta.gz,PRJEB34634,ERX3571517,ftp.sra.ebi.ac.uk/vol1/fastq/ERR357/009/ERR3573279/ERR3573279_1.fastq.gz;ftp.sra.ebi.ac.uk/vol1/fastq/ERR357/009/ERR3573279/ERR3573279_2.fastq.gz,ftp.sra.ebi.ac.uk/vol1/run/ERR357/ERR3573279/WTCHG_457298_252160.bam,,WTCHG_457298_252160,OXF-EFF-SUM
ERR3573280,ERZ2271759,SAMEA5989477,PRJEB45055,SEQUENCE_ASSEMBLY,749907,sediment metagenome,ftp.sra.ebi.ac.uk/vol1/ERZ227/ERZ2271759/ERR3573280.fasta.gz,PRJEB34634,ERX3571518,ftp.sra.ebi.ac.uk/vol1/fastq/ERR357/000/ERR3573280/ERR3573280_1.fastq.gz;ftp.sra.ebi.ac.uk/vol1/fastq/ERR357/000/ERR3573280/ERR3573280_2.fastq.gz,ftp.sra.ebi.ac.uk/vol1/run/ERR357/ERR3573280/WTCHG_457710_252160.bam,,WTCHG_457710_252160,OXF-EFF-SUM
ERR3573281,ERZ2272741,SAMEA5989477,PRJEB45055,SEQUENCE_ASSEMBLY,749907,sediment metagenome,ftp.sra.ebi.ac.uk/vol1/ERZ227/ERZ2272741/ERR3573281.fasta.gz,PRJEB34634,ERX3571519,ftp.sra.ebi.ac.uk/vol1/fastq/ERR357/001/ERR3573281/ERR3573281_1.fastq.gz;ftp.sra.ebi.ac.uk/vol1/fastq/ERR357/001/ERR3573281/ERR3573281_2.fastq.gz,ftp.sra.ebi.ac.uk/vol1/run/ERR357/ERR3573281/WTCHG_457711_252160.bam,,WTCHG_457711_252160,OXF-EFF-SUM
ERR3573282,ERZ2227128,SAMEA5989477,PRJEB45055,SEQUENCE_ASSEMBLY,749907,sediment metagenome,ftp.sra.ebi.ac.uk/vol1/ERZ222/ERZ2227128/ERR3573282.fasta.gz,PRJEB34634,ERX3571520,ftp.sra.ebi.ac.uk/vol1/fastq/ERR357/002/ERR3573282/ERR3573282_1.fastq.gz;ftp.sra.ebi.ac.uk/vol1/fastq/ERR357/002/ERR3573282/ERR3573282_2.fastq.gz,ftp.sra.ebi.ac.uk/vol1/run/ERR357/ERR3573282/WTCHG_457712_252160.bam,,WTCHG_457712_252160,OXF-EFF-SUM
ERR3573283,ERZ2270665,SAMEA5989477,PRJEB45055,SEQUENCE_ASSEMBLY,749907,sediment metagenome,ftp.sra.ebi.ac.uk/vol1/ERZ227/ERZ2270665/ERR3573283.fasta.gz,PRJEB34634,ERX3571521,ftp.sra.ebi.ac.uk/vol1/fastq/ERR357/003/ERR3573283/ERR3573283_1.fastq.gz;ftp.sra.ebi.ac.uk/vol1/fastq/ERR357/003/ERR3573283/ERR3573283_2.fastq.gz,ftp.sra.ebi.ac.uk/vol1/run/ERR357/ERR3573283/WTCHG_457713_252160.bam,,WTCHG_457713_252160,OXF-EFF-SUM
ERR3573284,ERZ2227848,SAMEA5989477,PRJEB45055,SEQUENCE_ASSEMBLY,749907,sediment metagenome,ftp.sra.ebi.ac.uk/vol1/ERZ222/ERZ2227848/ERR3573284.fasta.gz,PRJEB34634,ERX3571522,ftp.sra.ebi.ac.uk/vol1/fastq/ERR357/004/ERR3573284/ERR3573284_1.fastq.gz;ftp.sra.ebi.ac.uk/vol1/fastq/ERR357/004/ERR3573284/ERR3573284_2.fastq.gz,ftp.sra.ebi.ac.uk/vol1/run/ERR357/ERR3573284/WTCHG_457714_252160.bam,,WTCHG_457714_252160,OXF-EFF-SUM
ERR3573285,ERZ2269079,SAMEA5989477,PRJEB45055,SEQUENCE_ASSEMBLY,749907,sediment metagenome,ftp.sra.ebi.ac.uk/vol1/ERZ226/ERZ2269079/ERR3573285.fasta.gz,PRJEB34634,ERX3571523,ftp.sra.ebi.ac.uk/vol1/fastq/ERR357/005/ERR3573285/ERR3573285_1.fastq.gz;ftp.sra.ebi.ac.uk/vol1/fastq/ERR357/005/ERR3573285/ERR3573285_2.fastq.gz,ftp.sra.ebi.ac.uk/vol1/run/ERR357/ERR3573285/WTCHG_461227_252160.bam,,WTCHG_461227_252160,OXF-EFF-SUM
ERR3573286,ERZ2272464,SAMEA5989477,PRJEB45055,SEQUENCE_ASSEMBLY,749907,sediment metagenome,ftp.sra.ebi.ac.uk/vol1/ERZ227/ERZ2272464/ERR3573286.fasta.gz,PRJEB34634,ERX3571524,ftp.sra.ebi.ac.uk/vol1/fastq/ERR357/006/ERR3573286/ERR3573286_1.fastq.gz;ftp.sra.ebi.ac.uk/vol1/fastq/ERR357/006/ERR3573286/ERR3573286_2.fastq.gz,ftp.sra.ebi.ac.uk/vol1/run/ERR357/ERR3573286/WTCHG_461228_252160.bam,,WTCHG_461228_252160,OXF-EFF-SUM
ERR3573287,ERZ2271497,SAMEA5989477,PRJEB45055,SEQUENCE_ASSEMBLY,749907,sediment metagenome,ftp.sra.ebi.ac.uk/vol1/ERZ227/ERZ2271497/ERR3573287.fasta.gz,PRJEB34634,ERX3571525,ftp.sra.ebi.ac.uk/vol1/fastq/ERR357/007/ERR3573287/ERR3573287_1.fastq.gz;ftp.sra.ebi.ac.uk/vol1/fastq/ERR357/007/ERR3573287/ERR3573287_2.fastq.gz,ftp.sra.ebi.ac.uk/vol1/run/ERR357/ERR3573287/WTCHG_455360_247184.bam,,WTCHG_455360_247184,OXF-EFF-WIN
ERR3573288,ERZ2227175,SAMEA5989477,PRJEB45055,SEQUENCE_ASSEMBLY,749907,sediment metagenome,ftp.sra.ebi.ac.uk/vol1/ERZ222/ERZ2227175/ERR3573288.fasta.gz,PRJEB34634,ERX3571526,ftp.sra.ebi.ac.uk/vol1/fastq/ERR357/008/ERR3573288/ERR3573288_1.fastq.gz;ftp.sra.ebi.ac.uk/vol1/fastq/ERR357/008/ERR3573288/ERR3573288_2.fastq.gz,ftp.sra.ebi.ac.uk/vol1/run/ERR357/ERR3573288/WTCHG_456624_247184.bam,,WTCHG_456624_247184,OXF-EFF-WIN
ERR3573289,ERZ2272708,SAMEA5989477,PRJEB45055,SEQUENCE_ASSEMBLY,749907,sediment metagenome,ftp.sra.ebi.ac.uk/vol1/ERZ227/ERZ2272708/ERR3573289.fasta.gz,PRJEB34634,ERX3571527,ftp.sra.ebi.ac.uk/vol1/fastq/ERR357/009/ERR3573289/ERR3573289_1.fastq.gz;ftp.sra.ebi.ac.uk/vol1/fastq/ERR357/009/ERR3573289/ERR3573289_2.fastq.gz,ftp.sra.ebi.ac.uk/vol1/run/ERR357/ERR3573289/WTCHG_457295_247184.bam,,WTCHG_457295_247184,OXF-EFF-WIN
ERR3573290,ERZ2271592,SAMEA5989477,PRJEB45055,SEQUENCE_ASSEMBLY,749907,sediment metagenome,ftp.sra.ebi.ac.uk/vol1/ERZ227/ERZ2271592/ERR3573290.fasta.gz,PRJEB34634,ERX3571528,ftp.sra.ebi.ac.uk/vol1/fastq/ERR357/000/ERR3573290/ERR3573290_1.fastq.gz;ftp.sra.ebi.ac.uk/vol1/fastq/ERR357/000/ERR3573290/ERR3573290_2.fastq.gz,ftp.sra.ebi.ac.uk/vol1/run/ERR357/ERR3573290/WTCHG_457296_247184.bam,,WTCHG_457296_247184,OXF-EFF-WIN
ERR3573291,ERZ2272145,SAMEA5989477,PRJEB45055,SEQUENCE_ASSEMBLY,749907,sediment metagenome,ftp.sra.ebi.ac.uk/vol1/ERZ227/ERZ2272145/ERR3573291.fasta.gz,PRJEB34634,ERX3571529,ftp.sra.ebi.ac.uk/vol1/fastq/ERR357/001/ERR3573291/ERR3573291_1.fastq.gz;ftp.sra.ebi.ac.uk/vol1/fastq/ERR357/001/ERR3573291/ERR3573291_2.fastq.gz,ftp.sra.ebi.ac.uk/vol1/run/ERR357/ERR3573291/WTCHG_457297_247184.bam,,WTCHG_457297_247184,OXF-EFF-WIN
ERR3573292,ERZ2272374,SAMEA5989477,PRJEB45055,SEQUENCE_ASSEMBLY,749907,sediment metagenome,ftp.sra.ebi.ac.uk/vol1/ERZ227/ERZ2272374/ERR3573292.fasta.gz,PRJEB34634,ERX3571530,ftp.sra.ebi.ac.uk/vol1/fastq/ERR357/002/ERR3573292/ERR3573292_1.fastq.gz;ftp.sra.ebi.ac.uk/vol1/fastq/ERR357/002/ERR3573292/ERR3573292_2.fastq.gz,ftp.sra.ebi.ac.uk/vol1/run/ERR357/ERR3573292/WTCHG_457298_247184.bam,,WTCHG_457298_247184,OXF-EFF-WIN
ERR3573293,ERZ2271234,SAMEA5989477,PRJEB45055,SEQUENCE_ASSEMBLY,749907,sediment metagenome,ftp.sra.ebi.ac.uk/vol1/ERZ227/ERZ2271234/ERR3573293.fasta.gz,PRJEB34634,ERX3571531,ftp.sra.ebi.ac.uk/vol1/fastq/ERR357/003/ERR3573293/ERR3573293_1.fastq.gz;ftp.sra.ebi.ac.uk/vol1/fastq/ERR357/003/ERR3573293/ERR3573293_2.fastq.gz,ftp.sra.ebi.ac.uk/vol1/run/ERR357/ERR3573293/WTCHG_457710_247184.bam,,WTCHG_457710_247184,OXF-EFF-WIN
ERR3573294,ERZ2270725,SAMEA5989477,PRJEB45055,SEQUENCE_ASSEMBLY,749907,sediment metagenome,ftp.sra.ebi.ac.uk/vol1/ERZ227/ERZ2270725/ERR3573294.fasta.gz,PRJEB34634,ERX3571532,ftp.sra.ebi.ac.uk/vol1/fastq/ERR357/004/ERR3573294/ERR3573294_1.fastq.gz;ftp.sra.ebi.ac.uk/vol1/fastq/ERR357/004/ERR3573294/ERR3573294_2.fastq.gz,ftp.sra.ebi.ac.uk/vol1/run/ERR357/ERR3573294/WTCHG_457711_247184.bam,,WTCHG_457711_247184,OXF-EFF-WIN
ERR3573295,ERZ2271734,SAMEA5989477,PRJEB45055,SEQUENCE_ASSEMBLY,749907,sediment metagenome,ftp.sra.ebi.ac.uk/vol1/ERZ227/ERZ2271734/ERR3573295.fasta.gz,PRJEB34634,ERX3571533,ftp.sra.ebi.ac.uk/vol1/fastq/ERR357/005/ERR3573295/ERR3573295_1.fastq.gz;ftp.sra.ebi.ac.uk/vol1/fastq/ERR357/005/ERR3573295/ERR3573295_2.fastq.gz,ftp.sra.ebi.ac.uk/vol1/run/ERR357/ERR3573295/WTCHG_457712_247184.bam,,WTCHG_457712_247184,OXF-EFF-WIN
ERR3573296,ERZ2270462,SAMEA5989477,PRJEB45055,SEQUENCE_ASSEMBLY,749907,sediment metagenome,ftp.sra.ebi.ac.uk/vol1/ERZ227/ERZ2270462/ERR3573296.fasta.gz,PRJEB34634,ERX3571534,ftp.sra.ebi.ac.uk/vol1/fastq/ERR357/006/ERR3573296/ERR3573296_1.fastq.gz;ftp.sra.ebi.ac.uk/vol1/fastq/ERR357/006/ERR3573296/ERR3573296_2.fastq.gz,ftp.sra.ebi.ac.uk/vol1/run/ERR357/ERR3573296/WTCHG_457713_247184.bam,,WTCHG_457713_247184,OXF-EFF-WIN
ERR3573297,ERZ2272554,SAMEA5989477,PRJEB45055,SEQUENCE_ASSEMBLY,749907,sediment metagenome,ftp.sra.ebi.ac.uk/vol1/ERZ227/ERZ2272554/ERR3573297.fasta.gz,PRJEB34634,ERX3571535,ftp.sra.ebi.ac.uk/vol1/fastq/ERR357/007/ERR3573297/ERR3573297_1.fastq.gz;ftp.sra.ebi.ac.uk/vol1/fastq/ERR357/007/ERR3573297/ERR3573297_2.fastq.gz,ftp.sra.ebi.ac.uk/vol1/run/ERR357/ERR3573297/WTCHG_457714_247184.bam,,WTCHG_457714_247184,OXF-EFF-WIN
ERR3573298,ERZ2271411,SAMEA5989477,PRJEB45055,SEQUENCE_ASSEMBLY,749907,sediment metagenome,ftp.sra.ebi.ac.uk/vol1/ERZ227/ERZ2271411/ERR3573298.fasta.gz,PRJEB34634,ERX3571536,ftp.sra.ebi.ac.uk/vol1/fastq/ERR357/008/ERR3573298/ERR3573298_1.fastq.gz;ftp.sra.ebi.ac.uk/vol1/fastq/ERR357/008/ERR3573298/ERR3573298_2.fastq.gz,ftp.sra.ebi.ac.uk/vol1/run/ERR357/ERR3573298/WTCHG_461227_247184.bam,,WTCHG_461227_247184,OXF-EFF-WIN
ERR3573299,ERZ2271713,SAMEA5989477,PRJEB45055,SEQUENCE_ASSEMBLY,749907,sediment metagenome,ftp.sra.ebi.ac.uk/vol1/ERZ227/ERZ2271713/ERR3573299.fasta.gz,PRJEB34634,ERX3571537,ftp.sra.ebi.ac.uk/vol1/fastq/ERR357/009/ERR3573299/ERR3573299_1.fastq.gz;ftp.sra.ebi.ac.uk/vol1/fastq/ERR357/009/ERR3573299/ERR3573299_2.fastq.gz,ftp.sra.ebi.ac.uk/vol1/run/ERR357/ERR3573299/WTCHG_461228_247184.bam,,WTCHG_461228_247184,OXF-EFF-WIN
ERR3573300,ERZ2272529,SAMEA5989477,PRJEB45055,SEQUENCE_ASSEMBLY,749907,sediment metagenome,ftp.sra.ebi.ac.uk/vol1/ERZ227/ERZ2272529/ERR3573300.fasta.gz,PRJEB34634,ERX3571538,ftp.sra.ebi.ac.uk/vol1/fastq/ERR357/000/ERR3573300/ERR3573300_1.fastq.gz;ftp.sra.ebi.ac.uk/vol1/fastq/ERR357/000/ERR3573300/ERR3573300_2.fastq.gz,ftp.sra.ebi.ac.uk/vol1/run/ERR357/ERR3573300/WTCHG_550636_215179.bam,,WTCHG_550636_215179,OXF-INF-AUT
ERR3573301,ERZ2271701,SAMEA5989477,PRJEB45055,SEQUENCE_ASSEMBLY,749907,sediment metagenome,ftp.sra.ebi.ac.uk/vol1/ERZ227/ERZ2271701/ERR3573301.fasta.gz,PRJEB34634,ERX3571539,ftp.sra.ebi.ac.uk/vol1/fastq/ERR357/001/ERR3573301/ERR3573301_1.fastq.gz;ftp.sra.ebi.ac.uk/vol1/fastq/ERR357/001/ERR3573301/ERR3573301_2.fastq.gz,ftp.sra.ebi.ac.uk/vol1/run/ERR357/ERR3573301/WTCHG_551515_215179.bam,,WTCHG_551515_215179,OXF-INF-AUT
ERR3573302,ERZ2272118,SAMEA5989477,PRJEB45055,SEQUENCE_ASSEMBLY,749907,sediment metagenome,ftp.sra.ebi.ac.uk/vol1/ERZ227/ERZ2272118/ERR3573302.fasta.gz,PRJEB34634,ERX3571540,ftp.sra.ebi.ac.uk/vol1/fastq/ERR357/002/ERR3573302/ERR3573302_1.fastq.gz;ftp.sra.ebi.ac.uk/vol1/fastq/ERR357/002/ERR3573302/ERR3573302_2.fastq.gz,ftp.sra.ebi.ac.uk/vol1/run/ERR357/ERR3573302/WTCHG_551514_215179.bam,,WTCHG_551514_215179,OXF-INF-AUT
ERR3573303,ERZ2272151,SAMEA5989477,PRJEB45055,SEQUENCE_ASSEMBLY,749907,sediment metagenome,ftp.sra.ebi.ac.uk/vol1/ERZ227/ERZ2272151/ERR3573303.fasta.gz,PRJEB34634,ERX3571541,ftp.sra.ebi.ac.uk/vol1/fastq/ERR357/003/ERR3573303/ERR3573303_1.fastq.gz;ftp.sra.ebi.ac.uk/vol1/fastq/ERR357/003/ERR3573303/ERR3573303_2.fastq.gz,ftp.sra.ebi.ac.uk/vol1/run/ERR357/ERR3573303/WTCHG_554367_215179.bam,,WTCHG_554367_215179,OXF-INF-AUT
ERR3573304,ERZ2271992,SAMEA5989477,PRJEB45055,SEQUENCE_ASSEMBLY,749907,sediment metagenome,ftp.sra.ebi.ac.uk/vol1/ERZ227/ERZ2271992/ERR3573304.fasta.gz,PRJEB34634,ERX3571542,ftp.sra.ebi.ac.uk/vol1/fastq/ERR357/004/ERR3573304/ERR3573304_1.fastq.gz;ftp.sra.ebi.ac.uk/vol1/fastq/ERR357/004/ERR3573304/ERR3573304_2.fastq.gz,ftp.sra.ebi.ac.uk/vol1/run/ERR357/ERR3573304/WTCHG_554366_215179.bam,,WTCHG_554366_215179,OXF-INF-AUT
ERR3573305,ERZ2271827,SAMEA5989477,PRJEB45055,SEQUENCE_ASSEMBLY,749907,sediment metagenome,ftp.sra.ebi.ac.uk/vol1/ERZ227/ERZ2271827/ERR3573305.fasta.gz,PRJEB34634,ERX3571543,ftp.sra.ebi.ac.uk/vol1/fastq/ERR357/005/ERR3573305/ERR3573305_1.fastq.gz;ftp.sra.ebi.ac.uk/vol1/fastq/ERR357/005/ERR3573305/ERR3573305_2.fastq.gz,ftp.sra.ebi.ac.uk/vol1/run/ERR357/ERR3573305/WTCHG_555219_215179.bam,,WTCHG_555219_215179,OXF-INF-AUT
ERR3573306,ERZ2272827,SAMEA5989477,PRJEB45055,SEQUENCE_ASSEMBLY,749907,sediment metagenome,ftp.sra.ebi.ac.uk/vol1/ERZ227/ERZ2272827/ERR3573306.fasta.gz,PRJEB34634,ERX3571544,ftp.sra.ebi.ac.uk/vol1/fastq/ERR357/006/ERR3573306/ERR3573306_1.fastq.gz;ftp.sra.ebi.ac.uk/vol1/fastq/ERR357/006/ERR3573306/ERR3573306_2.fastq.gz,ftp.sra.ebi.ac.uk/vol1/run/ERR357/ERR3573306/WTCHG_555215_215179.bam,,WTCHG_555215_215179,OXF-INF-AUT
ERR3573307,ERZ2271348,SAMEA5989477,PRJEB45055,SEQUENCE_ASSEMBLY,749907,sediment metagenome,ftp.sra.ebi.ac.uk/vol1/ERZ227/ERZ2271348/ERR3573307.fasta.gz,PRJEB34634,ERX3571545,ftp.sra.ebi.ac.uk/vol1/fastq/ERR357/007/ERR3573307/ERR3573307_1.fastq.gz;ftp.sra.ebi.ac.uk/vol1/fastq/ERR357/007/ERR3573307/ERR3573307_2.fastq.gz,ftp.sra.ebi.ac.uk/vol1/run/ERR357/ERR3573307/WTCHG_555221_215179.bam,,WTCHG_555221_215179,OXF-INF-AUT
ERR3573308,ERZ2271171,SAMEA5989477,PRJEB45055,SEQUENCE_ASSEMBLY,749907,sediment metagenome,ftp.sra.ebi.ac.uk/vol1/ERZ227/ERZ2271171/ERR3573308.fasta.gz,PRJEB34634,ERX3571546,ftp.sra.ebi.ac.uk/vol1/fastq/ERR357/008/ERR3573308/ERR3573308_1.fastq.gz;ftp.sra.ebi.ac.uk/vol1/fastq/ERR357/008/ERR3573308/ERR3573308_2.fastq.gz,ftp.sra.ebi.ac.uk/vol1/run/ERR357/ERR3573308/WTCHG_555217_215179.bam,,WTCHG_555217_215179,OXF-INF-AUT
ERR3573309,ERZ2271319,SAMEA5989477,PRJEB45055,SEQUENCE_ASSEMBLY,749907,sediment metagenome,ftp.sra.ebi.ac.uk/vol1/ERZ227/ERZ2271319/ERR3573309.fasta.gz,PRJEB34634,ERX3571547,ftp.sra.ebi.ac.uk/vol1/fastq/ERR357/009/ERR3573309/ERR3573309_1.fastq.gz;ftp.sra.ebi.ac.uk/vol1/fastq/ERR357/009/ERR3573309/ERR3573309_2.fastq.gz,ftp.sra.ebi.ac.uk/vol1/run/ERR357/ERR3573309/WTCHG_555216_215179.bam,,WTCHG_555216_215179,OXF-INF-AUT
ERR3573310,ERZ2271852,SAMEA5989477,PRJEB45055,SEQUENCE_ASSEMBLY,749907,sediment metagenome,ftp.sra.ebi.ac.uk/vol1/ERZ227/ERZ2271852/ERR3573310.fasta.gz,PRJEB34634,ERX3571548,ftp.sra.ebi.ac.uk/vol1/fastq/ERR357/000/ERR3573310/ERR3573310_1.fastq.gz;ftp.sra.ebi.ac.uk/vol1/fastq/ERR357/000/ERR3573310/ERR3573310_2.fastq.gz,ftp.sra.ebi.ac.uk/vol1/run/ERR357/ERR3573310/WTCHG_555218_215179.bam,,WTCHG_555218_215179,OXF-INF-AUT
ERR3573311,ERZ2271004,SAMEA5989477,PRJEB45055,SEQUENCE_ASSEMBLY,749907,sediment metagenome,ftp.sra.ebi.ac.uk/vol1/ERZ227/ERZ2271004/ERR3573311.fasta.gz,PRJEB34634,ERX3571549,ftp.sra.ebi.ac.uk/vol1/fastq/ERR357/001/ERR3573311/ERR3573311_1.fastq.gz;ftp.sra.ebi.ac.uk/vol1/fastq/ERR357/001/ERR3573311/ERR3573311_2.fastq.gz,ftp.sra.ebi.ac.uk/vol1/run/ERR357/ERR3573311/WTCHG_555220_215179.bam,,WTCHG_555220_215179,OXF-INF-AUT
ERR3573312,ERZ2226867,SAMEA5989477,PRJEB45055,SEQUENCE_ASSEMBLY,749907,sediment metagenome,ftp.sra.ebi.ac.uk/vol1/ERZ222/ERZ2226867/ERR3573312.fasta.gz,PRJEB34634,ERX3571550,ftp.sra.ebi.ac.uk/vol1/fastq/ERR357/002/ERR3573312/ERR3573312_1.fastq.gz;ftp.sra.ebi.ac.uk/vol1/fastq/ERR357/002/ERR3573312/ERR3573312_2.fastq.gz,ftp.sra.ebi.ac.uk/vol1/run/ERR357/ERR3573312/WTCHG_555214_215179.bam,,WTCHG_555214_215179,OXF-INF-AUT
ERR3573313,ERZ2272438,SAMEA5989477,PRJEB45055,SEQUENCE_ASSEMBLY,749907,sediment metagenome,ftp.sra.ebi.ac.uk/vol1/ERZ227/ERZ2272438/ERR3573313.fasta.gz,PRJEB34634,ERX3571551,ftp.sra.ebi.ac.uk/vol1/fastq/ERR357/003/ERR3573313/ERR3573313_1.fastq.gz;ftp.sra.ebi.ac.uk/vol1/fastq/ERR357/003/ERR3573313/ERR3573313_2.fastq.gz,ftp.sra.ebi.ac.uk/vol1/run/ERR357/ERR3573313/WTCHG_559244_215179.bam,,WTCHG_559244_215179,OXF-INF-AUT
ERR3573314,ERZ2271894,SAMEA5989477,PRJEB45055,SEQUENCE_ASSEMBLY,749907,sediment metagenome,ftp.sra.ebi.ac.uk/vol1/ERZ227/ERZ2271894/ERR3573314.fasta.gz,PRJEB34634,ERX3571552,ftp.sra.ebi.ac.uk/vol1/fastq/ERR357/004/ERR3573314/ERR3573314_1.fastq.gz;ftp.sra.ebi.ac.uk/vol1/fastq/ERR357/004/ERR3573314/ERR3573314_2.fastq.gz,ftp.sra.ebi.ac.uk/vol1/run/ERR357/ERR3573314/WTCHG_559242_215179.bam,,WTCHG_559242_215179,OXF-INF-AUT
ERR3573315,ERZ2271880,SAMEA5989477,PRJEB45055,SEQUENCE_ASSEMBLY,749907,sediment metagenome,ftp.sra.ebi.ac.uk/vol1/ERZ227/ERZ2271880/ERR3573315.fasta.gz,PRJEB34634,ERX3571553,ftp.sra.ebi.ac.uk/vol1/fastq/ERR357/005/ERR3573315/ERR3573315_1.fastq.gz;ftp.sra.ebi.ac.uk/vol1/fastq/ERR357/005/ERR3573315/ERR3573315_2.fastq.gz,ftp.sra.ebi.ac.uk/vol1/run/ERR357/ERR3573315/WTCHG_559241_215179.bam,,WTCHG_559241_215179,OXF-INF-AUT
ERR3573316,ERZ2227407,SAMEA5989477,PRJEB45055,SEQUENCE_ASSEMBLY,749907,sediment metagenome,ftp.sra.ebi.ac.uk/vol1/ERZ222/ERZ2227407/ERR3573316.fasta.gz,PRJEB34634,ERX3571554,ftp.sra.ebi.ac.uk/vol1/fastq/ERR357/006/ERR3573316/ERR3573316_1.fastq.gz;ftp.sra.ebi.ac.uk/vol1/fastq/ERR357/006/ERR3573316/ERR3573316_2.fastq.gz,ftp.sra.ebi.ac.uk/vol1/run/ERR357/ERR3573316/WTCHG_559243_215179.bam,,WTCHG_559243_215179,OXF-INF-AUT
ERR3573317,ERZ2227807,SAMEA5989477,PRJEB45055,SEQUENCE_ASSEMBLY,749907,sediment metagenome,ftp.sra.ebi.ac.uk/vol1/ERZ222/ERZ2227807/ERR3573317.fasta.gz,PRJEB34634,ERX3571555,ftp.sra.ebi.ac.uk/vol1/fastq/ERR357/007/ERR3573317/ERR3573317_1.fastq.gz;ftp.sra.ebi.ac.uk/vol1/fastq/ERR357/007/ERR3573317/ERR3573317_2.fastq.gz,ftp.sra.ebi.ac.uk/vol1/run/ERR357/ERR3573317/WTCHG_559240_215179.bam,,WTCHG_559240_215179,OXF-INF-AUT
ERR3573318,ERZ2271303,SAMEA5989477,PRJEB45055,SEQUENCE_ASSEMBLY,749907,sediment metagenome,ftp.sra.ebi.ac.uk/vol1/ERZ227/ERZ2271303/ERR3573318.fasta.gz,PRJEB34634,ERX3571556,ftp.sra.ebi.ac.uk/vol1/fastq/ERR357/008/ERR3573318/ERR3573318_1.fastq.gz;ftp.sra.ebi.ac.uk/vol1/fastq/ERR357/008/ERR3573318/ERR3573318_2.fastq.gz,ftp.sra.ebi.ac.uk/vol1/run/ERR357/ERR3573318/WTCHG_455360_240195.bam,,WTCHG_455360_240195,OXF-INF-SUM
ERR3573319,ERZ2271580,SAMEA5989477,PRJEB45055,SEQUENCE_ASSEMBLY,749907,sediment metagenome,ftp.sra.ebi.ac.uk/vol1/ERZ227/ERZ2271580/ERR3573319.fasta.gz,PRJEB34634,ERX3571557,ftp.sra.ebi.ac.uk/vol1/fastq/ERR357/009/ERR3573319/ERR3573319_1.fastq.gz;ftp.sra.ebi.ac.uk/vol1/fastq/ERR357/009/ERR3573319/ERR3573319_2.fastq.gz,ftp.sra.ebi.ac.uk/vol1/run/ERR357/ERR3573319/WTCHG_456624_240195.bam,,WTCHG_456624_240195,OXF-INF-SUM
ERR3573320,ERZ2226977,SAMEA5989477,PRJEB45055,SEQUENCE_ASSEMBLY,749907,sediment metagenome,ftp.sra.ebi.ac.uk/vol1/ERZ222/ERZ2226977/ERR3573320.fasta.gz,PRJEB34634,ERX3571558,ftp.sra.ebi.ac.uk/vol1/fastq/ERR357/000/ERR3573320/ERR3573320_1.fastq.gz;ftp.sra.ebi.ac.uk/vol1/fastq/ERR357/000/ERR3573320/ERR3573320_2.fastq.gz,ftp.sra.ebi.ac.uk/vol1/run/ERR357/ERR3573320/WTCHG_457295_240195.bam,,WTCHG_457295_240195,OXF-INF-SUM
ERR3573321,ERZ2272801,SAMEA5989477,PRJEB45055,SEQUENCE_ASSEMBLY,749907,sediment metagenome,ftp.sra.ebi.ac.uk/vol1/ERZ227/ERZ2272801/ERR3573321.fasta.gz,PRJEB34634,ERX3571559,ftp.sra.ebi.ac.uk/vol1/fastq/ERR357/001/ERR3573321/ERR3573321_1.fastq.gz;ftp.sra.ebi.ac.uk/vol1/fastq/ERR357/001/ERR3573321/ERR3573321_2.fastq.gz,ftp.sra.ebi.ac.uk/vol1/run/ERR357/ERR3573321/WTCHG_457296_240195.bam,,WTCHG_457296_240195,OXF-INF-SUM
ERR3573322,ERZ2268947,SAMEA5989477,PRJEB45055,SEQUENCE_ASSEMBLY,749907,sediment metagenome,ftp.sra.ebi.ac.uk/vol1/ERZ226/ERZ2268947/ERR3573322.fasta.gz,PRJEB34634,ERX3571560,ftp.sra.ebi.ac.uk/vol1/fastq/ERR357/002/ERR3573322/ERR3573322_1.fastq.gz;ftp.sra.ebi.ac.uk/vol1/fastq/ERR357/002/ERR3573322/ERR3573322_2.fastq.gz,ftp.sra.ebi.ac.uk/vol1/run/ERR357/ERR3573322/WTCHG_457297_240195.bam,,WTCHG_457297_240195,OXF-INF-SUM
ERR3573323,ERZ2271648,SAMEA5989477,PRJEB45055,SEQUENCE_ASSEMBLY,749907,sediment metagenome,ftp.sra.ebi.ac.uk/vol1/ERZ227/ERZ2271648/ERR3573323.fasta.gz,PRJEB34634,ERX3571561,ftp.sra.ebi.ac.uk/vol1/fastq/ERR357/003/ERR3573323/ERR3573323_1.fastq.gz;ftp.sra.ebi.ac.uk/vol1/fastq/ERR357/003/ERR3573323/ERR3573323_2.fastq.gz,ftp.sra.ebi.ac.uk/vol1/run/ERR357/ERR3573323/WTCHG_457298_240195.bam,,WTCHG_457298_240195,OXF-INF-SUM
ERR3573324,ERZ2227053,SAMEA5989477,PRJEB45055,SEQUENCE_ASSEMBLY,749907,sediment metagenome,ftp.sra.ebi.ac.uk/vol1/ERZ222/ERZ2227053/ERR3573324.fasta.gz,PRJEB34634,ERX3571562,ftp.sra.ebi.ac.uk/vol1/fastq/ERR357/004/ERR3573324/ERR3573324_1.fastq.gz;ftp.sra.ebi.ac.uk/vol1/fastq/ERR357/004/ERR3573324/ERR3573324_2.fastq.gz,ftp.sra.ebi.ac.uk/vol1/run/ERR357/ERR3573324/WTCHG_457710_240195.bam,,WTCHG_457710_240195,OXF-INF-SUM
ERR3573325,ERZ2271584,SAMEA5989477,PRJEB45055,SEQUENCE_ASSEMBLY,749907,sediment metagenome,ftp.sra.ebi.ac.uk/vol1/ERZ227/ERZ2271584/ERR3573325.fasta.gz,PRJEB34634,ERX3571563,ftp.sra.ebi.ac.uk/vol1/fastq/ERR357/005/ERR3573325/ERR3573325_1.fastq.gz;ftp.sra.ebi.ac.uk/vol1/fastq/ERR357/005/ERR3573325/ERR3573325_2.fastq.gz,ftp.sra.ebi.ac.uk/vol1/run/ERR357/ERR3573325/WTCHG_457711_240195.bam,,WTCHG_457711_240195,OXF-INF-SUM
ERR3573326,ERZ2272260,SAMEA5989477,PRJEB45055,SEQUENCE_ASSEMBLY,749907,sediment metagenome,ftp.sra.ebi.ac.uk/vol1/ERZ227/ERZ2272260/ERR3573326.fasta.gz,PRJEB34634,ERX3571564,ftp.sra.ebi.ac.uk/vol1/fastq/ERR357/006/ERR3573326/ERR3573326_1.fastq.gz;ftp.sra.ebi.ac.uk/vol1/fastq/ERR357/006/ERR3573326/ERR3573326_2.fastq.gz,ftp.sra.ebi.ac.uk/vol1/run/ERR357/ERR3573326/WTCHG_457712_240195.bam,,WTCHG_457712_240195,OXF-INF-SUM
ERR3573327,ERZ2272591,SAMEA5989477,PRJEB45055,SEQUENCE_ASSEMBLY,749907,sediment metagenome,ftp.sra.ebi.ac.uk/vol1/ERZ227/ERZ2272591/ERR3573327.fasta.gz,PRJEB34634,ERX3571565,ftp.sra.ebi.ac.uk/vol1/fastq/ERR357/007/ERR3573327/ERR3573327_1.fastq.gz;ftp.sra.ebi.ac.uk/vol1/fastq/ERR357/007/ERR3573327/ERR3573327_2.fastq.gz,ftp.sra.ebi.ac.uk/vol1/run/ERR357/ERR3573327/WTCHG_457713_240195.bam,,WTCHG_457713_240195,OXF-INF-SUM
ERR3573328,ERZ2270902,SAMEA5989477,PRJEB45055,SEQUENCE_ASSEMBLY,749907,sediment metagenome,ftp.sra.ebi.ac.uk/vol1/ERZ227/ERZ2270902/ERR3573328.fasta.gz,PRJEB34634,ERX3571566,ftp.sra.ebi.ac.uk/vol1/fastq/ERR357/008/ERR3573328/ERR3573328_1.fastq.gz;ftp.sra.ebi.ac.uk/vol1/fastq/ERR357/008/ERR3573328/ERR3573328_2.fastq.gz,ftp.sra.ebi.ac.uk/vol1/run/ERR357/ERR3573328/WTCHG_457714_240195.bam,,WTCHG_457714_240195,OXF-INF-SUM
ERR3573329,ERZ2270612,SAMEA5989477,PRJEB45055,SEQUENCE_ASSEMBLY,749907,sediment metagenome,ftp.sra.ebi.ac.uk/vol1/ERZ227/ERZ2270612/ERR3573329.fasta.gz,PRJEB34634,ERX3571567,ftp.sra.ebi.ac.uk/vol1/fastq/ERR357/009/ERR3573329/ERR3573329_1.fastq.gz;ftp.sra.ebi.ac.uk/vol1/fastq/ERR357/009/ERR3573329/ERR3573329_2.fastq.gz,ftp.sra.ebi.ac.uk/vol1/run/ERR357/ERR3573329/WTCHG_461227_240195.bam,,WTCHG_461227_240195,OXF-INF-SUM
ERR3573330,ERZ2271291,SAMEA5989477,PRJEB45055,SEQUENCE_ASSEMBLY,749907,sediment metagenome,ftp.sra.ebi.ac.uk/vol1/ERZ227/ERZ2271291/ERR3573330.fasta.gz,PRJEB34634,ERX3571568,ftp.sra.ebi.ac.uk/vol1/fastq/ERR357/000/ERR3573330/ERR3573330_1.fastq.gz;ftp.sra.ebi.ac.uk/vol1/fastq/ERR357/000/ERR3573330/ERR3573330_2.fastq.gz,ftp.sra.ebi.ac.uk/vol1/run/ERR357/ERR3573330/WTCHG_461228_240195.bam,,WTCHG_461228_240195,OXF-INF-SUM
ERR3573331,ERZ2272440,SAMEA5989477,PRJEB45055,SEQUENCE_ASSEMBLY,749907,sediment metagenome,ftp.sra.ebi.ac.uk/vol1/ERZ227/ERZ2272440/ERR3573331.fasta.gz,PRJEB34634,ERX3571569,ftp.sra.ebi.ac.uk/vol1/fastq/ERR357/001/ERR3573331/ERR3573331_1.fastq.gz;ftp.sra.ebi.ac.uk/vol1/fastq/ERR357/001/ERR3573331/ERR3573331_2.fastq.gz,ftp.sra.ebi.ac.uk/vol1/run/ERR357/ERR3573331/WTCHG_455360_235135.bam,,WTCHG_455360_235135,OXF-INF-WIN
ERR3573332,ERZ2271789,SAMEA5989477,PRJEB45055,SEQUENCE_ASSEMBLY,749907,sediment metagenome,ftp.sra.ebi.ac.uk/vol1/ERZ227/ERZ2271789/ERR3573332.fasta.gz,PRJEB34634,ERX3571570,ftp.sra.ebi.ac.uk/vol1/fastq/ERR357/002/ERR3573332/ERR3573332_1.fastq.gz;ftp.sra.ebi.ac.uk/vol1/fastq/ERR357/002/ERR3573332/ERR3573332_2.fastq.gz,ftp.sra.ebi.ac.uk/vol1/run/ERR357/ERR3573332/WTCHG_456624_235135.bam,,WTCHG_456624_235135,OXF-INF-WIN
ERR3573333,ERZ2272074,SAMEA5989477,PRJEB45055,SEQUENCE_ASSEMBLY,749907,sediment metagenome,ftp.sra.ebi.ac.uk/vol1/ERZ227/ERZ2272074/ERR3573333.fasta.gz,PRJEB34634,ERX3571571,ftp.sra.ebi.ac.uk/vol1/fastq/ERR357/003/ERR3573333/ERR3573333_1.fastq.gz;ftp.sra.ebi.ac.uk/vol1/fastq/ERR357/003/ERR3573333/ERR3573333_2.fastq.gz,ftp.sra.ebi.ac.uk/vol1/run/ERR357/ERR3573333/WTCHG_457295_235135.bam,,WTCHG_457295_235135,OXF-INF-WIN
ERR3573334,ERZ2227021,SAMEA5989477,PRJEB45055,SEQUENCE_ASSEMBLY,749907,sediment metagenome,ftp.sra.ebi.ac.uk/vol1/ERZ222/ERZ2227021/ERR3573334.fasta.gz,PRJEB34634,ERX3571572,ftp.sra.ebi.ac.uk/vol1/fastq/ERR357/004/ERR3573334/ERR3573334_1.fastq.gz;ftp.sra.ebi.ac.uk/vol1/fastq/ERR357/004/ERR3573334/ERR3573334_2.fastq.gz,ftp.sra.ebi.ac.uk/vol1/run/ERR357/ERR3573334/WTCHG_457296_235135.bam,,WTCHG_457296_235135,OXF-INF-WIN
ERR3573335,ERZ2272153,SAMEA5989477,PRJEB45055,SEQUENCE_ASSEMBLY,749907,sediment metagenome,ftp.sra.ebi.ac.uk/vol1/ERZ227/ERZ2272153/ERR3573335.fasta.gz,PRJEB34634,ERX3571573,ftp.sra.ebi.ac.uk/vol1/fastq/ERR357/005/ERR3573335/ERR3573335_1.fastq.gz;ftp.sra.ebi.ac.uk/vol1/fastq/ERR357/005/ERR3573335/ERR3573335_2.fastq.gz,ftp.sra.ebi.ac.uk/vol1/run/ERR357/ERR3573335/WTCHG_457297_235135.bam,,WTCHG_457297_235135,OXF-INF-WIN
ERR3573336,ERZ2272116,SAMEA5989477,PRJEB45055,SEQUENCE_ASSEMBLY,749907,sediment metagenome,ftp.sra.ebi.ac.uk/vol1/ERZ227/ERZ2272116/ERR3573336.fasta.gz,PRJEB34634,ERX3571574,ftp.sra.ebi.ac.uk/vol1/fastq/ERR357/006/ERR3573336/ERR3573336_1.fastq.gz;ftp.sra.ebi.ac.uk/vol1/fastq/ERR357/006/ERR3573336/ERR3573336_2.fastq.gz,ftp.sra.ebi.ac.uk/vol1/run/ERR357/ERR3573336/WTCHG_457298_235135.bam,,WTCHG_457298_235135,OXF-INF-WIN
ERR3573337,ERZ2227660,SAMEA5989477,PRJEB45055,SEQUENCE_ASSEMBLY,749907,sediment metagenome,ftp.sra.ebi.ac.uk/vol1/ERZ222/ERZ2227660/ERR3573337.fasta.gz,PRJEB34634,ERX3571575,ftp.sra.ebi.ac.uk/vol1/fastq/ERR357/007/ERR3573337/ERR3573337_1.fastq.gz;ftp.sra.ebi.ac.uk/vol1/fastq/ERR357/007/ERR3573337/ERR3573337_2.fastq.gz,ftp.sra.ebi.ac.uk/vol1/run/ERR357/ERR3573337/WTCHG_457710_235135.bam,,WTCHG_457710_235135,OXF-INF-WIN
ERR3573338,ERZ2269465,SAMEA5989477,PRJEB45055,SEQUENCE_ASSEMBLY,749907,sediment metagenome,ftp.sra.ebi.ac.uk/vol1/ERZ226/ERZ2269465/ERR3573338.fasta.gz,PRJEB34634,ERX3571576,ftp.sra.ebi.ac.uk/vol1/fastq/ERR357/008/ERR3573338/ERR3573338_1.fastq.gz;ftp.sra.ebi.ac.uk/vol1/fastq/ERR357/008/ERR3573338/ERR3573338_2.fastq.gz,ftp.sra.ebi.ac.uk/vol1/run/ERR357/ERR3573338/WTCHG_457711_235135.bam,,WTCHG_457711_235135,OXF-INF-WIN
ERR3573339,ERZ2227290,SAMEA5989477,PRJEB45055,SEQUENCE_ASSEMBLY,749907,sediment metagenome,ftp.sra.ebi.ac.uk/vol1/ERZ222/ERZ2227290/ERR3573339.fasta.gz,PRJEB34634,ERX3571577,ftp.sra.ebi.ac.uk/vol1/fastq/ERR357/009/ERR3573339/ERR3573339_1.fastq.gz;ftp.sra.ebi.ac.uk/vol1/fastq/ERR357/009/ERR3573339/ERR3573339_2.fastq.gz,ftp.sra.ebi.ac.uk/vol1/run/ERR357/ERR3573339/WTCHG_457712_235135.bam,,WTCHG_457712_235135,OXF-INF-WIN
ERR3573340,ERZ2271930,SAMEA5989477,PRJEB45055,SEQUENCE_ASSEMBLY,749907,sediment metagenome,ftp.sra.ebi.ac.uk/vol1/ERZ227/ERZ2271930/ERR3573340.fasta.gz,PRJEB34634,ERX3571578,ftp.sra.ebi.ac.uk/vol1/fastq/ERR357/000/ERR3573340/ERR3573340_1.fastq.gz;ftp.sra.ebi.ac.uk/vol1/fastq/ERR357/000/ERR3573340/ERR3573340_2.fastq.gz,ftp.sra.ebi.ac.uk/vol1/run/ERR357/ERR3573340/WTCHG_457713_235135.bam,,WTCHG_457713_235135,OXF-INF-WIN
ERR3573341,ERZ2227993,SAMEA5989477,PRJEB45055,SEQUENCE_ASSEMBLY,749907,sediment metagenome,ftp.sra.ebi.ac.uk/vol1/ERZ222/ERZ2227993/ERR3573341.fasta.gz,PRJEB34634,ERX3571579,ftp.sra.ebi.ac.uk/vol1/fastq/ERR357/001/ERR3573341/ERR3573341_1.fastq.gz;ftp.sra.ebi.ac.uk/vol1/fastq/ERR357/001/ERR3573341/ERR3573341_2.fastq.gz,ftp.sra.ebi.ac.uk/vol1/run/ERR357/ERR3573341/WTCHG_457714_235135.bam,,WTCHG_457714_235135,OXF-INF-WIN
ERR3573342,ERZ2272680,SAMEA5989477,PRJEB45055,SEQUENCE_ASSEMBLY,749907,sediment metagenome,ftp.sra.ebi.ac.uk/vol1/ERZ227/ERZ2272680/ERR3573342.fasta.gz,PRJEB34634,ERX3571580,ftp.sra.ebi.ac.uk/vol1/fastq/ERR357/002/ERR3573342/ERR3573342_1.fastq.gz;ftp.sra.ebi.ac.uk/vol1/fastq/ERR357/002/ERR3573342/ERR3573342_2.fastq.gz,ftp.sra.ebi.ac.uk/vol1/run/ERR357/ERR3573342/WTCHG_461227_235135.bam,,WTCHG_461227_235135,OXF-INF-WIN
ERR3573343,ERZ2227154,SAMEA5989477,PRJEB45055,SEQUENCE_ASSEMBLY,749907,sediment metagenome,ftp.sra.ebi.ac.uk/vol1/ERZ222/ERZ2227154/ERR3573343.fasta.gz,PRJEB34634,ERX3571581,ftp.sra.ebi.ac.uk/vol1/fastq/ERR357/003/ERR3573343/ERR3573343_1.fastq.gz;ftp.sra.ebi.ac.uk/vol1/fastq/ERR357/003/ERR3573343/ERR3573343_2.fastq.gz,ftp.sra.ebi.ac.uk/vol1/run/ERR357/ERR3573343/WTCHG_461228_235135.bam,,WTCHG_461228_235135,OXF-INF-WIN
ERR3573344,ERZ2271810,SAMEA5989477,PRJEB45055,SEQUENCE_ASSEMBLY,749907,sediment metagenome,ftp.sra.ebi.ac.uk/vol1/ERZ227/ERZ2271810/ERR3573344.fasta.gz,PRJEB34634,ERX3571582,ftp.sra.ebi.ac.uk/vol1/fastq/ERR357/004/ERR3573344/ERR3573344_1.fastq.gz;ftp.sra.ebi.ac.uk/vol1/fastq/ERR357/004/ERR3573344/ERR3573344_2.fastq.gz,ftp.sra.ebi.ac.uk/vol1/run/ERR357/ERR3573344/WTCHG_550636_262161.bam,,WTCHG_550636_262161,OXF-UP-100-AUT
ERR3573345,ERZ2271110,SAMEA5989477,PRJEB45055,SEQUENCE_ASSEMBLY,749907,sediment metagenome,ftp.sra.ebi.ac.uk/vol1/ERZ227/ERZ2271110/ERR3573345.fasta.gz,PRJEB34634,ERX3571583,ftp.sra.ebi.ac.uk/vol1/fastq/ERR357/005/ERR3573345/ERR3573345_1.fastq.gz;ftp.sra.ebi.ac.uk/vol1/fastq/ERR357/005/ERR3573345/ERR3573345_2.fastq.gz,ftp.sra.ebi.ac.uk/vol1/run/ERR357/ERR3573345/WTCHG_551515_262161.bam,,WTCHG_551515_262161,OXF-UP-100-AUT
ERR3573346,ERZ2272341,SAMEA5989477,PRJEB45055,SEQUENCE_ASSEMBLY,749907,sediment metagenome,ftp.sra.ebi.ac.uk/vol1/ERZ227/ERZ2272341/ERR3573346.fasta.gz,PRJEB34634,ERX3571584,ftp.sra.ebi.ac.uk/vol1/fastq/ERR357/006/ERR3573346/ERR3573346_1.fastq.gz;ftp.sra.ebi.ac.uk/vol1/fastq/ERR357/006/ERR3573346/ERR3573346_2.fastq.gz,ftp.sra.ebi.ac.uk/vol1/run/ERR357/ERR3573346/WTCHG_551514_262161.bam,,WTCHG_551514_262161,OXF-UP-100-AUT
ERR3573347,ERZ2270610,SAMEA5989477,PRJEB45055,SEQUENCE_ASSEMBLY,749907,sediment metagenome,ftp.sra.ebi.ac.uk/vol1/ERZ227/ERZ2270610/ERR3573347.fasta.gz,PRJEB34634,ERX3571585,ftp.sra.ebi.ac.uk/vol1/fastq/ERR357/007/ERR3573347/ERR3573347_1.fastq.gz;ftp.sra.ebi.ac.uk/vol1/fastq/ERR357/007/ERR3573347/ERR3573347_2.fastq.gz,ftp.sra.ebi.ac.uk/vol1/run/ERR357/ERR3573347/WTCHG_554367_262161.bam,,WTCHG_554367_262161,OXF-UP-100-AUT
ERR3573348,ERZ2227935,SAMEA5989477,PRJEB45055,SEQUENCE_ASSEMBLY,749907,sediment metagenome,ftp.sra.ebi.ac.uk/vol1/ERZ222/ERZ2227935/ERR3573348.fasta.gz,PRJEB34634,ERX3571586,ftp.sra.ebi.ac.uk/vol1/fastq/ERR357/008/ERR3573348/ERR3573348_1.fastq.gz;ftp.sra.ebi.ac.uk/vol1/fastq/ERR357/008/ERR3573348/ERR3573348_2.fastq.gz,ftp.sra.ebi.ac.uk/vol1/run/ERR357/ERR3573348/WTCHG_554366_262161.bam,,WTCHG_554366_262161,OXF-UP-100-AUT
ERR3573349,ERZ2271727,SAMEA5989477,PRJEB45055,SEQUENCE_ASSEMBLY,749907,sediment metagenome,ftp.sra.ebi.ac.uk/vol1/ERZ227/ERZ2271727/ERR3573349.fasta.gz,PRJEB34634,ERX3571587,ftp.sra.ebi.ac.uk/vol1/fastq/ERR357/009/ERR3573349/ERR3573349_1.fastq.gz;ftp.sra.ebi.ac.uk/vol1/fastq/ERR357/009/ERR3573349/ERR3573349_2.fastq.gz,ftp.sra.ebi.ac.uk/vol1/run/ERR357/ERR3573349/WTCHG_555220_262161.bam,,WTCHG_555220_262161,OXF-UP-100-AUT
ERR3573350,ERZ2272042,SAMEA5989477,PRJEB45055,SEQUENCE_ASSEMBLY,749907,sediment metagenome,ftp.sra.ebi.ac.uk/vol1/ERZ227/ERZ2272042/ERR3573350.fasta.gz,PRJEB34634,ERX3571588,ftp.sra.ebi.ac.uk/vol1/fastq/ERR357/000/ERR3573350/ERR3573350_1.fastq.gz;ftp.sra.ebi.ac.uk/vol1/fastq/ERR357/000/ERR3573350/ERR3573350_2.fastq.gz,ftp.sra.ebi.ac.uk/vol1/run/ERR357/ERR3573350/WTCHG_555215_262161.bam,,WTCHG_555215_262161,OXF-UP-100-AUT
ERR3573351,ERZ2272612,SAMEA5989477,PRJEB45055,SEQUENCE_ASSEMBLY,749907,sediment metagenome,ftp.sra.ebi.ac.uk/vol1/ERZ227/ERZ2272612/ERR3573351.fasta.gz,PRJEB34634,ERX3571589,ftp.sra.ebi.ac.uk/vol1/fastq/ERR357/001/ERR3573351/ERR3573351_1.fastq.gz;ftp.sra.ebi.ac.uk/vol1/fastq/ERR357/001/ERR3573351/ERR3573351_2.fastq.gz,ftp.sra.ebi.ac.uk/vol1/run/ERR357/ERR3573351/WTCHG_555214_262161.bam,,WTCHG_555214_262161,OXF-UP-100-AUT
ERR3573352,ERZ2272652,SAMEA5989477,PRJEB45055,SEQUENCE_ASSEMBLY,749907,sediment metagenome,ftp.sra.ebi.ac.uk/vol1/ERZ227/ERZ2272652/ERR3573352.fasta.gz,PRJEB34634,ERX3571590,ftp.sra.ebi.ac.uk/vol1/fastq/ERR357/002/ERR3573352/ERR3573352_1.fastq.gz;ftp.sra.ebi.ac.uk/vol1/fastq/ERR357/002/ERR3573352/ERR3573352_2.fastq.gz,ftp.sra.ebi.ac.uk/vol1/run/ERR357/ERR3573352/WTCHG_555217_262161.bam,,WTCHG_555217_262161,OXF-UP-100-AUT
ERR3573353,ERZ2270504,SAMEA5989477,PRJEB45055,SEQUENCE_ASSEMBLY,749907,sediment metagenome,ftp.sra.ebi.ac.uk/vol1/ERZ227/ERZ2270504/ERR3573353.fasta.gz,PRJEB34634,ERX3571591,ftp.sra.ebi.ac.uk/vol1/fastq/ERR357/003/ERR3573353/ERR3573353_1.fastq.gz;ftp.sra.ebi.ac.uk/vol1/fastq/ERR357/003/ERR3573353/ERR3573353_2.fastq.gz,ftp.sra.ebi.ac.uk/vol1/run/ERR357/ERR3573353/WTCHG_555221_262161.bam,,WTCHG_555221_262161,OXF-UP-100-AUT
ERR3573354,ERZ2272218,SAMEA5989477,PRJEB45055,SEQUENCE_ASSEMBLY,749907,sediment metagenome,ftp.sra.ebi.ac.uk/vol1/ERZ227/ERZ2272218/ERR3573354.fasta.gz,PRJEB34634,ERX3571592,ftp.sra.ebi.ac.uk/vol1/fastq/ERR357/004/ERR3573354/ERR3573354_1.fastq.gz;ftp.sra.ebi.ac.uk/vol1/fastq/ERR357/004/ERR3573354/ERR3573354_2.fastq.gz,ftp.sra.ebi.ac.uk/vol1/run/ERR357/ERR3573354/WTCHG_555216_262161.bam,,WTCHG_555216_262161,OXF-UP-100-AUT
ERR3573355,ERZ2272674,SAMEA5989477,PRJEB45055,SEQUENCE_ASSEMBLY,749907,sediment metagenome,ftp.sra.ebi.ac.uk/vol1/ERZ227/ERZ2272674/ERR3573355.fasta.gz,PRJEB34634,ERX3571593,ftp.sra.ebi.ac.uk/vol1/fastq/ERR357/005/ERR3573355/ERR3573355_1.fastq.gz;ftp.sra.ebi.ac.uk/vol1/fastq/ERR357/005/ERR3573355/ERR3573355_2.fastq.gz,ftp.sra.ebi.ac.uk/vol1/run/ERR357/ERR3573355/WTCHG_555219_262161.bam,,WTCHG_555219_262161,OXF-UP-100-AUT
ERR3573356,ERZ2272515,SAMEA5989477,PRJEB45055,SEQUENCE_ASSEMBLY,749907,sediment metagenome,ftp.sra.ebi.ac.uk/vol1/ERZ227/ERZ2272515/ERR3573356.fasta.gz,PRJEB34634,ERX3571594,ftp.sra.ebi.ac.uk/vol1/fastq/ERR357/006/ERR3573356/ERR3573356_1.fastq.gz;ftp.sra.ebi.ac.uk/vol1/fastq/ERR357/006/ERR3573356/ERR3573356_2.fastq.gz,ftp.sra.ebi.ac.uk/vol1/run/ERR357/ERR3573356/WTCHG_555218_262161.bam,,WTCHG_555218_262161,OXF-UP-100-AUT
ERR3573357,ERZ2272485,SAMEA5989477,PRJEB45055,SEQUENCE_ASSEMBLY,749907,sediment metagenome,ftp.sra.ebi.ac.uk/vol1/ERZ227/ERZ2272485/ERR3573357.fasta.gz,PRJEB34634,ERX3571595,ftp.sra.ebi.ac.uk/vol1/fastq/ERR357/007/ERR3573357/ERR3573357_1.fastq.gz;ftp.sra.ebi.ac.uk/vol1/fastq/ERR357/007/ERR3573357/ERR3573357_2.fastq.gz,ftp.sra.ebi.ac.uk/vol1/run/ERR357/ERR3573357/WTCHG_559241_262161.bam,,WTCHG_559241_262161,OXF-UP-100-AUT
ERR3573358,ERZ2227177,SAMEA5989477,PRJEB45055,SEQUENCE_ASSEMBLY,749907,sediment metagenome,ftp.sra.ebi.ac.uk/vol1/ERZ222/ERZ2227177/ERR3573358.fasta.gz,PRJEB34634,ERX3571596,ftp.sra.ebi.ac.uk/vol1/fastq/ERR357/008/ERR3573358/ERR3573358_1.fastq.gz;ftp.sra.ebi.ac.uk/vol1/fastq/ERR357/008/ERR3573358/ERR3573358_2.fastq.gz,ftp.sra.ebi.ac.uk/vol1/run/ERR357/ERR3573358/WTCHG_559243_262161.bam,,WTCHG_559243_262161,OXF-UP-100-AUT
ERR3573359,ERZ2271183,SAMEA5989477,PRJEB45055,SEQUENCE_ASSEMBLY,749907,sediment metagenome,ftp.sra.ebi.ac.uk/vol1/ERZ227/ERZ2271183/ERR3573359.fasta.gz,PRJEB34634,ERX3571597,ftp.sra.ebi.ac.uk/vol1/fastq/ERR357/009/ERR3573359/ERR3573359_1.fastq.gz;ftp.sra.ebi.ac.uk/vol1/fastq/ERR357/009/ERR3573359/ERR3573359_2.fastq.gz,ftp.sra.ebi.ac.uk/vol1/run/ERR357/ERR3573359/WTCHG_559240_262161.bam,,WTCHG_559240_262161,OXF-UP-100-AUT
ERR3573360,ERZ2272251,SAMEA5989477,PRJEB45055,SEQUENCE_ASSEMBLY,749907,sediment metagenome,ftp.sra.ebi.ac.uk/vol1/ERZ227/ERZ2272251/ERR3573360.fasta.gz,PRJEB34634,ERX3571598,ftp.sra.ebi.ac.uk/vol1/fastq/ERR357/000/ERR3573360/ERR3573360_1.fastq.gz;ftp.sra.ebi.ac.uk/vol1/fastq/ERR357/000/ERR3573360/ERR3573360_2.fastq.gz,ftp.sra.ebi.ac.uk/vol1/run/ERR357/ERR3573360/WTCHG_559244_262161.bam,,WTCHG_559244_262161,OXF-UP-100-AUT
ERR3573361,ERZ2227278,SAMEA5989477,PRJEB45055,SEQUENCE_ASSEMBLY,749907,sediment metagenome,ftp.sra.ebi.ac.uk/vol1/ERZ222/ERZ2227278/ERR3573361.fasta.gz,PRJEB34634,ERX3571599,ftp.sra.ebi.ac.uk/vol1/fastq/ERR357/001/ERR3573361/ERR3573361_1.fastq.gz;ftp.sra.ebi.ac.uk/vol1/fastq/ERR357/001/ERR3573361/ERR3573361_2.fastq.gz,ftp.sra.ebi.ac.uk/vol1/run/ERR357/ERR3573361/WTCHG_559242_262161.bam,,WTCHG_559242_262161,OXF-UP-100-AUT
ERR3573362,ERZ2270758,SAMEA5989477,PRJEB45055,SEQUENCE_ASSEMBLY,749907,sediment metagenome,ftp.sra.ebi.ac.uk/vol1/ERZ227/ERZ2270758/ERR3573362.fasta.gz,PRJEB34634,ERX3571600,ftp.sra.ebi.ac.uk/vol1/fastq/ERR357/002/ERR3573362/ERR3573362_1.fastq.gz;ftp.sra.ebi.ac.uk/vol1/fastq/ERR357/002/ERR3573362/ERR3573362_2.fastq.gz,ftp.sra.ebi.ac.uk/vol1/run/ERR357/ERR3573362/WTCHG_550636_257101.bam,,WTCHG_550636_257101,OXF-UP-100-SUM
ERR3573363,ERZ2227850,SAMEA5989477,PRJEB45055,SEQUENCE_ASSEMBLY,749907,sediment metagenome,ftp.sra.ebi.ac.uk/vol1/ERZ222/ERZ2227850/ERR3573363.fasta.gz,PRJEB34634,ERX3571601,ftp.sra.ebi.ac.uk/vol1/fastq/ERR357/003/ERR3573363/ERR3573363_1.fastq.gz;ftp.sra.ebi.ac.uk/vol1/fastq/ERR357/003/ERR3573363/ERR3573363_2.fastq.gz,ftp.sra.ebi.ac.uk/vol1/run/ERR357/ERR3573363/WTCHG_551514_257101.bam,,WTCHG_551514_257101,OXF-UP-100-SUM
ERR3573364,ERZ2271956,SAMEA5989477,PRJEB45055,SEQUENCE_ASSEMBLY,749907,sediment metagenome,ftp.sra.ebi.ac.uk/vol1/ERZ227/ERZ2271956/ERR3573364.fasta.gz,PRJEB34634,ERX3571602,ftp.sra.ebi.ac.uk/vol1/fastq/ERR357/004/ERR3573364/ERR3573364_1.fastq.gz;ftp.sra.ebi.ac.uk/vol1/fastq/ERR357/004/ERR3573364/ERR3573364_2.fastq.gz,ftp.sra.ebi.ac.uk/vol1/run/ERR357/ERR3573364/WTCHG_551515_257101.bam,,WTCHG_551515_257101,OXF-UP-100-SUM
ERR3573365,ERZ2272165,SAMEA5989477,PRJEB45055,SEQUENCE_ASSEMBLY,749907,sediment metagenome,ftp.sra.ebi.ac.uk/vol1/ERZ227/ERZ2272165/ERR3573365.fasta.gz,PRJEB34634,ERX3571603,ftp.sra.ebi.ac.uk/vol1/fastq/ERR357/005/ERR3573365/ERR3573365_1.fastq.gz;ftp.sra.ebi.ac.uk/vol1/fastq/ERR357/005/ERR3573365/ERR3573365_2.fastq.gz,ftp.sra.ebi.ac.uk/vol1/run/ERR357/ERR3573365/WTCHG_554367_257101.bam,,WTCHG_554367_257101,OXF-UP-100-SUM
ERR3573366,ERZ2272254,SAMEA5989477,PRJEB45055,SEQUENCE_ASSEMBLY,749907,sediment metagenome,ftp.sra.ebi.ac.uk/vol1/ERZ227/ERZ2272254/ERR3573366.fasta.gz,PRJEB34634,ERX3571604,ftp.sra.ebi.ac.uk/vol1/fastq/ERR357/006/ERR3573366/ERR3573366_1.fastq.gz;ftp.sra.ebi.ac.uk/vol1/fastq/ERR357/006/ERR3573366/ERR3573366_2.fastq.gz,ftp.sra.ebi.ac.uk/vol1/run/ERR357/ERR3573366/WTCHG_554366_257101.bam,,WTCHG_554366_257101,OXF-UP-100-SUM
ERR3573367,ERZ2271170,SAMEA5989477,PRJEB45055,SEQUENCE_ASSEMBLY,749907,sediment metagenome,ftp.sra.ebi.ac.uk/vol1/ERZ227/ERZ2271170/ERR3573367.fasta.gz,PRJEB34634,ERX3571605,ftp.sra.ebi.ac.uk/vol1/fastq/ERR357/007/ERR3573367/ERR3573367_1.fastq.gz;ftp.sra.ebi.ac.uk/vol1/fastq/ERR357/007/ERR3573367/ERR3573367_2.fastq.gz,ftp.sra.ebi.ac.uk/vol1/run/ERR357/ERR3573367/WTCHG_555218_257101.bam,,WTCHG_555218_257101,OXF-UP-100-SUM
ERR3573368,ERZ2272580,SAMEA5989477,PRJEB45055,SEQUENCE_ASSEMBLY,749907,sediment metagenome,ftp.sra.ebi.ac.uk/vol1/ERZ227/ERZ2272580/ERR3573368.fasta.gz,PRJEB34634,ERX3571606,ftp.sra.ebi.ac.uk/vol1/fastq/ERR357/008/ERR3573368/ERR3573368_1.fastq.gz;ftp.sra.ebi.ac.uk/vol1/fastq/ERR357/008/ERR3573368/ERR3573368_2.fastq.gz,ftp.sra.ebi.ac.uk/vol1/run/ERR357/ERR3573368/WTCHG_555217_257101.bam,,WTCHG_555217_257101,OXF-UP-100-SUM
ERR3573369,ERZ2272134,SAMEA5989477,PRJEB45055,SEQUENCE_ASSEMBLY,749907,sediment metagenome,ftp.sra.ebi.ac.uk/vol1/ERZ227/ERZ2272134/ERR3573369.fasta.gz,PRJEB34634,ERX3571607,ftp.sra.ebi.ac.uk/vol1/fastq/ERR357/009/ERR3573369/ERR3573369_1.fastq.gz;ftp.sra.ebi.ac.uk/vol1/fastq/ERR357/009/ERR3573369/ERR3573369_2.fastq.gz,ftp.sra.ebi.ac.uk/vol1/run/ERR357/ERR3573369/WTCHG_555216_257101.bam,,WTCHG_555216_257101,OXF-UP-100-SUM
ERR3573370,ERZ2272429,SAMEA5989477,PRJEB45055,SEQUENCE_ASSEMBLY,749907,sediment metagenome,ftp.sra.ebi.ac.uk/vol1/ERZ227/ERZ2272429/ERR3573370.fasta.gz,PRJEB34634,ERX3571608,ftp.sra.ebi.ac.uk/vol1/fastq/ERR357/000/ERR3573370/ERR3573370_1.fastq.gz;ftp.sra.ebi.ac.uk/vol1/fastq/ERR357/000/ERR3573370/ERR3573370_2.fastq.gz,ftp.sra.ebi.ac.uk/vol1/run/ERR357/ERR3573370/WTCHG_555220_257101.bam,,WTCHG_555220_257101,OXF-UP-100-SUM
ERR3573371,ERZ2268836,SAMEA5989477,PRJEB45055,SEQUENCE_ASSEMBLY,749907,sediment metagenome,ftp.sra.ebi.ac.uk/vol1/ERZ226/ERZ2268836/ERR3573371.fasta.gz,PRJEB34634,ERX3571609,ftp.sra.ebi.ac.uk/vol1/fastq/ERR357/001/ERR3573371/ERR3573371_1.fastq.gz;ftp.sra.ebi.ac.uk/vol1/fastq/ERR357/001/ERR3573371/ERR3573371_2.fastq.gz,ftp.sra.ebi.ac.uk/vol1/run/ERR357/ERR3573371/WTCHG_555221_257101.bam,,WTCHG_555221_257101,OXF-UP-100-SUM
ERR3573372,ERZ2272018,SAMEA5989477,PRJEB45055,SEQUENCE_ASSEMBLY,749907,sediment metagenome,ftp.sra.ebi.ac.uk/vol1/ERZ227/ERZ2272018/ERR3573372.fasta.gz,PRJEB34634,ERX3571610,ftp.sra.ebi.ac.uk/vol1/fastq/ERR357/002/ERR3573372/ERR3573372_1.fastq.gz;ftp.sra.ebi.ac.uk/vol1/fastq/ERR357/002/ERR3573372/ERR3573372_2.fastq.gz,ftp.sra.ebi.ac.uk/vol1/run/ERR357/ERR3573372/WTCHG_555215_257101.bam,,WTCHG_555215_257101,OXF-UP-100-SUM
ERR3573373,ERZ2271952,SAMEA5989477,PRJEB45055,SEQUENCE_ASSEMBLY,749907,sediment metagenome,ftp.sra.ebi.ac.uk/vol1/ERZ227/ERZ2271952/ERR3573373.fasta.gz,PRJEB34634,ERX3571611,ftp.sra.ebi.ac.uk/vol1/fastq/ERR357/003/ERR3573373/ERR3573373_1.fastq.gz;ftp.sra.ebi.ac.uk/vol1/fastq/ERR357/003/ERR3573373/ERR3573373_2.fastq.gz,ftp.sra.ebi.ac.uk/vol1/run/ERR357/ERR3573373/WTCHG_555214_257101.bam,,WTCHG_555214_257101,OXF-UP-100-SUM
ERR3573374,ERZ2272535,SAMEA5989477,PRJEB45055,SEQUENCE_ASSEMBLY,749907,sediment metagenome,ftp.sra.ebi.ac.uk/vol1/ERZ227/ERZ2272535/ERR3573374.fasta.gz,PRJEB34634,ERX3571612,ftp.sra.ebi.ac.uk/vol1/fastq/ERR357/004/ERR3573374/ERR3573374_1.fastq.gz;ftp.sra.ebi.ac.uk/vol1/fastq/ERR357/004/ERR3573374/ERR3573374_2.fastq.gz,ftp.sra.ebi.ac.uk/vol1/run/ERR357/ERR3573374/WTCHG_555219_257101.bam,,WTCHG_555219_257101,OXF-UP-100-SUM
ERR3573375,ERZ2271785,SAMEA5989477,PRJEB45055,SEQUENCE_ASSEMBLY,749907,sediment metagenome,ftp.sra.ebi.ac.uk/vol1/ERZ227/ERZ2271785/ERR3573375.fasta.gz,PRJEB34634,ERX3571613,ftp.sra.ebi.ac.uk/vol1/fastq/ERR357/005/ERR3573375/ERR3573375_1.fastq.gz;ftp.sra.ebi.ac.uk/vol1/fastq/ERR357/005/ERR3573375/ERR3573375_2.fastq.gz,ftp.sra.ebi.ac.uk/vol1/run/ERR357/ERR3573375/WTCHG_559241_257101.bam,,WTCHG_559241_257101,OXF-UP-100-SUM
ERR3573376,ERZ2270413,SAMEA5989477,PRJEB45055,SEQUENCE_ASSEMBLY,749907,sediment metagenome,ftp.sra.ebi.ac.uk/vol1/ERZ227/ERZ2270413/ERR3573376.fasta.gz,PRJEB34634,ERX3571614,ftp.sra.ebi.ac.uk/vol1/fastq/ERR357/006/ERR3573376/ERR3573376_1.fastq.gz;ftp.sra.ebi.ac.uk/vol1/fastq/ERR357/006/ERR3573376/ERR3573376_2.fastq.gz,ftp.sra.ebi.ac.uk/vol1/run/ERR357/ERR3573376/WTCHG_559242_257101.bam,,WTCHG_559242_257101,OXF-UP-100-SUM
ERR3573377,ERZ2271818,SAMEA5989477,PRJEB45055,SEQUENCE_ASSEMBLY,749907,sediment metagenome,ftp.sra.ebi.ac.uk/vol1/ERZ227/ERZ2271818/ERR3573377.fasta.gz,PRJEB34634,ERX3571615,ftp.sra.ebi.ac.uk/vol1/fastq/ERR357/007/ERR3573377/ERR3573377_1.fastq.gz;ftp.sra.ebi.ac.uk/vol1/fastq/ERR357/007/ERR3573377/ERR3573377_2.fastq.gz,ftp.sra.ebi.ac.uk/vol1/run/ERR357/ERR3573377/WTCHG_559244_257101.bam,,WTCHG_559244_257101,OXF-UP-100-SUM
ERR3573378,ERZ2272175,SAMEA5989477,PRJEB45055,SEQUENCE_ASSEMBLY,749907,sediment metagenome,ftp.sra.ebi.ac.uk/vol1/ERZ227/ERZ2272175/ERR3573378.fasta.gz,PRJEB34634,ERX3571616,ftp.sra.ebi.ac.uk/vol1/fastq/ERR357/008/ERR3573378/ERR3573378_1.fastq.gz;ftp.sra.ebi.ac.uk/vol1/fastq/ERR357/008/ERR3573378/ERR3573378_2.fastq.gz,ftp.sra.ebi.ac.uk/vol1/run/ERR357/ERR3573378/WTCHG_559240_257101.bam,,WTCHG_559240_257101,OXF-UP-100-SUM
ERR3573379,ERZ2270647,SAMEA5989477,PRJEB45055,SEQUENCE_ASSEMBLY,749907,sediment metagenome,ftp.sra.ebi.ac.uk/vol1/ERZ227/ERZ2270647/ERR3573379.fasta.gz,PRJEB34634,ERX3571617,ftp.sra.ebi.ac.uk/vol1/fastq/ERR357/009/ERR3573379/ERR3573379_1.fastq.gz;ftp.sra.ebi.ac.uk/vol1/fastq/ERR357/009/ERR3573379/ERR3573379_2.fastq.gz,ftp.sra.ebi.ac.uk/vol1/run/ERR357/ERR3573379/WTCHG_559243_257101.bam,,WTCHG_559243_257101,OXF-UP-100-SUM
ERR3573380,ERZ2227981,SAMEA5989477,PRJEB45055,SEQUENCE_ASSEMBLY,749907,sediment metagenome,ftp.sra.ebi.ac.uk/vol1/ERZ222/ERZ2227981/ERR3573380.fasta.gz,PRJEB34634,ERX3571618,ftp.sra.ebi.ac.uk/vol1/fastq/ERR357/000/ERR3573380/ERR3573380_1.fastq.gz;ftp.sra.ebi.ac.uk/vol1/fastq/ERR357/000/ERR3573380/ERR3573380_2.fastq.gz,ftp.sra.ebi.ac.uk/vol1/run/ERR357/ERR3573380/WTCHG_550636_267126.bam,,WTCHG_550636_267126,OXF-UP-100-WIN
ERR3573381,ERZ2271282,SAMEA5989477,PRJEB45055,SEQUENCE_ASSEMBLY,749907,sediment metagenome,ftp.sra.ebi.ac.uk/vol1/ERZ227/ERZ2271282/ERR3573381.fasta.gz,PRJEB34634,ERX3571619,ftp.sra.ebi.ac.uk/vol1/fastq/ERR357/001/ERR3573381/ERR3573381_1.fastq.gz;ftp.sra.ebi.ac.uk/vol1/fastq/ERR357/001/ERR3573381/ERR3573381_2.fastq.gz,ftp.sra.ebi.ac.uk/vol1/run/ERR357/ERR3573381/WTCHG_551514_267126.bam,,WTCHG_551514_267126,OXF-UP-100-WIN
ERR3573382,ERZ2272494,SAMEA5989477,PRJEB45055,SEQUENCE_ASSEMBLY,749907,sediment metagenome,ftp.sra.ebi.ac.uk/vol1/ERZ227/ERZ2272494/ERR3573382.fasta.gz,PRJEB34634,ERX3571620,ftp.sra.ebi.ac.uk/vol1/fastq/ERR357/002/ERR3573382/ERR3573382_1.fastq.gz;ftp.sra.ebi.ac.uk/vol1/fastq/ERR357/002/ERR3573382/ERR3573382_2.fastq.gz,ftp.sra.ebi.ac.uk/vol1/run/ERR357/ERR3573382/WTCHG_551515_267126.bam,,WTCHG_551515_267126,OXF-UP-100-WIN
ERR3573383,ERZ2227296,SAMEA5989477,PRJEB45055,SEQUENCE_ASSEMBLY,749907,sediment metagenome,ftp.sra.ebi.ac.uk/vol1/ERZ222/ERZ2227296/ERR3573383.fasta.gz,PRJEB34634,ERX3571621,ftp.sra.ebi.ac.uk/vol1/fastq/ERR357/003/ERR3573383/ERR3573383_1.fastq.gz;ftp.sra.ebi.ac.uk/vol1/fastq/ERR357/003/ERR3573383/ERR3573383_2.fastq.gz,ftp.sra.ebi.ac.uk/vol1/run/ERR357/ERR3573383/WTCHG_554366_267126.bam,,WTCHG_554366_267126,OXF-UP-100-WIN
ERR3573384,ERZ2227494,SAMEA5989477,PRJEB45055,SEQUENCE_ASSEMBLY,749907,sediment metagenome,ftp.sra.ebi.ac.uk/vol1/ERZ222/ERZ2227494/ERR3573384.fasta.gz,PRJEB34634,ERX3571622,ftp.sra.ebi.ac.uk/vol1/fastq/ERR357/004/ERR3573384/ERR3573384_1.fastq.gz;ftp.sra.ebi.ac.uk/vol1/fastq/ERR357/004/ERR3573384/ERR3573384_2.fastq.gz,ftp.sra.ebi.ac.uk/vol1/run/ERR357/ERR3573384/WTCHG_554367_267126.bam,,WTCHG_554367_267126,OXF-UP-100-WIN
ERR3573385,ERZ2270807,SAMEA5989477,PRJEB45055,SEQUENCE_ASSEMBLY,749907,sediment metagenome,ftp.sra.ebi.ac.uk/vol1/ERZ227/ERZ2270807/ERR3573385.fasta.gz,PRJEB34634,ERX3571623,ftp.sra.ebi.ac.uk/vol1/fastq/ERR357/005/ERR3573385/ERR3573385_1.fastq.gz;ftp.sra.ebi.ac.uk/vol1/fastq/ERR357/005/ERR3573385/ERR3573385_2.fastq.gz,ftp.sra.ebi.ac.uk/vol1/run/ERR357/ERR3573385/WTCHG_555218_267126.bam,,WTCHG_555218_267126,OXF-UP-100-WIN
ERR3573386,ERZ2272814,SAMEA5989477,PRJEB45055,SEQUENCE_ASSEMBLY,749907,sediment metagenome,ftp.sra.ebi.ac.uk/vol1/ERZ227/ERZ2272814/ERR3573386.fasta.gz,PRJEB34634,ERX3571624,ftp.sra.ebi.ac.uk/vol1/fastq/ERR357/006/ERR3573386/ERR3573386_1.fastq.gz;ftp.sra.ebi.ac.uk/vol1/fastq/ERR357/006/ERR3573386/ERR3573386_2.fastq.gz,ftp.sra.ebi.ac.uk/vol1/run/ERR357/ERR3573386/WTCHG_555216_267126.bam,,WTCHG_555216_267126,OXF-UP-100-WIN
ERR3573387,ERZ2226901,SAMEA5989477,PRJEB45055,SEQUENCE_ASSEMBLY,749907,sediment metagenome,ftp.sra.ebi.ac.uk/vol1/ERZ222/ERZ2226901/ERR3573387.fasta.gz,PRJEB34634,ERX3571625,ftp.sra.ebi.ac.uk/vol1/fastq/ERR357/007/ERR3573387/ERR3573387_1.fastq.gz;ftp.sra.ebi.ac.uk/vol1/fastq/ERR357/007/ERR3573387/ERR3573387_2.fastq.gz,ftp.sra.ebi.ac.uk/vol1/run/ERR357/ERR3573387/WTCHG_555214_267126.bam,,WTCHG_555214_267126,OXF-UP-100-WIN
ERR3573388,ERZ2227793,SAMEA5989477,PRJEB45055,SEQUENCE_ASSEMBLY,749907,sediment metagenome,ftp.sra.ebi.ac.uk/vol1/ERZ222/ERZ2227793/ERR3573388.fasta.gz,PRJEB34634,ERX3571626,ftp.sra.ebi.ac.uk/vol1/fastq/ERR357/008/ERR3573388/ERR3573388_1.fastq.gz;ftp.sra.ebi.ac.uk/vol1/fastq/ERR357/008/ERR3573388/ERR3573388_2.fastq.gz,ftp.sra.ebi.ac.uk/vol1/run/ERR357/ERR3573388/WTCHG_555220_267126.bam,,WTCHG_555220_267126,OXF-UP-100-WIN
ERR3573389,ERZ2270707,SAMEA5989477,PRJEB45055,SEQUENCE_ASSEMBLY,749907,sediment metagenome,ftp.sra.ebi.ac.uk/vol1/ERZ227/ERZ2270707/ERR3573389.fasta.gz,PRJEB34634,ERX3571627,ftp.sra.ebi.ac.uk/vol1/fastq/ERR357/009/ERR3573389/ERR3573389_1.fastq.gz;ftp.sra.ebi.ac.uk/vol1/fastq/ERR357/009/ERR3573389/ERR3573389_2.fastq.gz,ftp.sra.ebi.ac.uk/vol1/run/ERR357/ERR3573389/WTCHG_555219_267126.bam,,WTCHG_555219_267126,OXF-UP-100-WIN
ERR3573390,ERZ2272401,SAMEA5989477,PRJEB45055,SEQUENCE_ASSEMBLY,749907,sediment metagenome,ftp.sra.ebi.ac.uk/vol1/ERZ227/ERZ2272401/ERR3573390.fasta.gz,PRJEB34634,ERX3571628,ftp.sra.ebi.ac.uk/vol1/fastq/ERR357/000/ERR3573390/ERR3573390_1.fastq.gz;ftp.sra.ebi.ac.uk/vol1/fastq/ERR357/000/ERR3573390/ERR3573390_2.fastq.gz,ftp.sra.ebi.ac.uk/vol1/run/ERR357/ERR3573390/WTCHG_555215_267126.bam,,WTCHG_555215_267126,OXF-UP-100-WIN
ERR3573391,ERZ2272503,SAMEA5989477,PRJEB45055,SEQUENCE_ASSEMBLY,749907,sediment metagenome,ftp.sra.ebi.ac.uk/vol1/ERZ227/ERZ2272503/ERR3573391.fasta.gz,PRJEB34634,ERX3571629,ftp.sra.ebi.ac.uk/vol1/fastq/ERR357/001/ERR3573391/ERR3573391_1.fastq.gz;ftp.sra.ebi.ac.uk/vol1/fastq/ERR357/001/ERR3573391/ERR3573391_2.fastq.gz,ftp.sra.ebi.ac.uk/vol1/run/ERR357/ERR3573391/WTCHG_555217_267126.bam,,WTCHG_555217_267126,OXF-UP-100-WIN
ERR3573392,ERZ2272496,SAMEA5989477,PRJEB45055,SEQUENCE_ASSEMBLY,749907,sediment metagenome,ftp.sra.ebi.ac.uk/vol1/ERZ227/ERZ2272496/ERR3573392.fasta.gz,PRJEB34634,ERX3571630,ftp.sra.ebi.ac.uk/vol1/fastq/ERR357/002/ERR3573392/ERR3573392_1.fastq.gz;ftp.sra.ebi.ac.uk/vol1/fastq/ERR357/002/ERR3573392/ERR3573392_2.fastq.gz,ftp.sra.ebi.ac.uk/vol1/run/ERR357/ERR3573392/WTCHG_555221_267126.bam,,WTCHG_555221_267126,OXF-UP-100-WIN
ERR3573393,ERZ2271769,SAMEA5989477,PRJEB45055,SEQUENCE_ASSEMBLY,749907,sediment metagenome,ftp.sra.ebi.ac.uk/vol1/ERZ227/ERZ2271769/ERR3573393.fasta.gz,PRJEB34634,ERX3571631,ftp.sra.ebi.ac.uk/vol1/fastq/ERR357/003/ERR3573393/ERR3573393_1.fastq.gz;ftp.sra.ebi.ac.uk/vol1/fastq/ERR357/003/ERR3573393/ERR3573393_2.fastq.gz,ftp.sra.ebi.ac.uk/vol1/run/ERR357/ERR3573393/WTCHG_559243_267126.bam,,WTCHG_559243_267126,OXF-UP-100-WIN
ERR3573394,ERZ2271200,SAMEA5989477,PRJEB45055,SEQUENCE_ASSEMBLY,749907,sediment metagenome,ftp.sra.ebi.ac.uk/vol1/ERZ227/ERZ2271200/ERR3573394.fasta.gz,PRJEB34634,ERX3571632,ftp.sra.ebi.ac.uk/vol1/fastq/ERR357/004/ERR3573394/ERR3573394_1.fastq.gz;ftp.sra.ebi.ac.uk/vol1/fastq/ERR357/004/ERR3573394/ERR3573394_2.fastq.gz,ftp.sra.ebi.ac.uk/vol1/run/ERR357/ERR3573394/WTCHG_559242_267126.bam,,WTCHG_559242_267126,OXF-UP-100-WIN
ERR3573395,ERZ2272478,SAMEA5989477,PRJEB45055,SEQUENCE_ASSEMBLY,749907,sediment metagenome,ftp.sra.ebi.ac.uk/vol1/ERZ227/ERZ2272478/ERR3573395.fasta.gz,PRJEB34634,ERX3571633,ftp.sra.ebi.ac.uk/vol1/fastq/ERR357/005/ERR3573395/ERR3573395_1.fastq.gz;ftp.sra.ebi.ac.uk/vol1/fastq/ERR357/005/ERR3573395/ERR3573395_2.fastq.gz,ftp.sra.ebi.ac.uk/vol1/run/ERR357/ERR3573395/WTCHG_559244_267126.bam,,WTCHG_559244_267126,OXF-UP-100-WIN
ERR3573396,ERZ2226836,SAMEA5989477,PRJEB45055,SEQUENCE_ASSEMBLY,749907,sediment metagenome,ftp.sra.ebi.ac.uk/vol1/ERZ222/ERZ2226836/ERR3573396.fasta.gz,PRJEB34634,ERX3571634,ftp.sra.ebi.ac.uk/vol1/fastq/ERR357/006/ERR3573396/ERR3573396_1.fastq.gz;ftp.sra.ebi.ac.uk/vol1/fastq/ERR357/006/ERR3573396/ERR3573396_2.fastq.gz,ftp.sra.ebi.ac.uk/vol1/run/ERR357/ERR3573396/WTCHG_559240_267126.bam,,WTCHG_559240_267126,OXF-UP-100-WIN
ERR3573397,ERZ2272458,SAMEA5989477,PRJEB45055,SEQUENCE_ASSEMBLY,749907,sediment metagenome,ftp.sra.ebi.ac.uk/vol1/ERZ227/ERZ2272458/ERR3573397.fasta.gz,PRJEB34634,ERX3571635,ftp.sra.ebi.ac.uk/vol1/fastq/ERR357/007/ERR3573397/ERR3573397_1.fastq.gz;ftp.sra.ebi.ac.uk/vol1/fastq/ERR357/007/ERR3573397/ERR3573397_2.fastq.gz,ftp.sra.ebi.ac.uk/vol1/run/ERR357/ERR3573397/WTCHG_559241_267126.bam,,WTCHG_559241_267126,OXF-UP-100-WIN
ERR3573398,ERZ2271964,SAMEA5989477,PRJEB45055,SEQUENCE_ASSEMBLY,749907,sediment metagenome,ftp.sra.ebi.ac.uk/vol1/ERZ227/ERZ2271964/ERR3573398.fasta.gz,PRJEB34634,ERX3571636,ftp.sra.ebi.ac.uk/vol1/fastq/ERR357/008/ERR3573398/ERR3573398_1.fastq.gz;ftp.sra.ebi.ac.uk/vol1/fastq/ERR357/008/ERR3573398/ERR3573398_2.fastq.gz,ftp.sra.ebi.ac.uk/vol1/run/ERR357/ERR3573398/WTCHG_670349_257194.bam,,WTCHG_670349_257194,WAN-DW-100-AUT
ERR3573399,ERZ2272636,SAMEA5989477,PRJEB45055,SEQUENCE_ASSEMBLY,749907,sediment metagenome,ftp.sra.ebi.ac.uk/vol1/ERZ227/ERZ2272636/ERR3573399.fasta.gz,PRJEB34634,ERX3571637,ftp.sra.ebi.ac.uk/vol1/fastq/ERR357/009/ERR3573399/ERR3573399_1.fastq.gz;ftp.sra.ebi.ac.uk/vol1/fastq/ERR357/009/ERR3573399/ERR3573399_2.fastq.gz,ftp.sra.ebi.ac.uk/vol1/run/ERR357/ERR3573399/WTCHG_670347_257194.bam,,WTCHG_670347_257194,WAN-DW-100-AUT
ERR3573400,ERZ2270666,SAMEA5989477,PRJEB45055,SEQUENCE_ASSEMBLY,749907,sediment metagenome,ftp.sra.ebi.ac.uk/vol1/ERZ227/ERZ2270666/ERR3573400.fasta.gz,PRJEB34634,ERX3571638,ftp.sra.ebi.ac.uk/vol1/fastq/ERR357/000/ERR3573400/ERR3573400_1.fastq.gz;ftp.sra.ebi.ac.uk/vol1/fastq/ERR357/000/ERR3573400/ERR3573400_2.fastq.gz,ftp.sra.ebi.ac.uk/vol1/run/ERR357/ERR3573400/WTCHG_670344_257194.bam,,WTCHG_670344_257194,WAN-DW-100-AUT
ERR3573401,ERZ2227204,SAMEA5989477,PRJEB45055,SEQUENCE_ASSEMBLY,749907,sediment metagenome,ftp.sra.ebi.ac.uk/vol1/ERZ222/ERZ2227204/ERR3573401.fasta.gz,PRJEB34634,ERX3571639,ftp.sra.ebi.ac.uk/vol1/fastq/ERR357/001/ERR3573401/ERR3573401_1.fastq.gz;ftp.sra.ebi.ac.uk/vol1/fastq/ERR357/001/ERR3573401/ERR3573401_2.fastq.gz,ftp.sra.ebi.ac.uk/vol1/run/ERR357/ERR3573401/WTCHG_670348_257194.bam,,WTCHG_670348_257194,WAN-DW-100-AUT
ERR3573402,ERZ2272614,SAMEA5989477,PRJEB45055,SEQUENCE_ASSEMBLY,749907,sediment metagenome,ftp.sra.ebi.ac.uk/vol1/ERZ227/ERZ2272614/ERR3573402.fasta.gz,PRJEB34634,ERX3571640,ftp.sra.ebi.ac.uk/vol1/fastq/ERR357/002/ERR3573402/ERR3573402_1.fastq.gz;ftp.sra.ebi.ac.uk/vol1/fastq/ERR357/002/ERR3573402/ERR3573402_2.fastq.gz,ftp.sra.ebi.ac.uk/vol1/run/ERR357/ERR3573402/WTCHG_670346_257194.bam,,WTCHG_670346_257194,WAN-DW-100-AUT
ERR3573403,ERZ2272363,SAMEA5989477,PRJEB45055,SEQUENCE_ASSEMBLY,749907,sediment metagenome,ftp.sra.ebi.ac.uk/vol1/ERZ227/ERZ2272363/ERR3573403.fasta.gz,PRJEB34634,ERX3571641,ftp.sra.ebi.ac.uk/vol1/fastq/ERR357/003/ERR3573403/ERR3573403_1.fastq.gz;ftp.sra.ebi.ac.uk/vol1/fastq/ERR357/003/ERR3573403/ERR3573403_2.fastq.gz,ftp.sra.ebi.ac.uk/vol1/run/ERR357/ERR3573403/WTCHG_670345_257194.bam,,WTCHG_670345_257194,WAN-DW-100-AUT
ERR3573404,ERZ2270759,SAMEA5989477,PRJEB45055,SEQUENCE_ASSEMBLY,749907,sediment metagenome,ftp.sra.ebi.ac.uk/vol1/ERZ227/ERZ2270759/ERR3573404.fasta.gz,PRJEB34634,ERX3571642,ftp.sra.ebi.ac.uk/vol1/fastq/ERR357/004/ERR3573404/ERR3573404_1.fastq.gz;ftp.sra.ebi.ac.uk/vol1/fastq/ERR357/004/ERR3573404/ERR3573404_2.fastq.gz,ftp.sra.ebi.ac.uk/vol1/run/ERR357/ERR3573404/WTCHG_664453_257194.bam,,WTCHG_664453_257194,WAN-DW-100-AUT
ERR3573405,ERZ2272182,SAMEA5989477,PRJEB45055,SEQUENCE_ASSEMBLY,749907,sediment metagenome,ftp.sra.ebi.ac.uk/vol1/ERZ227/ERZ2272182/ERR3573405.fasta.gz,PRJEB34634,ERX3571643,ftp.sra.ebi.ac.uk/vol1/fastq/ERR357/005/ERR3573405/ERR3573405_1.fastq.gz;ftp.sra.ebi.ac.uk/vol1/fastq/ERR357/005/ERR3573405/ERR3573405_2.fastq.gz,ftp.sra.ebi.ac.uk/vol1/run/ERR357/ERR3573405/WTCHG_670347_267169.bam,,WTCHG_670347_267169,WAN-DW-100-SUM
ERR3573406,ERZ2272309,SAMEA5989477,PRJEB45055,SEQUENCE_ASSEMBLY,749907,sediment metagenome,ftp.sra.ebi.ac.uk/vol1/ERZ227/ERZ2272309/ERR3573406.fasta.gz,PRJEB34634,ERX3571644,ftp.sra.ebi.ac.uk/vol1/fastq/ERR357/006/ERR3573406/ERR3573406_1.fastq.gz;ftp.sra.ebi.ac.uk/vol1/fastq/ERR357/006/ERR3573406/ERR3573406_2.fastq.gz,ftp.sra.ebi.ac.uk/vol1/run/ERR357/ERR3573406/WTCHG_670349_267169.bam,,WTCHG_670349_267169,WAN-DW-100-SUM
ERR3573407,ERZ2271621,SAMEA5989477,PRJEB45055,SEQUENCE_ASSEMBLY,749907,sediment metagenome,ftp.sra.ebi.ac.uk/vol1/ERZ227/ERZ2271621/ERR3573407.fasta.gz,PRJEB34634,ERX3571645,ftp.sra.ebi.ac.uk/vol1/fastq/ERR357/007/ERR3573407/ERR3573407_1.fastq.gz;ftp.sra.ebi.ac.uk/vol1/fastq/ERR357/007/ERR3573407/ERR3573407_2.fastq.gz,ftp.sra.ebi.ac.uk/vol1/run/ERR357/ERR3573407/WTCHG_670346_267169.bam,,WTCHG_670346_267169,WAN-DW-100-SUM
ERR3573408,ERZ2271555,SAMEA5989477,PRJEB45055,SEQUENCE_ASSEMBLY,749907,sediment metagenome,ftp.sra.ebi.ac.uk/vol1/ERZ227/ERZ2271555/ERR3573408.fasta.gz,PRJEB34634,ERX3571646,ftp.sra.ebi.ac.uk/vol1/fastq/ERR357/008/ERR3573408/ERR3573408_1.fastq.gz;ftp.sra.ebi.ac.uk/vol1/fastq/ERR357/008/ERR3573408/ERR3573408_2.fastq.gz,ftp.sra.ebi.ac.uk/vol1/run/ERR357/ERR3573408/WTCHG_670345_267169.bam,,WTCHG_670345_267169,WAN-DW-100-SUM
ERR3573409,ERZ2271893,SAMEA5989477,PRJEB45055,SEQUENCE_ASSEMBLY,749907,sediment metagenome,ftp.sra.ebi.ac.uk/vol1/ERZ227/ERZ2271893/ERR3573409.fasta.gz,PRJEB34634,ERX3571647,ftp.sra.ebi.ac.uk/vol1/fastq/ERR357/009/ERR3573409/ERR3573409_1.fastq.gz;ftp.sra.ebi.ac.uk/vol1/fastq/ERR357/009/ERR3573409/ERR3573409_2.fastq.gz,ftp.sra.ebi.ac.uk/vol1/run/ERR357/ERR3573409/WTCHG_670348_267169.bam,,WTCHG_670348_267169,WAN-DW-100-SUM
ERR3573410,ERZ2270972,SAMEA5989477,PRJEB45055,SEQUENCE_ASSEMBLY,749907,sediment metagenome,ftp.sra.ebi.ac.uk/vol1/ERZ227/ERZ2270972/ERR3573410.fasta.gz,PRJEB34634,ERX3571648,ftp.sra.ebi.ac.uk/vol1/fastq/ERR357/000/ERR3573410/ERR3573410_1.fastq.gz;ftp.sra.ebi.ac.uk/vol1/fastq/ERR357/000/ERR3573410/ERR3573410_2.fastq.gz,ftp.sra.ebi.ac.uk/vol1/run/ERR357/ERR3573410/WTCHG_670344_267169.bam,,WTCHG_670344_267169,WAN-DW-100-SUM
ERR3573411,ERZ2272552,SAMEA5989477,PRJEB45055,SEQUENCE_ASSEMBLY,749907,sediment metagenome,ftp.sra.ebi.ac.uk/vol1/ERZ227/ERZ2272552/ERR3573411.fasta.gz,PRJEB34634,ERX3571649,ftp.sra.ebi.ac.uk/vol1/fastq/ERR357/001/ERR3573411/ERR3573411_1.fastq.gz;ftp.sra.ebi.ac.uk/vol1/fastq/ERR357/001/ERR3573411/ERR3573411_2.fastq.gz,ftp.sra.ebi.ac.uk/vol1/run/ERR357/ERR3573411/WTCHG_664453_267169.bam,,WTCHG_664453_267169,WAN-DW-100-SUM
ERR3573412,ERZ2272231,SAMEA5989477,PRJEB45055,SEQUENCE_ASSEMBLY,749907,sediment metagenome,ftp.sra.ebi.ac.uk/vol1/ERZ227/ERZ2272231/ERR3573412.fasta.gz,PRJEB34634,ERX3571650,ftp.sra.ebi.ac.uk/vol1/fastq/ERR357/002/ERR3573412/ERR3573412_1.fastq.gz;ftp.sra.ebi.ac.uk/vol1/fastq/ERR357/002/ERR3573412/ERR3573412_2.fastq.gz,ftp.sra.ebi.ac.uk/vol1/run/ERR357/ERR3573412/WTCHG_670345_262134.bam,,WTCHG_670345_262134,WAN-DW-100-WIN
ERR3573413,ERZ2271388,SAMEA5989477,PRJEB45055,SEQUENCE_ASSEMBLY,749907,sediment metagenome,ftp.sra.ebi.ac.uk/vol1/ERZ227/ERZ2271388/ERR3573413.fasta.gz,PRJEB34634,ERX3571651,ftp.sra.ebi.ac.uk/vol1/fastq/ERR357/003/ERR3573413/ERR3573413_1.fastq.gz;ftp.sra.ebi.ac.uk/vol1/fastq/ERR357/003/ERR3573413/ERR3573413_2.fastq.gz,ftp.sra.ebi.ac.uk/vol1/run/ERR357/ERR3573413/WTCHG_670348_262134.bam,,WTCHG_670348_262134,WAN-DW-100-WIN
ERR3573414,ERZ2272606,SAMEA5989477,PRJEB45055,SEQUENCE_ASSEMBLY,749907,sediment metagenome,ftp.sra.ebi.ac.uk/vol1/ERZ227/ERZ2272606/ERR3573414.fasta.gz,PRJEB34634,ERX3571652,ftp.sra.ebi.ac.uk/vol1/fastq/ERR357/004/ERR3573414/ERR3573414_1.fastq.gz;ftp.sra.ebi.ac.uk/vol1/fastq/ERR357/004/ERR3573414/ERR3573414_2.fastq.gz,ftp.sra.ebi.ac.uk/vol1/run/ERR357/ERR3573414/WTCHG_670344_262134.bam,,WTCHG_670344_262134,WAN-DW-100-WIN
ERR3573415,ERZ2227338,SAMEA5989477,PRJEB45055,SEQUENCE_ASSEMBLY,749907,sediment metagenome,ftp.sra.ebi.ac.uk/vol1/ERZ222/ERZ2227338/ERR3573415.fasta.gz,PRJEB34634,ERX3571653,ftp.sra.ebi.ac.uk/vol1/fastq/ERR357/005/ERR3573415/ERR3573415_1.fastq.gz;ftp.sra.ebi.ac.uk/vol1/fastq/ERR357/005/ERR3573415/ERR3573415_2.fastq.gz,ftp.sra.ebi.ac.uk/vol1/run/ERR357/ERR3573415/WTCHG_670346_262134.bam,,WTCHG_670346_262134,WAN-DW-100-WIN
ERR3573416,ERZ2270587,SAMEA5989477,PRJEB45055,SEQUENCE_ASSEMBLY,749907,sediment metagenome,ftp.sra.ebi.ac.uk/vol1/ERZ227/ERZ2270587/ERR3573416.fasta.gz,PRJEB34634,ERX3571654,ftp.sra.ebi.ac.uk/vol1/fastq/ERR357/006/ERR3573416/ERR3573416_1.fastq.gz;ftp.sra.ebi.ac.uk/vol1/fastq/ERR357/006/ERR3573416/ERR3573416_2.fastq.gz,ftp.sra.ebi.ac.uk/vol1/run/ERR357/ERR3573416/WTCHG_670347_262134.bam,,WTCHG_670347_262134,WAN-DW-100-WIN
ERR3573417,ERZ2272377,SAMEA5989477,PRJEB45055,SEQUENCE_ASSEMBLY,749907,sediment metagenome,ftp.sra.ebi.ac.uk/vol1/ERZ227/ERZ2272377/ERR3573417.fasta.gz,PRJEB34634,ERX3571655,ftp.sra.ebi.ac.uk/vol1/fastq/ERR357/007/ERR3573417/ERR3573417_1.fastq.gz;ftp.sra.ebi.ac.uk/vol1/fastq/ERR357/007/ERR3573417/ERR3573417_2.fastq.gz,ftp.sra.ebi.ac.uk/vol1/run/ERR357/ERR3573417/WTCHG_670349_262134.bam,,WTCHG_670349_262134,WAN-DW-100-WIN
ERR3573418,ERZ2271677,SAMEA5989477,PRJEB45055,SEQUENCE_ASSEMBLY,749907,sediment metagenome,ftp.sra.ebi.ac.uk/vol1/ERZ227/ERZ2271677/ERR3573418.fasta.gz,PRJEB34634,ERX3571656,ftp.sra.ebi.ac.uk/vol1/fastq/ERR357/008/ERR3573418/ERR3573418_1.fastq.gz;ftp.sra.ebi.ac.uk/vol1/fastq/ERR357/008/ERR3573418/ERR3573418_2.fastq.gz,ftp.sra.ebi.ac.uk/vol1/run/ERR357/ERR3573418/WTCHG_664453_262134.bam,,WTCHG_664453_262134,WAN-DW-100-WIN
ERR3573419,ERZ2271859,SAMEA5989477,PRJEB45055,SEQUENCE_ASSEMBLY,749907,sediment metagenome,ftp.sra.ebi.ac.uk/vol1/ERZ227/ERZ2271859/ERR3573419.fasta.gz,PRJEB34634,ERX3571657,ftp.sra.ebi.ac.uk/vol1/fastq/ERR357/009/ERR3573419/ERR3573419_1.fastq.gz;ftp.sra.ebi.ac.uk/vol1/fastq/ERR357/009/ERR3573419/ERR3573419_2.fastq.gz,ftp.sra.ebi.ac.uk/vol1/run/ERR357/ERR3573419/WTCHG_670345_260158.bam,,WTCHG_670345_260158,WAN-DW-1000-AUT
ERR3573420,ERZ2272185,SAMEA5989477,PRJEB45055,SEQUENCE_ASSEMBLY,749907,sediment metagenome,ftp.sra.ebi.ac.uk/vol1/ERZ227/ERZ2272185/ERR3573420.fasta.gz,PRJEB34634,ERX3571658,ftp.sra.ebi.ac.uk/vol1/fastq/ERR357/000/ERR3573420/ERR3573420_1.fastq.gz;ftp.sra.ebi.ac.uk/vol1/fastq/ERR357/000/ERR3573420/ERR3573420_2.fastq.gz,ftp.sra.ebi.ac.uk/vol1/run/ERR357/ERR3573420/WTCHG_670349_260158.bam,,WTCHG_670349_260158,WAN-DW-1000-AUT
ERR3573421,ERZ2272715,SAMEA5989477,PRJEB45055,SEQUENCE_ASSEMBLY,749907,sediment metagenome,ftp.sra.ebi.ac.uk/vol1/ERZ227/ERZ2272715/ERR3573421.fasta.gz,PRJEB34634,ERX3571659,ftp.sra.ebi.ac.uk/vol1/fastq/ERR357/001/ERR3573421/ERR3573421_1.fastq.gz;ftp.sra.ebi.ac.uk/vol1/fastq/ERR357/001/ERR3573421/ERR3573421_2.fastq.gz,ftp.sra.ebi.ac.uk/vol1/run/ERR357/ERR3573421/WTCHG_670344_260158.bam,,WTCHG_670344_260158,WAN-DW-1000-AUT
ERR3573422,ERZ2272028,SAMEA5989477,PRJEB45055,SEQUENCE_ASSEMBLY,749907,sediment metagenome,ftp.sra.ebi.ac.uk/vol1/ERZ227/ERZ2272028/ERR3573422.fasta.gz,PRJEB34634,ERX3571660,ftp.sra.ebi.ac.uk/vol1/fastq/ERR357/002/ERR3573422/ERR3573422_1.fastq.gz;ftp.sra.ebi.ac.uk/vol1/fastq/ERR357/002/ERR3573422/ERR3573422_2.fastq.gz,ftp.sra.ebi.ac.uk/vol1/run/ERR357/ERR3573422/WTCHG_670348_260158.bam,,WTCHG_670348_260158,WAN-DW-1000-AUT
ERR3573423,ERZ2271889,SAMEA5989477,PRJEB45055,SEQUENCE_ASSEMBLY,749907,sediment metagenome,ftp.sra.ebi.ac.uk/vol1/ERZ227/ERZ2271889/ERR3573423.fasta.gz,PRJEB34634,ERX3571661,ftp.sra.ebi.ac.uk/vol1/fastq/ERR357/003/ERR3573423/ERR3573423_1.fastq.gz;ftp.sra.ebi.ac.uk/vol1/fastq/ERR357/003/ERR3573423/ERR3573423_2.fastq.gz,ftp.sra.ebi.ac.uk/vol1/run/ERR357/ERR3573423/WTCHG_670347_260158.bam,,WTCHG_670347_260158,WAN-DW-1000-AUT
ERR3573424,ERZ2270907,SAMEA5989477,PRJEB45055,SEQUENCE_ASSEMBLY,749907,sediment metagenome,ftp.sra.ebi.ac.uk/vol1/ERZ227/ERZ2270907/ERR3573424.fasta.gz,PRJEB34634,ERX3571662,ftp.sra.ebi.ac.uk/vol1/fastq/ERR357/004/ERR3573424/ERR3573424_1.fastq.gz;ftp.sra.ebi.ac.uk/vol1/fastq/ERR357/004/ERR3573424/ERR3573424_2.fastq.gz,ftp.sra.ebi.ac.uk/vol1/run/ERR357/ERR3573424/WTCHG_670346_260158.bam,,WTCHG_670346_260158,WAN-DW-1000-AUT
ERR3573425,ERZ2272616,SAMEA5989477,PRJEB45055,SEQUENCE_ASSEMBLY,749907,sediment metagenome,ftp.sra.ebi.ac.uk/vol1/ERZ227/ERZ2272616/ERR3573425.fasta.gz,PRJEB34634,ERX3571663,ftp.sra.ebi.ac.uk/vol1/fastq/ERR357/005/ERR3573425/ERR3573425_1.fastq.gz;ftp.sra.ebi.ac.uk/vol1/fastq/ERR357/005/ERR3573425/ERR3573425_2.fastq.gz,ftp.sra.ebi.ac.uk/vol1/run/ERR357/ERR3573425/WTCHG_664453_260158.bam,,WTCHG_664453_260158,WAN-DW-1000-AUT
ERR3573426,ERZ2272056,SAMEA5989477,PRJEB45055,SEQUENCE_ASSEMBLY,749907,sediment metagenome,ftp.sra.ebi.ac.uk/vol1/ERZ227/ERZ2272056/ERR3573426.fasta.gz,PRJEB34634,ERX3571664,ftp.sra.ebi.ac.uk/vol1/fastq/ERR357/006/ERR3573426/ERR3573426_1.fastq.gz;ftp.sra.ebi.ac.uk/vol1/fastq/ERR357/006/ERR3573426/ERR3573426_2.fastq.gz,ftp.sra.ebi.ac.uk/vol1/run/ERR357/ERR3573426/WTCHG_670345_270133.bam,,WTCHG_670345_270133,WAN-DW-1000-SUM
ERR3573427,ERZ2271571,SAMEA5989477,PRJEB45055,SEQUENCE_ASSEMBLY,749907,sediment metagenome,ftp.sra.ebi.ac.uk/vol1/ERZ227/ERZ2271571/ERR3573427.fasta.gz,PRJEB34634,ERX3571665,ftp.sra.ebi.ac.uk/vol1/fastq/ERR357/007/ERR3573427/ERR3573427_1.fastq.gz;ftp.sra.ebi.ac.uk/vol1/fastq/ERR357/007/ERR3573427/ERR3573427_2.fastq.gz,ftp.sra.ebi.ac.uk/vol1/run/ERR357/ERR3573427/WTCHG_670349_270133.bam,,WTCHG_670349_270133,WAN-DW-1000-SUM
ERR3573428,ERZ2271484,SAMEA5989477,PRJEB45055,SEQUENCE_ASSEMBLY,749907,sediment metagenome,ftp.sra.ebi.ac.uk/vol1/ERZ227/ERZ2271484/ERR3573428.fasta.gz,PRJEB34634,ERX3571666,ftp.sra.ebi.ac.uk/vol1/fastq/ERR357/008/ERR3573428/ERR3573428_1.fastq.gz;ftp.sra.ebi.ac.uk/vol1/fastq/ERR357/008/ERR3573428/ERR3573428_2.fastq.gz,ftp.sra.ebi.ac.uk/vol1/run/ERR357/ERR3573428/WTCHG_670346_270133.bam,,WTCHG_670346_270133,WAN-DW-1000-SUM
ERR3573429,ERZ2272813,SAMEA5989477,PRJEB45055,SEQUENCE_ASSEMBLY,749907,sediment metagenome,ftp.sra.ebi.ac.uk/vol1/ERZ227/ERZ2272813/ERR3573429.fasta.gz,PRJEB34634,ERX3571667,ftp.sra.ebi.ac.uk/vol1/fastq/ERR357/009/ERR3573429/ERR3573429_1.fastq.gz;ftp.sra.ebi.ac.uk/vol1/fastq/ERR357/009/ERR3573429/ERR3573429_2.fastq.gz,ftp.sra.ebi.ac.uk/vol1/run/ERR357/ERR3573429/WTCHG_670348_270133.bam,,WTCHG_670348_270133,WAN-DW-1000-SUM
ERR3573430,ERZ2272001,SAMEA5989477,PRJEB45055,SEQUENCE_ASSEMBLY,749907,sediment metagenome,ftp.sra.ebi.ac.uk/vol1/ERZ227/ERZ2272001/ERR3573430.fasta.gz,PRJEB34634,ERX3571668,ftp.sra.ebi.ac.uk/vol1/fastq/ERR357/000/ERR3573430/ERR3573430_1.fastq.gz;ftp.sra.ebi.ac.uk/vol1/fastq/ERR357/000/ERR3573430/ERR3573430_2.fastq.gz,ftp.sra.ebi.ac.uk/vol1/run/ERR357/ERR3573430/WTCHG_670344_270133.bam,,WTCHG_670344_270133,WAN-DW-1000-SUM
ERR3573431,ERZ2272417,SAMEA5989477,PRJEB45055,SEQUENCE_ASSEMBLY,749907,sediment metagenome,ftp.sra.ebi.ac.uk/vol1/ERZ227/ERZ2272417/ERR3573431.fasta.gz,PRJEB34634,ERX3571669,ftp.sra.ebi.ac.uk/vol1/fastq/ERR357/001/ERR3573431/ERR3573431_1.fastq.gz;ftp.sra.ebi.ac.uk/vol1/fastq/ERR357/001/ERR3573431/ERR3573431_2.fastq.gz,ftp.sra.ebi.ac.uk/vol1/run/ERR357/ERR3573431/WTCHG_670347_270133.bam,,WTCHG_670347_270133,WAN-DW-1000-SUM
ERR3573432,ERZ2271671,SAMEA5989477,PRJEB45055,SEQUENCE_ASSEMBLY,749907,sediment metagenome,ftp.sra.ebi.ac.uk/vol1/ERZ227/ERZ2271671/ERR3573432.fasta.gz,PRJEB34634,ERX3571670,ftp.sra.ebi.ac.uk/vol1/fastq/ERR357/002/ERR3573432/ERR3573432_1.fastq.gz;ftp.sra.ebi.ac.uk/vol1/fastq/ERR357/002/ERR3573432/ERR3573432_2.fastq.gz,ftp.sra.ebi.ac.uk/vol1/run/ERR357/ERR3573432/WTCHG_664453_270133.bam,,WTCHG_664453_270133,WAN-DW-1000-SUM
ERR3573433,ERZ2271649,SAMEA5989477,PRJEB45055,SEQUENCE_ASSEMBLY,749907,sediment metagenome,ftp.sra.ebi.ac.uk/vol1/ERZ227/ERZ2271649/ERR3573433.fasta.gz,PRJEB34634,ERX3571671,ftp.sra.ebi.ac.uk/vol1/fastq/ERR357/003/ERR3573433/ERR3573433_1.fastq.gz;ftp.sra.ebi.ac.uk/vol1/fastq/ERR357/003/ERR3573433/ERR3573433_2.fastq.gz,ftp.sra.ebi.ac.uk/vol1/run/ERR357/ERR3573433/WTCHG_670348_265193.bam,,WTCHG_670348_265193,WAN-DW-1000-WIN
ERR3573434,ERZ2272456,SAMEA5989477,PRJEB45055,SEQUENCE_ASSEMBLY,749907,sediment metagenome,ftp.sra.ebi.ac.uk/vol1/ERZ227/ERZ2272456/ERR3573434.fasta.gz,PRJEB34634,ERX3571672,ftp.sra.ebi.ac.uk/vol1/fastq/ERR357/004/ERR3573434/ERR3573434_1.fastq.gz;ftp.sra.ebi.ac.uk/vol1/fastq/ERR357/004/ERR3573434/ERR3573434_2.fastq.gz,ftp.sra.ebi.ac.uk/vol1/run/ERR357/ERR3573434/WTCHG_670346_265193.bam,,WTCHG_670346_265193,WAN-DW-1000-WIN
ERR3573435,ERZ2272740,SAMEA5989477,PRJEB45055,SEQUENCE_ASSEMBLY,749907,sediment metagenome,ftp.sra.ebi.ac.uk/vol1/ERZ227/ERZ2272740/ERR3573435.fasta.gz,PRJEB34634,ERX3571673,ftp.sra.ebi.ac.uk/vol1/fastq/ERR357/005/ERR3573435/ERR3573435_1.fastq.gz;ftp.sra.ebi.ac.uk/vol1/fastq/ERR357/005/ERR3573435/ERR3573435_2.fastq.gz,ftp.sra.ebi.ac.uk/vol1/run/ERR357/ERR3573435/WTCHG_670344_265193.bam,,WTCHG_670344_265193,WAN-DW-1000-WIN
ERR3573436,ERZ2272602,SAMEA5989477,PRJEB45055,SEQUENCE_ASSEMBLY,749907,sediment metagenome,ftp.sra.ebi.ac.uk/vol1/ERZ227/ERZ2272602/ERR3573436.fasta.gz,PRJEB34634,ERX3571674,ftp.sra.ebi.ac.uk/vol1/fastq/ERR357/006/ERR3573436/ERR3573436_1.fastq.gz;ftp.sra.ebi.ac.uk/vol1/fastq/ERR357/006/ERR3573436/ERR3573436_2.fastq.gz,ftp.sra.ebi.ac.uk/vol1/run/ERR357/ERR3573436/WTCHG_670345_265193.bam,,WTCHG_670345_265193,WAN-DW-1000-WIN
ERR3573437,ERZ2272679,SAMEA5989477,PRJEB45055,SEQUENCE_ASSEMBLY,749907,sediment metagenome,ftp.sra.ebi.ac.uk/vol1/ERZ227/ERZ2272679/ERR3573437.fasta.gz,PRJEB34634,ERX3571675,ftp.sra.ebi.ac.uk/vol1/fastq/ERR357/007/ERR3573437/ERR3573437_1.fastq.gz;ftp.sra.ebi.ac.uk/vol1/fastq/ERR357/007/ERR3573437/ERR3573437_2.fastq.gz,ftp.sra.ebi.ac.uk/vol1/run/ERR357/ERR3573437/WTCHG_670347_265193.bam,,WTCHG_670347_265193,WAN-DW-1000-WIN
ERR3573438,ERZ2271742,SAMEA5989477,PRJEB45055,SEQUENCE_ASSEMBLY,749907,sediment metagenome,ftp.sra.ebi.ac.uk/vol1/ERZ227/ERZ2271742/ERR3573438.fasta.gz,PRJEB34634,ERX3571676,ftp.sra.ebi.ac.uk/vol1/fastq/ERR357/008/ERR3573438/ERR3573438_1.fastq.gz;ftp.sra.ebi.ac.uk/vol1/fastq/ERR357/008/ERR3573438/ERR3573438_2.fastq.gz,ftp.sra.ebi.ac.uk/vol1/run/ERR357/ERR3573438/WTCHG_670349_265193.bam,,WTCHG_670349_265193,WAN-DW-1000-WIN
ERR3573439,ERZ2227286,SAMEA5989477,PRJEB45055,SEQUENCE_ASSEMBLY,749907,sediment metagenome,ftp.sra.ebi.ac.uk/vol1/ERZ222/ERZ2227286/ERR3573439.fasta.gz,PRJEB34634,ERX3571677,ftp.sra.ebi.ac.uk/vol1/fastq/ERR357/009/ERR3573439/ERR3573439_1.fastq.gz;ftp.sra.ebi.ac.uk/vol1/fastq/ERR357/009/ERR3573439/ERR3573439_2.fastq.gz,ftp.sra.ebi.ac.uk/vol1/run/ERR357/ERR3573439/WTCHG_664453_265193.bam,,WTCHG_664453_265193,WAN-DW-1000-WIN
ERR3573440,ERZ2226982,SAMEA5989477,PRJEB45055,SEQUENCE_ASSEMBLY,749907,sediment metagenome,ftp.sra.ebi.ac.uk/vol1/ERZ222/ERZ2226982/ERR3573440.fasta.gz,PRJEB34634,ERX3571678,ftp.sra.ebi.ac.uk/vol1/fastq/ERR357/000/ERR3573440/ERR3573440_1.fastq.gz;ftp.sra.ebi.ac.uk/vol1/fastq/ERR357/000/ERR3573440/ERR3573440_2.fastq.gz,ftp.sra.ebi.ac.uk/vol1/run/ERR357/ERR3573440/WTCHG_670349_258182.bam,,WTCHG_670349_258182,WAN-DW-250-AUT
ERR3573441,ERZ2227015,SAMEA5989477,PRJEB45055,SEQUENCE_ASSEMBLY,749907,sediment metagenome,ftp.sra.ebi.ac.uk/vol1/ERZ222/ERZ2227015/ERR3573441.fasta.gz,PRJEB34634,ERX3571679,ftp.sra.ebi.ac.uk/vol1/fastq/ERR357/001/ERR3573441/ERR3573441_1.fastq.gz;ftp.sra.ebi.ac.uk/vol1/fastq/ERR357/001/ERR3573441/ERR3573441_2.fastq.gz,ftp.sra.ebi.ac.uk/vol1/run/ERR357/ERR3573441/WTCHG_670345_258182.bam,,WTCHG_670345_258182,WAN-DW-250-AUT
ERR3573442,ERZ2272117,SAMEA5989477,PRJEB45055,SEQUENCE_ASSEMBLY,749907,sediment metagenome,ftp.sra.ebi.ac.uk/vol1/ERZ227/ERZ2272117/ERR3573442.fasta.gz,PRJEB34634,ERX3571680,ftp.sra.ebi.ac.uk/vol1/fastq/ERR357/002/ERR3573442/ERR3573442_1.fastq.gz;ftp.sra.ebi.ac.uk/vol1/fastq/ERR357/002/ERR3573442/ERR3573442_2.fastq.gz,ftp.sra.ebi.ac.uk/vol1/run/ERR357/ERR3573442/WTCHG_670344_258182.bam,,WTCHG_670344_258182,WAN-DW-250-AUT
ERR3573443,ERZ2227423,SAMEA5989477,PRJEB45055,SEQUENCE_ASSEMBLY,749907,sediment metagenome,ftp.sra.ebi.ac.uk/vol1/ERZ222/ERZ2227423/ERR3573443.fasta.gz,PRJEB34634,ERX3571681,ftp.sra.ebi.ac.uk/vol1/fastq/ERR357/003/ERR3573443/ERR3573443_1.fastq.gz;ftp.sra.ebi.ac.uk/vol1/fastq/ERR357/003/ERR3573443/ERR3573443_2.fastq.gz,ftp.sra.ebi.ac.uk/vol1/run/ERR357/ERR3573443/WTCHG_670348_258182.bam,,WTCHG_670348_258182,WAN-DW-250-AUT
ERR3573444,ERZ2272748,SAMEA5989477,PRJEB45055,SEQUENCE_ASSEMBLY,749907,sediment metagenome,ftp.sra.ebi.ac.uk/vol1/ERZ227/ERZ2272748/ERR3573444.fasta.gz,PRJEB34634,ERX3571682,ftp.sra.ebi.ac.uk/vol1/fastq/ERR357/004/ERR3573444/ERR3573444_1.fastq.gz;ftp.sra.ebi.ac.uk/vol1/fastq/ERR357/004/ERR3573444/ERR3573444_2.fastq.gz,ftp.sra.ebi.ac.uk/vol1/run/ERR357/ERR3573444/WTCHG_670347_258182.bam,,WTCHG_670347_258182,WAN-DW-250-AUT
ERR3573445,ERZ2227212,SAMEA5989477,PRJEB45055,SEQUENCE_ASSEMBLY,749907,sediment metagenome,ftp.sra.ebi.ac.uk/vol1/ERZ222/ERZ2227212/ERR3573445.fasta.gz,PRJEB34634,ERX3571683,ftp.sra.ebi.ac.uk/vol1/fastq/ERR357/005/ERR3573445/ERR3573445_1.fastq.gz;ftp.sra.ebi.ac.uk/vol1/fastq/ERR357/005/ERR3573445/ERR3573445_2.fastq.gz,ftp.sra.ebi.ac.uk/vol1/run/ERR357/ERR3573445/WTCHG_670346_258182.bam,,WTCHG_670346_258182,WAN-DW-250-AUT
ERR3573446,ERZ2270989,SAMEA5989477,PRJEB45055,SEQUENCE_ASSEMBLY,749907,sediment metagenome,ftp.sra.ebi.ac.uk/vol1/ERZ227/ERZ2270989/ERR3573446.fasta.gz,PRJEB34634,ERX3571684,ftp.sra.ebi.ac.uk/vol1/fastq/ERR357/006/ERR3573446/ERR3573446_1.fastq.gz;ftp.sra.ebi.ac.uk/vol1/fastq/ERR357/006/ERR3573446/ERR3573446_2.fastq.gz,ftp.sra.ebi.ac.uk/vol1/run/ERR357/ERR3573446/WTCHG_664453_258182.bam,,WTCHG_664453_258182,WAN-DW-250-AUT
ERR3573447,ERZ2271976,SAMEA5989477,PRJEB45055,SEQUENCE_ASSEMBLY,749907,sediment metagenome,ftp.sra.ebi.ac.uk/vol1/ERZ227/ERZ2271976/ERR3573447.fasta.gz,PRJEB34634,ERX3571685,ftp.sra.ebi.ac.uk/vol1/fastq/ERR357/007/ERR3573447/ERR3573447_1.fastq.gz;ftp.sra.ebi.ac.uk/vol1/fastq/ERR357/007/ERR3573447/ERR3573447_2.fastq.gz,ftp.sra.ebi.ac.uk/vol1/run/ERR357/ERR3573447/WTCHG_670348_268157.bam,,WTCHG_670348_268157,WAN-DW-250-SUM
ERR3573448,ERZ2227086,SAMEA5989477,PRJEB45055,SEQUENCE_ASSEMBLY,749907,sediment metagenome,ftp.sra.ebi.ac.uk/vol1/ERZ222/ERZ2227086/ERR3573448.fasta.gz,PRJEB34634,ERX3571686,ftp.sra.ebi.ac.uk/vol1/fastq/ERR357/008/ERR3573448/ERR3573448_1.fastq.gz;ftp.sra.ebi.ac.uk/vol1/fastq/ERR357/008/ERR3573448/ERR3573448_2.fastq.gz,ftp.sra.ebi.ac.uk/vol1/run/ERR357/ERR3573448/WTCHG_670345_268157.bam,,WTCHG_670345_268157,WAN-DW-250-SUM
ERR3573449,ERZ2270634,SAMEA5989477,PRJEB45055,SEQUENCE_ASSEMBLY,749907,sediment metagenome,ftp.sra.ebi.ac.uk/vol1/ERZ227/ERZ2270634/ERR3573449.fasta.gz,PRJEB34634,ERX3571687,ftp.sra.ebi.ac.uk/vol1/fastq/ERR357/009/ERR3573449/ERR3573449_1.fastq.gz;ftp.sra.ebi.ac.uk/vol1/fastq/ERR357/009/ERR3573449/ERR3573449_2.fastq.gz,ftp.sra.ebi.ac.uk/vol1/run/ERR357/ERR3573449/WTCHG_670349_268157.bam,,WTCHG_670349_268157,WAN-DW-250-SUM
ERR3573450,ERZ2271048,SAMEA5989477,PRJEB45055,SEQUENCE_ASSEMBLY,749907,sediment metagenome,ftp.sra.ebi.ac.uk/vol1/ERZ227/ERZ2271048/ERR3573450.fasta.gz,PRJEB34634,ERX3571688,ftp.sra.ebi.ac.uk/vol1/fastq/ERR357/000/ERR3573450/ERR3573450_1.fastq.gz;ftp.sra.ebi.ac.uk/vol1/fastq/ERR357/000/ERR3573450/ERR3573450_2.fastq.gz,ftp.sra.ebi.ac.uk/vol1/run/ERR357/ERR3573450/WTCHG_670347_268157.bam,,WTCHG_670347_268157,WAN-DW-250-SUM
ERR3573451,ERZ10760101,SAMEA5989477,PRJEB45055,SEQUENCE_ASSEMBLY,749907,sediment metagenome,ftp.sra.ebi.ac.uk/vol1/ERZ107/ERZ10760101/ERR3573451.fasta.gz,PRJEB34634,ERX3571689,ftp.sra.ebi.ac.uk/vol1/fastq/ERR357/001/ERR3573451/ERR3573451_1.fastq.gz;ftp.sra.ebi.ac.uk/vol1/fastq/ERR357/001/ERR3573451/ERR3573451_2.fastq.gz,ftp.sra.ebi.ac.uk/vol1/run/ERR357/ERR3573451/WTCHG_670346_268157.bam,,WTCHG_670346_268157,WAN-DW-250-SUM
ERR3573452,ERZ2271960,SAMEA5989477,PRJEB45055,SEQUENCE_ASSEMBLY,749907,sediment metagenome,ftp.sra.ebi.ac.uk/vol1/ERZ227/ERZ2271960/ERR3573452.fasta.gz,PRJEB34634,ERX3571690,ftp.sra.ebi.ac.uk/vol1/fastq/ERR357/002/ERR3573452/ERR3573452_1.fastq.gz;ftp.sra.ebi.ac.uk/vol1/fastq/ERR357/002/ERR3573452/ERR3573452_2.fastq.gz,ftp.sra.ebi.ac.uk/vol1/run/ERR357/ERR3573452/WTCHG_670344_268157.bam,,WTCHG_670344_268157,WAN-DW-250-SUM
ERR3573453,ERZ2272760,SAMEA5989477,PRJEB45055,SEQUENCE_ASSEMBLY,749907,sediment metagenome,ftp.sra.ebi.ac.uk/vol1/ERZ227/ERZ2272760/ERR3573453.fasta.gz,PRJEB34634,ERX3571691,ftp.sra.ebi.ac.uk/vol1/fastq/ERR357/003/ERR3573453/ERR3573453_1.fastq.gz;ftp.sra.ebi.ac.uk/vol1/fastq/ERR357/003/ERR3573453/ERR3573453_2.fastq.gz,ftp.sra.ebi.ac.uk/vol1/run/ERR357/ERR3573453/WTCHG_664453_268157.bam,,WTCHG_664453_268157,WAN-DW-250-SUM
ERR3573454,ERZ2226736,SAMEA5989477,PRJEB45055,SEQUENCE_ASSEMBLY,749907,sediment metagenome,ftp.sra.ebi.ac.uk/vol1/ERZ222/ERZ2226736/ERR3573454.fasta.gz,PRJEB34634,ERX3571692,ftp.sra.ebi.ac.uk/vol1/fastq/ERR357/004/ERR3573454/ERR3573454_1.fastq.gz;ftp.sra.ebi.ac.uk/vol1/fastq/ERR357/004/ERR3573454/ERR3573454_2.fastq.gz,ftp.sra.ebi.ac.uk/vol1/run/ERR357/ERR3573454/WTCHG_670349_263122.bam,,WTCHG_670349_263122,WAN-DW-250-WIN
ERR3573455,ERZ2270896,SAMEA5989477,PRJEB45055,SEQUENCE_ASSEMBLY,749907,sediment metagenome,ftp.sra.ebi.ac.uk/vol1/ERZ227/ERZ2270896/ERR3573455.fasta.gz,PRJEB34634,ERX3571693,ftp.sra.ebi.ac.uk/vol1/fastq/ERR357/005/ERR3573455/ERR3573455_1.fastq.gz;ftp.sra.ebi.ac.uk/vol1/fastq/ERR357/005/ERR3573455/ERR3573455_2.fastq.gz,ftp.sra.ebi.ac.uk/vol1/run/ERR357/ERR3573455/WTCHG_670347_263122.bam,,WTCHG_670347_263122,WAN-DW-250-WIN
ERR3573456,ERZ2272432,SAMEA5989477,PRJEB45055,SEQUENCE_ASSEMBLY,749907,sediment metagenome,ftp.sra.ebi.ac.uk/vol1/ERZ227/ERZ2272432/ERR3573456.fasta.gz,PRJEB34634,ERX3571694,ftp.sra.ebi.ac.uk/vol1/fastq/ERR357/006/ERR3573456/ERR3573456_1.fastq.gz;ftp.sra.ebi.ac.uk/vol1/fastq/ERR357/006/ERR3573456/ERR3573456_2.fastq.gz,ftp.sra.ebi.ac.uk/vol1/run/ERR357/ERR3573456/WTCHG_670344_263122.bam,,WTCHG_670344_263122,WAN-DW-250-WIN
ERR3573457,ERZ2272441,SAMEA5989477,PRJEB45055,SEQUENCE_ASSEMBLY,749907,sediment metagenome,ftp.sra.ebi.ac.uk/vol1/ERZ227/ERZ2272441/ERR3573457.fasta.gz,PRJEB34634,ERX3571695,ftp.sra.ebi.ac.uk/vol1/fastq/ERR357/007/ERR3573457/ERR3573457_1.fastq.gz;ftp.sra.ebi.ac.uk/vol1/fastq/ERR357/007/ERR3573457/ERR3573457_2.fastq.gz,ftp.sra.ebi.ac.uk/vol1/run/ERR357/ERR3573457/WTCHG_670346_263122.bam,,WTCHG_670346_263122,WAN-DW-250-WIN
ERR3573458,ERZ2270933,SAMEA5989477,PRJEB45055,SEQUENCE_ASSEMBLY,749907,sediment metagenome,ftp.sra.ebi.ac.uk/vol1/ERZ227/ERZ2270933/ERR3573458.fasta.gz,PRJEB34634,ERX3571696,ftp.sra.ebi.ac.uk/vol1/fastq/ERR357/008/ERR3573458/ERR3573458_1.fastq.gz;ftp.sra.ebi.ac.uk/vol1/fastq/ERR357/008/ERR3573458/ERR3573458_2.fastq.gz,ftp.sra.ebi.ac.uk/vol1/run/ERR357/ERR3573458/WTCHG_670345_263122.bam,,WTCHG_670345_263122,WAN-DW-250-WIN
ERR3573459,ERZ2271747,SAMEA5989477,PRJEB45055,SEQUENCE_ASSEMBLY,749907,sediment metagenome,ftp.sra.ebi.ac.uk/vol1/ERZ227/ERZ2271747/ERR3573459.fasta.gz,PRJEB34634,ERX3571697,ftp.sra.ebi.ac.uk/vol1/fastq/ERR357/009/ERR3573459/ERR3573459_1.fastq.gz;ftp.sra.ebi.ac.uk/vol1/fastq/ERR357/009/ERR3573459/ERR3573459_2.fastq.gz,ftp.sra.ebi.ac.uk/vol1/run/ERR357/ERR3573459/WTCHG_670348_263122.bam,,WTCHG_670348_263122,WAN-DW-250-WIN
ERR3573460,ERZ2272396,SAMEA5989477,PRJEB45055,SEQUENCE_ASSEMBLY,749907,sediment metagenome,ftp.sra.ebi.ac.uk/vol1/ERZ227/ERZ2272396/ERR3573460.fasta.gz,PRJEB34634,ERX3571698,ftp.sra.ebi.ac.uk/vol1/fastq/ERR357/000/ERR3573460/ERR3573460_1.fastq.gz;ftp.sra.ebi.ac.uk/vol1/fastq/ERR357/000/ERR3573460/ERR3573460_2.fastq.gz,ftp.sra.ebi.ac.uk/vol1/run/ERR357/ERR3573460/WTCHG_664453_263122.bam,,WTCHG_664453_263122,WAN-DW-250-WIN
ERR3573461,ERZ2272687,SAMEA5989477,PRJEB45055,SEQUENCE_ASSEMBLY,749907,sediment metagenome,ftp.sra.ebi.ac.uk/vol1/ERZ227/ERZ2272687/ERR3573461.fasta.gz,PRJEB34634,ERX3571699,ftp.sra.ebi.ac.uk/vol1/fastq/ERR357/001/ERR3573461/ERR3573461_1.fastq.gz;ftp.sra.ebi.ac.uk/vol1/fastq/ERR357/001/ERR3573461/ERR3573461_2.fastq.gz,ftp.sra.ebi.ac.uk/vol1/run/ERR357/ERR3573461/WTCHG_670346_259170.bam,,WTCHG_670346_259170,WAN-DW-500-AUT
ERR3573462,ERZ2271576,SAMEA5989477,PRJEB45055,SEQUENCE_ASSEMBLY,749907,sediment metagenome,ftp.sra.ebi.ac.uk/vol1/ERZ227/ERZ2271576/ERR3573462.fasta.gz,PRJEB34634,ERX3571700,ftp.sra.ebi.ac.uk/vol1/fastq/ERR357/002/ERR3573462/ERR3573462_1.fastq.gz;ftp.sra.ebi.ac.uk/vol1/fastq/ERR357/002/ERR3573462/ERR3573462_2.fastq.gz,ftp.sra.ebi.ac.uk/vol1/run/ERR357/ERR3573462/WTCHG_670347_259170.bam,,WTCHG_670347_259170,WAN-DW-500-AUT
ERR3573463,ERZ2226786,SAMEA5989477,PRJEB45055,SEQUENCE_ASSEMBLY,749907,sediment metagenome,ftp.sra.ebi.ac.uk/vol1/ERZ222/ERZ2226786/ERR3573463.fasta.gz,PRJEB34634,ERX3571701,ftp.sra.ebi.ac.uk/vol1/fastq/ERR357/003/ERR3573463/ERR3573463_1.fastq.gz;ftp.sra.ebi.ac.uk/vol1/fastq/ERR357/003/ERR3573463/ERR3573463_2.fastq.gz,ftp.sra.ebi.ac.uk/vol1/run/ERR357/ERR3573463/WTCHG_670348_259170.bam,,WTCHG_670348_259170,WAN-DW-500-AUT
ERR3573464,ERZ2272135,SAMEA5989477,PRJEB45055,SEQUENCE_ASSEMBLY,749907,sediment metagenome,ftp.sra.ebi.ac.uk/vol1/ERZ227/ERZ2272135/ERR3573464.fasta.gz,PRJEB34634,ERX3571702,ftp.sra.ebi.ac.uk/vol1/fastq/ERR357/004/ERR3573464/ERR3573464_1.fastq.gz;ftp.sra.ebi.ac.uk/vol1/fastq/ERR357/004/ERR3573464/ERR3573464_2.fastq.gz,ftp.sra.ebi.ac.uk/vol1/run/ERR357/ERR3573464/WTCHG_670349_259170.bam,,WTCHG_670349_259170,WAN-DW-500-AUT
ERR3573465,ERZ2227282,SAMEA5989477,PRJEB45055,SEQUENCE_ASSEMBLY,749907,sediment metagenome,ftp.sra.ebi.ac.uk/vol1/ERZ222/ERZ2227282/ERR3573465.fasta.gz,PRJEB34634,ERX3571703,ftp.sra.ebi.ac.uk/vol1/fastq/ERR357/005/ERR3573465/ERR3573465_1.fastq.gz;ftp.sra.ebi.ac.uk/vol1/fastq/ERR357/005/ERR3573465/ERR3573465_2.fastq.gz,ftp.sra.ebi.ac.uk/vol1/run/ERR357/ERR3573465/WTCHG_670345_259170.bam,,WTCHG_670345_259170,WAN-DW-500-AUT
ERR3573466,ERZ2272375,SAMEA5989477,PRJEB45055,SEQUENCE_ASSEMBLY,749907,sediment metagenome,ftp.sra.ebi.ac.uk/vol1/ERZ227/ERZ2272375/ERR3573466.fasta.gz,PRJEB34634,ERX3571704,ftp.sra.ebi.ac.uk/vol1/fastq/ERR357/006/ERR3573466/ERR3573466_1.fastq.gz;ftp.sra.ebi.ac.uk/vol1/fastq/ERR357/006/ERR3573466/ERR3573466_2.fastq.gz,ftp.sra.ebi.ac.uk/vol1/run/ERR357/ERR3573466/WTCHG_670344_259170.bam,,WTCHG_670344_259170,WAN-DW-500-AUT
ERR3573467,ERZ2272620,SAMEA5989477,PRJEB45055,SEQUENCE_ASSEMBLY,749907,sediment metagenome,ftp.sra.ebi.ac.uk/vol1/ERZ227/ERZ2272620/ERR3573467.fasta.gz,PRJEB34634,ERX3571705,ftp.sra.ebi.ac.uk/vol1/fastq/ERR357/007/ERR3573467/ERR3573467_1.fastq.gz;ftp.sra.ebi.ac.uk/vol1/fastq/ERR357/007/ERR3573467/ERR3573467_2.fastq.gz,ftp.sra.ebi.ac.uk/vol1/run/ERR357/ERR3573467/WTCHG_664453_259170.bam,,WTCHG_664453_259170,WAN-DW-500-AUT
ERR3573468,ERZ2271605,SAMEA5989477,PRJEB45055,SEQUENCE_ASSEMBLY,749907,sediment metagenome,ftp.sra.ebi.ac.uk/vol1/ERZ227/ERZ2271605/ERR3573468.fasta.gz,PRJEB34634,ERX3571706,ftp.sra.ebi.ac.uk/vol1/fastq/ERR357/008/ERR3573468/ERR3573468_1.fastq.gz;ftp.sra.ebi.ac.uk/vol1/fastq/ERR357/008/ERR3573468/ERR3573468_2.fastq.gz,ftp.sra.ebi.ac.uk/vol1/run/ERR357/ERR3573468/WTCHG_670348_269145.bam,,WTCHG_670348_269145,WAN-DW-500-SUM
ERR3573469,ERZ2272577,SAMEA5989477,PRJEB45055,SEQUENCE_ASSEMBLY,749907,sediment metagenome,ftp.sra.ebi.ac.uk/vol1/ERZ227/ERZ2272577/ERR3573469.fasta.gz,PRJEB34634,ERX3571707,ftp.sra.ebi.ac.uk/vol1/fastq/ERR357/009/ERR3573469/ERR3573469_1.fastq.gz;ftp.sra.ebi.ac.uk/vol1/fastq/ERR357/009/ERR3573469/ERR3573469_2.fastq.gz,ftp.sra.ebi.ac.uk/vol1/run/ERR357/ERR3573469/WTCHG_670346_269145.bam,,WTCHG_670346_269145,WAN-DW-500-SUM
ERR3573470,ERZ2271731,SAMEA5989477,PRJEB45055,SEQUENCE_ASSEMBLY,749907,sediment metagenome,ftp.sra.ebi.ac.uk/vol1/ERZ227/ERZ2271731/ERR3573470.fasta.gz,PRJEB34634,ERX3571708,ftp.sra.ebi.ac.uk/vol1/fastq/ERR357/000/ERR3573470/ERR3573470_1.fastq.gz;ftp.sra.ebi.ac.uk/vol1/fastq/ERR357/000/ERR3573470/ERR3573470_2.fastq.gz,ftp.sra.ebi.ac.uk/vol1/run/ERR357/ERR3573470/WTCHG_670347_269145.bam,,WTCHG_670347_269145,WAN-DW-500-SUM
ERR3573471,ERZ2226938,SAMEA5989477,PRJEB45055,SEQUENCE_ASSEMBLY,749907,sediment metagenome,ftp.sra.ebi.ac.uk/vol1/ERZ222/ERZ2226938/ERR3573471.fasta.gz,PRJEB34634,ERX3571709,ftp.sra.ebi.ac.uk/vol1/fastq/ERR357/001/ERR3573471/ERR3573471_1.fastq.gz;ftp.sra.ebi.ac.uk/vol1/fastq/ERR357/001/ERR3573471/ERR3573471_2.fastq.gz,ftp.sra.ebi.ac.uk/vol1/run/ERR357/ERR3573471/WTCHG_670345_269145.bam,,WTCHG_670345_269145,WAN-DW-500-SUM
ERR3573472,ERZ2272043,SAMEA5989477,PRJEB45055,SEQUENCE_ASSEMBLY,749907,sediment metagenome,ftp.sra.ebi.ac.uk/vol1/ERZ227/ERZ2272043/ERR3573472.fasta.gz,PRJEB34634,ERX3571710,ftp.sra.ebi.ac.uk/vol1/fastq/ERR357/002/ERR3573472/ERR3573472_1.fastq.gz;ftp.sra.ebi.ac.uk/vol1/fastq/ERR357/002/ERR3573472/ERR3573472_2.fastq.gz,ftp.sra.ebi.ac.uk/vol1/run/ERR357/ERR3573472/WTCHG_670349_269145.bam,,WTCHG_670349_269145,WAN-DW-500-SUM
ERR3573473,ERZ2227838,SAMEA5989477,PRJEB45055,SEQUENCE_ASSEMBLY,749907,sediment metagenome,ftp.sra.ebi.ac.uk/vol1/ERZ222/ERZ2227838/ERR3573473.fasta.gz,PRJEB34634,ERX3571711,ftp.sra.ebi.ac.uk/vol1/fastq/ERR357/003/ERR3573473/ERR3573473_1.fastq.gz;ftp.sra.ebi.ac.uk/vol1/fastq/ERR357/003/ERR3573473/ERR3573473_2.fastq.gz,ftp.sra.ebi.ac.uk/vol1/run/ERR357/ERR3573473/WTCHG_670344_269145.bam,,WTCHG_670344_269145,WAN-DW-500-SUM
ERR3573474,ERZ2272490,SAMEA5989477,PRJEB45055,SEQUENCE_ASSEMBLY,749907,sediment metagenome,ftp.sra.ebi.ac.uk/vol1/ERZ227/ERZ2272490/ERR3573474.fasta.gz,PRJEB34634,ERX3571712,ftp.sra.ebi.ac.uk/vol1/fastq/ERR357/004/ERR3573474/ERR3573474_1.fastq.gz;ftp.sra.ebi.ac.uk/vol1/fastq/ERR357/004/ERR3573474/ERR3573474_2.fastq.gz,ftp.sra.ebi.ac.uk/vol1/run/ERR357/ERR3573474/WTCHG_664453_269145.bam,,WTCHG_664453_269145,WAN-DW-500-SUM
ERR3573475,ERZ2227307,SAMEA5989477,PRJEB45055,SEQUENCE_ASSEMBLY,749907,sediment metagenome,ftp.sra.ebi.ac.uk/vol1/ERZ222/ERZ2227307/ERR3573475.fasta.gz,PRJEB34634,ERX3571713,ftp.sra.ebi.ac.uk/vol1/fastq/ERR357/005/ERR3573475/ERR3573475_1.fastq.gz;ftp.sra.ebi.ac.uk/vol1/fastq/ERR357/005/ERR3573475/ERR3573475_2.fastq.gz,ftp.sra.ebi.ac.uk/vol1/run/ERR357/ERR3573475/WTCHG_670345_264110.bam,,WTCHG_670345_264110,WAN-DW-500-WIN
ERR3573476,ERZ2271511,SAMEA5989477,PRJEB45055,SEQUENCE_ASSEMBLY,749907,sediment metagenome,ftp.sra.ebi.ac.uk/vol1/ERZ227/ERZ2271511/ERR3573476.fasta.gz,PRJEB34634,ERX3571714,ftp.sra.ebi.ac.uk/vol1/fastq/ERR357/006/ERR3573476/ERR3573476_1.fastq.gz;ftp.sra.ebi.ac.uk/vol1/fastq/ERR357/006/ERR3573476/ERR3573476_2.fastq.gz,ftp.sra.ebi.ac.uk/vol1/run/ERR357/ERR3573476/WTCHG_670349_264110.bam,,WTCHG_670349_264110,WAN-DW-500-WIN
ERR3573477,ERZ2271259,SAMEA5989477,PRJEB45055,SEQUENCE_ASSEMBLY,749907,sediment metagenome,ftp.sra.ebi.ac.uk/vol1/ERZ227/ERZ2271259/ERR3573477.fasta.gz,PRJEB34634,ERX3571715,ftp.sra.ebi.ac.uk/vol1/fastq/ERR357/007/ERR3573477/ERR3573477_1.fastq.gz;ftp.sra.ebi.ac.uk/vol1/fastq/ERR357/007/ERR3573477/ERR3573477_2.fastq.gz,ftp.sra.ebi.ac.uk/vol1/run/ERR357/ERR3573477/WTCHG_670347_264110.bam,,WTCHG_670347_264110,WAN-DW-500-WIN
ERR3573478,ERZ2270355,SAMEA5989477,PRJEB45055,SEQUENCE_ASSEMBLY,749907,sediment metagenome,ftp.sra.ebi.ac.uk/vol1/ERZ227/ERZ2270355/ERR3573478.fasta.gz,PRJEB34634,ERX3571716,ftp.sra.ebi.ac.uk/vol1/fastq/ERR357/008/ERR3573478/ERR3573478_1.fastq.gz;ftp.sra.ebi.ac.uk/vol1/fastq/ERR357/008/ERR3573478/ERR3573478_2.fastq.gz,ftp.sra.ebi.ac.uk/vol1/run/ERR357/ERR3573478/WTCHG_670346_264110.bam,,WTCHG_670346_264110,WAN-DW-500-WIN
ERR3573479,ERZ2270979,SAMEA5989477,PRJEB45055,SEQUENCE_ASSEMBLY,749907,sediment metagenome,ftp.sra.ebi.ac.uk/vol1/ERZ227/ERZ2270979/ERR3573479.fasta.gz,PRJEB34634,ERX3571717,ftp.sra.ebi.ac.uk/vol1/fastq/ERR357/009/ERR3573479/ERR3573479_1.fastq.gz;ftp.sra.ebi.ac.uk/vol1/fastq/ERR357/009/ERR3573479/ERR3573479_2.fastq.gz,ftp.sra.ebi.ac.uk/vol1/run/ERR357/ERR3573479/WTCHG_670344_264110.bam,,WTCHG_670344_264110,WAN-DW-500-WIN
ERR3573480,ERZ2271798,SAMEA5989477,PRJEB45055,SEQUENCE_ASSEMBLY,749907,sediment metagenome,ftp.sra.ebi.ac.uk/vol1/ERZ227/ERZ2271798/ERR3573480.fasta.gz,PRJEB34634,ERX3571718,ftp.sra.ebi.ac.uk/vol1/fastq/ERR357/000/ERR3573480/ERR3573480_1.fastq.gz;ftp.sra.ebi.ac.uk/vol1/fastq/ERR357/000/ERR3573480/ERR3573480_2.fastq.gz,ftp.sra.ebi.ac.uk/vol1/run/ERR357/ERR3573480/WTCHG_670348_264110.bam,,WTCHG_670348_264110,WAN-DW-500-WIN
ERR3573481,ERZ2272762,SAMEA5989477,PRJEB45055,SEQUENCE_ASSEMBLY,749907,sediment metagenome,ftp.sra.ebi.ac.uk/vol1/ERZ227/ERZ2272762/ERR3573481.fasta.gz,PRJEB34634,ERX3571719,ftp.sra.ebi.ac.uk/vol1/fastq/ERR357/001/ERR3573481/ERR3573481_1.fastq.gz;ftp.sra.ebi.ac.uk/vol1/fastq/ERR357/001/ERR3573481/ERR3573481_2.fastq.gz,ftp.sra.ebi.ac.uk/vol1/run/ERR357/ERR3573481/WTCHG_664453_264110.bam,,WTCHG_664453_264110,WAN-DW-500-WIN
ERR3573482,ERZ2272821,SAMEA5989477,PRJEB45055,SEQUENCE_ASSEMBLY,749907,sediment metagenome,ftp.sra.ebi.ac.uk/vol1/ERZ227/ERZ2272821/ERR3573482.fasta.gz,PRJEB34634,ERX3571720,ftp.sra.ebi.ac.uk/vol1/fastq/ERR357/002/ERR3573482/ERR3573482_1.fastq.gz;ftp.sra.ebi.ac.uk/vol1/fastq/ERR357/002/ERR3573482/ERR3573482_2.fastq.gz,ftp.sra.ebi.ac.uk/vol1/run/ERR357/ERR3573482/WTCHG_550636_206166.bam,,WTCHG_550636_206166,WAN-EFF-AUT
ERR3573483,ERZ2271975,SAMEA5989477,PRJEB45055,SEQUENCE_ASSEMBLY,749907,sediment metagenome,ftp.sra.ebi.ac.uk/vol1/ERZ227/ERZ2271975/ERR3573483.fasta.gz,PRJEB34634,ERX3571721,ftp.sra.ebi.ac.uk/vol1/fastq/ERR357/003/ERR3573483/ERR3573483_1.fastq.gz;ftp.sra.ebi.ac.uk/vol1/fastq/ERR357/003/ERR3573483/ERR3573483_2.fastq.gz,ftp.sra.ebi.ac.uk/vol1/run/ERR357/ERR3573483/WTCHG_551515_206166.bam,,WTCHG_551515_206166,WAN-EFF-AUT
ERR3573484,ERZ2227172,SAMEA5989477,PRJEB45055,SEQUENCE_ASSEMBLY,749907,sediment metagenome,ftp.sra.ebi.ac.uk/vol1/ERZ222/ERZ2227172/ERR3573484.fasta.gz,PRJEB34634,ERX3571722,ftp.sra.ebi.ac.uk/vol1/fastq/ERR357/004/ERR3573484/ERR3573484_1.fastq.gz;ftp.sra.ebi.ac.uk/vol1/fastq/ERR357/004/ERR3573484/ERR3573484_2.fastq.gz,ftp.sra.ebi.ac.uk/vol1/run/ERR357/ERR3573484/WTCHG_551514_206166.bam,,WTCHG_551514_206166,WAN-EFF-AUT
ERR3573485,ERZ2270837,SAMEA5989477,PRJEB45055,SEQUENCE_ASSEMBLY,749907,sediment metagenome,ftp.sra.ebi.ac.uk/vol1/ERZ227/ERZ2270837/ERR3573485.fasta.gz,PRJEB34634,ERX3571723,ftp.sra.ebi.ac.uk/vol1/fastq/ERR357/005/ERR3573485/ERR3573485_1.fastq.gz;ftp.sra.ebi.ac.uk/vol1/fastq/ERR357/005/ERR3573485/ERR3573485_2.fastq.gz,ftp.sra.ebi.ac.uk/vol1/run/ERR357/ERR3573485/WTCHG_554366_206166.bam,,WTCHG_554366_206166,WAN-EFF-AUT
ERR3573486,ERZ2271906,SAMEA5989477,PRJEB45055,SEQUENCE_ASSEMBLY,749907,sediment metagenome,ftp.sra.ebi.ac.uk/vol1/ERZ227/ERZ2271906/ERR3573486.fasta.gz,PRJEB34634,ERX3571724,ftp.sra.ebi.ac.uk/vol1/fastq/ERR357/006/ERR3573486/ERR3573486_1.fastq.gz;ftp.sra.ebi.ac.uk/vol1/fastq/ERR357/006/ERR3573486/ERR3573486_2.fastq.gz,ftp.sra.ebi.ac.uk/vol1/run/ERR357/ERR3573486/WTCHG_554367_206166.bam,,WTCHG_554367_206166,WAN-EFF-AUT
ERR3573487,ERZ2272547,SAMEA5989477,PRJEB45055,SEQUENCE_ASSEMBLY,749907,sediment metagenome,ftp.sra.ebi.ac.uk/vol1/ERZ227/ERZ2272547/ERR3573487.fasta.gz,PRJEB34634,ERX3571725,ftp.sra.ebi.ac.uk/vol1/fastq/ERR357/007/ERR3573487/ERR3573487_1.fastq.gz;ftp.sra.ebi.ac.uk/vol1/fastq/ERR357/007/ERR3573487/ERR3573487_2.fastq.gz,ftp.sra.ebi.ac.uk/vol1/run/ERR357/ERR3573487/WTCHG_555219_206166.bam,,WTCHG_555219_206166,WAN-EFF-AUT
ERR3573488,ERZ2271158,SAMEA5989477,PRJEB45055,SEQUENCE_ASSEMBLY,749907,sediment metagenome,ftp.sra.ebi.ac.uk/vol1/ERZ227/ERZ2271158/ERR3573488.fasta.gz,PRJEB34634,ERX3571726,ftp.sra.ebi.ac.uk/vol1/fastq/ERR357/008/ERR3573488/ERR3573488_1.fastq.gz;ftp.sra.ebi.ac.uk/vol1/fastq/ERR357/008/ERR3573488/ERR3573488_2.fastq.gz,ftp.sra.ebi.ac.uk/vol1/run/ERR357/ERR3573488/WTCHG_555217_206166.bam,,WTCHG_555217_206166,WAN-EFF-AUT
ERR3573489,ERZ2269972,SAMEA5989477,PRJEB45055,SEQUENCE_ASSEMBLY,749907,sediment metagenome,ftp.sra.ebi.ac.uk/vol1/ERZ226/ERZ2269972/ERR3573489.fasta.gz,PRJEB34634,ERX3571727,ftp.sra.ebi.ac.uk/vol1/fastq/ERR357/009/ERR3573489/ERR3573489_1.fastq.gz;ftp.sra.ebi.ac.uk/vol1/fastq/ERR357/009/ERR3573489/ERR3573489_2.fastq.gz,ftp.sra.ebi.ac.uk/vol1/run/ERR357/ERR3573489/WTCHG_555215_206166.bam,,WTCHG_555215_206166,WAN-EFF-AUT
ERR3573490,ERZ2227351,SAMEA5989477,PRJEB45055,SEQUENCE_ASSEMBLY,749907,sediment metagenome,ftp.sra.ebi.ac.uk/vol1/ERZ222/ERZ2227351/ERR3573490.fasta.gz,PRJEB34634,ERX3571728,ftp.sra.ebi.ac.uk/vol1/fastq/ERR357/000/ERR3573490/ERR3573490_1.fastq.gz;ftp.sra.ebi.ac.uk/vol1/fastq/ERR357/000/ERR3573490/ERR3573490_2.fastq.gz,ftp.sra.ebi.ac.uk/vol1/run/ERR357/ERR3573490/WTCHG_555218_206166.bam,,WTCHG_555218_206166,WAN-EFF-AUT
ERR3573491,ERZ2227479,SAMEA5989477,PRJEB45055,SEQUENCE_ASSEMBLY,749907,sediment metagenome,ftp.sra.ebi.ac.uk/vol1/ERZ222/ERZ2227479/ERR3573491.fasta.gz,PRJEB34634,ERX3571729,ftp.sra.ebi.ac.uk/vol1/fastq/ERR357/001/ERR3573491/ERR3573491_1.fastq.gz;ftp.sra.ebi.ac.uk/vol1/fastq/ERR357/001/ERR3573491/ERR3573491_2.fastq.gz,ftp.sra.ebi.ac.uk/vol1/run/ERR357/ERR3573491/WTCHG_555214_206166.bam,,WTCHG_555214_206166,WAN-EFF-AUT
ERR3573492,ERZ2271240,SAMEA5989477,PRJEB45055,SEQUENCE_ASSEMBLY,749907,sediment metagenome,ftp.sra.ebi.ac.uk/vol1/ERZ227/ERZ2271240/ERR3573492.fasta.gz,PRJEB34634,ERX3571730,ftp.sra.ebi.ac.uk/vol1/fastq/ERR357/002/ERR3573492/ERR3573492_1.fastq.gz;ftp.sra.ebi.ac.uk/vol1/fastq/ERR357/002/ERR3573492/ERR3573492_2.fastq.gz,ftp.sra.ebi.ac.uk/vol1/run/ERR357/ERR3573492/WTCHG_555221_206166.bam,,WTCHG_555221_206166,WAN-EFF-AUT
ERR3573493,ERZ2270697,SAMEA5989477,PRJEB45055,SEQUENCE_ASSEMBLY,749907,sediment metagenome,ftp.sra.ebi.ac.uk/vol1/ERZ227/ERZ2270697/ERR3573493.fasta.gz,PRJEB34634,ERX3571731,ftp.sra.ebi.ac.uk/vol1/fastq/ERR357/003/ERR3573493/ERR3573493_1.fastq.gz;ftp.sra.ebi.ac.uk/vol1/fastq/ERR357/003/ERR3573493/ERR3573493_2.fastq.gz,ftp.sra.ebi.ac.uk/vol1/run/ERR357/ERR3573493/WTCHG_555220_206166.bam,,WTCHG_555220_206166,WAN-EFF-AUT
ERR3573494,ERZ2272545,SAMEA5989477,PRJEB45055,SEQUENCE_ASSEMBLY,749907,sediment metagenome,ftp.sra.ebi.ac.uk/vol1/ERZ227/ERZ2272545/ERR3573494.fasta.gz,PRJEB34634,ERX3571732,ftp.sra.ebi.ac.uk/vol1/fastq/ERR357/004/ERR3573494/ERR3573494_1.fastq.gz;ftp.sra.ebi.ac.uk/vol1/fastq/ERR357/004/ERR3573494/ERR3573494_2.fastq.gz,ftp.sra.ebi.ac.uk/vol1/run/ERR357/ERR3573494/WTCHG_555216_206166.bam,,WTCHG_555216_206166,WAN-EFF-AUT
ERR3573495,ERZ2272333,SAMEA5989477,PRJEB45055,SEQUENCE_ASSEMBLY,749907,sediment metagenome,ftp.sra.ebi.ac.uk/vol1/ERZ227/ERZ2272333/ERR3573495.fasta.gz,PRJEB34634,ERX3571733,ftp.sra.ebi.ac.uk/vol1/fastq/ERR357/005/ERR3573495/ERR3573495_1.fastq.gz;ftp.sra.ebi.ac.uk/vol1/fastq/ERR357/005/ERR3573495/ERR3573495_2.fastq.gz,ftp.sra.ebi.ac.uk/vol1/run/ERR357/ERR3573495/WTCHG_559242_206166.bam,,WTCHG_559242_206166,WAN-EFF-AUT
ERR3573496,ERZ2272638,SAMEA5989477,PRJEB45055,SEQUENCE_ASSEMBLY,749907,sediment metagenome,ftp.sra.ebi.ac.uk/vol1/ERZ227/ERZ2272638/ERR3573496.fasta.gz,PRJEB34634,ERX3571734,ftp.sra.ebi.ac.uk/vol1/fastq/ERR357/006/ERR3573496/ERR3573496_1.fastq.gz;ftp.sra.ebi.ac.uk/vol1/fastq/ERR357/006/ERR3573496/ERR3573496_2.fastq.gz,ftp.sra.ebi.ac.uk/vol1/run/ERR357/ERR3573496/WTCHG_559240_206166.bam,,WTCHG_559240_206166,WAN-EFF-AUT
ERR3573497,ERZ2270491,SAMEA5989477,PRJEB45055,SEQUENCE_ASSEMBLY,749907,sediment metagenome,ftp.sra.ebi.ac.uk/vol1/ERZ227/ERZ2270491/ERR3573497.fasta.gz,PRJEB34634,ERX3571735,ftp.sra.ebi.ac.uk/vol1/fastq/ERR357/007/ERR3573497/ERR3573497_1.fastq.gz;ftp.sra.ebi.ac.uk/vol1/fastq/ERR357/007/ERR3573497/ERR3573497_2.fastq.gz,ftp.sra.ebi.ac.uk/vol1/run/ERR357/ERR3573497/WTCHG_559241_206166.bam,,WTCHG_559241_206166,WAN-EFF-AUT
ERR3573498,ERZ2271832,SAMEA5989477,PRJEB45055,SEQUENCE_ASSEMBLY,749907,sediment metagenome,ftp.sra.ebi.ac.uk/vol1/ERZ227/ERZ2271832/ERR3573498.fasta.gz,PRJEB34634,ERX3571736,ftp.sra.ebi.ac.uk/vol1/fastq/ERR357/008/ERR3573498/ERR3573498_1.fastq.gz;ftp.sra.ebi.ac.uk/vol1/fastq/ERR357/008/ERR3573498/ERR3573498_2.fastq.gz,ftp.sra.ebi.ac.uk/vol1/run/ERR357/ERR3573498/WTCHG_559244_206166.bam,,WTCHG_559244_206166,WAN-EFF-AUT
ERR3573499,ERZ2272180,SAMEA5989477,PRJEB45055,SEQUENCE_ASSEMBLY,749907,sediment metagenome,ftp.sra.ebi.ac.uk/vol1/ERZ227/ERZ2272180/ERR3573499.fasta.gz,PRJEB34634,ERX3571737,ftp.sra.ebi.ac.uk/vol1/fastq/ERR357/009/ERR3573499/ERR3573499_1.fastq.gz;ftp.sra.ebi.ac.uk/vol1/fastq/ERR357/009/ERR3573499/ERR3573499_2.fastq.gz,ftp.sra.ebi.ac.uk/vol1/run/ERR357/ERR3573499/WTCHG_559243_206166.bam,,WTCHG_559243_206166,WAN-EFF-AUT
ERR3573500,ERZ2272184,SAMEA5989477,PRJEB45055,SEQUENCE_ASSEMBLY,749907,sediment metagenome,ftp.sra.ebi.ac.uk/vol1/ERZ227/ERZ2272184/ERR3573500.fasta.gz,PRJEB34634,ERX3571738,ftp.sra.ebi.ac.uk/vol1/fastq/ERR357/000/ERR3573500/ERR3573500_1.fastq.gz;ftp.sra.ebi.ac.uk/vol1/fastq/ERR357/000/ERR3573500/ERR3573500_2.fastq.gz,ftp.sra.ebi.ac.uk/vol1/run/ERR357/ERR3573500/WTCHG_455360_254136.bam,,WTCHG_455360_254136,WAN-EFF-SUM
ERR3573501,ERZ2226697,SAMEA5989477,PRJEB45055,SEQUENCE_ASSEMBLY,749907,sediment metagenome,ftp.sra.ebi.ac.uk/vol1/ERZ222/ERZ2226697/ERR3573501.fasta.gz,PRJEB34634,ERX3571739,ftp.sra.ebi.ac.uk/vol1/fastq/ERR357/001/ERR3573501/ERR3573501_1.fastq.gz;ftp.sra.ebi.ac.uk/vol1/fastq/ERR357/001/ERR3573501/ERR3573501_2.fastq.gz,ftp.sra.ebi.ac.uk/vol1/run/ERR357/ERR3573501/WTCHG_456624_254136.bam,,WTCHG_456624_254136,WAN-EFF-SUM
ERR3573502,ERZ2272495,SAMEA5989477,PRJEB45055,SEQUENCE_ASSEMBLY,749907,sediment metagenome,ftp.sra.ebi.ac.uk/vol1/ERZ227/ERZ2272495/ERR3573502.fasta.gz,PRJEB34634,ERX3571740,ftp.sra.ebi.ac.uk/vol1/fastq/ERR357/002/ERR3573502/ERR3573502_1.fastq.gz;ftp.sra.ebi.ac.uk/vol1/fastq/ERR357/002/ERR3573502/ERR3573502_2.fastq.gz,ftp.sra.ebi.ac.uk/vol1/run/ERR357/ERR3573502/WTCHG_457295_254136.bam,,WTCHG_457295_254136,WAN-EFF-SUM
ERR3573503,ERZ2272075,SAMEA5989477,PRJEB45055,SEQUENCE_ASSEMBLY,749907,sediment metagenome,ftp.sra.ebi.ac.uk/vol1/ERZ227/ERZ2272075/ERR3573503.fasta.gz,PRJEB34634,ERX3571741,ftp.sra.ebi.ac.uk/vol1/fastq/ERR357/003/ERR3573503/ERR3573503_1.fastq.gz;ftp.sra.ebi.ac.uk/vol1/fastq/ERR357/003/ERR3573503/ERR3573503_2.fastq.gz,ftp.sra.ebi.ac.uk/vol1/run/ERR357/ERR3573503/WTCHG_457296_254136.bam,,WTCHG_457296_254136,WAN-EFF-SUM
ERR3573504,ERZ2272770,SAMEA5989477,PRJEB45055,SEQUENCE_ASSEMBLY,749907,sediment metagenome,ftp.sra.ebi.ac.uk/vol1/ERZ227/ERZ2272770/ERR3573504.fasta.gz,PRJEB34634,ERX3571742,ftp.sra.ebi.ac.uk/vol1/fastq/ERR357/004/ERR3573504/ERR3573504_1.fastq.gz;ftp.sra.ebi.ac.uk/vol1/fastq/ERR357/004/ERR3573504/ERR3573504_2.fastq.gz,ftp.sra.ebi.ac.uk/vol1/run/ERR357/ERR3573504/WTCHG_457297_254136.bam,,WTCHG_457297_254136,WAN-EFF-SUM
ERR3573505,ERZ2272392,SAMEA5989477,PRJEB45055,SEQUENCE_ASSEMBLY,749907,sediment metagenome,ftp.sra.ebi.ac.uk/vol1/ERZ227/ERZ2272392/ERR3573505.fasta.gz,PRJEB34634,ERX3571743,ftp.sra.ebi.ac.uk/vol1/fastq/ERR357/005/ERR3573505/ERR3573505_1.fastq.gz;ftp.sra.ebi.ac.uk/vol1/fastq/ERR357/005/ERR3573505/ERR3573505_2.fastq.gz,ftp.sra.ebi.ac.uk/vol1/run/ERR357/ERR3573505/WTCHG_457298_254136.bam,,WTCHG_457298_254136,WAN-EFF-SUM
ERR3573506,ERZ2272091,SAMEA5989477,PRJEB45055,SEQUENCE_ASSEMBLY,749907,sediment metagenome,ftp.sra.ebi.ac.uk/vol1/ERZ227/ERZ2272091/ERR3573506.fasta.gz,PRJEB34634,ERX3571744,ftp.sra.ebi.ac.uk/vol1/fastq/ERR357/006/ERR3573506/ERR3573506_1.fastq.gz;ftp.sra.ebi.ac.uk/vol1/fastq/ERR357/006/ERR3573506/ERR3573506_2.fastq.gz,ftp.sra.ebi.ac.uk/vol1/run/ERR357/ERR3573506/WTCHG_457710_254136.bam,,WTCHG_457710_254136,WAN-EFF-SUM
ERR3573507,ERZ2272113,SAMEA5989477,PRJEB45055,SEQUENCE_ASSEMBLY,749907,sediment metagenome,ftp.sra.ebi.ac.uk/vol1/ERZ227/ERZ2272113/ERR3573507.fasta.gz,PRJEB34634,ERX3571745,ftp.sra.ebi.ac.uk/vol1/fastq/ERR357/007/ERR3573507/ERR3573507_1.fastq.gz;ftp.sra.ebi.ac.uk/vol1/fastq/ERR357/007/ERR3573507/ERR3573507_2.fastq.gz,ftp.sra.ebi.ac.uk/vol1/run/ERR357/ERR3573507/WTCHG_457711_254136.bam,,WTCHG_457711_254136,WAN-EFF-SUM
ERR3573508,ERZ2227828,SAMEA5989477,PRJEB45055,SEQUENCE_ASSEMBLY,749907,sediment metagenome,ftp.sra.ebi.ac.uk/vol1/ERZ222/ERZ2227828/ERR3573508.fasta.gz,PRJEB34634,ERX3571746,ftp.sra.ebi.ac.uk/vol1/fastq/ERR357/008/ERR3573508/ERR3573508_1.fastq.gz;ftp.sra.ebi.ac.uk/vol1/fastq/ERR357/008/ERR3573508/ERR3573508_2.fastq.gz,ftp.sra.ebi.ac.uk/vol1/run/ERR357/ERR3573508/WTCHG_457712_254136.bam,,WTCHG_457712_254136,WAN-EFF-SUM
ERR3573509,ERZ2272173,SAMEA5989477,PRJEB45055,SEQUENCE_ASSEMBLY,749907,sediment metagenome,ftp.sra.ebi.ac.uk/vol1/ERZ227/ERZ2272173/ERR3573509.fasta.gz,PRJEB34634,ERX3571747,ftp.sra.ebi.ac.uk/vol1/fastq/ERR357/009/ERR3573509/ERR3573509_1.fastq.gz;ftp.sra.ebi.ac.uk/vol1/fastq/ERR357/009/ERR3573509/ERR3573509_2.fastq.gz,ftp.sra.ebi.ac.uk/vol1/run/ERR357/ERR3573509/WTCHG_457713_254136.bam,,WTCHG_457713_254136,WAN-EFF-SUM
ERR3573510,ERZ2270394,SAMEA5989477,PRJEB45055,SEQUENCE_ASSEMBLY,749907,sediment metagenome,ftp.sra.ebi.ac.uk/vol1/ERZ227/ERZ2270394/ERR3573510.fasta.gz,PRJEB34634,ERX3571748,ftp.sra.ebi.ac.uk/vol1/fastq/ERR357/000/ERR3573510/ERR3573510_1.fastq.gz;ftp.sra.ebi.ac.uk/vol1/fastq/ERR357/000/ERR3573510/ERR3573510_2.fastq.gz,ftp.sra.ebi.ac.uk/vol1/run/ERR357/ERR3573510/WTCHG_457714_254136.bam,,WTCHG_457714_254136,WAN-EFF-SUM
ERR3573511,ERZ2272351,SAMEA5989477,PRJEB45055,SEQUENCE_ASSEMBLY,749907,sediment metagenome,ftp.sra.ebi.ac.uk/vol1/ERZ227/ERZ2272351/ERR3573511.fasta.gz,PRJEB34634,ERX3571749,ftp.sra.ebi.ac.uk/vol1/fastq/ERR357/001/ERR3573511/ERR3573511_1.fastq.gz;ftp.sra.ebi.ac.uk/vol1/fastq/ERR357/001/ERR3573511/ERR3573511_2.fastq.gz,ftp.sra.ebi.ac.uk/vol1/run/ERR357/ERR3573511/WTCHG_461227_254136.bam,,WTCHG_461227_254136,WAN-EFF-SUM
ERR3573512,ERZ2268842,SAMEA5989477,PRJEB45055,SEQUENCE_ASSEMBLY,749907,sediment metagenome,ftp.sra.ebi.ac.uk/vol1/ERZ226/ERZ2268842/ERR3573512.fasta.gz,PRJEB34634,ERX3571750,ftp.sra.ebi.ac.uk/vol1/fastq/ERR357/002/ERR3573512/ERR3573512_1.fastq.gz;ftp.sra.ebi.ac.uk/vol1/fastq/ERR357/002/ERR3573512/ERR3573512_2.fastq.gz,ftp.sra.ebi.ac.uk/vol1/run/ERR357/ERR3573512/WTCHG_461228_254136.bam,,WTCHG_461228_254136,WAN-EFF-SUM
ERR3573513,ERZ2271676,SAMEA5989477,PRJEB45055,SEQUENCE_ASSEMBLY,749907,sediment metagenome,ftp.sra.ebi.ac.uk/vol1/ERZ227/ERZ2271676/ERR3573513.fasta.gz,PRJEB34634,ERX3571751,ftp.sra.ebi.ac.uk/vol1/fastq/ERR357/003/ERR3573513/ERR3573513_1.fastq.gz;ftp.sra.ebi.ac.uk/vol1/fastq/ERR357/003/ERR3573513/ERR3573513_2.fastq.gz,ftp.sra.ebi.ac.uk/vol1/run/ERR357/ERR3573513/WTCHG_455360_260137.bam,,WTCHG_455360_260137,WAN-EFF-WIN
ERR3573514,ERZ2226937,SAMEA5989477,PRJEB45055,SEQUENCE_ASSEMBLY,749907,sediment metagenome,ftp.sra.ebi.ac.uk/vol1/ERZ222/ERZ2226937/ERR3573514.fasta.gz,PRJEB34634,ERX3571752,ftp.sra.ebi.ac.uk/vol1/fastq/ERR357/004/ERR3573514/ERR3573514_1.fastq.gz;ftp.sra.ebi.ac.uk/vol1/fastq/ERR357/004/ERR3573514/ERR3573514_2.fastq.gz,ftp.sra.ebi.ac.uk/vol1/run/ERR357/ERR3573514/WTCHG_456624_260137.bam,,WTCHG_456624_260137,WAN-EFF-WIN
ERR3573515,ERZ2270487,SAMEA5989477,PRJEB45055,SEQUENCE_ASSEMBLY,749907,sediment metagenome,ftp.sra.ebi.ac.uk/vol1/ERZ227/ERZ2270487/ERR3573515.fasta.gz,PRJEB34634,ERX3571753,ftp.sra.ebi.ac.uk/vol1/fastq/ERR357/005/ERR3573515/ERR3573515_1.fastq.gz;ftp.sra.ebi.ac.uk/vol1/fastq/ERR357/005/ERR3573515/ERR3573515_2.fastq.gz,ftp.sra.ebi.ac.uk/vol1/run/ERR357/ERR3573515/WTCHG_457295_260137.bam,,WTCHG_457295_260137,WAN-EFF-WIN
ERR3573516,ERZ2272049,SAMEA5989477,PRJEB45055,SEQUENCE_ASSEMBLY,749907,sediment metagenome,ftp.sra.ebi.ac.uk/vol1/ERZ227/ERZ2272049/ERR3573516.fasta.gz,PRJEB34634,ERX3571754,ftp.sra.ebi.ac.uk/vol1/fastq/ERR357/006/ERR3573516/ERR3573516_1.fastq.gz;ftp.sra.ebi.ac.uk/vol1/fastq/ERR357/006/ERR3573516/ERR3573516_2.fastq.gz,ftp.sra.ebi.ac.uk/vol1/run/ERR357/ERR3573516/WTCHG_457296_260137.bam,,WTCHG_457296_260137,WAN-EFF-WIN
ERR3573517,ERZ2271899,SAMEA5989477,PRJEB45055,SEQUENCE_ASSEMBLY,749907,sediment metagenome,ftp.sra.ebi.ac.uk/vol1/ERZ227/ERZ2271899/ERR3573517.fasta.gz,PRJEB34634,ERX3571755,ftp.sra.ebi.ac.uk/vol1/fastq/ERR357/007/ERR3573517/ERR3573517_1.fastq.gz;ftp.sra.ebi.ac.uk/vol1/fastq/ERR357/007/ERR3573517/ERR3573517_2.fastq.gz,ftp.sra.ebi.ac.uk/vol1/run/ERR357/ERR3573517/WTCHG_457297_260137.bam,,WTCHG_457297_260137,WAN-EFF-WIN
ERR3573518,ERZ2272564,SAMEA5989477,PRJEB45055,SEQUENCE_ASSEMBLY,749907,sediment metagenome,ftp.sra.ebi.ac.uk/vol1/ERZ227/ERZ2272564/ERR3573518.fasta.gz,PRJEB34634,ERX3571756,ftp.sra.ebi.ac.uk/vol1/fastq/ERR357/008/ERR3573518/ERR3573518_1.fastq.gz;ftp.sra.ebi.ac.uk/vol1/fastq/ERR357/008/ERR3573518/ERR3573518_2.fastq.gz,ftp.sra.ebi.ac.uk/vol1/run/ERR357/ERR3573518/WTCHG_457298_260137.bam,,WTCHG_457298_260137,WAN-EFF-WIN
ERR3573519,ERZ2272758,SAMEA5989477,PRJEB45055,SEQUENCE_ASSEMBLY,749907,sediment metagenome,ftp.sra.ebi.ac.uk/vol1/ERZ227/ERZ2272758/ERR3573519.fasta.gz,PRJEB34634,ERX3571757,ftp.sra.ebi.ac.uk/vol1/fastq/ERR357/009/ERR3573519/ERR3573519_1.fastq.gz;ftp.sra.ebi.ac.uk/vol1/fastq/ERR357/009/ERR3573519/ERR3573519_2.fastq.gz,ftp.sra.ebi.ac.uk/vol1/run/ERR357/ERR3573519/WTCHG_457710_260137.bam,,WTCHG_457710_260137,WAN-EFF-WIN
ERR3573520,ERZ2271549,SAMEA5989477,PRJEB45055,SEQUENCE_ASSEMBLY,749907,sediment metagenome,ftp.sra.ebi.ac.uk/vol1/ERZ227/ERZ2271549/ERR3573520.fasta.gz,PRJEB34634,ERX3571758,ftp.sra.ebi.ac.uk/vol1/fastq/ERR357/000/ERR3573520/ERR3573520_1.fastq.gz;ftp.sra.ebi.ac.uk/vol1/fastq/ERR357/000/ERR3573520/ERR3573520_2.fastq.gz,ftp.sra.ebi.ac.uk/vol1/run/ERR357/ERR3573520/WTCHG_457711_260137.bam,,WTCHG_457711_260137,WAN-EFF-WIN
ERR3573521,ERZ2272356,SAMEA5989477,PRJEB45055,SEQUENCE_ASSEMBLY,749907,sediment metagenome,ftp.sra.ebi.ac.uk/vol1/ERZ227/ERZ2272356/ERR3573521.fasta.gz,PRJEB34634,ERX3571759,ftp.sra.ebi.ac.uk/vol1/fastq/ERR357/001/ERR3573521/ERR3573521_1.fastq.gz;ftp.sra.ebi.ac.uk/vol1/fastq/ERR357/001/ERR3573521/ERR3573521_2.fastq.gz,ftp.sra.ebi.ac.uk/vol1/run/ERR357/ERR3573521/WTCHG_457712_260137.bam,,WTCHG_457712_260137,WAN-EFF-WIN
ERR3573522,ERZ2271608,SAMEA5989477,PRJEB45055,SEQUENCE_ASSEMBLY,749907,sediment metagenome,ftp.sra.ebi.ac.uk/vol1/ERZ227/ERZ2271608/ERR3573522.fasta.gz,PRJEB34634,ERX3571760,ftp.sra.ebi.ac.uk/vol1/fastq/ERR357/002/ERR3573522/ERR3573522_1.fastq.gz;ftp.sra.ebi.ac.uk/vol1/fastq/ERR357/002/ERR3573522/ERR3573522_2.fastq.gz,ftp.sra.ebi.ac.uk/vol1/run/ERR357/ERR3573522/WTCHG_457713_260137.bam,,WTCHG_457713_260137,WAN-EFF-WIN
ERR3573523,ERZ2270741,SAMEA5989477,PRJEB45055,SEQUENCE_ASSEMBLY,749907,sediment metagenome,ftp.sra.ebi.ac.uk/vol1/ERZ227/ERZ2270741/ERR3573523.fasta.gz,PRJEB34634,ERX3571761,ftp.sra.ebi.ac.uk/vol1/fastq/ERR357/003/ERR3573523/ERR3573523_1.fastq.gz;ftp.sra.ebi.ac.uk/vol1/fastq/ERR357/003/ERR3573523/ERR3573523_2.fastq.gz,ftp.sra.ebi.ac.uk/vol1/run/ERR357/ERR3573523/WTCHG_457714_260137.bam,,WTCHG_457714_260137,WAN-EFF-WIN
ERR3573524,ERZ2271898,SAMEA5989477,PRJEB45055,SEQUENCE_ASSEMBLY,749907,sediment metagenome,ftp.sra.ebi.ac.uk/vol1/ERZ227/ERZ2271898/ERR3573524.fasta.gz,PRJEB34634,ERX3571762,ftp.sra.ebi.ac.uk/vol1/fastq/ERR357/004/ERR3573524/ERR3573524_1.fastq.gz;ftp.sra.ebi.ac.uk/vol1/fastq/ERR357/004/ERR3573524/ERR3573524_2.fastq.gz,ftp.sra.ebi.ac.uk/vol1/run/ERR357/ERR3573524/WTCHG_461227_260137.bam,,WTCHG_461227_260137,WAN-EFF-WIN
ERR3573525,ERZ2271134,SAMEA5989477,PRJEB45055,SEQUENCE_ASSEMBLY,749907,sediment metagenome,ftp.sra.ebi.ac.uk/vol1/ERZ227/ERZ2271134/ERR3573525.fasta.gz,PRJEB34634,ERX3571763,ftp.sra.ebi.ac.uk/vol1/fastq/ERR357/005/ERR3573525/ERR3573525_1.fastq.gz;ftp.sra.ebi.ac.uk/vol1/fastq/ERR357/005/ERR3573525/ERR3573525_2.fastq.gz,ftp.sra.ebi.ac.uk/vol1/run/ERR357/ERR3573525/WTCHG_461228_260137.bam,,WTCHG_461228_260137,WAN-EFF-WIN
ERR3573526,ERZ2272047,SAMEA5989477,PRJEB45055,SEQUENCE_ASSEMBLY,749907,sediment metagenome,ftp.sra.ebi.ac.uk/vol1/ERZ227/ERZ2272047/ERR3573526.fasta.gz,PRJEB34634,ERX3571764,ftp.sra.ebi.ac.uk/vol1/fastq/ERR357/006/ERR3573526/ERR3573526_1.fastq.gz;ftp.sra.ebi.ac.uk/vol1/fastq/ERR357/006/ERR3573526/ERR3573526_2.fastq.gz,ftp.sra.ebi.ac.uk/vol1/run/ERR357/ERR3573526/WTCHG_550636_207178.bam,,WTCHG_550636_207178,WAN-INF-AUT
ERR3573527,ERZ2227222,SAMEA5989477,PRJEB45055,SEQUENCE_ASSEMBLY,749907,sediment metagenome,ftp.sra.ebi.ac.uk/vol1/ERZ222/ERZ2227222/ERR3573527.fasta.gz,PRJEB34634,ERX3571765,ftp.sra.ebi.ac.uk/vol1/fastq/ERR357/007/ERR3573527/ERR3573527_1.fastq.gz;ftp.sra.ebi.ac.uk/vol1/fastq/ERR357/007/ERR3573527/ERR3573527_2.fastq.gz,ftp.sra.ebi.ac.uk/vol1/run/ERR357/ERR3573527/WTCHG_551514_207178.bam,,WTCHG_551514_207178,WAN-INF-AUT
ERR3573528,ERZ2271763,SAMEA5989477,PRJEB45055,SEQUENCE_ASSEMBLY,749907,sediment metagenome,ftp.sra.ebi.ac.uk/vol1/ERZ227/ERZ2271763/ERR3573528.fasta.gz,PRJEB34634,ERX3571766,ftp.sra.ebi.ac.uk/vol1/fastq/ERR357/008/ERR3573528/ERR3573528_1.fastq.gz;ftp.sra.ebi.ac.uk/vol1/fastq/ERR357/008/ERR3573528/ERR3573528_2.fastq.gz,ftp.sra.ebi.ac.uk/vol1/run/ERR357/ERR3573528/WTCHG_551515_207178.bam,,WTCHG_551515_207178,WAN-INF-AUT
ERR3573529,ERZ2272005,SAMEA5989477,PRJEB45055,SEQUENCE_ASSEMBLY,749907,sediment metagenome,ftp.sra.ebi.ac.uk/vol1/ERZ227/ERZ2272005/ERR3573529.fasta.gz,PRJEB34634,ERX3571767,ftp.sra.ebi.ac.uk/vol1/fastq/ERR357/009/ERR3573529/ERR3573529_1.fastq.gz;ftp.sra.ebi.ac.uk/vol1/fastq/ERR357/009/ERR3573529/ERR3573529_2.fastq.gz,ftp.sra.ebi.ac.uk/vol1/run/ERR357/ERR3573529/WTCHG_554367_207178.bam,,WTCHG_554367_207178,WAN-INF-AUT
ERR3573530,ERZ2272352,SAMEA5989477,PRJEB45055,SEQUENCE_ASSEMBLY,749907,sediment metagenome,ftp.sra.ebi.ac.uk/vol1/ERZ227/ERZ2272352/ERR3573530.fasta.gz,PRJEB34634,ERX3571768,ftp.sra.ebi.ac.uk/vol1/fastq/ERR357/000/ERR3573530/ERR3573530_1.fastq.gz;ftp.sra.ebi.ac.uk/vol1/fastq/ERR357/000/ERR3573530/ERR3573530_2.fastq.gz,ftp.sra.ebi.ac.uk/vol1/run/ERR357/ERR3573530/WTCHG_554366_207178.bam,,WTCHG_554366_207178,WAN-INF-AUT
ERR3573531,ERZ2226905,SAMEA5989477,PRJEB45055,SEQUENCE_ASSEMBLY,749907,sediment metagenome,ftp.sra.ebi.ac.uk/vol1/ERZ222/ERZ2226905/ERR3573531.fasta.gz,PRJEB34634,ERX3571769,ftp.sra.ebi.ac.uk/vol1/fastq/ERR357/001/ERR3573531/ERR3573531_1.fastq.gz;ftp.sra.ebi.ac.uk/vol1/fastq/ERR357/001/ERR3573531/ERR3573531_2.fastq.gz,ftp.sra.ebi.ac.uk/vol1/run/ERR357/ERR3573531/WTCHG_555214_207178.bam,,WTCHG_555214_207178,WAN-INF-AUT
ERR3573532,ERZ2271766,SAMEA5989477,PRJEB45055,SEQUENCE_ASSEMBLY,749907,sediment metagenome,ftp.sra.ebi.ac.uk/vol1/ERZ227/ERZ2271766/ERR3573532.fasta.gz,PRJEB34634,ERX3571770,ftp.sra.ebi.ac.uk/vol1/fastq/ERR357/002/ERR3573532/ERR3573532_1.fastq.gz;ftp.sra.ebi.ac.uk/vol1/fastq/ERR357/002/ERR3573532/ERR3573532_2.fastq.gz,ftp.sra.ebi.ac.uk/vol1/run/ERR357/ERR3573532/WTCHG_555221_207178.bam,,WTCHG_555221_207178,WAN-INF-AUT
ERR3573533,ERZ2272248,SAMEA5989477,PRJEB45055,SEQUENCE_ASSEMBLY,749907,sediment metagenome,ftp.sra.ebi.ac.uk/vol1/ERZ227/ERZ2272248/ERR3573533.fasta.gz,PRJEB34634,ERX3571771,ftp.sra.ebi.ac.uk/vol1/fastq/ERR357/003/ERR3573533/ERR3573533_1.fastq.gz;ftp.sra.ebi.ac.uk/vol1/fastq/ERR357/003/ERR3573533/ERR3573533_2.fastq.gz,ftp.sra.ebi.ac.uk/vol1/run/ERR357/ERR3573533/WTCHG_555215_207178.bam,,WTCHG_555215_207178,WAN-INF-AUT
ERR3573534,ERZ2226702,SAMEA5989477,PRJEB45055,SEQUENCE_ASSEMBLY,749907,sediment metagenome,ftp.sra.ebi.ac.uk/vol1/ERZ222/ERZ2226702/ERR3573534.fasta.gz,PRJEB34634,ERX3571772,ftp.sra.ebi.ac.uk/vol1/fastq/ERR357/004/ERR3573534/ERR3573534_1.fastq.gz;ftp.sra.ebi.ac.uk/vol1/fastq/ERR357/004/ERR3573534/ERR3573534_2.fastq.gz,ftp.sra.ebi.ac.uk/vol1/run/ERR357/ERR3573534/WTCHG_555219_207178.bam,,WTCHG_555219_207178,WAN-INF-AUT
ERR3573535,ERZ2270586,SAMEA5989477,PRJEB45055,SEQUENCE_ASSEMBLY,749907,sediment metagenome,ftp.sra.ebi.ac.uk/vol1/ERZ227/ERZ2270586/ERR3573535.fasta.gz,PRJEB34634,ERX3571773,ftp.sra.ebi.ac.uk/vol1/fastq/ERR357/005/ERR3573535/ERR3573535_1.fastq.gz;ftp.sra.ebi.ac.uk/vol1/fastq/ERR357/005/ERR3573535/ERR3573535_2.fastq.gz,ftp.sra.ebi.ac.uk/vol1/run/ERR357/ERR3573535/WTCHG_555220_207178.bam,,WTCHG_555220_207178,WAN-INF-AUT
ERR3573536,ERZ2271272,SAMEA5989477,PRJEB45055,SEQUENCE_ASSEMBLY,749907,sediment metagenome,ftp.sra.ebi.ac.uk/vol1/ERZ227/ERZ2271272/ERR3573536.fasta.gz,PRJEB34634,ERX3571774,ftp.sra.ebi.ac.uk/vol1/fastq/ERR357/006/ERR3573536/ERR3573536_1.fastq.gz;ftp.sra.ebi.ac.uk/vol1/fastq/ERR357/006/ERR3573536/ERR3573536_2.fastq.gz,ftp.sra.ebi.ac.uk/vol1/run/ERR357/ERR3573536/WTCHG_555217_207178.bam,,WTCHG_555217_207178,WAN-INF-AUT
ERR3573537,ERZ2272729,SAMEA5989477,PRJEB45055,SEQUENCE_ASSEMBLY,749907,sediment metagenome,ftp.sra.ebi.ac.uk/vol1/ERZ227/ERZ2272729/ERR3573537.fasta.gz,PRJEB34634,ERX3571775,ftp.sra.ebi.ac.uk/vol1/fastq/ERR357/007/ERR3573537/ERR3573537_1.fastq.gz;ftp.sra.ebi.ac.uk/vol1/fastq/ERR357/007/ERR3573537/ERR3573537_2.fastq.gz,ftp.sra.ebi.ac.uk/vol1/run/ERR357/ERR3573537/WTCHG_555218_207178.bam,,WTCHG_555218_207178,WAN-INF-AUT
ERR3573538,ERZ2271231,SAMEA5989477,PRJEB45055,SEQUENCE_ASSEMBLY,749907,sediment metagenome,ftp.sra.ebi.ac.uk/vol1/ERZ227/ERZ2271231/ERR3573538.fasta.gz,PRJEB34634,ERX3571776,ftp.sra.ebi.ac.uk/vol1/fastq/ERR357/008/ERR3573538/ERR3573538_1.fastq.gz;ftp.sra.ebi.ac.uk/vol1/fastq/ERR357/008/ERR3573538/ERR3573538_2.fastq.gz,ftp.sra.ebi.ac.uk/vol1/run/ERR357/ERR3573538/WTCHG_555216_207178.bam,,WTCHG_555216_207178,WAN-INF-AUT
ERR3573539,ERZ2271957,SAMEA5989477,PRJEB45055,SEQUENCE_ASSEMBLY,749907,sediment metagenome,ftp.sra.ebi.ac.uk/vol1/ERZ227/ERZ2271957/ERR3573539.fasta.gz,PRJEB34634,ERX3571777,ftp.sra.ebi.ac.uk/vol1/fastq/ERR357/009/ERR3573539/ERR3573539_1.fastq.gz;ftp.sra.ebi.ac.uk/vol1/fastq/ERR357/009/ERR3573539/ERR3573539_2.fastq.gz,ftp.sra.ebi.ac.uk/vol1/run/ERR357/ERR3573539/WTCHG_559244_207178.bam,,WTCHG_559244_207178,WAN-INF-AUT
ERR3573540,ERZ2268839,SAMEA5989477,PRJEB45055,SEQUENCE_ASSEMBLY,749907,sediment metagenome,ftp.sra.ebi.ac.uk/vol1/ERZ226/ERZ2268839/ERR3573540.fasta.gz,PRJEB34634,ERX3571778,ftp.sra.ebi.ac.uk/vol1/fastq/ERR357/000/ERR3573540/ERR3573540_1.fastq.gz;ftp.sra.ebi.ac.uk/vol1/fastq/ERR357/000/ERR3573540/ERR3573540_2.fastq.gz,ftp.sra.ebi.ac.uk/vol1/run/ERR357/ERR3573540/WTCHG_559242_207178.bam,,WTCHG_559242_207178,WAN-INF-AUT
ERR3573541,ERZ2271056,SAMEA5989477,PRJEB45055,SEQUENCE_ASSEMBLY,749907,sediment metagenome,ftp.sra.ebi.ac.uk/vol1/ERZ227/ERZ2271056/ERR3573541.fasta.gz,PRJEB34634,ERX3571779,ftp.sra.ebi.ac.uk/vol1/fastq/ERR357/001/ERR3573541/ERR3573541_1.fastq.gz;ftp.sra.ebi.ac.uk/vol1/fastq/ERR357/001/ERR3573541/ERR3573541_2.fastq.gz,ftp.sra.ebi.ac.uk/vol1/run/ERR357/ERR3573541/WTCHG_559241_207178.bam,,WTCHG_559241_207178,WAN-INF-AUT
ERR3573542,ERZ2271803,SAMEA5989477,PRJEB45055,SEQUENCE_ASSEMBLY,749907,sediment metagenome,ftp.sra.ebi.ac.uk/vol1/ERZ227/ERZ2271803/ERR3573542.fasta.gz,PRJEB34634,ERX3571780,ftp.sra.ebi.ac.uk/vol1/fastq/ERR357/002/ERR3573542/ERR3573542_1.fastq.gz;ftp.sra.ebi.ac.uk/vol1/fastq/ERR357/002/ERR3573542/ERR3573542_2.fastq.gz,ftp.sra.ebi.ac.uk/vol1/run/ERR357/ERR3573542/WTCHG_559243_207178.bam,,WTCHG_559243_207178,WAN-INF-AUT
ERR3573543,ERZ2272627,SAMEA5989477,PRJEB45055,SEQUENCE_ASSEMBLY,749907,sediment metagenome,ftp.sra.ebi.ac.uk/vol1/ERZ227/ERZ2272627/ERR3573543.fasta.gz,PRJEB34634,ERX3571781,ftp.sra.ebi.ac.uk/vol1/fastq/ERR357/003/ERR3573543/ERR3573543_1.fastq.gz;ftp.sra.ebi.ac.uk/vol1/fastq/ERR357/003/ERR3573543/ERR3573543_2.fastq.gz,ftp.sra.ebi.ac.uk/vol1/run/ERR357/ERR3573543/WTCHG_559240_207178.bam,,WTCHG_559240_207178,WAN-INF-AUT
ERR3573544,ERZ2271913,SAMEA5989477,PRJEB45055,SEQUENCE_ASSEMBLY,749907,sediment metagenome,ftp.sra.ebi.ac.uk/vol1/ERZ227/ERZ2271913/ERR3573544.fasta.gz,PRJEB34634,ERX3571782,ftp.sra.ebi.ac.uk/vol1/fastq/ERR357/004/ERR3573544/ERR3573544_1.fastq.gz;ftp.sra.ebi.ac.uk/vol1/fastq/ERR357/004/ERR3573544/ERR3573544_2.fastq.gz,ftp.sra.ebi.ac.uk/vol1/run/ERR357/ERR3573544/WTCHG_455360_242124.bam,,WTCHG_455360_242124,WAN-INF-SUM
ERR3573545,ERZ2272304,SAMEA5989477,PRJEB45055,SEQUENCE_ASSEMBLY,749907,sediment metagenome,ftp.sra.ebi.ac.uk/vol1/ERZ227/ERZ2272304/ERR3573545.fasta.gz,PRJEB34634,ERX3571783,ftp.sra.ebi.ac.uk/vol1/fastq/ERR357/005/ERR3573545/ERR3573545_1.fastq.gz;ftp.sra.ebi.ac.uk/vol1/fastq/ERR357/005/ERR3573545/ERR3573545_2.fastq.gz,ftp.sra.ebi.ac.uk/vol1/run/ERR357/ERR3573545/WTCHG_456624_242124.bam,,WTCHG_456624_242124,WAN-INF-SUM
ERR3573546,ERZ2271995,SAMEA5989477,PRJEB45055,SEQUENCE_ASSEMBLY,749907,sediment metagenome,ftp.sra.ebi.ac.uk/vol1/ERZ227/ERZ2271995/ERR3573546.fasta.gz,PRJEB34634,ERX3571784,ftp.sra.ebi.ac.uk/vol1/fastq/ERR357/006/ERR3573546/ERR3573546_1.fastq.gz;ftp.sra.ebi.ac.uk/vol1/fastq/ERR357/006/ERR3573546/ERR3573546_2.fastq.gz,ftp.sra.ebi.ac.uk/vol1/run/ERR357/ERR3573546/WTCHG_457295_242124.bam,,WTCHG_457295_242124,WAN-INF-SUM
ERR3573547,ERZ2272509,SAMEA5989477,PRJEB45055,SEQUENCE_ASSEMBLY,749907,sediment metagenome,ftp.sra.ebi.ac.uk/vol1/ERZ227/ERZ2272509/ERR3573547.fasta.gz,PRJEB34634,ERX3571785,ftp.sra.ebi.ac.uk/vol1/fastq/ERR357/007/ERR3573547/ERR3573547_1.fastq.gz;ftp.sra.ebi.ac.uk/vol1/fastq/ERR357/007/ERR3573547/ERR3573547_2.fastq.gz,ftp.sra.ebi.ac.uk/vol1/run/ERR357/ERR3573547/WTCHG_457296_242124.bam,,WTCHG_457296_242124,WAN-INF-SUM
ERR3573548,ERZ2272315,SAMEA5989477,PRJEB45055,SEQUENCE_ASSEMBLY,749907,sediment metagenome,ftp.sra.ebi.ac.uk/vol1/ERZ227/ERZ2272315/ERR3573548.fasta.gz,PRJEB34634,ERX3571786,ftp.sra.ebi.ac.uk/vol1/fastq/ERR357/008/ERR3573548/ERR3573548_1.fastq.gz;ftp.sra.ebi.ac.uk/vol1/fastq/ERR357/008/ERR3573548/ERR3573548_2.fastq.gz,ftp.sra.ebi.ac.uk/vol1/run/ERR357/ERR3573548/WTCHG_457297_242124.bam,,WTCHG_457297_242124,WAN-INF-SUM
ERR3573549,ERZ2270555,SAMEA5989477,PRJEB45055,SEQUENCE_ASSEMBLY,749907,sediment metagenome,ftp.sra.ebi.ac.uk/vol1/ERZ227/ERZ2270555/ERR3573549.fasta.gz,PRJEB34634,ERX3571787,ftp.sra.ebi.ac.uk/vol1/fastq/ERR357/009/ERR3573549/ERR3573549_1.fastq.gz;ftp.sra.ebi.ac.uk/vol1/fastq/ERR357/009/ERR3573549/ERR3573549_2.fastq.gz,ftp.sra.ebi.ac.uk/vol1/run/ERR357/ERR3573549/WTCHG_457298_242124.bam,,WTCHG_457298_242124,WAN-INF-SUM
ERR3573550,ERZ2226747,SAMEA5989477,PRJEB45055,SEQUENCE_ASSEMBLY,749907,sediment metagenome,ftp.sra.ebi.ac.uk/vol1/ERZ222/ERZ2226747/ERR3573550.fasta.gz,PRJEB34634,ERX3571788,ftp.sra.ebi.ac.uk/vol1/fastq/ERR357/000/ERR3573550/ERR3573550_1.fastq.gz;ftp.sra.ebi.ac.uk/vol1/fastq/ERR357/000/ERR3573550/ERR3573550_2.fastq.gz,ftp.sra.ebi.ac.uk/vol1/run/ERR357/ERR3573550/WTCHG_457710_242124.bam,,WTCHG_457710_242124,WAN-INF-SUM
ERR3573551,ERZ2271637,SAMEA5989477,PRJEB45055,SEQUENCE_ASSEMBLY,749907,sediment metagenome,ftp.sra.ebi.ac.uk/vol1/ERZ227/ERZ2271637/ERR3573551.fasta.gz,PRJEB34634,ERX3571789,ftp.sra.ebi.ac.uk/vol1/fastq/ERR357/001/ERR3573551/ERR3573551_1.fastq.gz;ftp.sra.ebi.ac.uk/vol1/fastq/ERR357/001/ERR3573551/ERR3573551_2.fastq.gz,ftp.sra.ebi.ac.uk/vol1/run/ERR357/ERR3573551/WTCHG_457711_242124.bam,,WTCHG_457711_242124,WAN-INF-SUM
ERR3573552,ERZ2272781,SAMEA5989477,PRJEB45055,SEQUENCE_ASSEMBLY,749907,sediment metagenome,ftp.sra.ebi.ac.uk/vol1/ERZ227/ERZ2272781/ERR3573552.fasta.gz,PRJEB34634,ERX3571790,ftp.sra.ebi.ac.uk/vol1/fastq/ERR357/002/ERR3573552/ERR3573552_1.fastq.gz;ftp.sra.ebi.ac.uk/vol1/fastq/ERR357/002/ERR3573552/ERR3573552_2.fastq.gz,ftp.sra.ebi.ac.uk/vol1/run/ERR357/ERR3573552/WTCHG_457712_242124.bam,,WTCHG_457712_242124,WAN-INF-SUM
ERR3573553,ERZ2270444,SAMEA5989477,PRJEB45055,SEQUENCE_ASSEMBLY,749907,sediment metagenome,ftp.sra.ebi.ac.uk/vol1/ERZ227/ERZ2270444/ERR3573553.fasta.gz,PRJEB34634,ERX3571791,ftp.sra.ebi.ac.uk/vol1/fastq/ERR357/003/ERR3573553/ERR3573553_1.fastq.gz;ftp.sra.ebi.ac.uk/vol1/fastq/ERR357/003/ERR3573553/ERR3573553_2.fastq.gz,ftp.sra.ebi.ac.uk/vol1/run/ERR357/ERR3573553/WTCHG_457713_242124.bam,,WTCHG_457713_242124,WAN-INF-SUM
ERR3573554,ERZ2270981,SAMEA5989477,PRJEB45055,SEQUENCE_ASSEMBLY,749907,sediment metagenome,ftp.sra.ebi.ac.uk/vol1/ERZ227/ERZ2270981/ERR3573554.fasta.gz,PRJEB34634,ERX3571792,ftp.sra.ebi.ac.uk/vol1/fastq/ERR357/004/ERR3573554/ERR3573554_1.fastq.gz;ftp.sra.ebi.ac.uk/vol1/fastq/ERR357/004/ERR3573554/ERR3573554_2.fastq.gz,ftp.sra.ebi.ac.uk/vol1/run/ERR357/ERR3573554/WTCHG_457714_242124.bam,,WTCHG_457714_242124,WAN-INF-SUM
ERR3573555,ERZ2272148,SAMEA5989477,PRJEB45055,SEQUENCE_ASSEMBLY,749907,sediment metagenome,ftp.sra.ebi.ac.uk/vol1/ERZ227/ERZ2272148/ERR3573555.fasta.gz,PRJEB34634,ERX3571793,ftp.sra.ebi.ac.uk/vol1/fastq/ERR357/005/ERR3573555/ERR3573555_1.fastq.gz;ftp.sra.ebi.ac.uk/vol1/fastq/ERR357/005/ERR3573555/ERR3573555_2.fastq.gz,ftp.sra.ebi.ac.uk/vol1/run/ERR357/ERR3573555/WTCHG_461227_242124.bam,,WTCHG_461227_242124,WAN-INF-SUM
ERR3573556,ERZ2226830,SAMEA5989477,PRJEB45055,SEQUENCE_ASSEMBLY,749907,sediment metagenome,ftp.sra.ebi.ac.uk/vol1/ERZ222/ERZ2226830/ERR3573556.fasta.gz,PRJEB34634,ERX3571794,ftp.sra.ebi.ac.uk/vol1/fastq/ERR357/006/ERR3573556/ERR3573556_1.fastq.gz;ftp.sra.ebi.ac.uk/vol1/fastq/ERR357/006/ERR3573556/ERR3573556_2.fastq.gz,ftp.sra.ebi.ac.uk/vol1/run/ERR357/ERR3573556/WTCHG_461228_242124.bam,,WTCHG_461228_242124,WAN-INF-SUM
ERR3573557,ERZ2272328,SAMEA5989477,PRJEB45055,SEQUENCE_ASSEMBLY,749907,sediment metagenome,ftp.sra.ebi.ac.uk/vol1/ERZ227/ERZ2272328/ERR3573557.fasta.gz,PRJEB34634,ERX3571795,ftp.sra.ebi.ac.uk/vol1/fastq/ERR357/007/ERR3573557/ERR3573557_1.fastq.gz;ftp.sra.ebi.ac.uk/vol1/fastq/ERR357/007/ERR3573557/ERR3573557_2.fastq.gz,ftp.sra.ebi.ac.uk/vol1/run/ERR357/ERR3573557/WTCHG_455360_237159.bam,,WTCHG_455360_237159,WAN-INF-WIN
ERR3573558,ERZ2270454,SAMEA5989477,PRJEB45055,SEQUENCE_ASSEMBLY,749907,sediment metagenome,ftp.sra.ebi.ac.uk/vol1/ERZ227/ERZ2270454/ERR3573558.fasta.gz,PRJEB34634,ERX3571796,ftp.sra.ebi.ac.uk/vol1/fastq/ERR357/008/ERR3573558/ERR3573558_1.fastq.gz;ftp.sra.ebi.ac.uk/vol1/fastq/ERR357/008/ERR3573558/ERR3573558_2.fastq.gz,ftp.sra.ebi.ac.uk/vol1/run/ERR357/ERR3573558/WTCHG_456624_237159.bam,,WTCHG_456624_237159,WAN-INF-WIN
ERR3573559,ERZ2271536,SAMEA5989477,PRJEB45055,SEQUENCE_ASSEMBLY,749907,sediment metagenome,ftp.sra.ebi.ac.uk/vol1/ERZ227/ERZ2271536/ERR3573559.fasta.gz,PRJEB34634,ERX3571797,ftp.sra.ebi.ac.uk/vol1/fastq/ERR357/009/ERR3573559/ERR3573559_1.fastq.gz;ftp.sra.ebi.ac.uk/vol1/fastq/ERR357/009/ERR3573559/ERR3573559_2.fastq.gz,ftp.sra.ebi.ac.uk/vol1/run/ERR357/ERR3573559/WTCHG_457295_237159.bam,,WTCHG_457295_237159,WAN-INF-WIN
ERR3573560,ERZ2226939,SAMEA5989477,PRJEB45055,SEQUENCE_ASSEMBLY,749907,sediment metagenome,ftp.sra.ebi.ac.uk/vol1/ERZ222/ERZ2226939/ERR3573560.fasta.gz,PRJEB34634,ERX3571798,ftp.sra.ebi.ac.uk/vol1/fastq/ERR357/000/ERR3573560/ERR3573560_1.fastq.gz;ftp.sra.ebi.ac.uk/vol1/fastq/ERR357/000/ERR3573560/ERR3573560_2.fastq.gz,ftp.sra.ebi.ac.uk/vol1/run/ERR357/ERR3573560/WTCHG_457296_237159.bam,,WTCHG_457296_237159,WAN-INF-WIN
ERR3573561,ERZ2272060,SAMEA5989477,PRJEB45055,SEQUENCE_ASSEMBLY,749907,sediment metagenome,ftp.sra.ebi.ac.uk/vol1/ERZ227/ERZ2272060/ERR3573561.fasta.gz,PRJEB34634,ERX3571799,ftp.sra.ebi.ac.uk/vol1/fastq/ERR357/001/ERR3573561/ERR3573561_1.fastq.gz;ftp.sra.ebi.ac.uk/vol1/fastq/ERR357/001/ERR3573561/ERR3573561_2.fastq.gz,ftp.sra.ebi.ac.uk/vol1/run/ERR357/ERR3573561/WTCHG_457297_237159.bam,,WTCHG_457297_237159,WAN-INF-WIN
ERR3573562,ERZ2272460,SAMEA5989477,PRJEB45055,SEQUENCE_ASSEMBLY,749907,sediment metagenome,ftp.sra.ebi.ac.uk/vol1/ERZ227/ERZ2272460/ERR3573562.fasta.gz,PRJEB34634,ERX3571800,ftp.sra.ebi.ac.uk/vol1/fastq/ERR357/002/ERR3573562/ERR3573562_1.fastq.gz;ftp.sra.ebi.ac.uk/vol1/fastq/ERR357/002/ERR3573562/ERR3573562_2.fastq.gz,ftp.sra.ebi.ac.uk/vol1/run/ERR357/ERR3573562/WTCHG_457298_237159.bam,,WTCHG_457298_237159,WAN-INF-WIN
ERR3573563,ERZ2271581,SAMEA5989477,PRJEB45055,SEQUENCE_ASSEMBLY,749907,sediment metagenome,ftp.sra.ebi.ac.uk/vol1/ERZ227/ERZ2271581/ERR3573563.fasta.gz,PRJEB34634,ERX3571801,ftp.sra.ebi.ac.uk/vol1/fastq/ERR357/003/ERR3573563/ERR3573563_1.fastq.gz;ftp.sra.ebi.ac.uk/vol1/fastq/ERR357/003/ERR3573563/ERR3573563_2.fastq.gz,ftp.sra.ebi.ac.uk/vol1/run/ERR357/ERR3573563/WTCHG_457710_237159.bam,,WTCHG_457710_237159,WAN-INF-WIN
ERR3573564,ERZ2272467,SAMEA5989477,PRJEB45055,SEQUENCE_ASSEMBLY,749907,sediment metagenome,ftp.sra.ebi.ac.uk/vol1/ERZ227/ERZ2272467/ERR3573564.fasta.gz,PRJEB34634,ERX3571802,ftp.sra.ebi.ac.uk/vol1/fastq/ERR357/004/ERR3573564/ERR3573564_1.fastq.gz;ftp.sra.ebi.ac.uk/vol1/fastq/ERR357/004/ERR3573564/ERR3573564_2.fastq.gz,ftp.sra.ebi.ac.uk/vol1/run/ERR357/ERR3573564/WTCHG_457711_237159.bam,,WTCHG_457711_237159,WAN-INF-WIN
ERR3573565,ERZ2272189,SAMEA5989477,PRJEB45055,SEQUENCE_ASSEMBLY,749907,sediment metagenome,ftp.sra.ebi.ac.uk/vol1/ERZ227/ERZ2272189/ERR3573565.fasta.gz,PRJEB34634,ERX3571803,ftp.sra.ebi.ac.uk/vol1/fastq/ERR357/005/ERR3573565/ERR3573565_1.fastq.gz;ftp.sra.ebi.ac.uk/vol1/fastq/ERR357/005/ERR3573565/ERR3573565_2.fastq.gz,ftp.sra.ebi.ac.uk/vol1/run/ERR357/ERR3573565/WTCHG_457712_237159.bam,,WTCHG_457712_237159,WAN-INF-WIN
ERR3573566,ERZ2226770,SAMEA5989477,PRJEB45055,SEQUENCE_ASSEMBLY,749907,sediment metagenome,ftp.sra.ebi.ac.uk/vol1/ERZ222/ERZ2226770/ERR3573566.fasta.gz,PRJEB34634,ERX3571804,ftp.sra.ebi.ac.uk/vol1/fastq/ERR357/006/ERR3573566/ERR3573566_1.fastq.gz;ftp.sra.ebi.ac.uk/vol1/fastq/ERR357/006/ERR3573566/ERR3573566_2.fastq.gz,ftp.sra.ebi.ac.uk/vol1/run/ERR357/ERR3573566/WTCHG_457713_237159.bam,,WTCHG_457713_237159,WAN-INF-WIN
ERR3573567,ERZ2271466,SAMEA5989477,PRJEB45055,SEQUENCE_ASSEMBLY,749907,sediment metagenome,ftp.sra.ebi.ac.uk/vol1/ERZ227/ERZ2271466/ERR3573567.fasta.gz,PRJEB34634,ERX3571805,ftp.sra.ebi.ac.uk/vol1/fastq/ERR357/007/ERR3573567/ERR3573567_1.fastq.gz;ftp.sra.ebi.ac.uk/vol1/fastq/ERR357/007/ERR3573567/ERR3573567_2.fastq.gz,ftp.sra.ebi.ac.uk/vol1/run/ERR357/ERR3573567/WTCHG_457714_237159.bam,,WTCHG_457714_237159,WAN-INF-WIN
ERR3573568,ERZ2269675,SAMEA5989477,PRJEB45055,SEQUENCE_ASSEMBLY,749907,sediment metagenome,ftp.sra.ebi.ac.uk/vol1/ERZ226/ERZ2269675/ERR3573568.fasta.gz,PRJEB34634,ERX3571806,ftp.sra.ebi.ac.uk/vol1/fastq/ERR357/008/ERR3573568/ERR3573568_1.fastq.gz;ftp.sra.ebi.ac.uk/vol1/fastq/ERR357/008/ERR3573568/ERR3573568_2.fastq.gz,ftp.sra.ebi.ac.uk/vol1/run/ERR357/ERR3573568/WTCHG_461227_237159.bam,,WTCHG_461227_237159,WAN-INF-WIN
ERR3573569,ERZ2272171,SAMEA5989477,PRJEB45055,SEQUENCE_ASSEMBLY,749907,sediment metagenome,ftp.sra.ebi.ac.uk/vol1/ERZ227/ERZ2272171/ERR3573569.fasta.gz,PRJEB34634,ERX3571807,ftp.sra.ebi.ac.uk/vol1/fastq/ERR357/009/ERR3573569/ERR3573569_1.fastq.gz;ftp.sra.ebi.ac.uk/vol1/fastq/ERR357/009/ERR3573569/ERR3573569_2.fastq.gz,ftp.sra.ebi.ac.uk/vol1/run/ERR357/ERR3573569/WTCHG_461228_237159.bam,,WTCHG_461228_237159,WAN-INF-WIN
ERR3573570,ERZ2227223,SAMEA5989477,PRJEB45055,SEQUENCE_ASSEMBLY,749907,sediment metagenome,ftp.sra.ebi.ac.uk/vol1/ERZ222/ERZ2227223/ERR3573570.fasta.gz,PRJEB34634,ERX3571808,ftp.sra.ebi.ac.uk/vol1/fastq/ERR357/000/ERR3573570/ERR3573570_1.fastq.gz;ftp.sra.ebi.ac.uk/vol1/fastq/ERR357/000/ERR3573570/ERR3573570_2.fastq.gz,ftp.sra.ebi.ac.uk/vol1/run/ERR357/ERR3573570/WTCHG_670347_256111.bam,,WTCHG_670347_256111,WAN-UP-100-AUT
ERR3573571,ERZ2270489,SAMEA5989477,PRJEB45055,SEQUENCE_ASSEMBLY,749907,sediment metagenome,ftp.sra.ebi.ac.uk/vol1/ERZ227/ERZ2270489/ERR3573571.fasta.gz,PRJEB34634,ERX3571809,ftp.sra.ebi.ac.uk/vol1/fastq/ERR357/001/ERR3573571/ERR3573571_1.fastq.gz;ftp.sra.ebi.ac.uk/vol1/fastq/ERR357/001/ERR3573571/ERR3573571_2.fastq.gz,ftp.sra.ebi.ac.uk/vol1/run/ERR357/ERR3573571/WTCHG_670344_256111.bam,,WTCHG_670344_256111,WAN-UP-100-AUT
ERR3573572,ERZ2271652,SAMEA5989477,PRJEB45055,SEQUENCE_ASSEMBLY,749907,sediment metagenome,ftp.sra.ebi.ac.uk/vol1/ERZ227/ERZ2271652/ERR3573572.fasta.gz,PRJEB34634,ERX3571810,ftp.sra.ebi.ac.uk/vol1/fastq/ERR357/002/ERR3573572/ERR3573572_1.fastq.gz;ftp.sra.ebi.ac.uk/vol1/fastq/ERR357/002/ERR3573572/ERR3573572_2.fastq.gz,ftp.sra.ebi.ac.uk/vol1/run/ERR357/ERR3573572/WTCHG_670349_256111.bam,,WTCHG_670349_256111,WAN-UP-100-AUT
ERR3573573,ERZ2270842,SAMEA5989477,PRJEB45055,SEQUENCE_ASSEMBLY,749907,sediment metagenome,ftp.sra.ebi.ac.uk/vol1/ERZ227/ERZ2270842/ERR3573573.fasta.gz,PRJEB34634,ERX3571811,ftp.sra.ebi.ac.uk/vol1/fastq/ERR357/003/ERR3573573/ERR3573573_1.fastq.gz;ftp.sra.ebi.ac.uk/vol1/fastq/ERR357/003/ERR3573573/ERR3573573_2.fastq.gz,ftp.sra.ebi.ac.uk/vol1/run/ERR357/ERR3573573/WTCHG_670345_256111.bam,,WTCHG_670345_256111,WAN-UP-100-AUT
ERR3573574,ERZ2271544,SAMEA5989477,PRJEB45055,SEQUENCE_ASSEMBLY,749907,sediment metagenome,ftp.sra.ebi.ac.uk/vol1/ERZ227/ERZ2271544/ERR3573574.fasta.gz,PRJEB34634,ERX3571812,ftp.sra.ebi.ac.uk/vol1/fastq/ERR357/004/ERR3573574/ERR3573574_1.fastq.gz;ftp.sra.ebi.ac.uk/vol1/fastq/ERR357/004/ERR3573574/ERR3573574_2.fastq.gz,ftp.sra.ebi.ac.uk/vol1/run/ERR357/ERR3573574/WTCHG_670348_256111.bam,,WTCHG_670348_256111,WAN-UP-100-AUT
ERR3573575,ERZ2271928,SAMEA5989477,PRJEB45055,SEQUENCE_ASSEMBLY,749907,sediment metagenome,ftp.sra.ebi.ac.uk/vol1/ERZ227/ERZ2271928/ERR3573575.fasta.gz,PRJEB34634,ERX3571813,ftp.sra.ebi.ac.uk/vol1/fastq/ERR357/005/ERR3573575/ERR3573575_1.fastq.gz;ftp.sra.ebi.ac.uk/vol1/fastq/ERR357/005/ERR3573575/ERR3573575_2.fastq.gz,ftp.sra.ebi.ac.uk/vol1/run/ERR357/ERR3573575/WTCHG_670346_256111.bam,,WTCHG_670346_256111,WAN-UP-100-AUT
ERR3573576,ERZ2271845,SAMEA5989477,PRJEB45055,SEQUENCE_ASSEMBLY,749907,sediment metagenome,ftp.sra.ebi.ac.uk/vol1/ERZ227/ERZ2271845/ERR3573576.fasta.gz,PRJEB34634,ERX3571814,ftp.sra.ebi.ac.uk/vol1/fastq/ERR357/006/ERR3573576/ERR3573576_1.fastq.gz;ftp.sra.ebi.ac.uk/vol1/fastq/ERR357/006/ERR3573576/ERR3573576_2.fastq.gz,ftp.sra.ebi.ac.uk/vol1/run/ERR357/ERR3573576/WTCHG_664453_256111.bam,,WTCHG_664453_256111,WAN-UP-100-AUT
ERR3573577,ERZ2272414,SAMEA5989477,PRJEB45055,SEQUENCE_ASSEMBLY,749907,sediment metagenome,ftp.sra.ebi.ac.uk/vol1/ERZ227/ERZ2272414/ERR3573577.fasta.gz,PRJEB34634,ERX3571815,ftp.sra.ebi.ac.uk/vol1/fastq/ERR357/007/ERR3573577/ERR3573577_1.fastq.gz;ftp.sra.ebi.ac.uk/vol1/fastq/ERR357/007/ERR3573577/ERR3573577_2.fastq.gz,ftp.sra.ebi.ac.uk/vol1/run/ERR357/ERR3573577/WTCHG_670344_266181.bam,,WTCHG_670344_266181,WAN-UP-100-SUM
ERR3573578,ERZ2272152,SAMEA5989477,PRJEB45055,SEQUENCE_ASSEMBLY,749907,sediment metagenome,ftp.sra.ebi.ac.uk/vol1/ERZ227/ERZ2272152/ERR3573578.fasta.gz,PRJEB34634,ERX3571816,ftp.sra.ebi.ac.uk/vol1/fastq/ERR357/008/ERR3573578/ERR3573578_1.fastq.gz;ftp.sra.ebi.ac.uk/vol1/fastq/ERR357/008/ERR3573578/ERR3573578_2.fastq.gz,ftp.sra.ebi.ac.uk/vol1/run/ERR357/ERR3573578/WTCHG_670349_266181.bam,,WTCHG_670349_266181,WAN-UP-100-SUM
ERR3573579,ERZ2272610,SAMEA5989477,PRJEB45055,SEQUENCE_ASSEMBLY,749907,sediment metagenome,ftp.sra.ebi.ac.uk/vol1/ERZ227/ERZ2272610/ERR3573579.fasta.gz,PRJEB34634,ERX3571817,ftp.sra.ebi.ac.uk/vol1/fastq/ERR357/009/ERR3573579/ERR3573579_1.fastq.gz;ftp.sra.ebi.ac.uk/vol1/fastq/ERR357/009/ERR3573579/ERR3573579_2.fastq.gz,ftp.sra.ebi.ac.uk/vol1/run/ERR357/ERR3573579/WTCHG_670345_266181.bam,,WTCHG_670345_266181,WAN-UP-100-SUM
ERR3573580,ERZ2272664,SAMEA5989477,PRJEB45055,SEQUENCE_ASSEMBLY,749907,sediment metagenome,ftp.sra.ebi.ac.uk/vol1/ERZ227/ERZ2272664/ERR3573580.fasta.gz,PRJEB34634,ERX3571818,ftp.sra.ebi.ac.uk/vol1/fastq/ERR357/000/ERR3573580/ERR3573580_1.fastq.gz;ftp.sra.ebi.ac.uk/vol1/fastq/ERR357/000/ERR3573580/ERR3573580_2.fastq.gz,ftp.sra.ebi.ac.uk/vol1/run/ERR357/ERR3573580/WTCHG_670346_266181.bam,,WTCHG_670346_266181,WAN-UP-100-SUM
ERR3573581,ERZ2272825,SAMEA5989477,PRJEB45055,SEQUENCE_ASSEMBLY,749907,sediment metagenome,ftp.sra.ebi.ac.uk/vol1/ERZ227/ERZ2272825/ERR3573581.fasta.gz,PRJEB34634,ERX3571819,ftp.sra.ebi.ac.uk/vol1/fastq/ERR357/001/ERR3573581/ERR3573581_1.fastq.gz;ftp.sra.ebi.ac.uk/vol1/fastq/ERR357/001/ERR3573581/ERR3573581_2.fastq.gz,ftp.sra.ebi.ac.uk/vol1/run/ERR357/ERR3573581/WTCHG_670347_266181.bam,,WTCHG_670347_266181,WAN-UP-100-SUM
ERR3573582,ERZ2271800,SAMEA5989477,PRJEB45055,SEQUENCE_ASSEMBLY,749907,sediment metagenome,ftp.sra.ebi.ac.uk/vol1/ERZ227/ERZ2271800/ERR3573582.fasta.gz,PRJEB34634,ERX3571820,ftp.sra.ebi.ac.uk/vol1/fastq/ERR357/002/ERR3573582/ERR3573582_1.fastq.gz;ftp.sra.ebi.ac.uk/vol1/fastq/ERR357/002/ERR3573582/ERR3573582_2.fastq.gz,ftp.sra.ebi.ac.uk/vol1/run/ERR357/ERR3573582/WTCHG_670348_266181.bam,,WTCHG_670348_266181,WAN-UP-100-SUM
ERR3573583,ERZ2272334,SAMEA5989477,PRJEB45055,SEQUENCE_ASSEMBLY,749907,sediment metagenome,ftp.sra.ebi.ac.uk/vol1/ERZ227/ERZ2272334/ERR3573583.fasta.gz,PRJEB34634,ERX3571821,ftp.sra.ebi.ac.uk/vol1/fastq/ERR357/003/ERR3573583/ERR3573583_1.fastq.gz;ftp.sra.ebi.ac.uk/vol1/fastq/ERR357/003/ERR3573583/ERR3573583_2.fastq.gz,ftp.sra.ebi.ac.uk/vol1/run/ERR357/ERR3573583/WTCHG_664453_266181.bam,,WTCHG_664453_266181,WAN-UP-100-SUM
ERR3573584,ERZ2271826,SAMEA5989477,PRJEB45055,SEQUENCE_ASSEMBLY,749907,sediment metagenome,ftp.sra.ebi.ac.uk/vol1/ERZ227/ERZ2271826/ERR3573584.fasta.gz,PRJEB34634,ERX3571822,ftp.sra.ebi.ac.uk/vol1/fastq/ERR357/004/ERR3573584/ERR3573584_1.fastq.gz;ftp.sra.ebi.ac.uk/vol1/fastq/ERR357/004/ERR3573584/ERR3573584_2.fastq.gz,ftp.sra.ebi.ac.uk/vol1/run/ERR357/ERR3573584/WTCHG_670348_261146.bam,,WTCHG_670348_261146,WAN-UP-100-WIN
ERR3573585,ERZ2272639,SAMEA5989477,PRJEB45055,SEQUENCE_ASSEMBLY,749907,sediment metagenome,ftp.sra.ebi.ac.uk/vol1/ERZ227/ERZ2272639/ERR3573585.fasta.gz,PRJEB34634,ERX3571823,ftp.sra.ebi.ac.uk/vol1/fastq/ERR357/005/ERR3573585/ERR3573585_1.fastq.gz;ftp.sra.ebi.ac.uk/vol1/fastq/ERR357/005/ERR3573585/ERR3573585_2.fastq.gz,ftp.sra.ebi.ac.uk/vol1/run/ERR357/ERR3573585/WTCHG_670345_261146.bam,,WTCHG_670345_261146,WAN-UP-100-WIN
ERR3573586,ERZ2270389,SAMEA5989477,PRJEB45055,SEQUENCE_ASSEMBLY,749907,sediment metagenome,ftp.sra.ebi.ac.uk/vol1/ERZ227/ERZ2270389/ERR3573586.fasta.gz,PRJEB34634,ERX3571824,ftp.sra.ebi.ac.uk/vol1/fastq/ERR357/006/ERR3573586/ERR3573586_1.fastq.gz;ftp.sra.ebi.ac.uk/vol1/fastq/ERR357/006/ERR3573586/ERR3573586_2.fastq.gz,ftp.sra.ebi.ac.uk/vol1/run/ERR357/ERR3573586/WTCHG_670349_261146.bam,,WTCHG_670349_261146,WAN-UP-100-WIN
ERR3573587,ERZ2271527,SAMEA5989477,PRJEB45055,SEQUENCE_ASSEMBLY,749907,sediment metagenome,ftp.sra.ebi.ac.uk/vol1/ERZ227/ERZ2271527/ERR3573587.fasta.gz,PRJEB34634,ERX3571825,ftp.sra.ebi.ac.uk/vol1/fastq/ERR357/007/ERR3573587/ERR3573587_1.fastq.gz;ftp.sra.ebi.ac.uk/vol1/fastq/ERR357/007/ERR3573587/ERR3573587_2.fastq.gz,ftp.sra.ebi.ac.uk/vol1/run/ERR357/ERR3573587/WTCHG_670346_261146.bam,,WTCHG_670346_261146,WAN-UP-100-WIN
ERR3573588,ERZ2227420,SAMEA5989477,PRJEB45055,SEQUENCE_ASSEMBLY,749907,sediment metagenome,ftp.sra.ebi.ac.uk/vol1/ERZ222/ERZ2227420/ERR3573588.fasta.gz,PRJEB34634,ERX3571826,ftp.sra.ebi.ac.uk/vol1/fastq/ERR357/008/ERR3573588/ERR3573588_1.fastq.gz;ftp.sra.ebi.ac.uk/vol1/fastq/ERR357/008/ERR3573588/ERR3573588_2.fastq.gz,ftp.sra.ebi.ac.uk/vol1/run/ERR357/ERR3573588/WTCHG_670347_261146.bam,,WTCHG_670347_261146,WAN-UP-100-WIN
ERR3573589,ERZ2270333,SAMEA5989477,PRJEB45055,SEQUENCE_ASSEMBLY,749907,sediment metagenome,ftp.sra.ebi.ac.uk/vol1/ERZ227/ERZ2270333/ERR3573589.fasta.gz,PRJEB34634,ERX3571827,ftp.sra.ebi.ac.uk/vol1/fastq/ERR357/009/ERR3573589/ERR3573589_1.fastq.gz;ftp.sra.ebi.ac.uk/vol1/fastq/ERR357/009/ERR3573589/ERR3573589_2.fastq.gz,ftp.sra.ebi.ac.uk/vol1/run/ERR357/ERR3573589/WTCHG_670344_261146.bam,,WTCHG_670344_261146,WAN-UP-100-WIN
ERR3573590,ERZ2272697,SAMEA5989477,PRJEB45055,SEQUENCE_ASSEMBLY,749907,sediment metagenome,ftp.sra.ebi.ac.uk/vol1/ERZ227/ERZ2272697/ERR3573590.fasta.gz,PRJEB34634,ERX3571828,ftp.sra.ebi.ac.uk/vol1/fastq/ERR357/000/ERR3573590/ERR3573590_1.fastq.gz;ftp.sra.ebi.ac.uk/vol1/fastq/ERR357/000/ERR3573590/ERR3573590_2.fastq.gz,ftp.sra.ebi.ac.uk/vol1/run/ERR357/ERR3573590/WTCHG_664453_261146.bam,,WTCHG_664453_261146,WAN-UP-100-WIN
ERR3573591,ERZ2271541,SAMEA5989477,PRJEB45055,SEQUENCE_ASSEMBLY,749907,sediment metagenome,ftp.sra.ebi.ac.uk/vol1/ERZ227/ERZ2271541/ERR3573591.fasta.gz,PRJEB34634,ERX3571829,ftp.sra.ebi.ac.uk/vol1/fastq/ERR357/001/ERR3573591/ERR3573591_1.fastq.gz;ftp.sra.ebi.ac.uk/vol1/fastq/ERR357/001/ERR3573591/ERR3573591_2.fastq.gz,ftp.sra.ebi.ac.uk/vol1/run/ERR357/ERR3573591/WTCHG_550636_293153.bam,,WTCHG_550636_293153,WAT-DW-100-AUT
ERR3573592,ERZ2272686,SAMEA5989477,PRJEB45055,SEQUENCE_ASSEMBLY,749907,sediment metagenome,ftp.sra.ebi.ac.uk/vol1/ERZ227/ERZ2272686/ERR3573592.fasta.gz,PRJEB34634,ERX3571830,ftp.sra.ebi.ac.uk/vol1/fastq/ERR357/002/ERR3573592/ERR3573592_1.fastq.gz;ftp.sra.ebi.ac.uk/vol1/fastq/ERR357/002/ERR3573592/ERR3573592_2.fastq.gz,ftp.sra.ebi.ac.uk/vol1/run/ERR357/ERR3573592/WTCHG_551514_293153.bam,,WTCHG_551514_293153,WAT-DW-100-AUT
ERR3573593,ERZ2272381,SAMEA5989477,PRJEB45055,SEQUENCE_ASSEMBLY,749907,sediment metagenome,ftp.sra.ebi.ac.uk/vol1/ERZ227/ERZ2272381/ERR3573593.fasta.gz,PRJEB34634,ERX3571831,ftp.sra.ebi.ac.uk/vol1/fastq/ERR357/003/ERR3573593/ERR3573593_1.fastq.gz;ftp.sra.ebi.ac.uk/vol1/fastq/ERR357/003/ERR3573593/ERR3573593_2.fastq.gz,ftp.sra.ebi.ac.uk/vol1/run/ERR357/ERR3573593/WTCHG_551515_293153.bam,,WTCHG_551515_293153,WAT-DW-100-AUT
ERR3573594,ERZ2271904,SAMEA5989477,PRJEB45055,SEQUENCE_ASSEMBLY,749907,sediment metagenome,ftp.sra.ebi.ac.uk/vol1/ERZ227/ERZ2271904/ERR3573594.fasta.gz,PRJEB34634,ERX3571832,ftp.sra.ebi.ac.uk/vol1/fastq/ERR357/004/ERR3573594/ERR3573594_1.fastq.gz;ftp.sra.ebi.ac.uk/vol1/fastq/ERR357/004/ERR3573594/ERR3573594_2.fastq.gz,ftp.sra.ebi.ac.uk/vol1/run/ERR357/ERR3573594/WTCHG_554367_293153.bam,,WTCHG_554367_293153,WAT-DW-100-AUT
ERR3573595,ERZ2272205,SAMEA5989477,PRJEB45055,SEQUENCE_ASSEMBLY,749907,sediment metagenome,ftp.sra.ebi.ac.uk/vol1/ERZ227/ERZ2272205/ERR3573595.fasta.gz,PRJEB34634,ERX3571833,ftp.sra.ebi.ac.uk/vol1/fastq/ERR357/005/ERR3573595/ERR3573595_1.fastq.gz;ftp.sra.ebi.ac.uk/vol1/fastq/ERR357/005/ERR3573595/ERR3573595_2.fastq.gz,ftp.sra.ebi.ac.uk/vol1/run/ERR357/ERR3573595/WTCHG_554366_293153.bam,,WTCHG_554366_293153,WAT-DW-100-AUT
ERR3573596,ERZ2272600,SAMEA5989477,PRJEB45055,SEQUENCE_ASSEMBLY,749907,sediment metagenome,ftp.sra.ebi.ac.uk/vol1/ERZ227/ERZ2272600/ERR3573596.fasta.gz,PRJEB34634,ERX3571834,ftp.sra.ebi.ac.uk/vol1/fastq/ERR357/006/ERR3573596/ERR3573596_1.fastq.gz;ftp.sra.ebi.ac.uk/vol1/fastq/ERR357/006/ERR3573596/ERR3573596_2.fastq.gz,ftp.sra.ebi.ac.uk/vol1/run/ERR357/ERR3573596/WTCHG_555214_293153.bam,,WTCHG_555214_293153,WAT-DW-100-AUT
ERR3573597,ERZ2270834,SAMEA5989477,PRJEB45055,SEQUENCE_ASSEMBLY,749907,sediment metagenome,ftp.sra.ebi.ac.uk/vol1/ERZ227/ERZ2270834/ERR3573597.fasta.gz,PRJEB34634,ERX3571835,ftp.sra.ebi.ac.uk/vol1/fastq/ERR357/007/ERR3573597/ERR3573597_1.fastq.gz;ftp.sra.ebi.ac.uk/vol1/fastq/ERR357/007/ERR3573597/ERR3573597_2.fastq.gz,ftp.sra.ebi.ac.uk/vol1/run/ERR357/ERR3573597/WTCHG_555216_293153.bam,,WTCHG_555216_293153,WAT-DW-100-AUT
ERR3573598,ERZ2272769,SAMEA5989477,PRJEB45055,SEQUENCE_ASSEMBLY,749907,sediment metagenome,ftp.sra.ebi.ac.uk/vol1/ERZ227/ERZ2272769/ERR3573598.fasta.gz,PRJEB34634,ERX3571836,ftp.sra.ebi.ac.uk/vol1/fastq/ERR357/008/ERR3573598/ERR3573598_1.fastq.gz;ftp.sra.ebi.ac.uk/vol1/fastq/ERR357/008/ERR3573598/ERR3573598_2.fastq.gz,ftp.sra.ebi.ac.uk/vol1/run/ERR357/ERR3573598/WTCHG_555215_293153.bam,,WTCHG_555215_293153,WAT-DW-100-AUT
ERR3573599,ERZ2272754,SAMEA5989477,PRJEB45055,SEQUENCE_ASSEMBLY,749907,sediment metagenome,ftp.sra.ebi.ac.uk/vol1/ERZ227/ERZ2272754/ERR3573599.fasta.gz,PRJEB34634,ERX3571837,ftp.sra.ebi.ac.uk/vol1/fastq/ERR357/009/ERR3573599/ERR3573599_1.fastq.gz;ftp.sra.ebi.ac.uk/vol1/fastq/ERR357/009/ERR3573599/ERR3573599_2.fastq.gz,ftp.sra.ebi.ac.uk/vol1/run/ERR357/ERR3573599/WTCHG_555221_293153.bam,,WTCHG_555221_293153,WAT-DW-100-AUT
ERR3573600,ERZ2272531,SAMEA5989477,PRJEB45055,SEQUENCE_ASSEMBLY,749907,sediment metagenome,ftp.sra.ebi.ac.uk/vol1/ERZ227/ERZ2272531/ERR3573600.fasta.gz,PRJEB34634,ERX3571838,ftp.sra.ebi.ac.uk/vol1/fastq/ERR357/000/ERR3573600/ERR3573600_1.fastq.gz;ftp.sra.ebi.ac.uk/vol1/fastq/ERR357/000/ERR3573600/ERR3573600_2.fastq.gz,ftp.sra.ebi.ac.uk/vol1/run/ERR357/ERR3573600/WTCHG_555218_293153.bam,,WTCHG_555218_293153,WAT-DW-100-AUT
ERR3573601,ERZ2272677,SAMEA5989477,PRJEB45055,SEQUENCE_ASSEMBLY,749907,sediment metagenome,ftp.sra.ebi.ac.uk/vol1/ERZ227/ERZ2272677/ERR3573601.fasta.gz,PRJEB34634,ERX3571839,ftp.sra.ebi.ac.uk/vol1/fastq/ERR357/001/ERR3573601/ERR3573601_1.fastq.gz;ftp.sra.ebi.ac.uk/vol1/fastq/ERR357/001/ERR3573601/ERR3573601_2.fastq.gz,ftp.sra.ebi.ac.uk/vol1/run/ERR357/ERR3573601/WTCHG_555220_293153.bam,,WTCHG_555220_293153,WAT-DW-100-AUT
ERR3573602,ERZ2270623,SAMEA5989477,PRJEB45055,SEQUENCE_ASSEMBLY,749907,sediment metagenome,ftp.sra.ebi.ac.uk/vol1/ERZ227/ERZ2270623/ERR3573602.fasta.gz,PRJEB34634,ERX3571840,ftp.sra.ebi.ac.uk/vol1/fastq/ERR357/002/ERR3573602/ERR3573602_1.fastq.gz;ftp.sra.ebi.ac.uk/vol1/fastq/ERR357/002/ERR3573602/ERR3573602_2.fastq.gz,ftp.sra.ebi.ac.uk/vol1/run/ERR357/ERR3573602/WTCHG_555219_293153.bam,,WTCHG_555219_293153,WAT-DW-100-AUT
ERR3573603,ERZ2270536,SAMEA5989477,PRJEB45055,SEQUENCE_ASSEMBLY,749907,sediment metagenome,ftp.sra.ebi.ac.uk/vol1/ERZ227/ERZ2270536/ERR3573603.fasta.gz,PRJEB34634,ERX3571841,ftp.sra.ebi.ac.uk/vol1/fastq/ERR357/003/ERR3573603/ERR3573603_1.fastq.gz;ftp.sra.ebi.ac.uk/vol1/fastq/ERR357/003/ERR3573603/ERR3573603_2.fastq.gz,ftp.sra.ebi.ac.uk/vol1/run/ERR357/ERR3573603/WTCHG_555217_293153.bam,,WTCHG_555217_293153,WAT-DW-100-AUT
ERR3573604,ERZ2271778,SAMEA5989477,PRJEB45055,SEQUENCE_ASSEMBLY,749907,sediment metagenome,ftp.sra.ebi.ac.uk/vol1/ERZ227/ERZ2271778/ERR3573604.fasta.gz,PRJEB34634,ERX3571842,ftp.sra.ebi.ac.uk/vol1/fastq/ERR357/004/ERR3573604/ERR3573604_1.fastq.gz;ftp.sra.ebi.ac.uk/vol1/fastq/ERR357/004/ERR3573604/ERR3573604_2.fastq.gz,ftp.sra.ebi.ac.uk/vol1/run/ERR357/ERR3573604/WTCHG_559243_293153.bam,,WTCHG_559243_293153,WAT-DW-100-AUT
ERR3573605,ERZ2272149,SAMEA5989477,PRJEB45055,SEQUENCE_ASSEMBLY,749907,sediment metagenome,ftp.sra.ebi.ac.uk/vol1/ERZ227/ERZ2272149/ERR3573605.fasta.gz,PRJEB34634,ERX3571843,ftp.sra.ebi.ac.uk/vol1/fastq/ERR357/005/ERR3573605/ERR3573605_1.fastq.gz;ftp.sra.ebi.ac.uk/vol1/fastq/ERR357/005/ERR3573605/ERR3573605_2.fastq.gz,ftp.sra.ebi.ac.uk/vol1/run/ERR357/ERR3573605/WTCHG_559240_293153.bam,,WTCHG_559240_293153,WAT-DW-100-AUT
ERR3573606,ERZ2227462,SAMEA5989477,PRJEB45055,SEQUENCE_ASSEMBLY,749907,sediment metagenome,ftp.sra.ebi.ac.uk/vol1/ERZ222/ERZ2227462/ERR3573606.fasta.gz,PRJEB34634,ERX3571844,ftp.sra.ebi.ac.uk/vol1/fastq/ERR357/006/ERR3573606/ERR3573606_1.fastq.gz;ftp.sra.ebi.ac.uk/vol1/fastq/ERR357/006/ERR3573606/ERR3573606_2.fastq.gz,ftp.sra.ebi.ac.uk/vol1/run/ERR357/ERR3573606/WTCHG_559244_293153.bam,,WTCHG_559244_293153,WAT-DW-100-AUT
ERR3573607,ERZ2271725,SAMEA5989477,PRJEB45055,SEQUENCE_ASSEMBLY,749907,sediment metagenome,ftp.sra.ebi.ac.uk/vol1/ERZ227/ERZ2271725/ERR3573607.fasta.gz,PRJEB34634,ERX3571845,ftp.sra.ebi.ac.uk/vol1/fastq/ERR357/007/ERR3573607/ERR3573607_1.fastq.gz;ftp.sra.ebi.ac.uk/vol1/fastq/ERR357/007/ERR3573607/ERR3573607_2.fastq.gz,ftp.sra.ebi.ac.uk/vol1/run/ERR357/ERR3573607/WTCHG_559242_293153.bam,,WTCHG_559242_293153,WAT-DW-100-AUT
ERR3573608,ERZ2272136,SAMEA5989477,PRJEB45055,SEQUENCE_ASSEMBLY,749907,sediment metagenome,ftp.sra.ebi.ac.uk/vol1/ERZ227/ERZ2272136/ERR3573608.fasta.gz,PRJEB34634,ERX3571846,ftp.sra.ebi.ac.uk/vol1/fastq/ERR357/008/ERR3573608/ERR3573608_1.fastq.gz;ftp.sra.ebi.ac.uk/vol1/fastq/ERR357/008/ERR3573608/ERR3573608_2.fastq.gz,ftp.sra.ebi.ac.uk/vol1/run/ERR357/ERR3573608/WTCHG_559241_293153.bam,,WTCHG_559241_293153,WAT-DW-100-AUT
ERR3573609,ERZ2271989,SAMEA5989477,PRJEB45055,SEQUENCE_ASSEMBLY,749907,sediment metagenome,ftp.sra.ebi.ac.uk/vol1/ERZ227/ERZ2271989/ERR3573609.fasta.gz,PRJEB34634,ERX3571847,ftp.sra.ebi.ac.uk/vol1/fastq/ERR357/009/ERR3573609/ERR3573609_1.fastq.gz;ftp.sra.ebi.ac.uk/vol1/fastq/ERR357/009/ERR3573609/ERR3573609_2.fastq.gz,ftp.sra.ebi.ac.uk/vol1/run/ERR357/ERR3573609/WTCHG_550636_288188.bam,,WTCHG_550636_288188,WAT-DW-100-SUM
ERR3573610,ERZ2272321,SAMEA5989477,PRJEB45055,SEQUENCE_ASSEMBLY,749907,sediment metagenome,ftp.sra.ebi.ac.uk/vol1/ERZ227/ERZ2272321/ERR3573610.fasta.gz,PRJEB34634,ERX3571848,ftp.sra.ebi.ac.uk/vol1/fastq/ERR357/000/ERR3573610/ERR3573610_1.fastq.gz;ftp.sra.ebi.ac.uk/vol1/fastq/ERR357/000/ERR3573610/ERR3573610_2.fastq.gz,ftp.sra.ebi.ac.uk/vol1/run/ERR357/ERR3573610/WTCHG_551514_288188.bam,,WTCHG_551514_288188,WAT-DW-100-SUM
ERR3573611,ERZ2272764,SAMEA5989477,PRJEB45055,SEQUENCE_ASSEMBLY,749907,sediment metagenome,ftp.sra.ebi.ac.uk/vol1/ERZ227/ERZ2272764/ERR3573611.fasta.gz,PRJEB34634,ERX3571849,ftp.sra.ebi.ac.uk/vol1/fastq/ERR357/001/ERR3573611/ERR3573611_1.fastq.gz;ftp.sra.ebi.ac.uk/vol1/fastq/ERR357/001/ERR3573611/ERR3573611_2.fastq.gz,ftp.sra.ebi.ac.uk/vol1/run/ERR357/ERR3573611/WTCHG_551515_288188.bam,,WTCHG_551515_288188,WAT-DW-100-SUM
ERR3573612,ERZ2272660,SAMEA5989477,PRJEB45055,SEQUENCE_ASSEMBLY,749907,sediment metagenome,ftp.sra.ebi.ac.uk/vol1/ERZ227/ERZ2272660/ERR3573612.fasta.gz,PRJEB34634,ERX3571850,ftp.sra.ebi.ac.uk/vol1/fastq/ERR357/002/ERR3573612/ERR3573612_1.fastq.gz;ftp.sra.ebi.ac.uk/vol1/fastq/ERR357/002/ERR3573612/ERR3573612_2.fastq.gz,ftp.sra.ebi.ac.uk/vol1/run/ERR357/ERR3573612/WTCHG_554366_288188.bam,,WTCHG_554366_288188,WAT-DW-100-SUM
ERR3573613,ERZ2270564,SAMEA5989477,PRJEB45055,SEQUENCE_ASSEMBLY,749907,sediment metagenome,ftp.sra.ebi.ac.uk/vol1/ERZ227/ERZ2270564/ERR3573613.fasta.gz,PRJEB34634,ERX3571851,ftp.sra.ebi.ac.uk/vol1/fastq/ERR357/003/ERR3573613/ERR3573613_1.fastq.gz;ftp.sra.ebi.ac.uk/vol1/fastq/ERR357/003/ERR3573613/ERR3573613_2.fastq.gz,ftp.sra.ebi.ac.uk/vol1/run/ERR357/ERR3573613/WTCHG_554367_288188.bam,,WTCHG_554367_288188,WAT-DW-100-SUM
ERR3573614,ERZ2271772,SAMEA5989477,PRJEB45055,SEQUENCE_ASSEMBLY,749907,sediment metagenome,ftp.sra.ebi.ac.uk/vol1/ERZ227/ERZ2271772/ERR3573614.fasta.gz,PRJEB34634,ERX3571852,ftp.sra.ebi.ac.uk/vol1/fastq/ERR357/004/ERR3573614/ERR3573614_1.fastq.gz;ftp.sra.ebi.ac.uk/vol1/fastq/ERR357/004/ERR3573614/ERR3573614_2.fastq.gz,ftp.sra.ebi.ac.uk/vol1/run/ERR357/ERR3573614/WTCHG_555217_288188.bam,,WTCHG_555217_288188,WAT-DW-100-SUM
ERR3573615,ERZ2271685,SAMEA5989477,PRJEB45055,SEQUENCE_ASSEMBLY,749907,sediment metagenome,ftp.sra.ebi.ac.uk/vol1/ERZ227/ERZ2271685/ERR3573615.fasta.gz,PRJEB34634,ERX3571853,ftp.sra.ebi.ac.uk/vol1/fastq/ERR357/005/ERR3573615/ERR3573615_1.fastq.gz;ftp.sra.ebi.ac.uk/vol1/fastq/ERR357/005/ERR3573615/ERR3573615_2.fastq.gz,ftp.sra.ebi.ac.uk/vol1/run/ERR357/ERR3573615/WTCHG_555218_288188.bam,,WTCHG_555218_288188,WAT-DW-100-SUM
ERR3573616,ERZ2227084,SAMEA5989477,PRJEB45055,SEQUENCE_ASSEMBLY,749907,sediment metagenome,ftp.sra.ebi.ac.uk/vol1/ERZ222/ERZ2227084/ERR3573616.fasta.gz,PRJEB34634,ERX3571854,ftp.sra.ebi.ac.uk/vol1/fastq/ERR357/006/ERR3573616/ERR3573616_1.fastq.gz;ftp.sra.ebi.ac.uk/vol1/fastq/ERR357/006/ERR3573616/ERR3573616_2.fastq.gz,ftp.sra.ebi.ac.uk/vol1/run/ERR357/ERR3573616/WTCHG_555215_288188.bam,,WTCHG_555215_288188,WAT-DW-100-SUM
ERR3573617,ERZ2272096,SAMEA5989477,PRJEB45055,SEQUENCE_ASSEMBLY,749907,sediment metagenome,ftp.sra.ebi.ac.uk/vol1/ERZ227/ERZ2272096/ERR3573617.fasta.gz,PRJEB34634,ERX3571855,ftp.sra.ebi.ac.uk/vol1/fastq/ERR357/007/ERR3573617/ERR3573617_1.fastq.gz;ftp.sra.ebi.ac.uk/vol1/fastq/ERR357/007/ERR3573617/ERR3573617_2.fastq.gz,ftp.sra.ebi.ac.uk/vol1/run/ERR357/ERR3573617/WTCHG_555219_288188.bam,,WTCHG_555219_288188,WAT-DW-100-SUM
ERR3573618,ERZ2272076,SAMEA5989477,PRJEB45055,SEQUENCE_ASSEMBLY,749907,sediment metagenome,ftp.sra.ebi.ac.uk/vol1/ERZ227/ERZ2272076/ERR3573618.fasta.gz,PRJEB34634,ERX3571856,ftp.sra.ebi.ac.uk/vol1/fastq/ERR357/008/ERR3573618/ERR3573618_1.fastq.gz;ftp.sra.ebi.ac.uk/vol1/fastq/ERR357/008/ERR3573618/ERR3573618_2.fastq.gz,ftp.sra.ebi.ac.uk/vol1/run/ERR357/ERR3573618/WTCHG_555216_288188.bam,,WTCHG_555216_288188,WAT-DW-100-SUM
ERR3573619,ERZ2272147,SAMEA5989477,PRJEB45055,SEQUENCE_ASSEMBLY,749907,sediment metagenome,ftp.sra.ebi.ac.uk/vol1/ERZ227/ERZ2272147/ERR3573619.fasta.gz,PRJEB34634,ERX3571857,ftp.sra.ebi.ac.uk/vol1/fastq/ERR357/009/ERR3573619/ERR3573619_1.fastq.gz;ftp.sra.ebi.ac.uk/vol1/fastq/ERR357/009/ERR3573619/ERR3573619_2.fastq.gz,ftp.sra.ebi.ac.uk/vol1/run/ERR357/ERR3573619/WTCHG_555220_288188.bam,,WTCHG_555220_288188,WAT-DW-100-SUM
ERR3573620,ERZ2271361,SAMEA5989477,PRJEB45055,SEQUENCE_ASSEMBLY,749907,sediment metagenome,ftp.sra.ebi.ac.uk/vol1/ERZ227/ERZ2271361/ERR3573620.fasta.gz,PRJEB34634,ERX3571858,ftp.sra.ebi.ac.uk/vol1/fastq/ERR357/000/ERR3573620/ERR3573620_1.fastq.gz;ftp.sra.ebi.ac.uk/vol1/fastq/ERR357/000/ERR3573620/ERR3573620_2.fastq.gz,ftp.sra.ebi.ac.uk/vol1/run/ERR357/ERR3573620/WTCHG_555214_288188.bam,,WTCHG_555214_288188,WAT-DW-100-SUM
ERR3573621,ERZ2272256,SAMEA5989477,PRJEB45055,SEQUENCE_ASSEMBLY,749907,sediment metagenome,ftp.sra.ebi.ac.uk/vol1/ERZ227/ERZ2272256/ERR3573621.fasta.gz,PRJEB34634,ERX3571859,ftp.sra.ebi.ac.uk/vol1/fastq/ERR357/001/ERR3573621/ERR3573621_1.fastq.gz;ftp.sra.ebi.ac.uk/vol1/fastq/ERR357/001/ERR3573621/ERR3573621_2.fastq.gz,ftp.sra.ebi.ac.uk/vol1/run/ERR357/ERR3573621/WTCHG_555221_288188.bam,,WTCHG_555221_288188,WAT-DW-100-SUM
ERR3573622,ERZ2272239,SAMEA5989477,PRJEB45055,SEQUENCE_ASSEMBLY,749907,sediment metagenome,ftp.sra.ebi.ac.uk/vol1/ERZ227/ERZ2272239/ERR3573622.fasta.gz,PRJEB34634,ERX3571860,ftp.sra.ebi.ac.uk/vol1/fastq/ERR357/002/ERR3573622/ERR3573622_1.fastq.gz;ftp.sra.ebi.ac.uk/vol1/fastq/ERR357/002/ERR3573622/ERR3573622_2.fastq.gz,ftp.sra.ebi.ac.uk/vol1/run/ERR357/ERR3573622/WTCHG_559242_288188.bam,,WTCHG_559242_288188,WAT-DW-100-SUM
ERR3573623,ERZ2272371,SAMEA5989477,PRJEB45055,SEQUENCE_ASSEMBLY,749907,sediment metagenome,ftp.sra.ebi.ac.uk/vol1/ERZ227/ERZ2272371/ERR3573623.fasta.gz,PRJEB34634,ERX3571861,ftp.sra.ebi.ac.uk/vol1/fastq/ERR357/003/ERR3573623/ERR3573623_1.fastq.gz;ftp.sra.ebi.ac.uk/vol1/fastq/ERR357/003/ERR3573623/ERR3573623_2.fastq.gz,ftp.sra.ebi.ac.uk/vol1/run/ERR357/ERR3573623/WTCHG_559243_288188.bam,,WTCHG_559243_288188,WAT-DW-100-SUM
ERR3573624,ERZ2271261,SAMEA5989477,PRJEB45055,SEQUENCE_ASSEMBLY,749907,sediment metagenome,ftp.sra.ebi.ac.uk/vol1/ERZ227/ERZ2271261/ERR3573624.fasta.gz,PRJEB34634,ERX3571862,ftp.sra.ebi.ac.uk/vol1/fastq/ERR357/004/ERR3573624/ERR3573624_1.fastq.gz;ftp.sra.ebi.ac.uk/vol1/fastq/ERR357/004/ERR3573624/ERR3573624_2.fastq.gz,ftp.sra.ebi.ac.uk/vol1/run/ERR357/ERR3573624/WTCHG_559244_288188.bam,,WTCHG_559244_288188,WAT-DW-100-SUM
ERR3573625,ERZ2271515,SAMEA5989477,PRJEB45055,SEQUENCE_ASSEMBLY,749907,sediment metagenome,ftp.sra.ebi.ac.uk/vol1/ERZ227/ERZ2271515/ERR3573625.fasta.gz,PRJEB34634,ERX3571863,ftp.sra.ebi.ac.uk/vol1/fastq/ERR357/005/ERR3573625/ERR3573625_1.fastq.gz;ftp.sra.ebi.ac.uk/vol1/fastq/ERR357/005/ERR3573625/ERR3573625_2.fastq.gz,ftp.sra.ebi.ac.uk/vol1/run/ERR357/ERR3573625/WTCHG_559241_288188.bam,,WTCHG_559241_288188,WAT-DW-100-SUM
ERR3573626,ERZ2271799,SAMEA5989477,PRJEB45055,SEQUENCE_ASSEMBLY,749907,sediment metagenome,ftp.sra.ebi.ac.uk/vol1/ERZ227/ERZ2271799/ERR3573626.fasta.gz,PRJEB34634,ERX3571864,ftp.sra.ebi.ac.uk/vol1/fastq/ERR357/006/ERR3573626/ERR3573626_1.fastq.gz;ftp.sra.ebi.ac.uk/vol1/fastq/ERR357/006/ERR3573626/ERR3573626_2.fastq.gz,ftp.sra.ebi.ac.uk/vol1/run/ERR357/ERR3573626/WTCHG_559240_288188.bam,,WTCHG_559240_288188,WAT-DW-100-SUM
ERR3573627,ERZ2271820,SAMEA5989477,PRJEB45055,SEQUENCE_ASSEMBLY,749907,sediment metagenome,ftp.sra.ebi.ac.uk/vol1/ERZ227/ERZ2271820/ERR3573627.fasta.gz,PRJEB34634,ERX3571865,ftp.sra.ebi.ac.uk/vol1/fastq/ERR357/007/ERR3573627/ERR3573627_1.fastq.gz;ftp.sra.ebi.ac.uk/vol1/fastq/ERR357/007/ERR3573627/ERR3573627_2.fastq.gz,ftp.sra.ebi.ac.uk/vol1/run/ERR357/ERR3573627/WTCHG_550636_202118.bam,,WTCHG_550636_202118,WAT-DW-100-WIN
ERR3573628,ERZ2271737,SAMEA5989477,PRJEB45055,SEQUENCE_ASSEMBLY,749907,sediment metagenome,ftp.sra.ebi.ac.uk/vol1/ERZ227/ERZ2271737/ERR3573628.fasta.gz,PRJEB34634,ERX3571866,ftp.sra.ebi.ac.uk/vol1/fastq/ERR357/008/ERR3573628/ERR3573628_1.fastq.gz;ftp.sra.ebi.ac.uk/vol1/fastq/ERR357/008/ERR3573628/ERR3573628_2.fastq.gz,ftp.sra.ebi.ac.uk/vol1/run/ERR357/ERR3573628/WTCHG_551514_202118.bam,,WTCHG_551514_202118,WAT-DW-100-WIN
ERR3573629,ERZ2271777,SAMEA5989477,PRJEB45055,SEQUENCE_ASSEMBLY,749907,sediment metagenome,ftp.sra.ebi.ac.uk/vol1/ERZ227/ERZ2271777/ERR3573629.fasta.gz,PRJEB34634,ERX3571867,ftp.sra.ebi.ac.uk/vol1/fastq/ERR357/009/ERR3573629/ERR3573629_1.fastq.gz;ftp.sra.ebi.ac.uk/vol1/fastq/ERR357/009/ERR3573629/ERR3573629_2.fastq.gz,ftp.sra.ebi.ac.uk/vol1/run/ERR357/ERR3573629/WTCHG_551515_202118.bam,,WTCHG_551515_202118,WAT-DW-100-WIN
ERR3573630,ERZ2271982,SAMEA5989477,PRJEB45055,SEQUENCE_ASSEMBLY,749907,sediment metagenome,ftp.sra.ebi.ac.uk/vol1/ERZ227/ERZ2271982/ERR3573630.fasta.gz,PRJEB34634,ERX3571868,ftp.sra.ebi.ac.uk/vol1/fastq/ERR357/000/ERR3573630/ERR3573630_1.fastq.gz;ftp.sra.ebi.ac.uk/vol1/fastq/ERR357/000/ERR3573630/ERR3573630_2.fastq.gz,ftp.sra.ebi.ac.uk/vol1/run/ERR357/ERR3573630/WTCHG_554367_202118.bam,,WTCHG_554367_202118,WAT-DW-100-WIN
ERR3573631,ERZ2271741,SAMEA5989477,PRJEB45055,SEQUENCE_ASSEMBLY,749907,sediment metagenome,ftp.sra.ebi.ac.uk/vol1/ERZ227/ERZ2271741/ERR3573631.fasta.gz,PRJEB34634,ERX3571869,ftp.sra.ebi.ac.uk/vol1/fastq/ERR357/001/ERR3573631/ERR3573631_1.fastq.gz;ftp.sra.ebi.ac.uk/vol1/fastq/ERR357/001/ERR3573631/ERR3573631_2.fastq.gz,ftp.sra.ebi.ac.uk/vol1/run/ERR357/ERR3573631/WTCHG_554366_202118.bam,,WTCHG_554366_202118,WAT-DW-100-WIN
ERR3573632,ERZ2271241,SAMEA5989477,PRJEB45055,SEQUENCE_ASSEMBLY,749907,sediment metagenome,ftp.sra.ebi.ac.uk/vol1/ERZ227/ERZ2271241/ERR3573632.fasta.gz,PRJEB34634,ERX3571870,ftp.sra.ebi.ac.uk/vol1/fastq/ERR357/002/ERR3573632/ERR3573632_1.fastq.gz;ftp.sra.ebi.ac.uk/vol1/fastq/ERR357/002/ERR3573632/ERR3573632_2.fastq.gz,ftp.sra.ebi.ac.uk/vol1/run/ERR357/ERR3573632/WTCHG_555214_202118.bam,,WTCHG_555214_202118,WAT-DW-100-WIN
ERR3573633,ERZ2271410,SAMEA5989477,PRJEB45055,SEQUENCE_ASSEMBLY,749907,sediment metagenome,ftp.sra.ebi.ac.uk/vol1/ERZ227/ERZ2271410/ERR3573633.fasta.gz,PRJEB34634,ERX3571871,ftp.sra.ebi.ac.uk/vol1/fastq/ERR357/003/ERR3573633/ERR3573633_1.fastq.gz;ftp.sra.ebi.ac.uk/vol1/fastq/ERR357/003/ERR3573633/ERR3573633_2.fastq.gz,ftp.sra.ebi.ac.uk/vol1/run/ERR357/ERR3573633/WTCHG_555219_202118.bam,,WTCHG_555219_202118,WAT-DW-100-WIN
ERR3573634,ERZ2272706,SAMEA5989477,PRJEB45055,SEQUENCE_ASSEMBLY,749907,sediment metagenome,ftp.sra.ebi.ac.uk/vol1/ERZ227/ERZ2272706/ERR3573634.fasta.gz,PRJEB34634,ERX3571872,ftp.sra.ebi.ac.uk/vol1/fastq/ERR357/004/ERR3573634/ERR3573634_1.fastq.gz;ftp.sra.ebi.ac.uk/vol1/fastq/ERR357/004/ERR3573634/ERR3573634_2.fastq.gz,ftp.sra.ebi.ac.uk/vol1/run/ERR357/ERR3573634/WTCHG_555220_202118.bam,,WTCHG_555220_202118,WAT-DW-100-WIN
ERR3573635,ERZ2272791,SAMEA5989477,PRJEB45055,SEQUENCE_ASSEMBLY,749907,sediment metagenome,ftp.sra.ebi.ac.uk/vol1/ERZ227/ERZ2272791/ERR3573635.fasta.gz,PRJEB34634,ERX3571873,ftp.sra.ebi.ac.uk/vol1/fastq/ERR357/005/ERR3573635/ERR3573635_1.fastq.gz;ftp.sra.ebi.ac.uk/vol1/fastq/ERR357/005/ERR3573635/ERR3573635_2.fastq.gz,ftp.sra.ebi.ac.uk/vol1/run/ERR357/ERR3573635/WTCHG_555216_202118.bam,,WTCHG_555216_202118,WAT-DW-100-WIN
ERR3573636,ERZ2271857,SAMEA5989477,PRJEB45055,SEQUENCE_ASSEMBLY,749907,sediment metagenome,ftp.sra.ebi.ac.uk/vol1/ERZ227/ERZ2271857/ERR3573636.fasta.gz,PRJEB34634,ERX3571874,ftp.sra.ebi.ac.uk/vol1/fastq/ERR357/006/ERR3573636/ERR3573636_1.fastq.gz;ftp.sra.ebi.ac.uk/vol1/fastq/ERR357/006/ERR3573636/ERR3573636_2.fastq.gz,ftp.sra.ebi.ac.uk/vol1/run/ERR357/ERR3573636/WTCHG_555215_202118.bam,,WTCHG_555215_202118,WAT-DW-100-WIN
ERR3573637,ERZ2271874,SAMEA5989477,PRJEB45055,SEQUENCE_ASSEMBLY,749907,sediment metagenome,ftp.sra.ebi.ac.uk/vol1/ERZ227/ERZ2271874/ERR3573637.fasta.gz,PRJEB34634,ERX3571875,ftp.sra.ebi.ac.uk/vol1/fastq/ERR357/007/ERR3573637/ERR3573637_1.fastq.gz;ftp.sra.ebi.ac.uk/vol1/fastq/ERR357/007/ERR3573637/ERR3573637_2.fastq.gz,ftp.sra.ebi.ac.uk/vol1/run/ERR357/ERR3573637/WTCHG_555218_202118.bam,,WTCHG_555218_202118,WAT-DW-100-WIN
ERR3573638,ERZ2271260,SAMEA5989477,PRJEB45055,SEQUENCE_ASSEMBLY,749907,sediment metagenome,ftp.sra.ebi.ac.uk/vol1/ERZ227/ERZ2271260/ERR3573638.fasta.gz,PRJEB34634,ERX3571876,ftp.sra.ebi.ac.uk/vol1/fastq/ERR357/008/ERR3573638/ERR3573638_1.fastq.gz;ftp.sra.ebi.ac.uk/vol1/fastq/ERR357/008/ERR3573638/ERR3573638_2.fastq.gz,ftp.sra.ebi.ac.uk/vol1/run/ERR357/ERR3573638/WTCHG_555217_202118.bam,,WTCHG_555217_202118,WAT-DW-100-WIN
ERR3573639,ERZ2272262,SAMEA5989477,PRJEB45055,SEQUENCE_ASSEMBLY,749907,sediment metagenome,ftp.sra.ebi.ac.uk/vol1/ERZ227/ERZ2272262/ERR3573639.fasta.gz,PRJEB34634,ERX3571877,ftp.sra.ebi.ac.uk/vol1/fastq/ERR357/009/ERR3573639/ERR3573639_1.fastq.gz;ftp.sra.ebi.ac.uk/vol1/fastq/ERR357/009/ERR3573639/ERR3573639_2.fastq.gz,ftp.sra.ebi.ac.uk/vol1/run/ERR357/ERR3573639/WTCHG_555221_202118.bam,,WTCHG_555221_202118,WAT-DW-100-WIN
ERR3573640,ERZ2270718,SAMEA5989477,PRJEB45055,SEQUENCE_ASSEMBLY,749907,sediment metagenome,ftp.sra.ebi.ac.uk/vol1/ERZ227/ERZ2270718/ERR3573640.fasta.gz,PRJEB34634,ERX3571878,ftp.sra.ebi.ac.uk/vol1/fastq/ERR357/000/ERR3573640/ERR3573640_1.fastq.gz;ftp.sra.ebi.ac.uk/vol1/fastq/ERR357/000/ERR3573640/ERR3573640_2.fastq.gz,ftp.sra.ebi.ac.uk/vol1/run/ERR357/ERR3573640/WTCHG_559241_202118.bam,,WTCHG_559241_202118,WAT-DW-100-WIN
ERR3573641,ERZ2270405,SAMEA5989477,PRJEB45055,SEQUENCE_ASSEMBLY,749907,sediment metagenome,ftp.sra.ebi.ac.uk/vol1/ERZ227/ERZ2270405/ERR3573641.fasta.gz,PRJEB34634,ERX3571879,ftp.sra.ebi.ac.uk/vol1/fastq/ERR357/001/ERR3573641/ERR3573641_1.fastq.gz;ftp.sra.ebi.ac.uk/vol1/fastq/ERR357/001/ERR3573641/ERR3573641_2.fastq.gz,ftp.sra.ebi.ac.uk/vol1/run/ERR357/ERR3573641/WTCHG_559244_202118.bam,,WTCHG_559244_202118,WAT-DW-100-WIN
ERR3573642,ERZ2272593,SAMEA5989477,PRJEB45055,SEQUENCE_ASSEMBLY,749907,sediment metagenome,ftp.sra.ebi.ac.uk/vol1/ERZ227/ERZ2272593/ERR3573642.fasta.gz,PRJEB34634,ERX3571880,ftp.sra.ebi.ac.uk/vol1/fastq/ERR357/002/ERR3573642/ERR3573642_1.fastq.gz;ftp.sra.ebi.ac.uk/vol1/fastq/ERR357/002/ERR3573642/ERR3573642_2.fastq.gz,ftp.sra.ebi.ac.uk/vol1/run/ERR357/ERR3573642/WTCHG_559242_202118.bam,,WTCHG_559242_202118,WAT-DW-100-WIN
ERR3573643,ERZ2271502,SAMEA5989477,PRJEB45055,SEQUENCE_ASSEMBLY,749907,sediment metagenome,ftp.sra.ebi.ac.uk/vol1/ERZ227/ERZ2271502/ERR3573643.fasta.gz,PRJEB34634,ERX3571881,ftp.sra.ebi.ac.uk/vol1/fastq/ERR357/003/ERR3573643/ERR3573643_1.fastq.gz;ftp.sra.ebi.ac.uk/vol1/fastq/ERR357/003/ERR3573643/ERR3573643_2.fastq.gz,ftp.sra.ebi.ac.uk/vol1/run/ERR357/ERR3573643/WTCHG_559243_202118.bam,,WTCHG_559243_202118,WAT-DW-100-WIN
ERR3573644,ERZ2272424,SAMEA5989477,PRJEB45055,SEQUENCE_ASSEMBLY,749907,sediment metagenome,ftp.sra.ebi.ac.uk/vol1/ERZ227/ERZ2272424/ERR3573644.fasta.gz,PRJEB34634,ERX3571882,ftp.sra.ebi.ac.uk/vol1/fastq/ERR357/004/ERR3573644/ERR3573644_1.fastq.gz;ftp.sra.ebi.ac.uk/vol1/fastq/ERR357/004/ERR3573644/ERR3573644_2.fastq.gz,ftp.sra.ebi.ac.uk/vol1/run/ERR357/ERR3573644/WTCHG_559240_202118.bam,,WTCHG_559240_202118,WAT-DW-100-WIN
ERR3573645,ERZ2271881,SAMEA5989477,PRJEB45055,SEQUENCE_ASSEMBLY,749907,sediment metagenome,ftp.sra.ebi.ac.uk/vol1/ERZ227/ERZ2271881/ERR3573645.fasta.gz,PRJEB34634,ERX3571883,ftp.sra.ebi.ac.uk/vol1/fastq/ERR357/005/ERR3573645/ERR3573645_1.fastq.gz;ftp.sra.ebi.ac.uk/vol1/fastq/ERR357/005/ERR3573645/ERR3573645_2.fastq.gz,ftp.sra.ebi.ac.uk/vol1/run/ERR357/ERR3573645/WTCHG_550636_296189.bam,,WTCHG_550636_296189,WAT-DW-1000-AUT
ERR3573646,ERZ2271885,SAMEA5989477,PRJEB45055,SEQUENCE_ASSEMBLY,749907,sediment metagenome,ftp.sra.ebi.ac.uk/vol1/ERZ227/ERZ2271885/ERR3573646.fasta.gz,PRJEB34634,ERX3571884,ftp.sra.ebi.ac.uk/vol1/fastq/ERR357/006/ERR3573646/ERR3573646_1.fastq.gz;ftp.sra.ebi.ac.uk/vol1/fastq/ERR357/006/ERR3573646/ERR3573646_2.fastq.gz,ftp.sra.ebi.ac.uk/vol1/run/ERR357/ERR3573646/WTCHG_551515_296189.bam,,WTCHG_551515_296189,WAT-DW-1000-AUT
ERR3573647,ERZ2227315,SAMEA5989477,PRJEB45055,SEQUENCE_ASSEMBLY,749907,sediment metagenome,ftp.sra.ebi.ac.uk/vol1/ERZ222/ERZ2227315/ERR3573647.fasta.gz,PRJEB34634,ERX3571885,ftp.sra.ebi.ac.uk/vol1/fastq/ERR357/007/ERR3573647/ERR3573647_1.fastq.gz;ftp.sra.ebi.ac.uk/vol1/fastq/ERR357/007/ERR3573647/ERR3573647_2.fastq.gz,ftp.sra.ebi.ac.uk/vol1/run/ERR357/ERR3573647/WTCHG_551514_296189.bam,,WTCHG_551514_296189,WAT-DW-1000-AUT
ERR3573648,ERZ2271901,SAMEA5989477,PRJEB45055,SEQUENCE_ASSEMBLY,749907,sediment metagenome,ftp.sra.ebi.ac.uk/vol1/ERZ227/ERZ2271901/ERR3573648.fasta.gz,PRJEB34634,ERX3571886,ftp.sra.ebi.ac.uk/vol1/fastq/ERR357/008/ERR3573648/ERR3573648_1.fastq.gz;ftp.sra.ebi.ac.uk/vol1/fastq/ERR357/008/ERR3573648/ERR3573648_2.fastq.gz,ftp.sra.ebi.ac.uk/vol1/run/ERR357/ERR3573648/WTCHG_554366_296189.bam,,WTCHG_554366_296189,WAT-DW-1000-AUT
ERR3573649,ERZ2272675,SAMEA5989477,PRJEB45055,SEQUENCE_ASSEMBLY,749907,sediment metagenome,ftp.sra.ebi.ac.uk/vol1/ERZ227/ERZ2272675/ERR3573649.fasta.gz,PRJEB34634,ERX3571887,ftp.sra.ebi.ac.uk/vol1/fastq/ERR357/009/ERR3573649/ERR3573649_1.fastq.gz;ftp.sra.ebi.ac.uk/vol1/fastq/ERR357/009/ERR3573649/ERR3573649_2.fastq.gz,ftp.sra.ebi.ac.uk/vol1/run/ERR357/ERR3573649/WTCHG_554367_296189.bam,,WTCHG_554367_296189,WAT-DW-1000-AUT
ERR3573650,ERZ2271655,SAMEA5989477,PRJEB45055,SEQUENCE_ASSEMBLY,749907,sediment metagenome,ftp.sra.ebi.ac.uk/vol1/ERZ227/ERZ2271655/ERR3573650.fasta.gz,PRJEB34634,ERX3571888,ftp.sra.ebi.ac.uk/vol1/fastq/ERR357/000/ERR3573650/ERR3573650_1.fastq.gz;ftp.sra.ebi.ac.uk/vol1/fastq/ERR357/000/ERR3573650/ERR3573650_2.fastq.gz,ftp.sra.ebi.ac.uk/vol1/run/ERR357/ERR3573650/WTCHG_555215_296189.bam,,WTCHG_555215_296189,WAT-DW-1000-AUT
ERR3573651,ERZ2272700,SAMEA5989477,PRJEB45055,SEQUENCE_ASSEMBLY,749907,sediment metagenome,ftp.sra.ebi.ac.uk/vol1/ERZ227/ERZ2272700/ERR3573651.fasta.gz,PRJEB34634,ERX3571889,ftp.sra.ebi.ac.uk/vol1/fastq/ERR357/001/ERR3573651/ERR3573651_1.fastq.gz;ftp.sra.ebi.ac.uk/vol1/fastq/ERR357/001/ERR3573651/ERR3573651_2.fastq.gz,ftp.sra.ebi.ac.uk/vol1/run/ERR357/ERR3573651/WTCHG_555214_296189.bam,,WTCHG_555214_296189,WAT-DW-1000-AUT
ERR3573652,ERZ2272115,SAMEA5989477,PRJEB45055,SEQUENCE_ASSEMBLY,749907,sediment metagenome,ftp.sra.ebi.ac.uk/vol1/ERZ227/ERZ2272115/ERR3573652.fasta.gz,PRJEB34634,ERX3571890,ftp.sra.ebi.ac.uk/vol1/fastq/ERR357/002/ERR3573652/ERR3573652_1.fastq.gz;ftp.sra.ebi.ac.uk/vol1/fastq/ERR357/002/ERR3573652/ERR3573652_2.fastq.gz,ftp.sra.ebi.ac.uk/vol1/run/ERR357/ERR3573652/WTCHG_555217_296189.bam,,WTCHG_555217_296189,WAT-DW-1000-AUT
ERR3573653,ERZ2271935,SAMEA5989477,PRJEB45055,SEQUENCE_ASSEMBLY,749907,sediment metagenome,ftp.sra.ebi.ac.uk/vol1/ERZ227/ERZ2271935/ERR3573653.fasta.gz,PRJEB34634,ERX3571891,ftp.sra.ebi.ac.uk/vol1/fastq/ERR357/003/ERR3573653/ERR3573653_1.fastq.gz;ftp.sra.ebi.ac.uk/vol1/fastq/ERR357/003/ERR3573653/ERR3573653_2.fastq.gz,ftp.sra.ebi.ac.uk/vol1/run/ERR357/ERR3573653/WTCHG_555221_296189.bam,,WTCHG_555221_296189,WAT-DW-1000-AUT
ERR3573654,ERZ2271912,SAMEA5989477,PRJEB45055,SEQUENCE_ASSEMBLY,749907,sediment metagenome,ftp.sra.ebi.ac.uk/vol1/ERZ227/ERZ2271912/ERR3573654.fasta.gz,PRJEB34634,ERX3571892,ftp.sra.ebi.ac.uk/vol1/fastq/ERR357/004/ERR3573654/ERR3573654_1.fastq.gz;ftp.sra.ebi.ac.uk/vol1/fastq/ERR357/004/ERR3573654/ERR3573654_2.fastq.gz,ftp.sra.ebi.ac.uk/vol1/run/ERR357/ERR3573654/WTCHG_555216_296189.bam,,WTCHG_555216_296189,WAT-DW-1000-AUT
ERR3573655,ERZ2272082,SAMEA5989477,PRJEB45055,SEQUENCE_ASSEMBLY,749907,sediment metagenome,ftp.sra.ebi.ac.uk/vol1/ERZ227/ERZ2272082/ERR3573655.fasta.gz,PRJEB34634,ERX3571893,ftp.sra.ebi.ac.uk/vol1/fastq/ERR357/005/ERR3573655/ERR3573655_1.fastq.gz;ftp.sra.ebi.ac.uk/vol1/fastq/ERR357/005/ERR3573655/ERR3573655_2.fastq.gz,ftp.sra.ebi.ac.uk/vol1/run/ERR357/ERR3573655/WTCHG_555219_296189.bam,,WTCHG_555219_296189,WAT-DW-1000-AUT
ERR3573656,ERZ2272227,SAMEA5989477,PRJEB45055,SEQUENCE_ASSEMBLY,749907,sediment metagenome,ftp.sra.ebi.ac.uk/vol1/ERZ227/ERZ2272227/ERR3573656.fasta.gz,PRJEB34634,ERX3571894,ftp.sra.ebi.ac.uk/vol1/fastq/ERR357/006/ERR3573656/ERR3573656_1.fastq.gz;ftp.sra.ebi.ac.uk/vol1/fastq/ERR357/006/ERR3573656/ERR3573656_2.fastq.gz,ftp.sra.ebi.ac.uk/vol1/run/ERR357/ERR3573656/WTCHG_555220_296189.bam,,WTCHG_555220_296189,WAT-DW-1000-AUT
ERR3573657,ERZ2272264,SAMEA5989477,PRJEB45055,SEQUENCE_ASSEMBLY,749907,sediment metagenome,ftp.sra.ebi.ac.uk/vol1/ERZ227/ERZ2272264/ERR3573657.fasta.gz,PRJEB34634,ERX3571895,ftp.sra.ebi.ac.uk/vol1/fastq/ERR357/007/ERR3573657/ERR3573657_1.fastq.gz;ftp.sra.ebi.ac.uk/vol1/fastq/ERR357/007/ERR3573657/ERR3573657_2.fastq.gz,ftp.sra.ebi.ac.uk/vol1/run/ERR357/ERR3573657/WTCHG_555218_296189.bam,,WTCHG_555218_296189,WAT-DW-1000-AUT
ERR3573658,ERZ2271706,SAMEA5989477,PRJEB45055,SEQUENCE_ASSEMBLY,749907,sediment metagenome,ftp.sra.ebi.ac.uk/vol1/ERZ227/ERZ2271706/ERR3573658.fasta.gz,PRJEB34634,ERX3571896,ftp.sra.ebi.ac.uk/vol1/fastq/ERR357/008/ERR3573658/ERR3573658_1.fastq.gz;ftp.sra.ebi.ac.uk/vol1/fastq/ERR357/008/ERR3573658/ERR3573658_2.fastq.gz,ftp.sra.ebi.ac.uk/vol1/run/ERR357/ERR3573658/WTCHG_559241_296189.bam,,WTCHG_559241_296189,WAT-DW-1000-AUT
ERR3573659,ERZ2271724,SAMEA5989477,PRJEB45055,SEQUENCE_ASSEMBLY,749907,sediment metagenome,ftp.sra.ebi.ac.uk/vol1/ERZ227/ERZ2271724/ERR3573659.fasta.gz,PRJEB34634,ERX3571897,ftp.sra.ebi.ac.uk/vol1/fastq/ERR357/009/ERR3573659/ERR3573659_1.fastq.gz;ftp.sra.ebi.ac.uk/vol1/fastq/ERR357/009/ERR3573659/ERR3573659_2.fastq.gz,ftp.sra.ebi.ac.uk/vol1/run/ERR357/ERR3573659/WTCHG_559240_296189.bam,,WTCHG_559240_296189,WAT-DW-1000-AUT
ERR3573660,ERZ2272187,SAMEA5989477,PRJEB45055,SEQUENCE_ASSEMBLY,749907,sediment metagenome,ftp.sra.ebi.ac.uk/vol1/ERZ227/ERZ2272187/ERR3573660.fasta.gz,PRJEB34634,ERX3571898,ftp.sra.ebi.ac.uk/vol1/fastq/ERR357/000/ERR3573660/ERR3573660_1.fastq.gz;ftp.sra.ebi.ac.uk/vol1/fastq/ERR357/000/ERR3573660/ERR3573660_2.fastq.gz,ftp.sra.ebi.ac.uk/vol1/run/ERR357/ERR3573660/WTCHG_559242_296189.bam,,WTCHG_559242_296189,WAT-DW-1000-AUT
ERR3573661,ERZ2272306,SAMEA5989477,PRJEB45055,SEQUENCE_ASSEMBLY,749907,sediment metagenome,ftp.sra.ebi.ac.uk/vol1/ERZ227/ERZ2272306/ERR3573661.fasta.gz,PRJEB34634,ERX3571899,ftp.sra.ebi.ac.uk/vol1/fastq/ERR357/001/ERR3573661/ERR3573661_1.fastq.gz;ftp.sra.ebi.ac.uk/vol1/fastq/ERR357/001/ERR3573661/ERR3573661_2.fastq.gz,ftp.sra.ebi.ac.uk/vol1/run/ERR357/ERR3573661/WTCHG_559244_296189.bam,,WTCHG_559244_296189,WAT-DW-1000-AUT
ERR3573662,ERZ2271691,SAMEA5989477,PRJEB45055,SEQUENCE_ASSEMBLY,749907,sediment metagenome,ftp.sra.ebi.ac.uk/vol1/ERZ227/ERZ2271691/ERR3573662.fasta.gz,PRJEB34634,ERX3571900,ftp.sra.ebi.ac.uk/vol1/fastq/ERR357/002/ERR3573662/ERR3573662_1.fastq.gz;ftp.sra.ebi.ac.uk/vol1/fastq/ERR357/002/ERR3573662/ERR3573662_2.fastq.gz,ftp.sra.ebi.ac.uk/vol1/run/ERR357/ERR3573662/WTCHG_559243_296189.bam,,WTCHG_559243_296189,WAT-DW-1000-AUT
ERR3573663,ERZ2272447,SAMEA5989477,PRJEB45055,SEQUENCE_ASSEMBLY,749907,sediment metagenome,ftp.sra.ebi.ac.uk/vol1/ERZ227/ERZ2272447/ERR3573663.fasta.gz,PRJEB34634,ERX3571901,ftp.sra.ebi.ac.uk/vol1/fastq/ERR357/003/ERR3573663/ERR3573663_1.fastq.gz;ftp.sra.ebi.ac.uk/vol1/fastq/ERR357/003/ERR3573663/ERR3573663_2.fastq.gz,ftp.sra.ebi.ac.uk/vol1/run/ERR357/ERR3573663/WTCHG_550636_291129.bam,,WTCHG_550636_291129,WAT-DW-1000-SUM
ERR3573664,ERZ2272574,SAMEA5989477,PRJEB45055,SEQUENCE_ASSEMBLY,749907,sediment metagenome,ftp.sra.ebi.ac.uk/vol1/ERZ227/ERZ2272574/ERR3573664.fasta.gz,PRJEB34634,ERX3571902,ftp.sra.ebi.ac.uk/vol1/fastq/ERR357/004/ERR3573664/ERR3573664_1.fastq.gz;ftp.sra.ebi.ac.uk/vol1/fastq/ERR357/004/ERR3573664/ERR3573664_2.fastq.gz,ftp.sra.ebi.ac.uk/vol1/run/ERR357/ERR3573664/WTCHG_551515_291129.bam,,WTCHG_551515_291129,WAT-DW-1000-SUM
ERR3573665,ERZ2272630,SAMEA5989477,PRJEB45055,SEQUENCE_ASSEMBLY,749907,sediment metagenome,ftp.sra.ebi.ac.uk/vol1/ERZ227/ERZ2272630/ERR3573665.fasta.gz,PRJEB34634,ERX3571903,ftp.sra.ebi.ac.uk/vol1/fastq/ERR357/005/ERR3573665/ERR3573665_1.fastq.gz;ftp.sra.ebi.ac.uk/vol1/fastq/ERR357/005/ERR3573665/ERR3573665_2.fastq.gz,ftp.sra.ebi.ac.uk/vol1/run/ERR357/ERR3573665/WTCHG_551514_291129.bam,,WTCHG_551514_291129,WAT-DW-1000-SUM
ERR3573666,ERZ2226717,SAMEA5989477,PRJEB45055,SEQUENCE_ASSEMBLY,749907,sediment metagenome,ftp.sra.ebi.ac.uk/vol1/ERZ222/ERZ2226717/ERR3573666.fasta.gz,PRJEB34634,ERX3571904,ftp.sra.ebi.ac.uk/vol1/fastq/ERR357/006/ERR3573666/ERR3573666_1.fastq.gz;ftp.sra.ebi.ac.uk/vol1/fastq/ERR357/006/ERR3573666/ERR3573666_2.fastq.gz,ftp.sra.ebi.ac.uk/vol1/run/ERR357/ERR3573666/WTCHG_554367_291129.bam,,WTCHG_554367_291129,WAT-DW-1000-SUM
ERR3573667,ERZ2271718,SAMEA5989477,PRJEB45055,SEQUENCE_ASSEMBLY,749907,sediment metagenome,ftp.sra.ebi.ac.uk/vol1/ERZ227/ERZ2271718/ERR3573667.fasta.gz,PRJEB34634,ERX3571905,ftp.sra.ebi.ac.uk/vol1/fastq/ERR357/007/ERR3573667/ERR3573667_1.fastq.gz;ftp.sra.ebi.ac.uk/vol1/fastq/ERR357/007/ERR3573667/ERR3573667_2.fastq.gz,ftp.sra.ebi.ac.uk/vol1/run/ERR357/ERR3573667/WTCHG_554366_291129.bam,,WTCHG_554366_291129,WAT-DW-1000-SUM
ERR3573668,ERZ2272023,SAMEA5989477,PRJEB45055,SEQUENCE_ASSEMBLY,749907,sediment metagenome,ftp.sra.ebi.ac.uk/vol1/ERZ227/ERZ2272023/ERR3573668.fasta.gz,PRJEB34634,ERX3571906,ftp.sra.ebi.ac.uk/vol1/fastq/ERR357/008/ERR3573668/ERR3573668_1.fastq.gz;ftp.sra.ebi.ac.uk/vol1/fastq/ERR357/008/ERR3573668/ERR3573668_2.fastq.gz,ftp.sra.ebi.ac.uk/vol1/run/ERR357/ERR3573668/WTCHG_555219_291129.bam,,WTCHG_555219_291129,WAT-DW-1000-SUM
ERR3573669,ERZ2268643,SAMEA5989477,PRJEB45055,SEQUENCE_ASSEMBLY,749907,sediment metagenome,ftp.sra.ebi.ac.uk/vol1/ERZ226/ERZ2268643/ERR3573669.fasta.gz,PRJEB34634,ERX3571907,ftp.sra.ebi.ac.uk/vol1/fastq/ERR357/009/ERR3573669/ERR3573669_1.fastq.gz;ftp.sra.ebi.ac.uk/vol1/fastq/ERR357/009/ERR3573669/ERR3573669_2.fastq.gz,ftp.sra.ebi.ac.uk/vol1/run/ERR357/ERR3573669/WTCHG_555217_291129.bam,,WTCHG_555217_291129,WAT-DW-1000-SUM
ERR3573670,ERZ2271990,SAMEA5989477,PRJEB45055,SEQUENCE_ASSEMBLY,749907,sediment metagenome,ftp.sra.ebi.ac.uk/vol1/ERZ227/ERZ2271990/ERR3573670.fasta.gz,PRJEB34634,ERX3571908,ftp.sra.ebi.ac.uk/vol1/fastq/ERR357/000/ERR3573670/ERR3573670_1.fastq.gz;ftp.sra.ebi.ac.uk/vol1/fastq/ERR357/000/ERR3573670/ERR3573670_2.fastq.gz,ftp.sra.ebi.ac.uk/vol1/run/ERR357/ERR3573670/WTCHG_555220_291129.bam,,WTCHG_555220_291129,WAT-DW-1000-SUM
ERR3573671,ERZ2271782,SAMEA5989477,PRJEB45055,SEQUENCE_ASSEMBLY,749907,sediment metagenome,ftp.sra.ebi.ac.uk/vol1/ERZ227/ERZ2271782/ERR3573671.fasta.gz,PRJEB34634,ERX3571909,ftp.sra.ebi.ac.uk/vol1/fastq/ERR357/001/ERR3573671/ERR3573671_1.fastq.gz;ftp.sra.ebi.ac.uk/vol1/fastq/ERR357/001/ERR3573671/ERR3573671_2.fastq.gz,ftp.sra.ebi.ac.uk/vol1/run/ERR357/ERR3573671/WTCHG_555216_291129.bam,,WTCHG_555216_291129,WAT-DW-1000-SUM
ERR3573672,ERZ2271915,SAMEA5989477,PRJEB45055,SEQUENCE_ASSEMBLY,749907,sediment metagenome,ftp.sra.ebi.ac.uk/vol1/ERZ227/ERZ2271915/ERR3573672.fasta.gz,PRJEB34634,ERX3571910,ftp.sra.ebi.ac.uk/vol1/fastq/ERR357/002/ERR3573672/ERR3573672_1.fastq.gz;ftp.sra.ebi.ac.uk/vol1/fastq/ERR357/002/ERR3573672/ERR3573672_2.fastq.gz,ftp.sra.ebi.ac.uk/vol1/run/ERR357/ERR3573672/WTCHG_555218_291129.bam,,WTCHG_555218_291129,WAT-DW-1000-SUM
ERR3573673,ERZ2271761,SAMEA5989477,PRJEB45055,SEQUENCE_ASSEMBLY,749907,sediment metagenome,ftp.sra.ebi.ac.uk/vol1/ERZ227/ERZ2271761/ERR3573673.fasta.gz,PRJEB34634,ERX3571911,ftp.sra.ebi.ac.uk/vol1/fastq/ERR357/003/ERR3573673/ERR3573673_1.fastq.gz;ftp.sra.ebi.ac.uk/vol1/fastq/ERR357/003/ERR3573673/ERR3573673_2.fastq.gz,ftp.sra.ebi.ac.uk/vol1/run/ERR357/ERR3573673/WTCHG_555221_291129.bam,,WTCHG_555221_291129,WAT-DW-1000-SUM
ERR3573674,ERZ2272621,SAMEA5989477,PRJEB45055,SEQUENCE_ASSEMBLY,749907,sediment metagenome,ftp.sra.ebi.ac.uk/vol1/ERZ227/ERZ2272621/ERR3573674.fasta.gz,PRJEB34634,ERX3571912,ftp.sra.ebi.ac.uk/vol1/fastq/ERR357/004/ERR3573674/ERR3573674_1.fastq.gz;ftp.sra.ebi.ac.uk/vol1/fastq/ERR357/004/ERR3573674/ERR3573674_2.fastq.gz,ftp.sra.ebi.ac.uk/vol1/run/ERR357/ERR3573674/WTCHG_555214_291129.bam,,WTCHG_555214_291129,WAT-DW-1000-SUM
ERR3573675,ERZ2271574,SAMEA5989477,PRJEB45055,SEQUENCE_ASSEMBLY,749907,sediment metagenome,ftp.sra.ebi.ac.uk/vol1/ERZ227/ERZ2271574/ERR3573675.fasta.gz,PRJEB34634,ERX3571913,ftp.sra.ebi.ac.uk/vol1/fastq/ERR357/005/ERR3573675/ERR3573675_1.fastq.gz;ftp.sra.ebi.ac.uk/vol1/fastq/ERR357/005/ERR3573675/ERR3573675_2.fastq.gz,ftp.sra.ebi.ac.uk/vol1/run/ERR357/ERR3573675/WTCHG_555215_291129.bam,,WTCHG_555215_291129,WAT-DW-1000-SUM
ERR3573676,ERZ2272017,SAMEA5989477,PRJEB45055,SEQUENCE_ASSEMBLY,749907,sediment metagenome,ftp.sra.ebi.ac.uk/vol1/ERZ227/ERZ2272017/ERR3573676.fasta.gz,PRJEB34634,ERX3571914,ftp.sra.ebi.ac.uk/vol1/fastq/ERR357/006/ERR3573676/ERR3573676_1.fastq.gz;ftp.sra.ebi.ac.uk/vol1/fastq/ERR357/006/ERR3573676/ERR3573676_2.fastq.gz,ftp.sra.ebi.ac.uk/vol1/run/ERR357/ERR3573676/WTCHG_559242_291129.bam,,WTCHG_559242_291129,WAT-DW-1000-SUM
ERR3573677,ERZ2227184,SAMEA5989477,PRJEB45055,SEQUENCE_ASSEMBLY,749907,sediment metagenome,ftp.sra.ebi.ac.uk/vol1/ERZ222/ERZ2227184/ERR3573677.fasta.gz,PRJEB34634,ERX3571915,ftp.sra.ebi.ac.uk/vol1/fastq/ERR357/007/ERR3573677/ERR3573677_1.fastq.gz;ftp.sra.ebi.ac.uk/vol1/fastq/ERR357/007/ERR3573677/ERR3573677_2.fastq.gz,ftp.sra.ebi.ac.uk/vol1/run/ERR357/ERR3573677/WTCHG_559243_291129.bam,,WTCHG_559243_291129,WAT-DW-1000-SUM
ERR3573678,ERZ2271896,SAMEA5989477,PRJEB45055,SEQUENCE_ASSEMBLY,749907,sediment metagenome,ftp.sra.ebi.ac.uk/vol1/ERZ227/ERZ2271896/ERR3573678.fasta.gz,PRJEB34634,ERX3571916,ftp.sra.ebi.ac.uk/vol1/fastq/ERR357/008/ERR3573678/ERR3573678_1.fastq.gz;ftp.sra.ebi.ac.uk/vol1/fastq/ERR357/008/ERR3573678/ERR3573678_2.fastq.gz,ftp.sra.ebi.ac.uk/vol1/run/ERR357/ERR3573678/WTCHG_559241_291129.bam,,WTCHG_559241_291129,WAT-DW-1000-SUM
ERR3573679,ERZ2227314,SAMEA5989477,PRJEB45055,SEQUENCE_ASSEMBLY,749907,sediment metagenome,ftp.sra.ebi.ac.uk/vol1/ERZ222/ERZ2227314/ERR3573679.fasta.gz,PRJEB34634,ERX3571917,ftp.sra.ebi.ac.uk/vol1/fastq/ERR357/009/ERR3573679/ERR3573679_1.fastq.gz;ftp.sra.ebi.ac.uk/vol1/fastq/ERR357/009/ERR3573679/ERR3573679_2.fastq.gz,ftp.sra.ebi.ac.uk/vol1/run/ERR357/ERR3573679/WTCHG_559244_291129.bam,,WTCHG_559244_291129,WAT-DW-1000-SUM
ERR3573680,ERZ2272489,SAMEA5989477,PRJEB45055,SEQUENCE_ASSEMBLY,749907,sediment metagenome,ftp.sra.ebi.ac.uk/vol1/ERZ227/ERZ2272489/ERR3573680.fasta.gz,PRJEB34634,ERX3571918,ftp.sra.ebi.ac.uk/vol1/fastq/ERR357/000/ERR3573680/ERR3573680_1.fastq.gz;ftp.sra.ebi.ac.uk/vol1/fastq/ERR357/000/ERR3573680/ERR3573680_2.fastq.gz,ftp.sra.ebi.ac.uk/vol1/run/ERR357/ERR3573680/WTCHG_559240_291129.bam,,WTCHG_559240_291129,WAT-DW-1000-SUM
ERR3573681,ERZ2272488,SAMEA5989477,PRJEB45055,SEQUENCE_ASSEMBLY,749907,sediment metagenome,ftp.sra.ebi.ac.uk/vol1/ERZ227/ERZ2272488/ERR3573681.fasta.gz,PRJEB34634,ERX3571919,ftp.sra.ebi.ac.uk/vol1/fastq/ERR357/001/ERR3573681/ERR3573681_1.fastq.gz;ftp.sra.ebi.ac.uk/vol1/fastq/ERR357/001/ERR3573681/ERR3573681_2.fastq.gz,ftp.sra.ebi.ac.uk/vol1/run/ERR357/ERR3573681/WTCHG_550636_205154.bam,,WTCHG_550636_205154,WAT-DW-1000-WIN
ERR3573682,ERZ2271040,SAMEA5989477,PRJEB45055,SEQUENCE_ASSEMBLY,749907,sediment metagenome,ftp.sra.ebi.ac.uk/vol1/ERZ227/ERZ2271040/ERR3573682.fasta.gz,PRJEB34634,ERX3571920,ftp.sra.ebi.ac.uk/vol1/fastq/ERR357/002/ERR3573682/ERR3573682_1.fastq.gz;ftp.sra.ebi.ac.uk/vol1/fastq/ERR357/002/ERR3573682/ERR3573682_2.fastq.gz,ftp.sra.ebi.ac.uk/vol1/run/ERR357/ERR3573682/WTCHG_551514_205154.bam,,WTCHG_551514_205154,WAT-DW-1000-WIN
ERR3573683,ERZ2272160,SAMEA5989477,PRJEB45055,SEQUENCE_ASSEMBLY,749907,sediment metagenome,ftp.sra.ebi.ac.uk/vol1/ERZ227/ERZ2272160/ERR3573683.fasta.gz,PRJEB34634,ERX3571921,ftp.sra.ebi.ac.uk/vol1/fastq/ERR357/003/ERR3573683/ERR3573683_1.fastq.gz;ftp.sra.ebi.ac.uk/vol1/fastq/ERR357/003/ERR3573683/ERR3573683_2.fastq.gz,ftp.sra.ebi.ac.uk/vol1/run/ERR357/ERR3573683/WTCHG_551515_205154.bam,,WTCHG_551515_205154,WAT-DW-1000-WIN
ERR3573684,ERZ2271341,SAMEA5989477,PRJEB45055,SEQUENCE_ASSEMBLY,749907,sediment metagenome,ftp.sra.ebi.ac.uk/vol1/ERZ227/ERZ2271341/ERR3573684.fasta.gz,PRJEB34634,ERX3571922,ftp.sra.ebi.ac.uk/vol1/fastq/ERR357/004/ERR3573684/ERR3573684_1.fastq.gz;ftp.sra.ebi.ac.uk/vol1/fastq/ERR357/004/ERR3573684/ERR3573684_2.fastq.gz,ftp.sra.ebi.ac.uk/vol1/run/ERR357/ERR3573684/WTCHG_554366_205154.bam,,WTCHG_554366_205154,WAT-DW-1000-WIN
ERR3573685,ERZ2271805,SAMEA5989477,PRJEB45055,SEQUENCE_ASSEMBLY,749907,sediment metagenome,ftp.sra.ebi.ac.uk/vol1/ERZ227/ERZ2271805/ERR3573685.fasta.gz,PRJEB34634,ERX3571923,ftp.sra.ebi.ac.uk/vol1/fastq/ERR357/005/ERR3573685/ERR3573685_1.fastq.gz;ftp.sra.ebi.ac.uk/vol1/fastq/ERR357/005/ERR3573685/ERR3573685_2.fastq.gz,ftp.sra.ebi.ac.uk/vol1/run/ERR357/ERR3573685/WTCHG_554367_205154.bam,,WTCHG_554367_205154,WAT-DW-1000-WIN
ERR3573686,ERZ2228043,SAMEA5989477,PRJEB45055,SEQUENCE_ASSEMBLY,749907,sediment metagenome,ftp.sra.ebi.ac.uk/vol1/ERZ222/ERZ2228043/ERR3573686.fasta.gz,PRJEB34634,ERX3571924,ftp.sra.ebi.ac.uk/vol1/fastq/ERR357/006/ERR3573686/ERR3573686_1.fastq.gz;ftp.sra.ebi.ac.uk/vol1/fastq/ERR357/006/ERR3573686/ERR3573686_2.fastq.gz,ftp.sra.ebi.ac.uk/vol1/run/ERR357/ERR3573686/WTCHG_555219_205154.bam,,WTCHG_555219_205154,WAT-DW-1000-WIN
ERR3573687,ERZ2272431,SAMEA5989477,PRJEB45055,SEQUENCE_ASSEMBLY,749907,sediment metagenome,ftp.sra.ebi.ac.uk/vol1/ERZ227/ERZ2272431/ERR3573687.fasta.gz,PRJEB34634,ERX3571925,ftp.sra.ebi.ac.uk/vol1/fastq/ERR357/007/ERR3573687/ERR3573687_1.fastq.gz;ftp.sra.ebi.ac.uk/vol1/fastq/ERR357/007/ERR3573687/ERR3573687_2.fastq.gz,ftp.sra.ebi.ac.uk/vol1/run/ERR357/ERR3573687/WTCHG_555218_205154.bam,,WTCHG_555218_205154,WAT-DW-1000-WIN
ERR3573688,ERZ2272701,SAMEA5989477,PRJEB45055,SEQUENCE_ASSEMBLY,749907,sediment metagenome,ftp.sra.ebi.ac.uk/vol1/ERZ227/ERZ2272701/ERR3573688.fasta.gz,PRJEB34634,ERX3571926,ftp.sra.ebi.ac.uk/vol1/fastq/ERR357/008/ERR3573688/ERR3573688_1.fastq.gz;ftp.sra.ebi.ac.uk/vol1/fastq/ERR357/008/ERR3573688/ERR3573688_2.fastq.gz,ftp.sra.ebi.ac.uk/vol1/run/ERR357/ERR3573688/WTCHG_555216_205154.bam,,WTCHG_555216_205154,WAT-DW-1000-WIN
ERR3573689,ERZ2272086,SAMEA5989477,PRJEB45055,SEQUENCE_ASSEMBLY,749907,sediment metagenome,ftp.sra.ebi.ac.uk/vol1/ERZ227/ERZ2272086/ERR3573689.fasta.gz,PRJEB34634,ERX3571927,ftp.sra.ebi.ac.uk/vol1/fastq/ERR357/009/ERR3573689/ERR3573689_1.fastq.gz;ftp.sra.ebi.ac.uk/vol1/fastq/ERR357/009/ERR3573689/ERR3573689_2.fastq.gz,ftp.sra.ebi.ac.uk/vol1/run/ERR357/ERR3573689/WTCHG_555214_205154.bam,,WTCHG_555214_205154,WAT-DW-1000-WIN
ERR3573690,ERZ2226980,SAMEA5989477,PRJEB45055,SEQUENCE_ASSEMBLY,749907,sediment metagenome,ftp.sra.ebi.ac.uk/vol1/ERZ222/ERZ2226980/ERR3573690.fasta.gz,PRJEB34634,ERX3571928,ftp.sra.ebi.ac.uk/vol1/fastq/ERR357/000/ERR3573690/ERR3573690_1.fastq.gz;ftp.sra.ebi.ac.uk/vol1/fastq/ERR357/000/ERR3573690/ERR3573690_2.fastq.gz,ftp.sra.ebi.ac.uk/vol1/run/ERR357/ERR3573690/WTCHG_555215_205154.bam,,WTCHG_555215_205154,WAT-DW-1000-WIN
ERR3573691,ERZ2271809,SAMEA5989477,PRJEB45055,SEQUENCE_ASSEMBLY,749907,sediment metagenome,ftp.sra.ebi.ac.uk/vol1/ERZ227/ERZ2271809/ERR3573691.fasta.gz,PRJEB34634,ERX3571929,ftp.sra.ebi.ac.uk/vol1/fastq/ERR357/001/ERR3573691/ERR3573691_1.fastq.gz;ftp.sra.ebi.ac.uk/vol1/fastq/ERR357/001/ERR3573691/ERR3573691_2.fastq.gz,ftp.sra.ebi.ac.uk/vol1/run/ERR357/ERR3573691/WTCHG_555220_205154.bam,,WTCHG_555220_205154,WAT-DW-1000-WIN
ERR3573692,ERZ2271665,SAMEA5989477,PRJEB45055,SEQUENCE_ASSEMBLY,749907,sediment metagenome,ftp.sra.ebi.ac.uk/vol1/ERZ227/ERZ2271665/ERR3573692.fasta.gz,PRJEB34634,ERX3571930,ftp.sra.ebi.ac.uk/vol1/fastq/ERR357/002/ERR3573692/ERR3573692_1.fastq.gz;ftp.sra.ebi.ac.uk/vol1/fastq/ERR357/002/ERR3573692/ERR3573692_2.fastq.gz,ftp.sra.ebi.ac.uk/vol1/run/ERR357/ERR3573692/WTCHG_555217_205154.bam,,WTCHG_555217_205154,WAT-DW-1000-WIN
ERR3573693,ERZ2270326,SAMEA5989477,PRJEB45055,SEQUENCE_ASSEMBLY,749907,sediment metagenome,ftp.sra.ebi.ac.uk/vol1/ERZ227/ERZ2270326/ERR3573693.fasta.gz,PRJEB34634,ERX3571931,ftp.sra.ebi.ac.uk/vol1/fastq/ERR357/003/ERR3573693/ERR3573693_1.fastq.gz;ftp.sra.ebi.ac.uk/vol1/fastq/ERR357/003/ERR3573693/ERR3573693_2.fastq.gz,ftp.sra.ebi.ac.uk/vol1/run/ERR357/ERR3573693/WTCHG_555221_205154.bam,,WTCHG_555221_205154,WAT-DW-1000-WIN
ERR3573694,ERZ2271954,SAMEA5989477,PRJEB45055,SEQUENCE_ASSEMBLY,749907,sediment metagenome,ftp.sra.ebi.ac.uk/vol1/ERZ227/ERZ2271954/ERR3573694.fasta.gz,PRJEB34634,ERX3571932,ftp.sra.ebi.ac.uk/vol1/fastq/ERR357/004/ERR3573694/ERR3573694_1.fastq.gz;ftp.sra.ebi.ac.uk/vol1/fastq/ERR357/004/ERR3573694/ERR3573694_2.fastq.gz,ftp.sra.ebi.ac.uk/vol1/run/ERR357/ERR3573694/WTCHG_559240_205154.bam,,WTCHG_559240_205154,WAT-DW-1000-WIN
ERR3573695,ERZ2272693,SAMEA5989477,PRJEB45055,SEQUENCE_ASSEMBLY,749907,sediment metagenome,ftp.sra.ebi.ac.uk/vol1/ERZ227/ERZ2272693/ERR3573695.fasta.gz,PRJEB34634,ERX3571933,ftp.sra.ebi.ac.uk/vol1/fastq/ERR357/005/ERR3573695/ERR3573695_1.fastq.gz;ftp.sra.ebi.ac.uk/vol1/fastq/ERR357/005/ERR3573695/ERR3573695_2.fastq.gz,ftp.sra.ebi.ac.uk/vol1/run/ERR357/ERR3573695/WTCHG_559242_205154.bam,,WTCHG_559242_205154,WAT-DW-1000-WIN
ERR3573696,ERZ2271207,SAMEA5989477,PRJEB45055,SEQUENCE_ASSEMBLY,749907,sediment metagenome,ftp.sra.ebi.ac.uk/vol1/ERZ227/ERZ2271207/ERR3573696.fasta.gz,PRJEB34634,ERX3571934,ftp.sra.ebi.ac.uk/vol1/fastq/ERR357/006/ERR3573696/ERR3573696_1.fastq.gz;ftp.sra.ebi.ac.uk/vol1/fastq/ERR357/006/ERR3573696/ERR3573696_2.fastq.gz,ftp.sra.ebi.ac.uk/vol1/run/ERR357/ERR3573696/WTCHG_559243_205154.bam,,WTCHG_559243_205154,WAT-DW-1000-WIN
ERR3573697,ERZ2226761,SAMEA5989477,PRJEB45055,SEQUENCE_ASSEMBLY,749907,sediment metagenome,ftp.sra.ebi.ac.uk/vol1/ERZ222/ERZ2226761/ERR3573697.fasta.gz,PRJEB34634,ERX3571935,ftp.sra.ebi.ac.uk/vol1/fastq/ERR357/007/ERR3573697/ERR3573697_1.fastq.gz;ftp.sra.ebi.ac.uk/vol1/fastq/ERR357/007/ERR3573697/ERR3573697_2.fastq.gz,ftp.sra.ebi.ac.uk/vol1/run/ERR357/ERR3573697/WTCHG_559244_205154.bam,,WTCHG_559244_205154,WAT-DW-1000-WIN
ERR3573698,ERZ2272214,SAMEA5989477,PRJEB45055,SEQUENCE_ASSEMBLY,749907,sediment metagenome,ftp.sra.ebi.ac.uk/vol1/ERZ227/ERZ2272214/ERR3573698.fasta.gz,PRJEB34634,ERX3571936,ftp.sra.ebi.ac.uk/vol1/fastq/ERR357/008/ERR3573698/ERR3573698_1.fastq.gz;ftp.sra.ebi.ac.uk/vol1/fastq/ERR357/008/ERR3573698/ERR3573698_2.fastq.gz,ftp.sra.ebi.ac.uk/vol1/run/ERR357/ERR3573698/WTCHG_559241_205154.bam,,WTCHG_559241_205154,WAT-DW-1000-WIN
ERR3573699,ERZ2271573,SAMEA5989477,PRJEB45055,SEQUENCE_ASSEMBLY,749907,sediment metagenome,ftp.sra.ebi.ac.uk/vol1/ERZ227/ERZ2271573/ERR3573699.fasta.gz,PRJEB34634,ERX3571937,ftp.sra.ebi.ac.uk/vol1/fastq/ERR357/009/ERR3573699/ERR3573699_1.fastq.gz;ftp.sra.ebi.ac.uk/vol1/fastq/ERR357/009/ERR3573699/ERR3573699_2.fastq.gz,ftp.sra.ebi.ac.uk/vol1/run/ERR357/ERR3573699/WTCHG_550636_294165.bam,,WTCHG_550636_294165,WAT-DW-250-AUT
ERR3573700,ERZ2272411,SAMEA5989477,PRJEB45055,SEQUENCE_ASSEMBLY,749907,sediment metagenome,ftp.sra.ebi.ac.uk/vol1/ERZ227/ERZ2272411/ERR3573700.fasta.gz,PRJEB34634,ERX3571938,ftp.sra.ebi.ac.uk/vol1/fastq/ERR357/000/ERR3573700/ERR3573700_1.fastq.gz;ftp.sra.ebi.ac.uk/vol1/fastq/ERR357/000/ERR3573700/ERR3573700_2.fastq.gz,ftp.sra.ebi.ac.uk/vol1/run/ERR357/ERR3573700/WTCHG_551515_294165.bam,,WTCHG_551515_294165,WAT-DW-250-AUT
ERR3573701,ERZ2272717,SAMEA5989477,PRJEB45055,SEQUENCE_ASSEMBLY,749907,sediment metagenome,ftp.sra.ebi.ac.uk/vol1/ERZ227/ERZ2272717/ERR3573701.fasta.gz,PRJEB34634,ERX3571939,ftp.sra.ebi.ac.uk/vol1/fastq/ERR357/001/ERR3573701/ERR3573701_1.fastq.gz;ftp.sra.ebi.ac.uk/vol1/fastq/ERR357/001/ERR3573701/ERR3573701_2.fastq.gz,ftp.sra.ebi.ac.uk/vol1/run/ERR357/ERR3573701/WTCHG_551514_294165.bam,,WTCHG_551514_294165,WAT-DW-250-AUT
ERR3573702,ERZ2271624,SAMEA5989477,PRJEB45055,SEQUENCE_ASSEMBLY,749907,sediment metagenome,ftp.sra.ebi.ac.uk/vol1/ERZ227/ERZ2271624/ERR3573702.fasta.gz,PRJEB34634,ERX3571940,ftp.sra.ebi.ac.uk/vol1/fastq/ERR357/002/ERR3573702/ERR3573702_1.fastq.gz;ftp.sra.ebi.ac.uk/vol1/fastq/ERR357/002/ERR3573702/ERR3573702_2.fastq.gz,ftp.sra.ebi.ac.uk/vol1/run/ERR357/ERR3573702/WTCHG_554366_294165.bam,,WTCHG_554366_294165,WAT-DW-250-AUT
ERR3573703,ERZ2272556,SAMEA5989477,PRJEB45055,SEQUENCE_ASSEMBLY,749907,sediment metagenome,ftp.sra.ebi.ac.uk/vol1/ERZ227/ERZ2272556/ERR3573703.fasta.gz,PRJEB34634,ERX3571941,ftp.sra.ebi.ac.uk/vol1/fastq/ERR357/003/ERR3573703/ERR3573703_1.fastq.gz;ftp.sra.ebi.ac.uk/vol1/fastq/ERR357/003/ERR3573703/ERR3573703_2.fastq.gz,ftp.sra.ebi.ac.uk/vol1/run/ERR357/ERR3573703/WTCHG_554367_294165.bam,,WTCHG_554367_294165,WAT-DW-250-AUT
ERR3573704,ERZ2272733,SAMEA5989477,PRJEB45055,SEQUENCE_ASSEMBLY,749907,sediment metagenome,ftp.sra.ebi.ac.uk/vol1/ERZ227/ERZ2272733/ERR3573704.fasta.gz,PRJEB34634,ERX3571942,ftp.sra.ebi.ac.uk/vol1/fastq/ERR357/004/ERR3573704/ERR3573704_1.fastq.gz;ftp.sra.ebi.ac.uk/vol1/fastq/ERR357/004/ERR3573704/ERR3573704_2.fastq.gz,ftp.sra.ebi.ac.uk/vol1/run/ERR357/ERR3573704/WTCHG_555216_294165.bam,,WTCHG_555216_294165,WAT-DW-250-AUT
ERR3573705,ERZ2270541,SAMEA5989477,PRJEB45055,SEQUENCE_ASSEMBLY,749907,sediment metagenome,ftp.sra.ebi.ac.uk/vol1/ERZ227/ERZ2270541/ERR3573705.fasta.gz,PRJEB34634,ERX3571943,ftp.sra.ebi.ac.uk/vol1/fastq/ERR357/005/ERR3573705/ERR3573705_1.fastq.gz;ftp.sra.ebi.ac.uk/vol1/fastq/ERR357/005/ERR3573705/ERR3573705_2.fastq.gz,ftp.sra.ebi.ac.uk/vol1/run/ERR357/ERR3573705/WTCHG_555217_294165.bam,,WTCHG_555217_294165,WAT-DW-250-AUT
ERR3573706,ERZ2272010,SAMEA5989477,PRJEB45055,SEQUENCE_ASSEMBLY,749907,sediment metagenome,ftp.sra.ebi.ac.uk/vol1/ERZ227/ERZ2272010/ERR3573706.fasta.gz,PRJEB34634,ERX3571944,ftp.sra.ebi.ac.uk/vol1/fastq/ERR357/006/ERR3573706/ERR3573706_1.fastq.gz;ftp.sra.ebi.ac.uk/vol1/fastq/ERR357/006/ERR3573706/ERR3573706_2.fastq.gz,ftp.sra.ebi.ac.uk/vol1/run/ERR357/ERR3573706/WTCHG_555218_294165.bam,,WTCHG_555218_294165,WAT-DW-250-AUT
ERR3573707,ERZ2227787,SAMEA5989477,PRJEB45055,SEQUENCE_ASSEMBLY,749907,sediment metagenome,ftp.sra.ebi.ac.uk/vol1/ERZ222/ERZ2227787/ERR3573707.fasta.gz,PRJEB34634,ERX3571945,ftp.sra.ebi.ac.uk/vol1/fastq/ERR357/007/ERR3573707/ERR3573707_1.fastq.gz;ftp.sra.ebi.ac.uk/vol1/fastq/ERR357/007/ERR3573707/ERR3573707_2.fastq.gz,ftp.sra.ebi.ac.uk/vol1/run/ERR357/ERR3573707/WTCHG_555215_294165.bam,,WTCHG_555215_294165,WAT-DW-250-AUT
ERR3573708,ERZ2271531,SAMEA5989477,PRJEB45055,SEQUENCE_ASSEMBLY,749907,sediment metagenome,ftp.sra.ebi.ac.uk/vol1/ERZ227/ERZ2271531/ERR3573708.fasta.gz,PRJEB34634,ERX3571946,ftp.sra.ebi.ac.uk/vol1/fastq/ERR357/008/ERR3573708/ERR3573708_1.fastq.gz;ftp.sra.ebi.ac.uk/vol1/fastq/ERR357/008/ERR3573708/ERR3573708_2.fastq.gz,ftp.sra.ebi.ac.uk/vol1/run/ERR357/ERR3573708/WTCHG_555221_294165.bam,,WTCHG_555221_294165,WAT-DW-250-AUT
ERR3573709,ERZ2272383,SAMEA5989477,PRJEB45055,SEQUENCE_ASSEMBLY,749907,sediment metagenome,ftp.sra.ebi.ac.uk/vol1/ERZ227/ERZ2272383/ERR3573709.fasta.gz,PRJEB34634,ERX3571947,ftp.sra.ebi.ac.uk/vol1/fastq/ERR357/009/ERR3573709/ERR3573709_1.fastq.gz;ftp.sra.ebi.ac.uk/vol1/fastq/ERR357/009/ERR3573709/ERR3573709_2.fastq.gz,ftp.sra.ebi.ac.uk/vol1/run/ERR357/ERR3573709/WTCHG_555219_294165.bam,,WTCHG_555219_294165,WAT-DW-250-AUT
ERR3573710,ERZ2272229,SAMEA5989477,PRJEB45055,SEQUENCE_ASSEMBLY,749907,sediment metagenome,ftp.sra.ebi.ac.uk/vol1/ERZ227/ERZ2272229/ERR3573710.fasta.gz,PRJEB34634,ERX3571948,ftp.sra.ebi.ac.uk/vol1/fastq/ERR357/000/ERR3573710/ERR3573710_1.fastq.gz;ftp.sra.ebi.ac.uk/vol1/fastq/ERR357/000/ERR3573710/ERR3573710_2.fastq.gz,ftp.sra.ebi.ac.uk/vol1/run/ERR357/ERR3573710/WTCHG_555220_294165.bam,,WTCHG_555220_294165,WAT-DW-250-AUT
ERR3573711,ERZ2272327,SAMEA5989477,PRJEB45055,SEQUENCE_ASSEMBLY,749907,sediment metagenome,ftp.sra.ebi.ac.uk/vol1/ERZ227/ERZ2272327/ERR3573711.fasta.gz,PRJEB34634,ERX3571949,ftp.sra.ebi.ac.uk/vol1/fastq/ERR357/001/ERR3573711/ERR3573711_1.fastq.gz;ftp.sra.ebi.ac.uk/vol1/fastq/ERR357/001/ERR3573711/ERR3573711_2.fastq.gz,ftp.sra.ebi.ac.uk/vol1/run/ERR357/ERR3573711/WTCHG_555214_294165.bam,,WTCHG_555214_294165,WAT-DW-250-AUT
ERR3573712,ERZ2271646,SAMEA5989477,PRJEB45055,SEQUENCE_ASSEMBLY,749907,sediment metagenome,ftp.sra.ebi.ac.uk/vol1/ERZ227/ERZ2271646/ERR3573712.fasta.gz,PRJEB34634,ERX3571950,ftp.sra.ebi.ac.uk/vol1/fastq/ERR357/002/ERR3573712/ERR3573712_1.fastq.gz;ftp.sra.ebi.ac.uk/vol1/fastq/ERR357/002/ERR3573712/ERR3573712_2.fastq.gz,ftp.sra.ebi.ac.uk/vol1/run/ERR357/ERR3573712/WTCHG_559240_294165.bam,,WTCHG_559240_294165,WAT-DW-250-AUT
ERR3573713,ERZ2272012,SAMEA5989477,PRJEB45055,SEQUENCE_ASSEMBLY,749907,sediment metagenome,ftp.sra.ebi.ac.uk/vol1/ERZ227/ERZ2272012/ERR3573713.fasta.gz,PRJEB34634,ERX3571951,ftp.sra.ebi.ac.uk/vol1/fastq/ERR357/003/ERR3573713/ERR3573713_1.fastq.gz;ftp.sra.ebi.ac.uk/vol1/fastq/ERR357/003/ERR3573713/ERR3573713_2.fastq.gz,ftp.sra.ebi.ac.uk/vol1/run/ERR357/ERR3573713/WTCHG_559242_294165.bam,,WTCHG_559242_294165,WAT-DW-250-AUT
ERR3573714,ERZ2272302,SAMEA5989477,PRJEB45055,SEQUENCE_ASSEMBLY,749907,sediment metagenome,ftp.sra.ebi.ac.uk/vol1/ERZ227/ERZ2272302/ERR3573714.fasta.gz,PRJEB34634,ERX3571952,ftp.sra.ebi.ac.uk/vol1/fastq/ERR357/004/ERR3573714/ERR3573714_1.fastq.gz;ftp.sra.ebi.ac.uk/vol1/fastq/ERR357/004/ERR3573714/ERR3573714_2.fastq.gz,ftp.sra.ebi.ac.uk/vol1/run/ERR357/ERR3573714/WTCHG_559243_294165.bam,,WTCHG_559243_294165,WAT-DW-250-AUT
ERR3573715,ERZ2272297,SAMEA5989477,PRJEB45055,SEQUENCE_ASSEMBLY,749907,sediment metagenome,ftp.sra.ebi.ac.uk/vol1/ERZ227/ERZ2272297/ERR3573715.fasta.gz,PRJEB34634,ERX3571953,ftp.sra.ebi.ac.uk/vol1/fastq/ERR357/005/ERR3573715/ERR3573715_1.fastq.gz;ftp.sra.ebi.ac.uk/vol1/fastq/ERR357/005/ERR3573715/ERR3573715_2.fastq.gz,ftp.sra.ebi.ac.uk/vol1/run/ERR357/ERR3573715/WTCHG_559241_294165.bam,,WTCHG_559241_294165,WAT-DW-250-AUT
ERR3573716,ERZ2270789,SAMEA5989477,PRJEB45055,SEQUENCE_ASSEMBLY,749907,sediment metagenome,ftp.sra.ebi.ac.uk/vol1/ERZ227/ERZ2270789/ERR3573716.fasta.gz,PRJEB34634,ERX3571954,ftp.sra.ebi.ac.uk/vol1/fastq/ERR357/006/ERR3573716/ERR3573716_1.fastq.gz;ftp.sra.ebi.ac.uk/vol1/fastq/ERR357/006/ERR3573716/ERR3573716_2.fastq.gz,ftp.sra.ebi.ac.uk/vol1/run/ERR357/ERR3573716/WTCHG_559244_294165.bam,,WTCHG_559244_294165,WAT-DW-250-AUT
ERR3573717,ERZ2271628,SAMEA5989477,PRJEB45055,SEQUENCE_ASSEMBLY,749907,sediment metagenome,ftp.sra.ebi.ac.uk/vol1/ERZ227/ERZ2271628/ERR3573717.fasta.gz,PRJEB34634,ERX3571955,ftp.sra.ebi.ac.uk/vol1/fastq/ERR357/007/ERR3573717/ERR3573717_1.fastq.gz;ftp.sra.ebi.ac.uk/vol1/fastq/ERR357/007/ERR3573717/ERR3573717_2.fastq.gz,ftp.sra.ebi.ac.uk/vol1/run/ERR357/ERR3573717/WTCHG_550636_289105.bam,,WTCHG_550636_289105,WAT-DW-250-SUM
ERR3573718,ERZ2227694,SAMEA5989477,PRJEB45055,SEQUENCE_ASSEMBLY,749907,sediment metagenome,ftp.sra.ebi.ac.uk/vol1/ERZ222/ERZ2227694/ERR3573718.fasta.gz,PRJEB34634,ERX3571956,ftp.sra.ebi.ac.uk/vol1/fastq/ERR357/008/ERR3573718/ERR3573718_1.fastq.gz;ftp.sra.ebi.ac.uk/vol1/fastq/ERR357/008/ERR3573718/ERR3573718_2.fastq.gz,ftp.sra.ebi.ac.uk/vol1/run/ERR357/ERR3573718/WTCHG_551515_289105.bam,,WTCHG_551515_289105,WAT-DW-250-SUM
ERR3573719,ERZ2271526,SAMEA5989477,PRJEB45055,SEQUENCE_ASSEMBLY,749907,sediment metagenome,ftp.sra.ebi.ac.uk/vol1/ERZ227/ERZ2271526/ERR3573719.fasta.gz,PRJEB34634,ERX3571957,ftp.sra.ebi.ac.uk/vol1/fastq/ERR357/009/ERR3573719/ERR3573719_1.fastq.gz;ftp.sra.ebi.ac.uk/vol1/fastq/ERR357/009/ERR3573719/ERR3573719_2.fastq.gz,ftp.sra.ebi.ac.uk/vol1/run/ERR357/ERR3573719/WTCHG_551514_289105.bam,,WTCHG_551514_289105,WAT-DW-250-SUM
ERR3573720,ERZ2272584,SAMEA5989477,PRJEB45055,SEQUENCE_ASSEMBLY,749907,sediment metagenome,ftp.sra.ebi.ac.uk/vol1/ERZ227/ERZ2272584/ERR3573720.fasta.gz,PRJEB34634,ERX3571958,ftp.sra.ebi.ac.uk/vol1/fastq/ERR357/000/ERR3573720/ERR3573720_1.fastq.gz;ftp.sra.ebi.ac.uk/vol1/fastq/ERR357/000/ERR3573720/ERR3573720_2.fastq.gz,ftp.sra.ebi.ac.uk/vol1/run/ERR357/ERR3573720/WTCHG_554367_289105.bam,,WTCHG_554367_289105,WAT-DW-250-SUM
ERR3573721,ERZ2270274,SAMEA5989477,PRJEB45055,SEQUENCE_ASSEMBLY,749907,sediment metagenome,ftp.sra.ebi.ac.uk/vol1/ERZ227/ERZ2270274/ERR3573721.fasta.gz,PRJEB34634,ERX3571959,ftp.sra.ebi.ac.uk/vol1/fastq/ERR357/001/ERR3573721/ERR3573721_1.fastq.gz;ftp.sra.ebi.ac.uk/vol1/fastq/ERR357/001/ERR3573721/ERR3573721_2.fastq.gz,ftp.sra.ebi.ac.uk/vol1/run/ERR357/ERR3573721/WTCHG_554366_289105.bam,,WTCHG_554366_289105,WAT-DW-250-SUM
ERR3573722,ERZ2272778,SAMEA5989477,PRJEB45055,SEQUENCE_ASSEMBLY,749907,sediment metagenome,ftp.sra.ebi.ac.uk/vol1/ERZ227/ERZ2272778/ERR3573722.fasta.gz,PRJEB34634,ERX3571960,ftp.sra.ebi.ac.uk/vol1/fastq/ERR357/002/ERR3573722/ERR3573722_1.fastq.gz;ftp.sra.ebi.ac.uk/vol1/fastq/ERR357/002/ERR3573722/ERR3573722_2.fastq.gz,ftp.sra.ebi.ac.uk/vol1/run/ERR357/ERR3573722/WTCHG_555215_289105.bam,,WTCHG_555215_289105,WAT-DW-250-SUM
ERR3573723,ERZ2272398,SAMEA5989477,PRJEB45055,SEQUENCE_ASSEMBLY,749907,sediment metagenome,ftp.sra.ebi.ac.uk/vol1/ERZ227/ERZ2272398/ERR3573723.fasta.gz,PRJEB34634,ERX3571961,ftp.sra.ebi.ac.uk/vol1/fastq/ERR357/003/ERR3573723/ERR3573723_1.fastq.gz;ftp.sra.ebi.ac.uk/vol1/fastq/ERR357/003/ERR3573723/ERR3573723_2.fastq.gz,ftp.sra.ebi.ac.uk/vol1/run/ERR357/ERR3573723/WTCHG_555218_289105.bam,,WTCHG_555218_289105,WAT-DW-250-SUM
ERR3573724,ERZ2272632,SAMEA5989477,PRJEB45055,SEQUENCE_ASSEMBLY,749907,sediment metagenome,ftp.sra.ebi.ac.uk/vol1/ERZ227/ERZ2272632/ERR3573724.fasta.gz,PRJEB34634,ERX3571962,ftp.sra.ebi.ac.uk/vol1/fastq/ERR357/004/ERR3573724/ERR3573724_1.fastq.gz;ftp.sra.ebi.ac.uk/vol1/fastq/ERR357/004/ERR3573724/ERR3573724_2.fastq.gz,ftp.sra.ebi.ac.uk/vol1/run/ERR357/ERR3573724/WTCHG_555217_289105.bam,,WTCHG_555217_289105,WAT-DW-250-SUM
ERR3573725,ERZ2272259,SAMEA5989477,PRJEB45055,SEQUENCE_ASSEMBLY,749907,sediment metagenome,ftp.sra.ebi.ac.uk/vol1/ERZ227/ERZ2272259/ERR3573725.fasta.gz,PRJEB34634,ERX3571963,ftp.sra.ebi.ac.uk/vol1/fastq/ERR357/005/ERR3573725/ERR3573725_1.fastq.gz;ftp.sra.ebi.ac.uk/vol1/fastq/ERR357/005/ERR3573725/ERR3573725_2.fastq.gz,ftp.sra.ebi.ac.uk/vol1/run/ERR357/ERR3573725/WTCHG_555214_289105.bam,,WTCHG_555214_289105,WAT-DW-250-SUM
ERR3573726,ERZ2271579,SAMEA5989477,PRJEB45055,SEQUENCE_ASSEMBLY,749907,sediment metagenome,ftp.sra.ebi.ac.uk/vol1/ERZ227/ERZ2271579/ERR3573726.fasta.gz,PRJEB34634,ERX3571964,ftp.sra.ebi.ac.uk/vol1/fastq/ERR357/006/ERR3573726/ERR3573726_1.fastq.gz;ftp.sra.ebi.ac.uk/vol1/fastq/ERR357/006/ERR3573726/ERR3573726_2.fastq.gz,ftp.sra.ebi.ac.uk/vol1/run/ERR357/ERR3573726/WTCHG_555221_289105.bam,,WTCHG_555221_289105,WAT-DW-250-SUM
ERR3573727,ERZ2271421,SAMEA5989477,PRJEB45055,SEQUENCE_ASSEMBLY,749907,sediment metagenome,ftp.sra.ebi.ac.uk/vol1/ERZ227/ERZ2271421/ERR3573727.fasta.gz,PRJEB34634,ERX3571965,ftp.sra.ebi.ac.uk/vol1/fastq/ERR357/007/ERR3573727/ERR3573727_1.fastq.gz;ftp.sra.ebi.ac.uk/vol1/fastq/ERR357/007/ERR3573727/ERR3573727_2.fastq.gz,ftp.sra.ebi.ac.uk/vol1/run/ERR357/ERR3573727/WTCHG_555220_289105.bam,,WTCHG_555220_289105,WAT-DW-250-SUM
ERR3573728,ERZ2271882,SAMEA5989477,PRJEB45055,SEQUENCE_ASSEMBLY,749907,sediment metagenome,ftp.sra.ebi.ac.uk/vol1/ERZ227/ERZ2271882/ERR3573728.fasta.gz,PRJEB34634,ERX3571966,ftp.sra.ebi.ac.uk/vol1/fastq/ERR357/008/ERR3573728/ERR3573728_1.fastq.gz;ftp.sra.ebi.ac.uk/vol1/fastq/ERR357/008/ERR3573728/ERR3573728_2.fastq.gz,ftp.sra.ebi.ac.uk/vol1/run/ERR357/ERR3573728/WTCHG_555219_289105.bam,,WTCHG_555219_289105,WAT-DW-250-SUM
ERR3573729,ERZ2271494,SAMEA5989477,PRJEB45055,SEQUENCE_ASSEMBLY,749907,sediment metagenome,ftp.sra.ebi.ac.uk/vol1/ERZ227/ERZ2271494/ERR3573729.fasta.gz,PRJEB34634,ERX3571967,ftp.sra.ebi.ac.uk/vol1/fastq/ERR357/009/ERR3573729/ERR3573729_1.fastq.gz;ftp.sra.ebi.ac.uk/vol1/fastq/ERR357/009/ERR3573729/ERR3573729_2.fastq.gz,ftp.sra.ebi.ac.uk/vol1/run/ERR357/ERR3573729/WTCHG_555216_289105.bam,,WTCHG_555216_289105,WAT-DW-250-SUM
ERR3573730,ERZ2271517,SAMEA5989477,PRJEB45055,SEQUENCE_ASSEMBLY,749907,sediment metagenome,ftp.sra.ebi.ac.uk/vol1/ERZ227/ERZ2271517/ERR3573730.fasta.gz,PRJEB34634,ERX3571968,ftp.sra.ebi.ac.uk/vol1/fastq/ERR357/000/ERR3573730/ERR3573730_1.fastq.gz;ftp.sra.ebi.ac.uk/vol1/fastq/ERR357/000/ERR3573730/ERR3573730_2.fastq.gz,ftp.sra.ebi.ac.uk/vol1/run/ERR357/ERR3573730/WTCHG_559244_289105.bam,,WTCHG_559244_289105,WAT-DW-250-SUM
ERR3573731,ERZ2272150,SAMEA5989477,PRJEB45055,SEQUENCE_ASSEMBLY,749907,sediment metagenome,ftp.sra.ebi.ac.uk/vol1/ERZ227/ERZ2272150/ERR3573731.fasta.gz,PRJEB34634,ERX3571969,ftp.sra.ebi.ac.uk/vol1/fastq/ERR357/001/ERR3573731/ERR3573731_1.fastq.gz;ftp.sra.ebi.ac.uk/vol1/fastq/ERR357/001/ERR3573731/ERR3573731_2.fastq.gz,ftp.sra.ebi.ac.uk/vol1/run/ERR357/ERR3573731/WTCHG_559240_289105.bam,,WTCHG_559240_289105,WAT-DW-250-SUM
ERR3573732,ERZ2272676,SAMEA5989477,PRJEB45055,SEQUENCE_ASSEMBLY,749907,sediment metagenome,ftp.sra.ebi.ac.uk/vol1/ERZ227/ERZ2272676/ERR3573732.fasta.gz,PRJEB34634,ERX3571970,ftp.sra.ebi.ac.uk/vol1/fastq/ERR357/002/ERR3573732/ERR3573732_1.fastq.gz;ftp.sra.ebi.ac.uk/vol1/fastq/ERR357/002/ERR3573732/ERR3573732_2.fastq.gz,ftp.sra.ebi.ac.uk/vol1/run/ERR357/ERR3573732/WTCHG_559242_289105.bam,,WTCHG_559242_289105,WAT-DW-250-SUM
ERR3573733,ERZ2272195,SAMEA5989477,PRJEB45055,SEQUENCE_ASSEMBLY,749907,sediment metagenome,ftp.sra.ebi.ac.uk/vol1/ERZ227/ERZ2272195/ERR3573733.fasta.gz,PRJEB34634,ERX3571971,ftp.sra.ebi.ac.uk/vol1/fastq/ERR357/003/ERR3573733/ERR3573733_1.fastq.gz;ftp.sra.ebi.ac.uk/vol1/fastq/ERR357/003/ERR3573733/ERR3573733_2.fastq.gz,ftp.sra.ebi.ac.uk/vol1/run/ERR357/ERR3573733/WTCHG_559241_289105.bam,,WTCHG_559241_289105,WAT-DW-250-SUM
ERR3573734,ERZ2272506,SAMEA5989477,PRJEB45055,SEQUENCE_ASSEMBLY,749907,sediment metagenome,ftp.sra.ebi.ac.uk/vol1/ERZ227/ERZ2272506/ERR3573734.fasta.gz,PRJEB34634,ERX3571972,ftp.sra.ebi.ac.uk/vol1/fastq/ERR357/004/ERR3573734/ERR3573734_1.fastq.gz;ftp.sra.ebi.ac.uk/vol1/fastq/ERR357/004/ERR3573734/ERR3573734_2.fastq.gz,ftp.sra.ebi.ac.uk/vol1/run/ERR357/ERR3573734/WTCHG_559243_289105.bam,,WTCHG_559243_289105,WAT-DW-250-SUM
ERR3573735,ERZ2227113,SAMEA5989477,PRJEB45055,SEQUENCE_ASSEMBLY,749907,sediment metagenome,ftp.sra.ebi.ac.uk/vol1/ERZ222/ERZ2227113/ERR3573735.fasta.gz,PRJEB34634,ERX3571973,ftp.sra.ebi.ac.uk/vol1/fastq/ERR357/005/ERR3573735/ERR3573735_1.fastq.gz;ftp.sra.ebi.ac.uk/vol1/fastq/ERR357/005/ERR3573735/ERR3573735_2.fastq.gz,ftp.sra.ebi.ac.uk/vol1/run/ERR357/ERR3573735/WTCHG_550636_203130.bam,,WTCHG_550636_203130,WAT-DW-250-WIN
ERR3573736,ERZ2271329,SAMEA5989477,PRJEB45055,SEQUENCE_ASSEMBLY,749907,sediment metagenome,ftp.sra.ebi.ac.uk/vol1/ERZ227/ERZ2271329/ERR3573736.fasta.gz,PRJEB34634,ERX3571974,ftp.sra.ebi.ac.uk/vol1/fastq/ERR357/006/ERR3573736/ERR3573736_1.fastq.gz;ftp.sra.ebi.ac.uk/vol1/fastq/ERR357/006/ERR3573736/ERR3573736_2.fastq.gz,ftp.sra.ebi.ac.uk/vol1/run/ERR357/ERR3573736/WTCHG_551514_203130.bam,,WTCHG_551514_203130,WAT-DW-250-WIN
ERR3573737,ERZ2271786,SAMEA5989477,PRJEB45055,SEQUENCE_ASSEMBLY,749907,sediment metagenome,ftp.sra.ebi.ac.uk/vol1/ERZ227/ERZ2271786/ERR3573737.fasta.gz,PRJEB34634,ERX3571975,ftp.sra.ebi.ac.uk/vol1/fastq/ERR357/007/ERR3573737/ERR3573737_1.fastq.gz;ftp.sra.ebi.ac.uk/vol1/fastq/ERR357/007/ERR3573737/ERR3573737_2.fastq.gz,ftp.sra.ebi.ac.uk/vol1/run/ERR357/ERR3573737/WTCHG_551515_203130.bam,,WTCHG_551515_203130,WAT-DW-250-WIN
ERR3573738,ERZ2271740,SAMEA5989477,PRJEB45055,SEQUENCE_ASSEMBLY,749907,sediment metagenome,ftp.sra.ebi.ac.uk/vol1/ERZ227/ERZ2271740/ERR3573738.fasta.gz,PRJEB34634,ERX3571976,ftp.sra.ebi.ac.uk/vol1/fastq/ERR357/008/ERR3573738/ERR3573738_1.fastq.gz;ftp.sra.ebi.ac.uk/vol1/fastq/ERR357/008/ERR3573738/ERR3573738_2.fastq.gz,ftp.sra.ebi.ac.uk/vol1/run/ERR357/ERR3573738/WTCHG_554367_203130.bam,,WTCHG_554367_203130,WAT-DW-250-WIN
ERR3573739,ERZ2227661,SAMEA5989477,PRJEB45055,SEQUENCE_ASSEMBLY,749907,sediment metagenome,ftp.sra.ebi.ac.uk/vol1/ERZ222/ERZ2227661/ERR3573739.fasta.gz,PRJEB34634,ERX3571977,ftp.sra.ebi.ac.uk/vol1/fastq/ERR357/009/ERR3573739/ERR3573739_1.fastq.gz;ftp.sra.ebi.ac.uk/vol1/fastq/ERR357/009/ERR3573739/ERR3573739_2.fastq.gz,ftp.sra.ebi.ac.uk/vol1/run/ERR357/ERR3573739/WTCHG_554366_203130.bam,,WTCHG_554366_203130,WAT-DW-250-WIN
ERR3573740,ERZ2271883,SAMEA5989477,PRJEB45055,SEQUENCE_ASSEMBLY,749907,sediment metagenome,ftp.sra.ebi.ac.uk/vol1/ERZ227/ERZ2271883/ERR3573740.fasta.gz,PRJEB34634,ERX3571978,ftp.sra.ebi.ac.uk/vol1/fastq/ERR357/000/ERR3573740/ERR3573740_1.fastq.gz;ftp.sra.ebi.ac.uk/vol1/fastq/ERR357/000/ERR3573740/ERR3573740_2.fastq.gz,ftp.sra.ebi.ac.uk/vol1/run/ERR357/ERR3573740/WTCHG_555216_203130.bam,,WTCHG_555216_203130,WAT-DW-250-WIN
ERR3573741,ERZ2271330,SAMEA5989477,PRJEB45055,SEQUENCE_ASSEMBLY,749907,sediment metagenome,ftp.sra.ebi.ac.uk/vol1/ERZ227/ERZ2271330/ERR3573741.fasta.gz,PRJEB34634,ERX3571979,ftp.sra.ebi.ac.uk/vol1/fastq/ERR357/001/ERR3573741/ERR3573741_1.fastq.gz;ftp.sra.ebi.ac.uk/vol1/fastq/ERR357/001/ERR3573741/ERR3573741_2.fastq.gz,ftp.sra.ebi.ac.uk/vol1/run/ERR357/ERR3573741/WTCHG_555218_203130.bam,,WTCHG_555218_203130,WAT-DW-250-WIN
ERR3573742,ERZ2271030,SAMEA5989477,PRJEB45055,SEQUENCE_ASSEMBLY,749907,sediment metagenome,ftp.sra.ebi.ac.uk/vol1/ERZ227/ERZ2271030/ERR3573742.fasta.gz,PRJEB34634,ERX3571980,ftp.sra.ebi.ac.uk/vol1/fastq/ERR357/002/ERR3573742/ERR3573742_1.fastq.gz;ftp.sra.ebi.ac.uk/vol1/fastq/ERR357/002/ERR3573742/ERR3573742_2.fastq.gz,ftp.sra.ebi.ac.uk/vol1/run/ERR357/ERR3573742/WTCHG_555214_203130.bam,,WTCHG_555214_203130,WAT-DW-250-WIN
ERR3573743,ERZ2271692,SAMEA5989477,PRJEB45055,SEQUENCE_ASSEMBLY,749907,sediment metagenome,ftp.sra.ebi.ac.uk/vol1/ERZ227/ERZ2271692/ERR3573743.fasta.gz,PRJEB34634,ERX3571981,ftp.sra.ebi.ac.uk/vol1/fastq/ERR357/003/ERR3573743/ERR3573743_1.fastq.gz;ftp.sra.ebi.ac.uk/vol1/fastq/ERR357/003/ERR3573743/ERR3573743_2.fastq.gz,ftp.sra.ebi.ac.uk/vol1/run/ERR357/ERR3573743/WTCHG_555220_203130.bam,,WTCHG_555220_203130,WAT-DW-250-WIN
ERR3573744,ERZ2272450,SAMEA5989477,PRJEB45055,SEQUENCE_ASSEMBLY,749907,sediment metagenome,ftp.sra.ebi.ac.uk/vol1/ERZ227/ERZ2272450/ERR3573744.fasta.gz,PRJEB34634,ERX3571982,ftp.sra.ebi.ac.uk/vol1/fastq/ERR357/004/ERR3573744/ERR3573744_1.fastq.gz;ftp.sra.ebi.ac.uk/vol1/fastq/ERR357/004/ERR3573744/ERR3573744_2.fastq.gz,ftp.sra.ebi.ac.uk/vol1/run/ERR357/ERR3573744/WTCHG_555221_203130.bam,,WTCHG_555221_203130,WAT-DW-250-WIN
ERR3573745,ERZ2271962,SAMEA5989477,PRJEB45055,SEQUENCE_ASSEMBLY,749907,sediment metagenome,ftp.sra.ebi.ac.uk/vol1/ERZ227/ERZ2271962/ERR3573745.fasta.gz,PRJEB34634,ERX3571983,ftp.sra.ebi.ac.uk/vol1/fastq/ERR357/005/ERR3573745/ERR3573745_1.fastq.gz;ftp.sra.ebi.ac.uk/vol1/fastq/ERR357/005/ERR3573745/ERR3573745_2.fastq.gz,ftp.sra.ebi.ac.uk/vol1/run/ERR357/ERR3573745/WTCHG_555215_203130.bam,,WTCHG_555215_203130,WAT-DW-250-WIN
ERR3573746,ERZ2271821,SAMEA5989477,PRJEB45055,SEQUENCE_ASSEMBLY,749907,sediment metagenome,ftp.sra.ebi.ac.uk/vol1/ERZ227/ERZ2271821/ERR3573746.fasta.gz,PRJEB34634,ERX3571984,ftp.sra.ebi.ac.uk/vol1/fastq/ERR357/006/ERR3573746/ERR3573746_1.fastq.gz;ftp.sra.ebi.ac.uk/vol1/fastq/ERR357/006/ERR3573746/ERR3573746_2.fastq.gz,ftp.sra.ebi.ac.uk/vol1/run/ERR357/ERR3573746/WTCHG_555219_203130.bam,,WTCHG_555219_203130,WAT-DW-250-WIN
ERR3573747,ERZ2271838,SAMEA5989477,PRJEB45055,SEQUENCE_ASSEMBLY,749907,sediment metagenome,ftp.sra.ebi.ac.uk/vol1/ERZ227/ERZ2271838/ERR3573747.fasta.gz,PRJEB34634,ERX3571985,ftp.sra.ebi.ac.uk/vol1/fastq/ERR357/007/ERR3573747/ERR3573747_1.fastq.gz;ftp.sra.ebi.ac.uk/vol1/fastq/ERR357/007/ERR3573747/ERR3573747_2.fastq.gz,ftp.sra.ebi.ac.uk/vol1/run/ERR357/ERR3573747/WTCHG_555217_203130.bam,,WTCHG_555217_203130,WAT-DW-250-WIN
ERR3573748,ERZ2271721,SAMEA5989477,PRJEB45055,SEQUENCE_ASSEMBLY,749907,sediment metagenome,ftp.sra.ebi.ac.uk/vol1/ERZ227/ERZ2271721/ERR3573748.fasta.gz,PRJEB34634,ERX3571986,ftp.sra.ebi.ac.uk/vol1/fastq/ERR357/008/ERR3573748/ERR3573748_1.fastq.gz;ftp.sra.ebi.ac.uk/vol1/fastq/ERR357/008/ERR3573748/ERR3573748_2.fastq.gz,ftp.sra.ebi.ac.uk/vol1/run/ERR357/ERR3573748/WTCHG_559242_203130.bam,,WTCHG_559242_203130,WAT-DW-250-WIN
ERR3573749,ERZ2272511,SAMEA5989477,PRJEB45055,SEQUENCE_ASSEMBLY,749907,sediment metagenome,ftp.sra.ebi.ac.uk/vol1/ERZ227/ERZ2272511/ERR3573749.fasta.gz,PRJEB34634,ERX3571987,ftp.sra.ebi.ac.uk/vol1/fastq/ERR357/009/ERR3573749/ERR3573749_1.fastq.gz;ftp.sra.ebi.ac.uk/vol1/fastq/ERR357/009/ERR3573749/ERR3573749_2.fastq.gz,ftp.sra.ebi.ac.uk/vol1/run/ERR357/ERR3573749/WTCHG_559243_203130.bam,,WTCHG_559243_203130,WAT-DW-250-WIN
ERR3573750,ERZ2271994,SAMEA5989477,PRJEB45055,SEQUENCE_ASSEMBLY,749907,sediment metagenome,ftp.sra.ebi.ac.uk/vol1/ERZ227/ERZ2271994/ERR3573750.fasta.gz,PRJEB34634,ERX3571988,ftp.sra.ebi.ac.uk/vol1/fastq/ERR357/000/ERR3573750/ERR3573750_1.fastq.gz;ftp.sra.ebi.ac.uk/vol1/fastq/ERR357/000/ERR3573750/ERR3573750_2.fastq.gz,ftp.sra.ebi.ac.uk/vol1/run/ERR357/ERR3573750/WTCHG_559240_203130.bam,,WTCHG_559240_203130,WAT-DW-250-WIN
ERR3573751,ERZ2271910,SAMEA5989477,PRJEB45055,SEQUENCE_ASSEMBLY,749907,sediment metagenome,ftp.sra.ebi.ac.uk/vol1/ERZ227/ERZ2271910/ERR3573751.fasta.gz,PRJEB34634,ERX3571989,ftp.sra.ebi.ac.uk/vol1/fastq/ERR357/001/ERR3573751/ERR3573751_1.fastq.gz;ftp.sra.ebi.ac.uk/vol1/fastq/ERR357/001/ERR3573751/ERR3573751_2.fastq.gz,ftp.sra.ebi.ac.uk/vol1/run/ERR357/ERR3573751/WTCHG_559241_203130.bam,,WTCHG_559241_203130,WAT-DW-250-WIN
ERR3573752,ERZ2272479,SAMEA5989477,PRJEB45055,SEQUENCE_ASSEMBLY,749907,sediment metagenome,ftp.sra.ebi.ac.uk/vol1/ERZ227/ERZ2272479/ERR3573752.fasta.gz,PRJEB34634,ERX3571990,ftp.sra.ebi.ac.uk/vol1/fastq/ERR357/002/ERR3573752/ERR3573752_1.fastq.gz;ftp.sra.ebi.ac.uk/vol1/fastq/ERR357/002/ERR3573752/ERR3573752_2.fastq.gz,ftp.sra.ebi.ac.uk/vol1/run/ERR357/ERR3573752/WTCHG_559244_203130.bam,,WTCHG_559244_203130,WAT-DW-250-WIN
ERR3573753,ERZ2270938,SAMEA5989477,PRJEB45055,SEQUENCE_ASSEMBLY,749907,sediment metagenome,ftp.sra.ebi.ac.uk/vol1/ERZ227/ERZ2270938/ERR3573753.fasta.gz,PRJEB34634,ERX3571991,ftp.sra.ebi.ac.uk/vol1/fastq/ERR357/003/ERR3573753/ERR3573753_1.fastq.gz;ftp.sra.ebi.ac.uk/vol1/fastq/ERR357/003/ERR3573753/ERR3573753_2.fastq.gz,ftp.sra.ebi.ac.uk/vol1/run/ERR357/ERR3573753/WTCHG_550636_295177.bam,,WTCHG_550636_295177,WAT-DW-500-AUT
ERR3573754,ERZ2271909,SAMEA5989477,PRJEB45055,SEQUENCE_ASSEMBLY,749907,sediment metagenome,ftp.sra.ebi.ac.uk/vol1/ERZ227/ERZ2271909/ERR3573754.fasta.gz,PRJEB34634,ERX3571992,ftp.sra.ebi.ac.uk/vol1/fastq/ERR357/004/ERR3573754/ERR3573754_1.fastq.gz;ftp.sra.ebi.ac.uk/vol1/fastq/ERR357/004/ERR3573754/ERR3573754_2.fastq.gz,ftp.sra.ebi.ac.uk/vol1/run/ERR357/ERR3573754/WTCHG_551514_295177.bam,,WTCHG_551514_295177,WAT-DW-500-AUT
ERR3573755,ERZ2272798,SAMEA5989477,PRJEB45055,SEQUENCE_ASSEMBLY,749907,sediment metagenome,ftp.sra.ebi.ac.uk/vol1/ERZ227/ERZ2272798/ERR3573755.fasta.gz,PRJEB34634,ERX3571993,ftp.sra.ebi.ac.uk/vol1/fastq/ERR357/005/ERR3573755/ERR3573755_1.fastq.gz;ftp.sra.ebi.ac.uk/vol1/fastq/ERR357/005/ERR3573755/ERR3573755_2.fastq.gz,ftp.sra.ebi.ac.uk/vol1/run/ERR357/ERR3573755/WTCHG_551515_295177.bam,,WTCHG_551515_295177,WAT-DW-500-AUT
ERR3573756,ERZ2227970,SAMEA5989477,PRJEB45055,SEQUENCE_ASSEMBLY,749907,sediment metagenome,ftp.sra.ebi.ac.uk/vol1/ERZ222/ERZ2227970/ERR3573756.fasta.gz,PRJEB34634,ERX3571994,ftp.sra.ebi.ac.uk/vol1/fastq/ERR357/006/ERR3573756/ERR3573756_1.fastq.gz;ftp.sra.ebi.ac.uk/vol1/fastq/ERR357/006/ERR3573756/ERR3573756_2.fastq.gz,ftp.sra.ebi.ac.uk/vol1/run/ERR357/ERR3573756/WTCHG_554367_295177.bam,,WTCHG_554367_295177,WAT-DW-500-AUT
ERR3573757,ERZ2272425,SAMEA5989477,PRJEB45055,SEQUENCE_ASSEMBLY,749907,sediment metagenome,ftp.sra.ebi.ac.uk/vol1/ERZ227/ERZ2272425/ERR3573757.fasta.gz,PRJEB34634,ERX3571995,ftp.sra.ebi.ac.uk/vol1/fastq/ERR357/007/ERR3573757/ERR3573757_1.fastq.gz;ftp.sra.ebi.ac.uk/vol1/fastq/ERR357/007/ERR3573757/ERR3573757_2.fastq.gz,ftp.sra.ebi.ac.uk/vol1/run/ERR357/ERR3573757/WTCHG_554366_295177.bam,,WTCHG_554366_295177,WAT-DW-500-AUT
ERR3573758,ERZ2271678,SAMEA5989477,PRJEB45055,SEQUENCE_ASSEMBLY,749907,sediment metagenome,ftp.sra.ebi.ac.uk/vol1/ERZ227/ERZ2271678/ERR3573758.fasta.gz,PRJEB34634,ERX3571996,ftp.sra.ebi.ac.uk/vol1/fastq/ERR357/008/ERR3573758/ERR3573758_1.fastq.gz;ftp.sra.ebi.ac.uk/vol1/fastq/ERR357/008/ERR3573758/ERR3573758_2.fastq.gz,ftp.sra.ebi.ac.uk/vol1/run/ERR357/ERR3573758/WTCHG_555219_295177.bam,,WTCHG_555219_295177,WAT-DW-500-AUT
ERR3573759,ERZ2272595,SAMEA5989477,PRJEB45055,SEQUENCE_ASSEMBLY,749907,sediment metagenome,ftp.sra.ebi.ac.uk/vol1/ERZ227/ERZ2272595/ERR3573759.fasta.gz,PRJEB34634,ERX3571997,ftp.sra.ebi.ac.uk/vol1/fastq/ERR357/009/ERR3573759/ERR3573759_1.fastq.gz;ftp.sra.ebi.ac.uk/vol1/fastq/ERR357/009/ERR3573759/ERR3573759_2.fastq.gz,ftp.sra.ebi.ac.uk/vol1/run/ERR357/ERR3573759/WTCHG_555214_295177.bam,,WTCHG_555214_295177,WAT-DW-500-AUT
ERR3573760,ERZ2271597,SAMEA5989477,PRJEB45055,SEQUENCE_ASSEMBLY,749907,sediment metagenome,ftp.sra.ebi.ac.uk/vol1/ERZ227/ERZ2271597/ERR3573760.fasta.gz,PRJEB34634,ERX3571998,ftp.sra.ebi.ac.uk/vol1/fastq/ERR357/000/ERR3573760/ERR3573760_1.fastq.gz;ftp.sra.ebi.ac.uk/vol1/fastq/ERR357/000/ERR3573760/ERR3573760_2.fastq.gz,ftp.sra.ebi.ac.uk/vol1/run/ERR357/ERR3573760/WTCHG_555221_295177.bam,,WTCHG_555221_295177,WAT-DW-500-AUT
ERR3573761,ERZ2270781,SAMEA5989477,PRJEB45055,SEQUENCE_ASSEMBLY,749907,sediment metagenome,ftp.sra.ebi.ac.uk/vol1/ERZ227/ERZ2270781/ERR3573761.fasta.gz,PRJEB34634,ERX3571999,ftp.sra.ebi.ac.uk/vol1/fastq/ERR357/001/ERR3573761/ERR3573761_1.fastq.gz;ftp.sra.ebi.ac.uk/vol1/fastq/ERR357/001/ERR3573761/ERR3573761_2.fastq.gz,ftp.sra.ebi.ac.uk/vol1/run/ERR357/ERR3573761/WTCHG_555217_295177.bam,,WTCHG_555217_295177,WAT-DW-500-AUT
ERR3573762,ERZ2272238,SAMEA5989477,PRJEB45055,SEQUENCE_ASSEMBLY,749907,sediment metagenome,ftp.sra.ebi.ac.uk/vol1/ERZ227/ERZ2272238/ERR3573762.fasta.gz,PRJEB34634,ERX3572000,ftp.sra.ebi.ac.uk/vol1/fastq/ERR357/002/ERR3573762/ERR3573762_1.fastq.gz;ftp.sra.ebi.ac.uk/vol1/fastq/ERR357/002/ERR3573762/ERR3573762_2.fastq.gz,ftp.sra.ebi.ac.uk/vol1/run/ERR357/ERR3573762/WTCHG_555220_295177.bam,,WTCHG_555220_295177,WAT-DW-500-AUT
ERR3573763,ERZ2271895,SAMEA5989477,PRJEB45055,SEQUENCE_ASSEMBLY,749907,sediment metagenome,ftp.sra.ebi.ac.uk/vol1/ERZ227/ERZ2271895/ERR3573763.fasta.gz,PRJEB34634,ERX3572001,ftp.sra.ebi.ac.uk/vol1/fastq/ERR357/003/ERR3573763/ERR3573763_1.fastq.gz;ftp.sra.ebi.ac.uk/vol1/fastq/ERR357/003/ERR3573763/ERR3573763_2.fastq.gz,ftp.sra.ebi.ac.uk/vol1/run/ERR357/ERR3573763/WTCHG_555216_295177.bam,,WTCHG_555216_295177,WAT-DW-500-AUT
ERR3573764,ERZ2271551,SAMEA5989477,PRJEB45055,SEQUENCE_ASSEMBLY,749907,sediment metagenome,ftp.sra.ebi.ac.uk/vol1/ERZ227/ERZ2271551/ERR3573764.fasta.gz,PRJEB34634,ERX3572002,ftp.sra.ebi.ac.uk/vol1/fastq/ERR357/004/ERR3573764/ERR3573764_1.fastq.gz;ftp.sra.ebi.ac.uk/vol1/fastq/ERR357/004/ERR3573764/ERR3573764_2.fastq.gz,ftp.sra.ebi.ac.uk/vol1/run/ERR357/ERR3573764/WTCHG_555215_295177.bam,,WTCHG_555215_295177,WAT-DW-500-AUT
ERR3573765,ERZ2271695,SAMEA5989477,PRJEB45055,SEQUENCE_ASSEMBLY,749907,sediment metagenome,ftp.sra.ebi.ac.uk/vol1/ERZ227/ERZ2271695/ERR3573765.fasta.gz,PRJEB34634,ERX3572003,ftp.sra.ebi.ac.uk/vol1/fastq/ERR357/005/ERR3573765/ERR3573765_1.fastq.gz;ftp.sra.ebi.ac.uk/vol1/fastq/ERR357/005/ERR3573765/ERR3573765_2.fastq.gz,ftp.sra.ebi.ac.uk/vol1/run/ERR357/ERR3573765/WTCHG_555218_295177.bam,,WTCHG_555218_295177,WAT-DW-500-AUT
ERR3573766,ERZ2271745,SAMEA5989477,PRJEB45055,SEQUENCE_ASSEMBLY,749907,sediment metagenome,ftp.sra.ebi.ac.uk/vol1/ERZ227/ERZ2271745/ERR3573766.fasta.gz,PRJEB34634,ERX3572004,ftp.sra.ebi.ac.uk/vol1/fastq/ERR357/006/ERR3573766/ERR3573766_1.fastq.gz;ftp.sra.ebi.ac.uk/vol1/fastq/ERR357/006/ERR3573766/ERR3573766_2.fastq.gz,ftp.sra.ebi.ac.uk/vol1/run/ERR357/ERR3573766/WTCHG_559241_295177.bam,,WTCHG_559241_295177,WAT-DW-500-AUT
ERR3573767,ERZ2270614,SAMEA5989477,PRJEB45055,SEQUENCE_ASSEMBLY,749907,sediment metagenome,ftp.sra.ebi.ac.uk/vol1/ERZ227/ERZ2270614/ERR3573767.fasta.gz,PRJEB34634,ERX3572005,ftp.sra.ebi.ac.uk/vol1/fastq/ERR357/007/ERR3573767/ERR3573767_1.fastq.gz;ftp.sra.ebi.ac.uk/vol1/fastq/ERR357/007/ERR3573767/ERR3573767_2.fastq.gz,ftp.sra.ebi.ac.uk/vol1/run/ERR357/ERR3573767/WTCHG_559244_295177.bam,,WTCHG_559244_295177,WAT-DW-500-AUT
ERR3573768,ERZ2272526,SAMEA5989477,PRJEB45055,SEQUENCE_ASSEMBLY,749907,sediment metagenome,ftp.sra.ebi.ac.uk/vol1/ERZ227/ERZ2272526/ERR3573768.fasta.gz,PRJEB34634,ERX3572006,ftp.sra.ebi.ac.uk/vol1/fastq/ERR357/008/ERR3573768/ERR3573768_1.fastq.gz;ftp.sra.ebi.ac.uk/vol1/fastq/ERR357/008/ERR3573768/ERR3573768_2.fastq.gz,ftp.sra.ebi.ac.uk/vol1/run/ERR357/ERR3573768/WTCHG_559242_295177.bam,,WTCHG_559242_295177,WAT-DW-500-AUT
ERR3573769,ERZ2272101,SAMEA5989477,PRJEB45055,SEQUENCE_ASSEMBLY,749907,sediment metagenome,ftp.sra.ebi.ac.uk/vol1/ERZ227/ERZ2272101/ERR3573769.fasta.gz,PRJEB34634,ERX3572007,ftp.sra.ebi.ac.uk/vol1/fastq/ERR357/009/ERR3573769/ERR3573769_1.fastq.gz;ftp.sra.ebi.ac.uk/vol1/fastq/ERR357/009/ERR3573769/ERR3573769_2.fastq.gz,ftp.sra.ebi.ac.uk/vol1/run/ERR357/ERR3573769/WTCHG_559240_295177.bam,,WTCHG_559240_295177,WAT-DW-500-AUT
ERR3573770,ERZ2271012,SAMEA5989477,PRJEB45055,SEQUENCE_ASSEMBLY,749907,sediment metagenome,ftp.sra.ebi.ac.uk/vol1/ERZ227/ERZ2271012/ERR3573770.fasta.gz,PRJEB34634,ERX3572008,ftp.sra.ebi.ac.uk/vol1/fastq/ERR357/000/ERR3573770/ERR3573770_1.fastq.gz;ftp.sra.ebi.ac.uk/vol1/fastq/ERR357/000/ERR3573770/ERR3573770_2.fastq.gz,ftp.sra.ebi.ac.uk/vol1/run/ERR357/ERR3573770/WTCHG_559243_295177.bam,,WTCHG_559243_295177,WAT-DW-500-AUT
ERR3573771,ERZ2272658,SAMEA5989477,PRJEB45055,SEQUENCE_ASSEMBLY,749907,sediment metagenome,ftp.sra.ebi.ac.uk/vol1/ERZ227/ERZ2272658/ERR3573771.fasta.gz,PRJEB34634,ERX3572009,ftp.sra.ebi.ac.uk/vol1/fastq/ERR357/001/ERR3573771/ERR3573771_1.fastq.gz;ftp.sra.ebi.ac.uk/vol1/fastq/ERR357/001/ERR3573771/ERR3573771_2.fastq.gz,ftp.sra.ebi.ac.uk/vol1/run/ERR357/ERR3573771/WTCHG_550636_290117.bam,,WTCHG_550636_290117,WAT-DW-500-SUM
ERR3573772,ERZ2272619,SAMEA5989477,PRJEB45055,SEQUENCE_ASSEMBLY,749907,sediment metagenome,ftp.sra.ebi.ac.uk/vol1/ERZ227/ERZ2272619/ERR3573772.fasta.gz,PRJEB34634,ERX3572010,ftp.sra.ebi.ac.uk/vol1/fastq/ERR357/002/ERR3573772/ERR3573772_1.fastq.gz;ftp.sra.ebi.ac.uk/vol1/fastq/ERR357/002/ERR3573772/ERR3573772_2.fastq.gz,ftp.sra.ebi.ac.uk/vol1/run/ERR357/ERR3573772/WTCHG_551514_290117.bam,,WTCHG_551514_290117,WAT-DW-500-SUM
ERR3573773,ERZ2227330,SAMEA5989477,PRJEB45055,SEQUENCE_ASSEMBLY,749907,sediment metagenome,ftp.sra.ebi.ac.uk/vol1/ERZ222/ERZ2227330/ERR3573773.fasta.gz,PRJEB34634,ERX3572011,ftp.sra.ebi.ac.uk/vol1/fastq/ERR357/003/ERR3573773/ERR3573773_1.fastq.gz;ftp.sra.ebi.ac.uk/vol1/fastq/ERR357/003/ERR3573773/ERR3573773_2.fastq.gz,ftp.sra.ebi.ac.uk/vol1/run/ERR357/ERR3573773/WTCHG_551515_290117.bam,,WTCHG_551515_290117,WAT-DW-500-SUM
ERR3573774,ERZ2270909,SAMEA5989477,PRJEB45055,SEQUENCE_ASSEMBLY,749907,sediment metagenome,ftp.sra.ebi.ac.uk/vol1/ERZ227/ERZ2270909/ERR3573774.fasta.gz,PRJEB34634,ERX3572012,ftp.sra.ebi.ac.uk/vol1/fastq/ERR357/004/ERR3573774/ERR3573774_1.fastq.gz;ftp.sra.ebi.ac.uk/vol1/fastq/ERR357/004/ERR3573774/ERR3573774_2.fastq.gz,ftp.sra.ebi.ac.uk/vol1/run/ERR357/ERR3573774/WTCHG_554367_290117.bam,,WTCHG_554367_290117,WAT-DW-500-SUM
ERR3573775,ERZ2271750,SAMEA5989477,PRJEB45055,SEQUENCE_ASSEMBLY,749907,sediment metagenome,ftp.sra.ebi.ac.uk/vol1/ERZ227/ERZ2271750/ERR3573775.fasta.gz,PRJEB34634,ERX3572013,ftp.sra.ebi.ac.uk/vol1/fastq/ERR357/005/ERR3573775/ERR3573775_1.fastq.gz;ftp.sra.ebi.ac.uk/vol1/fastq/ERR357/005/ERR3573775/ERR3573775_2.fastq.gz,ftp.sra.ebi.ac.uk/vol1/run/ERR357/ERR3573775/WTCHG_554366_290117.bam,,WTCHG_554366_290117,WAT-DW-500-SUM
ERR3573776,ERZ2272172,SAMEA5989477,PRJEB45055,SEQUENCE_ASSEMBLY,749907,sediment metagenome,ftp.sra.ebi.ac.uk/vol1/ERZ227/ERZ2272172/ERR3573776.fasta.gz,PRJEB34634,ERX3572014,ftp.sra.ebi.ac.uk/vol1/fastq/ERR357/006/ERR3573776/ERR3573776_1.fastq.gz;ftp.sra.ebi.ac.uk/vol1/fastq/ERR357/006/ERR3573776/ERR3573776_2.fastq.gz,ftp.sra.ebi.ac.uk/vol1/run/ERR357/ERR3573776/WTCHG_555220_290117.bam,,WTCHG_555220_290117,WAT-DW-500-SUM
ERR3573777,ERZ2271106,SAMEA5989477,PRJEB45055,SEQUENCE_ASSEMBLY,749907,sediment metagenome,ftp.sra.ebi.ac.uk/vol1/ERZ227/ERZ2271106/ERR3573777.fasta.gz,PRJEB34634,ERX3572015,ftp.sra.ebi.ac.uk/vol1/fastq/ERR357/007/ERR3573777/ERR3573777_1.fastq.gz;ftp.sra.ebi.ac.uk/vol1/fastq/ERR357/007/ERR3573777/ERR3573777_2.fastq.gz,ftp.sra.ebi.ac.uk/vol1/run/ERR357/ERR3573777/WTCHG_555221_290117.bam,,WTCHG_555221_290117,WAT-DW-500-SUM
ERR3573778,ERZ2272579,SAMEA5989477,PRJEB45055,SEQUENCE_ASSEMBLY,749907,sediment metagenome,ftp.sra.ebi.ac.uk/vol1/ERZ227/ERZ2272579/ERR3573778.fasta.gz,PRJEB34634,ERX3572016,ftp.sra.ebi.ac.uk/vol1/fastq/ERR357/008/ERR3573778/ERR3573778_1.fastq.gz;ftp.sra.ebi.ac.uk/vol1/fastq/ERR357/008/ERR3573778/ERR3573778_2.fastq.gz,ftp.sra.ebi.ac.uk/vol1/run/ERR357/ERR3573778/WTCHG_555217_290117.bam,,WTCHG_555217_290117,WAT-DW-500-SUM
ERR3573779,ERZ2271863,SAMEA5989477,PRJEB45055,SEQUENCE_ASSEMBLY,749907,sediment metagenome,ftp.sra.ebi.ac.uk/vol1/ERZ227/ERZ2271863/ERR3573779.fasta.gz,PRJEB34634,ERX3572017,ftp.sra.ebi.ac.uk/vol1/fastq/ERR357/009/ERR3573779/ERR3573779_1.fastq.gz;ftp.sra.ebi.ac.uk/vol1/fastq/ERR357/009/ERR3573779/ERR3573779_2.fastq.gz,ftp.sra.ebi.ac.uk/vol1/run/ERR357/ERR3573779/WTCHG_555216_290117.bam,,WTCHG_555216_290117,WAT-DW-500-SUM
ERR3573780,ERZ2272283,SAMEA5989477,PRJEB45055,SEQUENCE_ASSEMBLY,749907,sediment metagenome,ftp.sra.ebi.ac.uk/vol1/ERZ227/ERZ2272283/ERR3573780.fasta.gz,PRJEB34634,ERX3572018,ftp.sra.ebi.ac.uk/vol1/fastq/ERR357/000/ERR3573780/ERR3573780_1.fastq.gz;ftp.sra.ebi.ac.uk/vol1/fastq/ERR357/000/ERR3573780/ERR3573780_2.fastq.gz,ftp.sra.ebi.ac.uk/vol1/run/ERR357/ERR3573780/WTCHG_555215_290117.bam,,WTCHG_555215_290117,WAT-DW-500-SUM
ERR3573781,ERZ2227149,SAMEA5989477,PRJEB45055,SEQUENCE_ASSEMBLY,749907,sediment metagenome,ftp.sra.ebi.ac.uk/vol1/ERZ222/ERZ2227149/ERR3573781.fasta.gz,PRJEB34634,ERX3572019,ftp.sra.ebi.ac.uk/vol1/fastq/ERR357/001/ERR3573781/ERR3573781_1.fastq.gz;ftp.sra.ebi.ac.uk/vol1/fastq/ERR357/001/ERR3573781/ERR3573781_2.fastq.gz,ftp.sra.ebi.ac.uk/vol1/run/ERR357/ERR3573781/WTCHG_555214_290117.bam,,WTCHG_555214_290117,WAT-DW-500-SUM
ERR3573782,ERZ2227119,SAMEA5989477,PRJEB45055,SEQUENCE_ASSEMBLY,749907,sediment metagenome,ftp.sra.ebi.ac.uk/vol1/ERZ222/ERZ2227119/ERR3573782.fasta.gz,PRJEB34634,ERX3572020,ftp.sra.ebi.ac.uk/vol1/fastq/ERR357/002/ERR3573782/ERR3573782_1.fastq.gz;ftp.sra.ebi.ac.uk/vol1/fastq/ERR357/002/ERR3573782/ERR3573782_2.fastq.gz,ftp.sra.ebi.ac.uk/vol1/run/ERR357/ERR3573782/WTCHG_555219_290117.bam,,WTCHG_555219_290117,WAT-DW-500-SUM
ERR3573783,ERZ2272277,SAMEA5989477,PRJEB45055,SEQUENCE_ASSEMBLY,749907,sediment metagenome,ftp.sra.ebi.ac.uk/vol1/ERZ227/ERZ2272277/ERR3573783.fasta.gz,PRJEB34634,ERX3572021,ftp.sra.ebi.ac.uk/vol1/fastq/ERR357/003/ERR3573783/ERR3573783_1.fastq.gz;ftp.sra.ebi.ac.uk/vol1/fastq/ERR357/003/ERR3573783/ERR3573783_2.fastq.gz,ftp.sra.ebi.ac.uk/vol1/run/ERR357/ERR3573783/WTCHG_555218_290117.bam,,WTCHG_555218_290117,WAT-DW-500-SUM
ERR3573784,ERZ2226723,SAMEA5989477,PRJEB45055,SEQUENCE_ASSEMBLY,749907,sediment metagenome,ftp.sra.ebi.ac.uk/vol1/ERZ222/ERZ2226723/ERR3573784.fasta.gz,PRJEB34634,ERX3572022,ftp.sra.ebi.ac.uk/vol1/fastq/ERR357/004/ERR3573784/ERR3573784_1.fastq.gz;ftp.sra.ebi.ac.uk/vol1/fastq/ERR357/004/ERR3573784/ERR3573784_2.fastq.gz,ftp.sra.ebi.ac.uk/vol1/run/ERR357/ERR3573784/WTCHG_559244_290117.bam,,WTCHG_559244_290117,WAT-DW-500-SUM
ERR3573785,ERZ2272788,SAMEA5989477,PRJEB45055,SEQUENCE_ASSEMBLY,749907,sediment metagenome,ftp.sra.ebi.ac.uk/vol1/ERZ227/ERZ2272788/ERR3573785.fasta.gz,PRJEB34634,ERX3572023,ftp.sra.ebi.ac.uk/vol1/fastq/ERR357/005/ERR3573785/ERR3573785_1.fastq.gz;ftp.sra.ebi.ac.uk/vol1/fastq/ERR357/005/ERR3573785/ERR3573785_2.fastq.gz,ftp.sra.ebi.ac.uk/vol1/run/ERR357/ERR3573785/WTCHG_559242_290117.bam,,WTCHG_559242_290117,WAT-DW-500-SUM
ERR3573786,ERZ2272455,SAMEA5989477,PRJEB45055,SEQUENCE_ASSEMBLY,749907,sediment metagenome,ftp.sra.ebi.ac.uk/vol1/ERZ227/ERZ2272455/ERR3573786.fasta.gz,PRJEB34634,ERX3572024,ftp.sra.ebi.ac.uk/vol1/fastq/ERR357/006/ERR3573786/ERR3573786_1.fastq.gz;ftp.sra.ebi.ac.uk/vol1/fastq/ERR357/006/ERR3573786/ERR3573786_2.fastq.gz,ftp.sra.ebi.ac.uk/vol1/run/ERR357/ERR3573786/WTCHG_559241_290117.bam,,WTCHG_559241_290117,WAT-DW-500-SUM
ERR3573787,ERZ2272197,SAMEA5989477,PRJEB45055,SEQUENCE_ASSEMBLY,749907,sediment metagenome,ftp.sra.ebi.ac.uk/vol1/ERZ227/ERZ2272197/ERR3573787.fasta.gz,PRJEB34634,ERX3572025,ftp.sra.ebi.ac.uk/vol1/fastq/ERR357/007/ERR3573787/ERR3573787_1.fastq.gz;ftp.sra.ebi.ac.uk/vol1/fastq/ERR357/007/ERR3573787/ERR3573787_2.fastq.gz,ftp.sra.ebi.ac.uk/vol1/run/ERR357/ERR3573787/WTCHG_559240_290117.bam,,WTCHG_559240_290117,WAT-DW-500-SUM
ERR3573788,ERZ2270941,SAMEA5989477,PRJEB45055,SEQUENCE_ASSEMBLY,749907,sediment metagenome,ftp.sra.ebi.ac.uk/vol1/ERZ227/ERZ2270941/ERR3573788.fasta.gz,PRJEB34634,ERX3572026,ftp.sra.ebi.ac.uk/vol1/fastq/ERR357/008/ERR3573788/ERR3573788_1.fastq.gz;ftp.sra.ebi.ac.uk/vol1/fastq/ERR357/008/ERR3573788/ERR3573788_2.fastq.gz,ftp.sra.ebi.ac.uk/vol1/run/ERR357/ERR3573788/WTCHG_559243_290117.bam,,WTCHG_559243_290117,WAT-DW-500-SUM
ERR3573789,ERZ2271988,SAMEA5989477,PRJEB45055,SEQUENCE_ASSEMBLY,749907,sediment metagenome,ftp.sra.ebi.ac.uk/vol1/ERZ227/ERZ2271988/ERR3573789.fasta.gz,PRJEB34634,ERX3572027,ftp.sra.ebi.ac.uk/vol1/fastq/ERR357/009/ERR3573789/ERR3573789_1.fastq.gz;ftp.sra.ebi.ac.uk/vol1/fastq/ERR357/009/ERR3573789/ERR3573789_2.fastq.gz,ftp.sra.ebi.ac.uk/vol1/run/ERR357/ERR3573789/WTCHG_550636_204142.bam,,WTCHG_550636_204142,WAT-DW-500-WIN
ERR3573790,ERZ2272797,SAMEA5989477,PRJEB45055,SEQUENCE_ASSEMBLY,749907,sediment metagenome,ftp.sra.ebi.ac.uk/vol1/ERZ227/ERZ2272797/ERR3573790.fasta.gz,PRJEB34634,ERX3572028,ftp.sra.ebi.ac.uk/vol1/fastq/ERR357/000/ERR3573790/ERR3573790_1.fastq.gz;ftp.sra.ebi.ac.uk/vol1/fastq/ERR357/000/ERR3573790/ERR3573790_2.fastq.gz,ftp.sra.ebi.ac.uk/vol1/run/ERR357/ERR3573790/WTCHG_551514_204142.bam,,WTCHG_551514_204142,WAT-DW-500-WIN
ERR3573791,ERZ2272558,SAMEA5989477,PRJEB45055,SEQUENCE_ASSEMBLY,749907,sediment metagenome,ftp.sra.ebi.ac.uk/vol1/ERZ227/ERZ2272558/ERR3573791.fasta.gz,PRJEB34634,ERX3572029,ftp.sra.ebi.ac.uk/vol1/fastq/ERR357/001/ERR3573791/ERR3573791_1.fastq.gz;ftp.sra.ebi.ac.uk/vol1/fastq/ERR357/001/ERR3573791/ERR3573791_2.fastq.gz,ftp.sra.ebi.ac.uk/vol1/run/ERR357/ERR3573791/WTCHG_551515_204142.bam,,WTCHG_551515_204142,WAT-DW-500-WIN
ERR3573792,ERZ2272166,SAMEA5989477,PRJEB45055,SEQUENCE_ASSEMBLY,749907,sediment metagenome,ftp.sra.ebi.ac.uk/vol1/ERZ227/ERZ2272166/ERR3573792.fasta.gz,PRJEB34634,ERX3572030,ftp.sra.ebi.ac.uk/vol1/fastq/ERR357/002/ERR3573792/ERR3573792_1.fastq.gz;ftp.sra.ebi.ac.uk/vol1/fastq/ERR357/002/ERR3573792/ERR3573792_2.fastq.gz,ftp.sra.ebi.ac.uk/vol1/run/ERR357/ERR3573792/WTCHG_554366_204142.bam,,WTCHG_554366_204142,WAT-DW-500-WIN
ERR3573793,ERZ2270676,SAMEA5989477,PRJEB45055,SEQUENCE_ASSEMBLY,749907,sediment metagenome,ftp.sra.ebi.ac.uk/vol1/ERZ227/ERZ2270676/ERR3573793.fasta.gz,PRJEB34634,ERX3572031,ftp.sra.ebi.ac.uk/vol1/fastq/ERR357/003/ERR3573793/ERR3573793_1.fastq.gz;ftp.sra.ebi.ac.uk/vol1/fastq/ERR357/003/ERR3573793/ERR3573793_2.fastq.gz,ftp.sra.ebi.ac.uk/vol1/run/ERR357/ERR3573793/WTCHG_554367_204142.bam,,WTCHG_554367_204142,WAT-DW-500-WIN
ERR3573794,ERZ2270908,SAMEA5989477,PRJEB45055,SEQUENCE_ASSEMBLY,749907,sediment metagenome,ftp.sra.ebi.ac.uk/vol1/ERZ227/ERZ2270908/ERR3573794.fasta.gz,PRJEB34634,ERX3572032,ftp.sra.ebi.ac.uk/vol1/fastq/ERR357/004/ERR3573794/ERR3573794_1.fastq.gz;ftp.sra.ebi.ac.uk/vol1/fastq/ERR357/004/ERR3573794/ERR3573794_2.fastq.gz,ftp.sra.ebi.ac.uk/vol1/run/ERR357/ERR3573794/WTCHG_555217_204142.bam,,WTCHG_555217_204142,WAT-DW-500-WIN
ERR3573795,ERZ2227672,SAMEA5989477,PRJEB45055,SEQUENCE_ASSEMBLY,749907,sediment metagenome,ftp.sra.ebi.ac.uk/vol1/ERZ222/ERZ2227672/ERR3573795.fasta.gz,PRJEB34634,ERX3572033,ftp.sra.ebi.ac.uk/vol1/fastq/ERR357/005/ERR3573795/ERR3573795_1.fastq.gz;ftp.sra.ebi.ac.uk/vol1/fastq/ERR357/005/ERR3573795/ERR3573795_2.fastq.gz,ftp.sra.ebi.ac.uk/vol1/run/ERR357/ERR3573795/WTCHG_555220_204142.bam,,WTCHG_555220_204142,WAT-DW-500-WIN
ERR3573796,ERZ2271940,SAMEA5989477,PRJEB45055,SEQUENCE_ASSEMBLY,749907,sediment metagenome,ftp.sra.ebi.ac.uk/vol1/ERZ227/ERZ2271940/ERR3573796.fasta.gz,PRJEB34634,ERX3572034,ftp.sra.ebi.ac.uk/vol1/fastq/ERR357/006/ERR3573796/ERR3573796_1.fastq.gz;ftp.sra.ebi.ac.uk/vol1/fastq/ERR357/006/ERR3573796/ERR3573796_2.fastq.gz,ftp.sra.ebi.ac.uk/vol1/run/ERR357/ERR3573796/WTCHG_555216_204142.bam,,WTCHG_555216_204142,WAT-DW-500-WIN
ERR3573797,ERZ2227442,SAMEA5989477,PRJEB45055,SEQUENCE_ASSEMBLY,749907,sediment metagenome,ftp.sra.ebi.ac.uk/vol1/ERZ222/ERZ2227442/ERR3573797.fasta.gz,PRJEB34634,ERX3572035,ftp.sra.ebi.ac.uk/vol1/fastq/ERR357/007/ERR3573797/ERR3573797_1.fastq.gz;ftp.sra.ebi.ac.uk/vol1/fastq/ERR357/007/ERR3573797/ERR3573797_2.fastq.gz,ftp.sra.ebi.ac.uk/vol1/run/ERR357/ERR3573797/WTCHG_555221_204142.bam,,WTCHG_555221_204142,WAT-DW-500-WIN
ERR3573798,ERZ2272787,SAMEA5989477,PRJEB45055,SEQUENCE_ASSEMBLY,749907,sediment metagenome,ftp.sra.ebi.ac.uk/vol1/ERZ227/ERZ2272787/ERR3573798.fasta.gz,PRJEB34634,ERX3572036,ftp.sra.ebi.ac.uk/vol1/fastq/ERR357/008/ERR3573798/ERR3573798_1.fastq.gz;ftp.sra.ebi.ac.uk/vol1/fastq/ERR357/008/ERR3573798/ERR3573798_2.fastq.gz,ftp.sra.ebi.ac.uk/vol1/run/ERR357/ERR3573798/WTCHG_555214_204142.bam,,WTCHG_555214_204142,WAT-DW-500-WIN
ERR3573799,ERZ2271700,SAMEA5989477,PRJEB45055,SEQUENCE_ASSEMBLY,749907,sediment metagenome,ftp.sra.ebi.ac.uk/vol1/ERZ227/ERZ2271700/ERR3573799.fasta.gz,PRJEB34634,ERX3572037,ftp.sra.ebi.ac.uk/vol1/fastq/ERR357/009/ERR3573799/ERR3573799_1.fastq.gz;ftp.sra.ebi.ac.uk/vol1/fastq/ERR357/009/ERR3573799/ERR3573799_2.fastq.gz,ftp.sra.ebi.ac.uk/vol1/run/ERR357/ERR3573799/WTCHG_555218_204142.bam,,WTCHG_555218_204142,WAT-DW-500-WIN
ERR3573800,ERZ2272719,SAMEA5989477,PRJEB45055,SEQUENCE_ASSEMBLY,749907,sediment metagenome,ftp.sra.ebi.ac.uk/vol1/ERZ227/ERZ2272719/ERR3573800.fasta.gz,PRJEB34634,ERX3572038,ftp.sra.ebi.ac.uk/vol1/fastq/ERR357/000/ERR3573800/ERR3573800_1.fastq.gz;ftp.sra.ebi.ac.uk/vol1/fastq/ERR357/000/ERR3573800/ERR3573800_2.fastq.gz,ftp.sra.ebi.ac.uk/vol1/run/ERR357/ERR3573800/WTCHG_555219_204142.bam,,WTCHG_555219_204142,WAT-DW-500-WIN
ERR3573801,ERZ2271861,SAMEA5989477,PRJEB45055,SEQUENCE_ASSEMBLY,749907,sediment metagenome,ftp.sra.ebi.ac.uk/vol1/ERZ227/ERZ2271861/ERR3573801.fasta.gz,PRJEB34634,ERX3572039,ftp.sra.ebi.ac.uk/vol1/fastq/ERR357/001/ERR3573801/ERR3573801_1.fastq.gz;ftp.sra.ebi.ac.uk/vol1/fastq/ERR357/001/ERR3573801/ERR3573801_2.fastq.gz,ftp.sra.ebi.ac.uk/vol1/run/ERR357/ERR3573801/WTCHG_555215_204142.bam,,WTCHG_555215_204142,WAT-DW-500-WIN
ERR3573802,ERZ2271968,SAMEA5989477,PRJEB45055,SEQUENCE_ASSEMBLY,749907,sediment metagenome,ftp.sra.ebi.ac.uk/vol1/ERZ227/ERZ2271968/ERR3573802.fasta.gz,PRJEB34634,ERX3572040,ftp.sra.ebi.ac.uk/vol1/fastq/ERR357/002/ERR3573802/ERR3573802_1.fastq.gz;ftp.sra.ebi.ac.uk/vol1/fastq/ERR357/002/ERR3573802/ERR3573802_2.fastq.gz,ftp.sra.ebi.ac.uk/vol1/run/ERR357/ERR3573802/WTCHG_559241_204142.bam,,WTCHG_559241_204142,WAT-DW-500-WIN
ERR3573803,ERZ2272062,SAMEA5989477,PRJEB45055,SEQUENCE_ASSEMBLY,749907,sediment metagenome,ftp.sra.ebi.ac.uk/vol1/ERZ227/ERZ2272062/ERR3573803.fasta.gz,PRJEB34634,ERX3572041,ftp.sra.ebi.ac.uk/vol1/fastq/ERR357/003/ERR3573803/ERR3573803_1.fastq.gz;ftp.sra.ebi.ac.uk/vol1/fastq/ERR357/003/ERR3573803/ERR3573803_2.fastq.gz,ftp.sra.ebi.ac.uk/vol1/run/ERR357/ERR3573803/WTCHG_559243_204142.bam,,WTCHG_559243_204142,WAT-DW-500-WIN
ERR3573804,ERZ2270762,SAMEA5989477,PRJEB45055,SEQUENCE_ASSEMBLY,749907,sediment metagenome,ftp.sra.ebi.ac.uk/vol1/ERZ227/ERZ2270762/ERR3573804.fasta.gz,PRJEB34634,ERX3572042,ftp.sra.ebi.ac.uk/vol1/fastq/ERR357/004/ERR3573804/ERR3573804_1.fastq.gz;ftp.sra.ebi.ac.uk/vol1/fastq/ERR357/004/ERR3573804/ERR3573804_2.fastq.gz,ftp.sra.ebi.ac.uk/vol1/run/ERR357/ERR3573804/WTCHG_559240_204142.bam,,WTCHG_559240_204142,WAT-DW-500-WIN
ERR3573805,ERZ2272815,SAMEA5989477,PRJEB45055,SEQUENCE_ASSEMBLY,749907,sediment metagenome,ftp.sra.ebi.ac.uk/vol1/ERZ227/ERZ2272815/ERR3573805.fasta.gz,PRJEB34634,ERX3572043,ftp.sra.ebi.ac.uk/vol1/fastq/ERR357/005/ERR3573805/ERR3573805_1.fastq.gz;ftp.sra.ebi.ac.uk/vol1/fastq/ERR357/005/ERR3573805/ERR3573805_2.fastq.gz,ftp.sra.ebi.ac.uk/vol1/run/ERR357/ERR3573805/WTCHG_559242_204142.bam,,WTCHG_559242_204142,WAT-DW-500-WIN
ERR3573806,ERZ2270539,SAMEA5989477,PRJEB45055,SEQUENCE_ASSEMBLY,749907,sediment metagenome,ftp.sra.ebi.ac.uk/vol1/ERZ227/ERZ2270539/ERR3573806.fasta.gz,PRJEB34634,ERX3572044,ftp.sra.ebi.ac.uk/vol1/fastq/ERR357/006/ERR3573806/ERR3573806_1.fastq.gz;ftp.sra.ebi.ac.uk/vol1/fastq/ERR357/006/ERR3573806/ERR3573806_2.fastq.gz,ftp.sra.ebi.ac.uk/vol1/run/ERR357/ERR3573806/WTCHG_559244_204142.bam,,WTCHG_559244_204142,WAT-DW-500-WIN
ERR3573807,ERZ2272646,SAMEA5989477,PRJEB45055,SEQUENCE_ASSEMBLY,749907,sediment metagenome,ftp.sra.ebi.ac.uk/vol1/ERZ227/ERZ2272646/ERR3573807.fasta.gz,PRJEB34634,ERX3572045,ftp.sra.ebi.ac.uk/vol1/fastq/ERR357/007/ERR3573807/ERR3573807_1.fastq.gz;ftp.sra.ebi.ac.uk/vol1/fastq/ERR357/007/ERR3573807/ERR3573807_2.fastq.gz,ftp.sra.ebi.ac.uk/vol1/run/ERR357/ERR3573807/WTCHG_550636_212143.bam,,WTCHG_550636_212143,WAT-EFF-AUT
ERR3573808,ERZ2227259,SAMEA5989477,PRJEB45055,SEQUENCE_ASSEMBLY,749907,sediment metagenome,ftp.sra.ebi.ac.uk/vol1/ERZ222/ERZ2227259/ERR3573808.fasta.gz,PRJEB34634,ERX3572046,ftp.sra.ebi.ac.uk/vol1/fastq/ERR357/008/ERR3573808/ERR3573808_1.fastq.gz;ftp.sra.ebi.ac.uk/vol1/fastq/ERR357/008/ERR3573808/ERR3573808_2.fastq.gz,ftp.sra.ebi.ac.uk/vol1/run/ERR357/ERR3573808/WTCHG_551515_212143.bam,,WTCHG_551515_212143,WAT-EFF-AUT
ERR3573809,ERZ2272093,SAMEA5989477,PRJEB45055,SEQUENCE_ASSEMBLY,749907,sediment metagenome,ftp.sra.ebi.ac.uk/vol1/ERZ227/ERZ2272093/ERR3573809.fasta.gz,PRJEB34634,ERX3572047,ftp.sra.ebi.ac.uk/vol1/fastq/ERR357/009/ERR3573809/ERR3573809_1.fastq.gz;ftp.sra.ebi.ac.uk/vol1/fastq/ERR357/009/ERR3573809/ERR3573809_2.fastq.gz,ftp.sra.ebi.ac.uk/vol1/run/ERR357/ERR3573809/WTCHG_551514_212143.bam,,WTCHG_551514_212143,WAT-EFF-AUT
ERR3573810,ERZ2270522,SAMEA5989477,PRJEB45055,SEQUENCE_ASSEMBLY,749907,sediment metagenome,ftp.sra.ebi.ac.uk/vol1/ERZ227/ERZ2270522/ERR3573810.fasta.gz,PRJEB34634,ERX3572048,ftp.sra.ebi.ac.uk/vol1/fastq/ERR357/000/ERR3573810/ERR3573810_1.fastq.gz;ftp.sra.ebi.ac.uk/vol1/fastq/ERR357/000/ERR3573810/ERR3573810_2.fastq.gz,ftp.sra.ebi.ac.uk/vol1/run/ERR357/ERR3573810/WTCHG_554366_212143.bam,,WTCHG_554366_212143,WAT-EFF-AUT
ERR3573811,ERZ2272362,SAMEA5989477,PRJEB45055,SEQUENCE_ASSEMBLY,749907,sediment metagenome,ftp.sra.ebi.ac.uk/vol1/ERZ227/ERZ2272362/ERR3573811.fasta.gz,PRJEB34634,ERX3572049,ftp.sra.ebi.ac.uk/vol1/fastq/ERR357/001/ERR3573811/ERR3573811_1.fastq.gz;ftp.sra.ebi.ac.uk/vol1/fastq/ERR357/001/ERR3573811/ERR3573811_2.fastq.gz,ftp.sra.ebi.ac.uk/vol1/run/ERR357/ERR3573811/WTCHG_554367_212143.bam,,WTCHG_554367_212143,WAT-EFF-AUT
ERR3573812,ERZ2272084,SAMEA5989477,PRJEB45055,SEQUENCE_ASSEMBLY,749907,sediment metagenome,ftp.sra.ebi.ac.uk/vol1/ERZ227/ERZ2272084/ERR3573812.fasta.gz,PRJEB34634,ERX3572050,ftp.sra.ebi.ac.uk/vol1/fastq/ERR357/002/ERR3573812/ERR3573812_1.fastq.gz;ftp.sra.ebi.ac.uk/vol1/fastq/ERR357/002/ERR3573812/ERR3573812_2.fastq.gz,ftp.sra.ebi.ac.uk/vol1/run/ERR357/ERR3573812/WTCHG_555215_212143.bam,,WTCHG_555215_212143,WAT-EFF-AUT
ERR3573813,ERZ2271770,SAMEA5989477,PRJEB45055,SEQUENCE_ASSEMBLY,749907,sediment metagenome,ftp.sra.ebi.ac.uk/vol1/ERZ227/ERZ2271770/ERR3573813.fasta.gz,PRJEB34634,ERX3572051,ftp.sra.ebi.ac.uk/vol1/fastq/ERR357/003/ERR3573813/ERR3573813_1.fastq.gz;ftp.sra.ebi.ac.uk/vol1/fastq/ERR357/003/ERR3573813/ERR3573813_2.fastq.gz,ftp.sra.ebi.ac.uk/vol1/run/ERR357/ERR3573813/WTCHG_555216_212143.bam,,WTCHG_555216_212143,WAT-EFF-AUT
ERR3573814,ERZ2272286,SAMEA5989477,PRJEB45055,SEQUENCE_ASSEMBLY,749907,sediment metagenome,ftp.sra.ebi.ac.uk/vol1/ERZ227/ERZ2272286/ERR3573814.fasta.gz,PRJEB34634,ERX3572052,ftp.sra.ebi.ac.uk/vol1/fastq/ERR357/004/ERR3573814/ERR3573814_1.fastq.gz;ftp.sra.ebi.ac.uk/vol1/fastq/ERR357/004/ERR3573814/ERR3573814_2.fastq.gz,ftp.sra.ebi.ac.uk/vol1/run/ERR357/ERR3573814/WTCHG_555219_212143.bam,,WTCHG_555219_212143,WAT-EFF-AUT
ERR3573815,ERZ2227376,SAMEA5989477,PRJEB45055,SEQUENCE_ASSEMBLY,749907,sediment metagenome,ftp.sra.ebi.ac.uk/vol1/ERZ222/ERZ2227376/ERR3573815.fasta.gz,PRJEB34634,ERX3572053,ftp.sra.ebi.ac.uk/vol1/fastq/ERR357/005/ERR3573815/ERR3573815_1.fastq.gz;ftp.sra.ebi.ac.uk/vol1/fastq/ERR357/005/ERR3573815/ERR3573815_2.fastq.gz,ftp.sra.ebi.ac.uk/vol1/run/ERR357/ERR3573815/WTCHG_555214_212143.bam,,WTCHG_555214_212143,WAT-EFF-AUT
ERR3573816,ERZ2227256,SAMEA5989477,PRJEB45055,SEQUENCE_ASSEMBLY,749907,sediment metagenome,ftp.sra.ebi.ac.uk/vol1/ERZ222/ERZ2227256/ERR3573816.fasta.gz,PRJEB34634,ERX3572054,ftp.sra.ebi.ac.uk/vol1/fastq/ERR357/006/ERR3573816/ERR3573816_1.fastq.gz;ftp.sra.ebi.ac.uk/vol1/fastq/ERR357/006/ERR3573816/ERR3573816_2.fastq.gz,ftp.sra.ebi.ac.uk/vol1/run/ERR357/ERR3573816/WTCHG_555218_212143.bam,,WTCHG_555218_212143,WAT-EFF-AUT
ERR3573817,ERZ2272633,SAMEA5989477,PRJEB45055,SEQUENCE_ASSEMBLY,749907,sediment metagenome,ftp.sra.ebi.ac.uk/vol1/ERZ227/ERZ2272633/ERR3573817.fasta.gz,PRJEB34634,ERX3572055,ftp.sra.ebi.ac.uk/vol1/fastq/ERR357/007/ERR3573817/ERR3573817_1.fastq.gz;ftp.sra.ebi.ac.uk/vol1/fastq/ERR357/007/ERR3573817/ERR3573817_2.fastq.gz,ftp.sra.ebi.ac.uk/vol1/run/ERR357/ERR3573817/WTCHG_555221_212143.bam,,WTCHG_555221_212143,WAT-EFF-AUT
ERR3573818,ERZ2272807,SAMEA5989477,PRJEB45055,SEQUENCE_ASSEMBLY,749907,sediment metagenome,ftp.sra.ebi.ac.uk/vol1/ERZ227/ERZ2272807/ERR3573818.fasta.gz,PRJEB34634,ERX3572056,ftp.sra.ebi.ac.uk/vol1/fastq/ERR357/008/ERR3573818/ERR3573818_1.fastq.gz;ftp.sra.ebi.ac.uk/vol1/fastq/ERR357/008/ERR3573818/ERR3573818_2.fastq.gz,ftp.sra.ebi.ac.uk/vol1/run/ERR357/ERR3573818/WTCHG_555217_212143.bam,,WTCHG_555217_212143,WAT-EFF-AUT
ERR3573819,ERZ2272408,SAMEA5989477,PRJEB45055,SEQUENCE_ASSEMBLY,749907,sediment metagenome,ftp.sra.ebi.ac.uk/vol1/ERZ227/ERZ2272408/ERR3573819.fasta.gz,PRJEB34634,ERX3572057,ftp.sra.ebi.ac.uk/vol1/fastq/ERR357/009/ERR3573819/ERR3573819_1.fastq.gz;ftp.sra.ebi.ac.uk/vol1/fastq/ERR357/009/ERR3573819/ERR3573819_2.fastq.gz,ftp.sra.ebi.ac.uk/vol1/run/ERR357/ERR3573819/WTCHG_555220_212143.bam,,WTCHG_555220_212143,WAT-EFF-AUT
ERR3573820,ERZ2271039,SAMEA5989477,PRJEB45055,SEQUENCE_ASSEMBLY,749907,sediment metagenome,ftp.sra.ebi.ac.uk/vol1/ERZ227/ERZ2271039/ERR3573820.fasta.gz,PRJEB34634,ERX3572058,ftp.sra.ebi.ac.uk/vol1/fastq/ERR357/000/ERR3573820/ERR3573820_1.fastq.gz;ftp.sra.ebi.ac.uk/vol1/fastq/ERR357/000/ERR3573820/ERR3573820_2.fastq.gz,ftp.sra.ebi.ac.uk/vol1/run/ERR357/ERR3573820/WTCHG_559241_212143.bam,,WTCHG_559241_212143,WAT-EFF-AUT
ERR3573821,ERZ2226864,SAMEA5989477,PRJEB45055,SEQUENCE_ASSEMBLY,749907,sediment metagenome,ftp.sra.ebi.ac.uk/vol1/ERZ222/ERZ2226864/ERR3573821.fasta.gz,PRJEB34634,ERX3572059,ftp.sra.ebi.ac.uk/vol1/fastq/ERR357/001/ERR3573821/ERR3573821_1.fastq.gz;ftp.sra.ebi.ac.uk/vol1/fastq/ERR357/001/ERR3573821/ERR3573821_2.fastq.gz,ftp.sra.ebi.ac.uk/vol1/run/ERR357/ERR3573821/WTCHG_559243_212143.bam,,WTCHG_559243_212143,WAT-EFF-AUT
ERR3573822,ERZ2272272,SAMEA5989477,PRJEB45055,SEQUENCE_ASSEMBLY,749907,sediment metagenome,ftp.sra.ebi.ac.uk/vol1/ERZ227/ERZ2272272/ERR3573822.fasta.gz,PRJEB34634,ERX3572060,ftp.sra.ebi.ac.uk/vol1/fastq/ERR357/002/ERR3573822/ERR3573822_1.fastq.gz;ftp.sra.ebi.ac.uk/vol1/fastq/ERR357/002/ERR3573822/ERR3573822_2.fastq.gz,ftp.sra.ebi.ac.uk/vol1/run/ERR357/ERR3573822/WTCHG_559240_212143.bam,,WTCHG_559240_212143,WAT-EFF-AUT
ERR3573823,ERZ2227674,SAMEA5989477,PRJEB45055,SEQUENCE_ASSEMBLY,749907,sediment metagenome,ftp.sra.ebi.ac.uk/vol1/ERZ222/ERZ2227674/ERR3573823.fasta.gz,PRJEB34634,ERX3572061,ftp.sra.ebi.ac.uk/vol1/fastq/ERR357/003/ERR3573823/ERR3573823_1.fastq.gz;ftp.sra.ebi.ac.uk/vol1/fastq/ERR357/003/ERR3573823/ERR3573823_2.fastq.gz,ftp.sra.ebi.ac.uk/vol1/run/ERR357/ERR3573823/WTCHG_559244_212143.bam,,WTCHG_559244_212143,WAT-EFF-AUT
ERR3573824,ERZ2272213,SAMEA5989477,PRJEB45055,SEQUENCE_ASSEMBLY,749907,sediment metagenome,ftp.sra.ebi.ac.uk/vol1/ERZ227/ERZ2272213/ERR3573824.fasta.gz,PRJEB34634,ERX3572062,ftp.sra.ebi.ac.uk/vol1/fastq/ERR357/004/ERR3573824/ERR3573824_1.fastq.gz;ftp.sra.ebi.ac.uk/vol1/fastq/ERR357/004/ERR3573824/ERR3573824_2.fastq.gz,ftp.sra.ebi.ac.uk/vol1/run/ERR357/ERR3573824/WTCHG_559242_212143.bam,,WTCHG_559242_212143,WAT-EFF-AUT
ERR3573825,ERZ2272390,SAMEA5989477,PRJEB45055,SEQUENCE_ASSEMBLY,749907,sediment metagenome,ftp.sra.ebi.ac.uk/vol1/ERZ227/ERZ2272390/ERR3573825.fasta.gz,PRJEB34634,ERX3572063,ftp.sra.ebi.ac.uk/vol1/fastq/ERR357/005/ERR3573825/ERR3573825_1.fastq.gz;ftp.sra.ebi.ac.uk/vol1/fastq/ERR357/005/ERR3573825/ERR3573825_2.fastq.gz,ftp.sra.ebi.ac.uk/vol1/run/ERR357/ERR3573825/WTCHG_455360_255124.bam,,WTCHG_455360_255124,WAT-EFF-SUM
ERR3573826,ERZ2271840,SAMEA5989477,PRJEB45055,SEQUENCE_ASSEMBLY,749907,sediment metagenome,ftp.sra.ebi.ac.uk/vol1/ERZ227/ERZ2271840/ERR3573826.fasta.gz,PRJEB34634,ERX3572064,ftp.sra.ebi.ac.uk/vol1/fastq/ERR357/006/ERR3573826/ERR3573826_1.fastq.gz;ftp.sra.ebi.ac.uk/vol1/fastq/ERR357/006/ERR3573826/ERR3573826_2.fastq.gz,ftp.sra.ebi.ac.uk/vol1/run/ERR357/ERR3573826/WTCHG_456624_255124.bam,,WTCHG_456624_255124,WAT-EFF-SUM
ERR3573827,ERZ2271841,SAMEA5989477,PRJEB45055,SEQUENCE_ASSEMBLY,749907,sediment metagenome,ftp.sra.ebi.ac.uk/vol1/ERZ227/ERZ2271841/ERR3573827.fasta.gz,PRJEB34634,ERX3572065,ftp.sra.ebi.ac.uk/vol1/fastq/ERR357/007/ERR3573827/ERR3573827_1.fastq.gz;ftp.sra.ebi.ac.uk/vol1/fastq/ERR357/007/ERR3573827/ERR3573827_2.fastq.gz,ftp.sra.ebi.ac.uk/vol1/run/ERR357/ERR3573827/WTCHG_457295_255124.bam,,WTCHG_457295_255124,WAT-EFF-SUM
ERR3573828,ERZ2271099,SAMEA5989477,PRJEB45055,SEQUENCE_ASSEMBLY,749907,sediment metagenome,ftp.sra.ebi.ac.uk/vol1/ERZ227/ERZ2271099/ERR3573828.fasta.gz,PRJEB34634,ERX3572066,ftp.sra.ebi.ac.uk/vol1/fastq/ERR357/008/ERR3573828/ERR3573828_1.fastq.gz;ftp.sra.ebi.ac.uk/vol1/fastq/ERR357/008/ERR3573828/ERR3573828_2.fastq.gz,ftp.sra.ebi.ac.uk/vol1/run/ERR357/ERR3573828/WTCHG_457296_255124.bam,,WTCHG_457296_255124,WAT-EFF-SUM
ERR3573829,ERZ2272454,SAMEA5989477,PRJEB45055,SEQUENCE_ASSEMBLY,749907,sediment metagenome,ftp.sra.ebi.ac.uk/vol1/ERZ227/ERZ2272454/ERR3573829.fasta.gz,PRJEB34634,ERX3572067,ftp.sra.ebi.ac.uk/vol1/fastq/ERR357/009/ERR3573829/ERR3573829_1.fastq.gz;ftp.sra.ebi.ac.uk/vol1/fastq/ERR357/009/ERR3573829/ERR3573829_2.fastq.gz,ftp.sra.ebi.ac.uk/vol1/run/ERR357/ERR3573829/WTCHG_457297_255124.bam,,WTCHG_457297_255124,WAT-EFF-SUM
ERR3573830,ERZ2271058,SAMEA5989477,PRJEB45055,SEQUENCE_ASSEMBLY,749907,sediment metagenome,ftp.sra.ebi.ac.uk/vol1/ERZ227/ERZ2271058/ERR3573830.fasta.gz,PRJEB34634,ERX3572068,ftp.sra.ebi.ac.uk/vol1/fastq/ERR357/000/ERR3573830/ERR3573830_1.fastq.gz;ftp.sra.ebi.ac.uk/vol1/fastq/ERR357/000/ERR3573830/ERR3573830_2.fastq.gz,ftp.sra.ebi.ac.uk/vol1/run/ERR357/ERR3573830/WTCHG_457298_255124.bam,,WTCHG_457298_255124,WAT-EFF-SUM
ERR3573831,ERZ2272058,SAMEA5989477,PRJEB45055,SEQUENCE_ASSEMBLY,749907,sediment metagenome,ftp.sra.ebi.ac.uk/vol1/ERZ227/ERZ2272058/ERR3573831.fasta.gz,PRJEB34634,ERX3572069,ftp.sra.ebi.ac.uk/vol1/fastq/ERR357/001/ERR3573831/ERR3573831_1.fastq.gz;ftp.sra.ebi.ac.uk/vol1/fastq/ERR357/001/ERR3573831/ERR3573831_2.fastq.gz,ftp.sra.ebi.ac.uk/vol1/run/ERR357/ERR3573831/WTCHG_457710_255124.bam,,WTCHG_457710_255124,WAT-EFF-SUM
ERR3573832,ERZ2272303,SAMEA5989477,PRJEB45055,SEQUENCE_ASSEMBLY,749907,sediment metagenome,ftp.sra.ebi.ac.uk/vol1/ERZ227/ERZ2272303/ERR3573832.fasta.gz,PRJEB34634,ERX3572070,ftp.sra.ebi.ac.uk/vol1/fastq/ERR357/002/ERR3573832/ERR3573832_1.fastq.gz;ftp.sra.ebi.ac.uk/vol1/fastq/ERR357/002/ERR3573832/ERR3573832_2.fastq.gz,ftp.sra.ebi.ac.uk/vol1/run/ERR357/ERR3573832/WTCHG_457711_255124.bam,,WTCHG_457711_255124,WAT-EFF-SUM
ERR3573833,ERZ2271583,SAMEA5989477,PRJEB45055,SEQUENCE_ASSEMBLY,749907,sediment metagenome,ftp.sra.ebi.ac.uk/vol1/ERZ227/ERZ2271583/ERR3573833.fasta.gz,PRJEB34634,ERX3572071,ftp.sra.ebi.ac.uk/vol1/fastq/ERR357/003/ERR3573833/ERR3573833_1.fastq.gz;ftp.sra.ebi.ac.uk/vol1/fastq/ERR357/003/ERR3573833/ERR3573833_2.fastq.gz,ftp.sra.ebi.ac.uk/vol1/run/ERR357/ERR3573833/WTCHG_457712_255124.bam,,WTCHG_457712_255124,WAT-EFF-SUM
ERR3573834,ERZ2271459,SAMEA5989477,PRJEB45055,SEQUENCE_ASSEMBLY,749907,sediment metagenome,ftp.sra.ebi.ac.uk/vol1/ERZ227/ERZ2271459/ERR3573834.fasta.gz,PRJEB34634,ERX3572072,ftp.sra.ebi.ac.uk/vol1/fastq/ERR357/004/ERR3573834/ERR3573834_1.fastq.gz;ftp.sra.ebi.ac.uk/vol1/fastq/ERR357/004/ERR3573834/ERR3573834_2.fastq.gz,ftp.sra.ebi.ac.uk/vol1/run/ERR357/ERR3573834/WTCHG_457713_255124.bam,,WTCHG_457713_255124,WAT-EFF-SUM
ERR3573835,ERZ2272436,SAMEA5989477,PRJEB45055,SEQUENCE_ASSEMBLY,749907,sediment metagenome,ftp.sra.ebi.ac.uk/vol1/ERZ227/ERZ2272436/ERR3573835.fasta.gz,PRJEB34634,ERX3572073,ftp.sra.ebi.ac.uk/vol1/fastq/ERR357/005/ERR3573835/ERR3573835_1.fastq.gz;ftp.sra.ebi.ac.uk/vol1/fastq/ERR357/005/ERR3573835/ERR3573835_2.fastq.gz,ftp.sra.ebi.ac.uk/vol1/run/ERR357/ERR3573835/WTCHG_457714_255124.bam,,WTCHG_457714_255124,WAT-EFF-SUM
ERR3573836,ERZ2227250,SAMEA5989477,PRJEB45055,SEQUENCE_ASSEMBLY,749907,sediment metagenome,ftp.sra.ebi.ac.uk/vol1/ERZ222/ERZ2227250/ERR3573836.fasta.gz,PRJEB34634,ERX3572074,ftp.sra.ebi.ac.uk/vol1/fastq/ERR357/006/ERR3573836/ERR3573836_1.fastq.gz;ftp.sra.ebi.ac.uk/vol1/fastq/ERR357/006/ERR3573836/ERR3573836_2.fastq.gz,ftp.sra.ebi.ac.uk/vol1/run/ERR357/ERR3573836/WTCHG_461227_255124.bam,,WTCHG_461227_255124,WAT-EFF-SUM
ERR3573837,ERZ2271958,SAMEA5989477,PRJEB45055,SEQUENCE_ASSEMBLY,749907,sediment metagenome,ftp.sra.ebi.ac.uk/vol1/ERZ227/ERZ2271958/ERR3573837.fasta.gz,PRJEB34634,ERX3572075,ftp.sra.ebi.ac.uk/vol1/fastq/ERR357/007/ERR3573837/ERR3573837_1.fastq.gz;ftp.sra.ebi.ac.uk/vol1/fastq/ERR357/007/ERR3573837/ERR3573837_2.fastq.gz,ftp.sra.ebi.ac.uk/vol1/run/ERR357/ERR3573837/WTCHG_461228_255124.bam,,WTCHG_461228_255124,WAT-EFF-SUM
ERR3573838,ERZ2272285,SAMEA5989477,PRJEB45055,SEQUENCE_ASSEMBLY,749907,sediment metagenome,ftp.sra.ebi.ac.uk/vol1/ERZ227/ERZ2272285/ERR3573838.fasta.gz,PRJEB34634,ERX3572076,ftp.sra.ebi.ac.uk/vol1/fastq/ERR357/008/ERR3573838/ERR3573838_1.fastq.gz;ftp.sra.ebi.ac.uk/vol1/fastq/ERR357/008/ERR3573838/ERR3573838_2.fastq.gz,ftp.sra.ebi.ac.uk/vol1/run/ERR357/ERR3573838/WTCHG_455360_261149.bam,,WTCHG_455360_261149,WAT-EFF-WIN
ERR3573839,ERZ2271528,SAMEA5989477,PRJEB45055,SEQUENCE_ASSEMBLY,749907,sediment metagenome,ftp.sra.ebi.ac.uk/vol1/ERZ227/ERZ2271528/ERR3573839.fasta.gz,PRJEB34634,ERX3572077,ftp.sra.ebi.ac.uk/vol1/fastq/ERR357/009/ERR3573839/ERR3573839_1.fastq.gz;ftp.sra.ebi.ac.uk/vol1/fastq/ERR357/009/ERR3573839/ERR3573839_2.fastq.gz,ftp.sra.ebi.ac.uk/vol1/run/ERR357/ERR3573839/WTCHG_456624_261149.bam,,WTCHG_456624_261149,WAT-EFF-WIN
ERR3573840,ERZ2271535,SAMEA5989477,PRJEB45055,SEQUENCE_ASSEMBLY,749907,sediment metagenome,ftp.sra.ebi.ac.uk/vol1/ERZ227/ERZ2271535/ERR3573840.fasta.gz,PRJEB34634,ERX3572078,ftp.sra.ebi.ac.uk/vol1/fastq/ERR357/000/ERR3573840/ERR3573840_1.fastq.gz;ftp.sra.ebi.ac.uk/vol1/fastq/ERR357/000/ERR3573840/ERR3573840_2.fastq.gz,ftp.sra.ebi.ac.uk/vol1/run/ERR357/ERR3573840/WTCHG_457295_261149.bam,,WTCHG_457295_261149,WAT-EFF-WIN
ERR3573841,ERZ2228027,SAMEA5989477,PRJEB45055,SEQUENCE_ASSEMBLY,749907,sediment metagenome,ftp.sra.ebi.ac.uk/vol1/ERZ222/ERZ2228027/ERR3573841.fasta.gz,PRJEB34634,ERX3572079,ftp.sra.ebi.ac.uk/vol1/fastq/ERR357/001/ERR3573841/ERR3573841_1.fastq.gz;ftp.sra.ebi.ac.uk/vol1/fastq/ERR357/001/ERR3573841/ERR3573841_2.fastq.gz,ftp.sra.ebi.ac.uk/vol1/run/ERR357/ERR3573841/WTCHG_457296_261149.bam,,WTCHG_457296_261149,WAT-EFF-WIN
ERR3573842,ERZ2271941,SAMEA5989477,PRJEB45055,SEQUENCE_ASSEMBLY,749907,sediment metagenome,ftp.sra.ebi.ac.uk/vol1/ERZ227/ERZ2271941/ERR3573842.fasta.gz,PRJEB34634,ERX3572080,ftp.sra.ebi.ac.uk/vol1/fastq/ERR357/002/ERR3573842/ERR3573842_1.fastq.gz;ftp.sra.ebi.ac.uk/vol1/fastq/ERR357/002/ERR3573842/ERR3573842_2.fastq.gz,ftp.sra.ebi.ac.uk/vol1/run/ERR357/ERR3573842/WTCHG_457297_261149.bam,,WTCHG_457297_261149,WAT-EFF-WIN
ERR3573843,ERZ2271620,SAMEA5989477,PRJEB45055,SEQUENCE_ASSEMBLY,749907,sediment metagenome,ftp.sra.ebi.ac.uk/vol1/ERZ227/ERZ2271620/ERR3573843.fasta.gz,PRJEB34634,ERX3572081,ftp.sra.ebi.ac.uk/vol1/fastq/ERR357/003/ERR3573843/ERR3573843_1.fastq.gz;ftp.sra.ebi.ac.uk/vol1/fastq/ERR357/003/ERR3573843/ERR3573843_2.fastq.gz,ftp.sra.ebi.ac.uk/vol1/run/ERR357/ERR3573843/WTCHG_457298_261149.bam,,WTCHG_457298_261149,WAT-EFF-WIN
ERR3573844,ERZ2271152,SAMEA5989477,PRJEB45055,SEQUENCE_ASSEMBLY,749907,sediment metagenome,ftp.sra.ebi.ac.uk/vol1/ERZ227/ERZ2271152/ERR3573844.fasta.gz,PRJEB34634,ERX3572082,ftp.sra.ebi.ac.uk/vol1/fastq/ERR357/004/ERR3573844/ERR3573844_1.fastq.gz;ftp.sra.ebi.ac.uk/vol1/fastq/ERR357/004/ERR3573844/ERR3573844_2.fastq.gz,ftp.sra.ebi.ac.uk/vol1/run/ERR357/ERR3573844/WTCHG_457710_261149.bam,,WTCHG_457710_261149,WAT-EFF-WIN
ERR3573845,ERZ2272104,SAMEA5989477,PRJEB45055,SEQUENCE_ASSEMBLY,749907,sediment metagenome,ftp.sra.ebi.ac.uk/vol1/ERZ227/ERZ2272104/ERR3573845.fasta.gz,PRJEB34634,ERX3572083,ftp.sra.ebi.ac.uk/vol1/fastq/ERR357/005/ERR3573845/ERR3573845_1.fastq.gz;ftp.sra.ebi.ac.uk/vol1/fastq/ERR357/005/ERR3573845/ERR3573845_2.fastq.gz,ftp.sra.ebi.ac.uk/vol1/run/ERR357/ERR3573845/WTCHG_457711_261149.bam,,WTCHG_457711_261149,WAT-EFF-WIN
ERR3573846,ERZ2271593,SAMEA5989477,PRJEB45055,SEQUENCE_ASSEMBLY,749907,sediment metagenome,ftp.sra.ebi.ac.uk/vol1/ERZ227/ERZ2271593/ERR3573846.fasta.gz,PRJEB34634,ERX3572084,ftp.sra.ebi.ac.uk/vol1/fastq/ERR357/006/ERR3573846/ERR3573846_1.fastq.gz;ftp.sra.ebi.ac.uk/vol1/fastq/ERR357/006/ERR3573846/ERR3573846_2.fastq.gz,ftp.sra.ebi.ac.uk/vol1/run/ERR357/ERR3573846/WTCHG_457712_261149.bam,,WTCHG_457712_261149,WAT-EFF-WIN
ERR3573847,ERZ2271293,SAMEA5989477,PRJEB45055,SEQUENCE_ASSEMBLY,749907,sediment metagenome,ftp.sra.ebi.ac.uk/vol1/ERZ227/ERZ2271293/ERR3573847.fasta.gz,PRJEB34634,ERX3572085,ftp.sra.ebi.ac.uk/vol1/fastq/ERR357/007/ERR3573847/ERR3573847_1.fastq.gz;ftp.sra.ebi.ac.uk/vol1/fastq/ERR357/007/ERR3573847/ERR3573847_2.fastq.gz,ftp.sra.ebi.ac.uk/vol1/run/ERR357/ERR3573847/WTCHG_457713_261149.bam,,WTCHG_457713_261149,WAT-EFF-WIN
ERR3573848,ERZ2272326,SAMEA5989477,PRJEB45055,SEQUENCE_ASSEMBLY,749907,sediment metagenome,ftp.sra.ebi.ac.uk/vol1/ERZ227/ERZ2272326/ERR3573848.fasta.gz,PRJEB34634,ERX3572086,ftp.sra.ebi.ac.uk/vol1/fastq/ERR357/008/ERR3573848/ERR3573848_1.fastq.gz;ftp.sra.ebi.ac.uk/vol1/fastq/ERR357/008/ERR3573848/ERR3573848_2.fastq.gz,ftp.sra.ebi.ac.uk/vol1/run/ERR357/ERR3573848/WTCHG_457714_261149.bam,,WTCHG_457714_261149,WAT-EFF-WIN
ERR3573849,ERZ2227842,SAMEA5989477,PRJEB45055,SEQUENCE_ASSEMBLY,749907,sediment metagenome,ftp.sra.ebi.ac.uk/vol1/ERZ222/ERZ2227842/ERR3573849.fasta.gz,PRJEB34634,ERX3572087,ftp.sra.ebi.ac.uk/vol1/fastq/ERR357/009/ERR3573849/ERR3573849_1.fastq.gz;ftp.sra.ebi.ac.uk/vol1/fastq/ERR357/009/ERR3573849/ERR3573849_2.fastq.gz,ftp.sra.ebi.ac.uk/vol1/run/ERR357/ERR3573849/WTCHG_461227_261149.bam,,WTCHG_461227_261149,WAT-EFF-WIN
ERR3573850,ERZ2271776,SAMEA5989477,PRJEB45055,SEQUENCE_ASSEMBLY,749907,sediment metagenome,ftp.sra.ebi.ac.uk/vol1/ERZ227/ERZ2271776/ERR3573850.fasta.gz,PRJEB34634,ERX3572088,ftp.sra.ebi.ac.uk/vol1/fastq/ERR357/000/ERR3573850/ERR3573850_1.fastq.gz;ftp.sra.ebi.ac.uk/vol1/fastq/ERR357/000/ERR3573850/ERR3573850_2.fastq.gz,ftp.sra.ebi.ac.uk/vol1/run/ERR357/ERR3573850/WTCHG_461228_261149.bam,,WTCHG_461228_261149,WAT-EFF-WIN
ERR3573851,ERZ2272319,SAMEA5989477,PRJEB45055,SEQUENCE_ASSEMBLY,749907,sediment metagenome,ftp.sra.ebi.ac.uk/vol1/ERZ227/ERZ2272319/ERR3573851.fasta.gz,PRJEB34634,ERX3572089,ftp.sra.ebi.ac.uk/vol1/fastq/ERR357/001/ERR3573851/ERR3573851_1.fastq.gz;ftp.sra.ebi.ac.uk/vol1/fastq/ERR357/001/ERR3573851/ERR3573851_2.fastq.gz,ftp.sra.ebi.ac.uk/vol1/run/ERR357/ERR3573851/WTCHG_550636_213155.bam,,WTCHG_550636_213155,WAT-INF-AUT
ERR3573852,ERZ2271545,SAMEA5989477,PRJEB45055,SEQUENCE_ASSEMBLY,749907,sediment metagenome,ftp.sra.ebi.ac.uk/vol1/ERZ227/ERZ2271545/ERR3573852.fasta.gz,PRJEB34634,ERX3572090,ftp.sra.ebi.ac.uk/vol1/fastq/ERR357/002/ERR3573852/ERR3573852_1.fastq.gz;ftp.sra.ebi.ac.uk/vol1/fastq/ERR357/002/ERR3573852/ERR3573852_2.fastq.gz,ftp.sra.ebi.ac.uk/vol1/run/ERR357/ERR3573852/WTCHG_551515_213155.bam,,WTCHG_551515_213155,WAT-INF-AUT
ERR3573853,ERZ2271817,SAMEA5989477,PRJEB45055,SEQUENCE_ASSEMBLY,749907,sediment metagenome,ftp.sra.ebi.ac.uk/vol1/ERZ227/ERZ2271817/ERR3573853.fasta.gz,PRJEB34634,ERX3572091,ftp.sra.ebi.ac.uk/vol1/fastq/ERR357/003/ERR3573853/ERR3573853_1.fastq.gz;ftp.sra.ebi.ac.uk/vol1/fastq/ERR357/003/ERR3573853/ERR3573853_2.fastq.gz,ftp.sra.ebi.ac.uk/vol1/run/ERR357/ERR3573853/WTCHG_551514_213155.bam,,WTCHG_551514_213155,WAT-INF-AUT
ERR3573854,ERZ2272796,SAMEA5989477,PRJEB45055,SEQUENCE_ASSEMBLY,749907,sediment metagenome,ftp.sra.ebi.ac.uk/vol1/ERZ227/ERZ2272796/ERR3573854.fasta.gz,PRJEB34634,ERX3572092,ftp.sra.ebi.ac.uk/vol1/fastq/ERR357/004/ERR3573854/ERR3573854_1.fastq.gz;ftp.sra.ebi.ac.uk/vol1/fastq/ERR357/004/ERR3573854/ERR3573854_2.fastq.gz,ftp.sra.ebi.ac.uk/vol1/run/ERR357/ERR3573854/WTCHG_554366_213155.bam,,WTCHG_554366_213155,WAT-INF-AUT
ERR3573855,ERZ2271920,SAMEA5989477,PRJEB45055,SEQUENCE_ASSEMBLY,749907,sediment metagenome,ftp.sra.ebi.ac.uk/vol1/ERZ227/ERZ2271920/ERR3573855.fasta.gz,PRJEB34634,ERX3572093,ftp.sra.ebi.ac.uk/vol1/fastq/ERR357/005/ERR3573855/ERR3573855_1.fastq.gz;ftp.sra.ebi.ac.uk/vol1/fastq/ERR357/005/ERR3573855/ERR3573855_2.fastq.gz,ftp.sra.ebi.ac.uk/vol1/run/ERR357/ERR3573855/WTCHG_554367_213155.bam,,WTCHG_554367_213155,WAT-INF-AUT
ERR3573856,ERZ2272532,SAMEA5989477,PRJEB45055,SEQUENCE_ASSEMBLY,749907,sediment metagenome,ftp.sra.ebi.ac.uk/vol1/ERZ227/ERZ2272532/ERR3573856.fasta.gz,PRJEB34634,ERX3572094,ftp.sra.ebi.ac.uk/vol1/fastq/ERR357/006/ERR3573856/ERR3573856_1.fastq.gz;ftp.sra.ebi.ac.uk/vol1/fastq/ERR357/006/ERR3573856/ERR3573856_2.fastq.gz,ftp.sra.ebi.ac.uk/vol1/run/ERR357/ERR3573856/WTCHG_555214_213155.bam,,WTCHG_555214_213155,WAT-INF-AUT
ERR3573857,ERZ2271546,SAMEA5989477,PRJEB45055,SEQUENCE_ASSEMBLY,749907,sediment metagenome,ftp.sra.ebi.ac.uk/vol1/ERZ227/ERZ2271546/ERR3573857.fasta.gz,PRJEB34634,ERX3572095,ftp.sra.ebi.ac.uk/vol1/fastq/ERR357/007/ERR3573857/ERR3573857_1.fastq.gz;ftp.sra.ebi.ac.uk/vol1/fastq/ERR357/007/ERR3573857/ERR3573857_2.fastq.gz,ftp.sra.ebi.ac.uk/vol1/run/ERR357/ERR3573857/WTCHG_555217_213155.bam,,WTCHG_555217_213155,WAT-INF-AUT
ERR3573858,ERZ2226787,SAMEA5989477,PRJEB45055,SEQUENCE_ASSEMBLY,749907,sediment metagenome,ftp.sra.ebi.ac.uk/vol1/ERZ222/ERZ2226787/ERR3573858.fasta.gz,PRJEB34634,ERX3572096,ftp.sra.ebi.ac.uk/vol1/fastq/ERR357/008/ERR3573858/ERR3573858_1.fastq.gz;ftp.sra.ebi.ac.uk/vol1/fastq/ERR357/008/ERR3573858/ERR3573858_2.fastq.gz,ftp.sra.ebi.ac.uk/vol1/run/ERR357/ERR3573858/WTCHG_555221_213155.bam,,WTCHG_555221_213155,WAT-INF-AUT
ERR3573859,ERZ2227488,SAMEA5989477,PRJEB45055,SEQUENCE_ASSEMBLY,749907,sediment metagenome,ftp.sra.ebi.ac.uk/vol1/ERZ222/ERZ2227488/ERR3573859.fasta.gz,PRJEB34634,ERX3572097,ftp.sra.ebi.ac.uk/vol1/fastq/ERR357/009/ERR3573859/ERR3573859_1.fastq.gz;ftp.sra.ebi.ac.uk/vol1/fastq/ERR357/009/ERR3573859/ERR3573859_2.fastq.gz,ftp.sra.ebi.ac.uk/vol1/run/ERR357/ERR3573859/WTCHG_555218_213155.bam,,WTCHG_555218_213155,WAT-INF-AUT
ERR3573860,ERZ2270526,SAMEA5989477,PRJEB45055,SEQUENCE_ASSEMBLY,749907,sediment metagenome,ftp.sra.ebi.ac.uk/vol1/ERZ227/ERZ2270526/ERR3573860.fasta.gz,PRJEB34634,ERX3572098,ftp.sra.ebi.ac.uk/vol1/fastq/ERR357/000/ERR3573860/ERR3573860_1.fastq.gz;ftp.sra.ebi.ac.uk/vol1/fastq/ERR357/000/ERR3573860/ERR3573860_2.fastq.gz,ftp.sra.ebi.ac.uk/vol1/run/ERR357/ERR3573860/WTCHG_555215_213155.bam,,WTCHG_555215_213155,WAT-INF-AUT
ERR3573861,ERZ2228054,SAMEA5989477,PRJEB45055,SEQUENCE_ASSEMBLY,749907,sediment metagenome,ftp.sra.ebi.ac.uk/vol1/ERZ222/ERZ2228054/ERR3573861.fasta.gz,PRJEB34634,ERX3572099,ftp.sra.ebi.ac.uk/vol1/fastq/ERR357/001/ERR3573861/ERR3573861_1.fastq.gz;ftp.sra.ebi.ac.uk/vol1/fastq/ERR357/001/ERR3573861/ERR3573861_2.fastq.gz,ftp.sra.ebi.ac.uk/vol1/run/ERR357/ERR3573861/WTCHG_555220_213155.bam,,WTCHG_555220_213155,WAT-INF-AUT
ERR3573862,ERZ2271391,SAMEA5989477,PRJEB45055,SEQUENCE_ASSEMBLY,749907,sediment metagenome,ftp.sra.ebi.ac.uk/vol1/ERZ227/ERZ2271391/ERR3573862.fasta.gz,PRJEB34634,ERX3572100,ftp.sra.ebi.ac.uk/vol1/fastq/ERR357/002/ERR3573862/ERR3573862_1.fastq.gz;ftp.sra.ebi.ac.uk/vol1/fastq/ERR357/002/ERR3573862/ERR3573862_2.fastq.gz,ftp.sra.ebi.ac.uk/vol1/run/ERR357/ERR3573862/WTCHG_555216_213155.bam,,WTCHG_555216_213155,WAT-INF-AUT
ERR3573863,ERZ2272099,SAMEA5989477,PRJEB45055,SEQUENCE_ASSEMBLY,749907,sediment metagenome,ftp.sra.ebi.ac.uk/vol1/ERZ227/ERZ2272099/ERR3573863.fasta.gz,PRJEB34634,ERX3572101,ftp.sra.ebi.ac.uk/vol1/fastq/ERR357/003/ERR3573863/ERR3573863_1.fastq.gz;ftp.sra.ebi.ac.uk/vol1/fastq/ERR357/003/ERR3573863/ERR3573863_2.fastq.gz,ftp.sra.ebi.ac.uk/vol1/run/ERR357/ERR3573863/WTCHG_555219_213155.bam,,WTCHG_555219_213155,WAT-INF-AUT
ERR3573864,ERZ2272696,SAMEA5989477,PRJEB45055,SEQUENCE_ASSEMBLY,749907,sediment metagenome,ftp.sra.ebi.ac.uk/vol1/ERZ227/ERZ2272696/ERR3573864.fasta.gz,PRJEB34634,ERX3572102,ftp.sra.ebi.ac.uk/vol1/fastq/ERR357/004/ERR3573864/ERR3573864_1.fastq.gz;ftp.sra.ebi.ac.uk/vol1/fastq/ERR357/004/ERR3573864/ERR3573864_2.fastq.gz,ftp.sra.ebi.ac.uk/vol1/run/ERR357/ERR3573864/WTCHG_559243_213155.bam,,WTCHG_559243_213155,WAT-INF-AUT
ERR3573865,ERZ2271698,SAMEA5989477,PRJEB45055,SEQUENCE_ASSEMBLY,749907,sediment metagenome,ftp.sra.ebi.ac.uk/vol1/ERZ227/ERZ2271698/ERR3573865.fasta.gz,PRJEB34634,ERX3572103,ftp.sra.ebi.ac.uk/vol1/fastq/ERR357/005/ERR3573865/ERR3573865_1.fastq.gz;ftp.sra.ebi.ac.uk/vol1/fastq/ERR357/005/ERR3573865/ERR3573865_2.fastq.gz,ftp.sra.ebi.ac.uk/vol1/run/ERR357/ERR3573865/WTCHG_559241_213155.bam,,WTCHG_559241_213155,WAT-INF-AUT
ERR3573866,ERZ2272520,SAMEA5989477,PRJEB45055,SEQUENCE_ASSEMBLY,749907,sediment metagenome,ftp.sra.ebi.ac.uk/vol1/ERZ227/ERZ2272520/ERR3573866.fasta.gz,PRJEB34634,ERX3572104,ftp.sra.ebi.ac.uk/vol1/fastq/ERR357/006/ERR3573866/ERR3573866_1.fastq.gz;ftp.sra.ebi.ac.uk/vol1/fastq/ERR357/006/ERR3573866/ERR3573866_2.fastq.gz,ftp.sra.ebi.ac.uk/vol1/run/ERR357/ERR3573866/WTCHG_559242_213155.bam,,WTCHG_559242_213155,WAT-INF-AUT
ERR3573867,ERZ2270291,SAMEA5989477,PRJEB45055,SEQUENCE_ASSEMBLY,749907,sediment metagenome,ftp.sra.ebi.ac.uk/vol1/ERZ227/ERZ2270291/ERR3573867.fasta.gz,PRJEB34634,ERX3572105,ftp.sra.ebi.ac.uk/vol1/fastq/ERR357/007/ERR3573867/ERR3573867_1.fastq.gz;ftp.sra.ebi.ac.uk/vol1/fastq/ERR357/007/ERR3573867/ERR3573867_2.fastq.gz,ftp.sra.ebi.ac.uk/vol1/run/ERR357/ERR3573867/WTCHG_559244_213155.bam,,WTCHG_559244_213155,WAT-INF-AUT
ERR3573868,ERZ2272518,SAMEA5989477,PRJEB45055,SEQUENCE_ASSEMBLY,749907,sediment metagenome,ftp.sra.ebi.ac.uk/vol1/ERZ227/ERZ2272518/ERR3573868.fasta.gz,PRJEB34634,ERX3572106,ftp.sra.ebi.ac.uk/vol1/fastq/ERR357/008/ERR3573868/ERR3573868_1.fastq.gz;ftp.sra.ebi.ac.uk/vol1/fastq/ERR357/008/ERR3573868/ERR3573868_2.fastq.gz,ftp.sra.ebi.ac.uk/vol1/run/ERR357/ERR3573868/WTCHG_559240_213155.bam,,WTCHG_559240_213155,WAT-INF-AUT
ERR3573869,ERZ2271973,SAMEA5989477,PRJEB45055,SEQUENCE_ASSEMBLY,749907,sediment metagenome,ftp.sra.ebi.ac.uk/vol1/ERZ227/ERZ2271973/ERR3573869.fasta.gz,PRJEB34634,ERX3572107,ftp.sra.ebi.ac.uk/vol1/fastq/ERR357/009/ERR3573869/ERR3573869_1.fastq.gz;ftp.sra.ebi.ac.uk/vol1/fastq/ERR357/009/ERR3573869/ERR3573869_2.fastq.gz,ftp.sra.ebi.ac.uk/vol1/run/ERR357/ERR3573869/WTCHG_455360_243136.bam,,WTCHG_455360_243136,WAT-INF-SUM
ERR3573870,ERZ2227909,SAMEA5989477,PRJEB45055,SEQUENCE_ASSEMBLY,749907,sediment metagenome,ftp.sra.ebi.ac.uk/vol1/ERZ222/ERZ2227909/ERR3573870.fasta.gz,PRJEB34634,ERX3572108,ftp.sra.ebi.ac.uk/vol1/fastq/ERR357/000/ERR3573870/ERR3573870_1.fastq.gz;ftp.sra.ebi.ac.uk/vol1/fastq/ERR357/000/ERR3573870/ERR3573870_2.fastq.gz,ftp.sra.ebi.ac.uk/vol1/run/ERR357/ERR3573870/WTCHG_456624_243136.bam,,WTCHG_456624_243136,WAT-INF-SUM
ERR3573871,ERZ2271945,SAMEA5989477,PRJEB45055,SEQUENCE_ASSEMBLY,749907,sediment metagenome,ftp.sra.ebi.ac.uk/vol1/ERZ227/ERZ2271945/ERR3573871.fasta.gz,PRJEB34634,ERX3572109,ftp.sra.ebi.ac.uk/vol1/fastq/ERR357/001/ERR3573871/ERR3573871_1.fastq.gz;ftp.sra.ebi.ac.uk/vol1/fastq/ERR357/001/ERR3573871/ERR3573871_2.fastq.gz,ftp.sra.ebi.ac.uk/vol1/run/ERR357/ERR3573871/WTCHG_457295_243136.bam,,WTCHG_457295_243136,WAT-INF-SUM
ERR3573872,ERZ2271146,SAMEA5989477,PRJEB45055,SEQUENCE_ASSEMBLY,749907,sediment metagenome,ftp.sra.ebi.ac.uk/vol1/ERZ227/ERZ2271146/ERR3573872.fasta.gz,PRJEB34634,ERX3572110,ftp.sra.ebi.ac.uk/vol1/fastq/ERR357/002/ERR3573872/ERR3573872_1.fastq.gz;ftp.sra.ebi.ac.uk/vol1/fastq/ERR357/002/ERR3573872/ERR3573872_2.fastq.gz,ftp.sra.ebi.ac.uk/vol1/run/ERR357/ERR3573872/WTCHG_457296_243136.bam,,WTCHG_457296_243136,WAT-INF-SUM
ERR3573873,ERZ2271877,SAMEA5989477,PRJEB45055,SEQUENCE_ASSEMBLY,749907,sediment metagenome,ftp.sra.ebi.ac.uk/vol1/ERZ227/ERZ2271877/ERR3573873.fasta.gz,PRJEB34634,ERX3572111,ftp.sra.ebi.ac.uk/vol1/fastq/ERR357/003/ERR3573873/ERR3573873_1.fastq.gz;ftp.sra.ebi.ac.uk/vol1/fastq/ERR357/003/ERR3573873/ERR3573873_2.fastq.gz,ftp.sra.ebi.ac.uk/vol1/run/ERR357/ERR3573873/WTCHG_457297_243136.bam,,WTCHG_457297_243136,WAT-INF-SUM
ERR3573874,ERZ2272605,SAMEA5989477,PRJEB45055,SEQUENCE_ASSEMBLY,749907,sediment metagenome,ftp.sra.ebi.ac.uk/vol1/ERZ227/ERZ2272605/ERR3573874.fasta.gz,PRJEB34634,ERX3572112,ftp.sra.ebi.ac.uk/vol1/fastq/ERR357/004/ERR3573874/ERR3573874_1.fastq.gz;ftp.sra.ebi.ac.uk/vol1/fastq/ERR357/004/ERR3573874/ERR3573874_2.fastq.gz,ftp.sra.ebi.ac.uk/vol1/run/ERR357/ERR3573874/WTCHG_457298_243136.bam,,WTCHG_457298_243136,WAT-INF-SUM
ERR3573875,ERZ2271771,SAMEA5989477,PRJEB45055,SEQUENCE_ASSEMBLY,749907,sediment metagenome,ftp.sra.ebi.ac.uk/vol1/ERZ227/ERZ2271771/ERR3573875.fasta.gz,PRJEB34634,ERX3572113,ftp.sra.ebi.ac.uk/vol1/fastq/ERR357/005/ERR3573875/ERR3573875_1.fastq.gz;ftp.sra.ebi.ac.uk/vol1/fastq/ERR357/005/ERR3573875/ERR3573875_2.fastq.gz,ftp.sra.ebi.ac.uk/vol1/run/ERR357/ERR3573875/WTCHG_457710_243136.bam,,WTCHG_457710_243136,WAT-INF-SUM
ERR3573876,ERZ2271905,SAMEA5989477,PRJEB45055,SEQUENCE_ASSEMBLY,749907,sediment metagenome,ftp.sra.ebi.ac.uk/vol1/ERZ227/ERZ2271905/ERR3573876.fasta.gz,PRJEB34634,ERX3572114,ftp.sra.ebi.ac.uk/vol1/fastq/ERR357/006/ERR3573876/ERR3573876_1.fastq.gz;ftp.sra.ebi.ac.uk/vol1/fastq/ERR357/006/ERR3573876/ERR3573876_2.fastq.gz,ftp.sra.ebi.ac.uk/vol1/run/ERR357/ERR3573876/WTCHG_457711_243136.bam,,WTCHG_457711_243136,WAT-INF-SUM
ERR3573877,ERZ2272141,SAMEA5989477,PRJEB45055,SEQUENCE_ASSEMBLY,749907,sediment metagenome,ftp.sra.ebi.ac.uk/vol1/ERZ227/ERZ2272141/ERR3573877.fasta.gz,PRJEB34634,ERX3572115,ftp.sra.ebi.ac.uk/vol1/fastq/ERR357/007/ERR3573877/ERR3573877_1.fastq.gz;ftp.sra.ebi.ac.uk/vol1/fastq/ERR357/007/ERR3573877/ERR3573877_2.fastq.gz,ftp.sra.ebi.ac.uk/vol1/run/ERR357/ERR3573877/WTCHG_457712_243136.bam,,WTCHG_457712_243136,WAT-INF-SUM
ERR3573878,ERZ2227676,SAMEA5989477,PRJEB45055,SEQUENCE_ASSEMBLY,749907,sediment metagenome,ftp.sra.ebi.ac.uk/vol1/ERZ222/ERZ2227676/ERR3573878.fasta.gz,PRJEB34634,ERX3572116,ftp.sra.ebi.ac.uk/vol1/fastq/ERR357/008/ERR3573878/ERR3573878_1.fastq.gz;ftp.sra.ebi.ac.uk/vol1/fastq/ERR357/008/ERR3573878/ERR3573878_2.fastq.gz,ftp.sra.ebi.ac.uk/vol1/run/ERR357/ERR3573878/WTCHG_457713_243136.bam,,WTCHG_457713_243136,WAT-INF-SUM
ERR3573879,ERZ2271219,SAMEA5989477,PRJEB45055,SEQUENCE_ASSEMBLY,749907,sediment metagenome,ftp.sra.ebi.ac.uk/vol1/ERZ227/ERZ2271219/ERR3573879.fasta.gz,PRJEB34634,ERX3572117,ftp.sra.ebi.ac.uk/vol1/fastq/ERR357/009/ERR3573879/ERR3573879_1.fastq.gz;ftp.sra.ebi.ac.uk/vol1/fastq/ERR357/009/ERR3573879/ERR3573879_2.fastq.gz,ftp.sra.ebi.ac.uk/vol1/run/ERR357/ERR3573879/WTCHG_457714_243136.bam,,WTCHG_457714_243136,WAT-INF-SUM
ERR3573880,ERZ2272486,SAMEA5989477,PRJEB45055,SEQUENCE_ASSEMBLY,749907,sediment metagenome,ftp.sra.ebi.ac.uk/vol1/ERZ227/ERZ2272486/ERR3573880.fasta.gz,PRJEB34634,ERX3572118,ftp.sra.ebi.ac.uk/vol1/fastq/ERR357/000/ERR3573880/ERR3573880_1.fastq.gz;ftp.sra.ebi.ac.uk/vol1/fastq/ERR357/000/ERR3573880/ERR3573880_2.fastq.gz,ftp.sra.ebi.ac.uk/vol1/run/ERR357/ERR3573880/WTCHG_461227_243136.bam,,WTCHG_461227_243136,WAT-INF-SUM
ERR3573881,ERZ2271835,SAMEA5989477,PRJEB45055,SEQUENCE_ASSEMBLY,749907,sediment metagenome,ftp.sra.ebi.ac.uk/vol1/ERZ227/ERZ2271835/ERR3573881.fasta.gz,PRJEB34634,ERX3572119,ftp.sra.ebi.ac.uk/vol1/fastq/ERR357/001/ERR3573881/ERR3573881_1.fastq.gz;ftp.sra.ebi.ac.uk/vol1/fastq/ERR357/001/ERR3573881/ERR3573881_2.fastq.gz,ftp.sra.ebi.ac.uk/vol1/run/ERR357/ERR3573881/WTCHG_461228_243136.bam,,WTCHG_461228_243136,WAT-INF-SUM
ERR3573882,ERZ2271398,SAMEA5989477,PRJEB45055,SEQUENCE_ASSEMBLY,749907,sediment metagenome,ftp.sra.ebi.ac.uk/vol1/ERZ227/ERZ2271398/ERR3573882.fasta.gz,PRJEB34634,ERX3572120,ftp.sra.ebi.ac.uk/vol1/fastq/ERR357/002/ERR3573882/ERR3573882_1.fastq.gz;ftp.sra.ebi.ac.uk/vol1/fastq/ERR357/002/ERR3573882/ERR3573882_2.fastq.gz,ftp.sra.ebi.ac.uk/vol1/run/ERR357/ERR3573882/WTCHG_455360_238171.bam,,WTCHG_455360_238171,WAT-INF-WIN
ERR3573883,ERZ2271981,SAMEA5989477,PRJEB45055,SEQUENCE_ASSEMBLY,749907,sediment metagenome,ftp.sra.ebi.ac.uk/vol1/ERZ227/ERZ2271981/ERR3573883.fasta.gz,PRJEB34634,ERX3572121,ftp.sra.ebi.ac.uk/vol1/fastq/ERR357/003/ERR3573883/ERR3573883_1.fastq.gz;ftp.sra.ebi.ac.uk/vol1/fastq/ERR357/003/ERR3573883/ERR3573883_2.fastq.gz,ftp.sra.ebi.ac.uk/vol1/run/ERR357/ERR3573883/WTCHG_456624_238171.bam,,WTCHG_456624_238171,WAT-INF-WIN
ERR3573884,ERZ10760113,SAMEA5989477,PRJEB45055,SEQUENCE_ASSEMBLY,749907,sediment metagenome,ftp.sra.ebi.ac.uk/vol1/ERZ107/ERZ10760113/ERR3573884.fasta.gz,PRJEB34634,ERX3572122,ftp.sra.ebi.ac.uk/vol1/fastq/ERR357/004/ERR3573884/ERR3573884_1.fastq.gz;ftp.sra.ebi.ac.uk/vol1/fastq/ERR357/004/ERR3573884/ERR3573884_2.fastq.gz,ftp.sra.ebi.ac.uk/vol1/run/ERR357/ERR3573884/WTCHG_457295_238171.bam,,WTCHG_457295_238171,WAT-INF-WIN
ERR3573885,ERZ2271951,SAMEA5989477,PRJEB45055,SEQUENCE_ASSEMBLY,749907,sediment metagenome,ftp.sra.ebi.ac.uk/vol1/ERZ227/ERZ2271951/ERR3573885.fasta.gz,PRJEB34634,ERX3572123,ftp.sra.ebi.ac.uk/vol1/fastq/ERR357/005/ERR3573885/ERR3573885_1.fastq.gz;ftp.sra.ebi.ac.uk/vol1/fastq/ERR357/005/ERR3573885/ERR3573885_2.fastq.gz,ftp.sra.ebi.ac.uk/vol1/run/ERR357/ERR3573885/WTCHG_457296_238171.bam,,WTCHG_457296_238171,WAT-INF-WIN
ERR3573886,ERZ2271812,SAMEA5989477,PRJEB45055,SEQUENCE_ASSEMBLY,749907,sediment metagenome,ftp.sra.ebi.ac.uk/vol1/ERZ227/ERZ2271812/ERR3573886.fasta.gz,PRJEB34634,ERX3572124,ftp.sra.ebi.ac.uk/vol1/fastq/ERR357/006/ERR3573886/ERR3573886_1.fastq.gz;ftp.sra.ebi.ac.uk/vol1/fastq/ERR357/006/ERR3573886/ERR3573886_2.fastq.gz,ftp.sra.ebi.ac.uk/vol1/run/ERR357/ERR3573886/WTCHG_457297_238171.bam,,WTCHG_457297_238171,WAT-INF-WIN
ERR3573887,ERZ2272230,SAMEA5989477,PRJEB45055,SEQUENCE_ASSEMBLY,749907,sediment metagenome,ftp.sra.ebi.ac.uk/vol1/ERZ227/ERZ2272230/ERR3573887.fasta.gz,PRJEB34634,ERX3572125,ftp.sra.ebi.ac.uk/vol1/fastq/ERR357/007/ERR3573887/ERR3573887_1.fastq.gz;ftp.sra.ebi.ac.uk/vol1/fastq/ERR357/007/ERR3573887/ERR3573887_2.fastq.gz,ftp.sra.ebi.ac.uk/vol1/run/ERR357/ERR3573887/WTCHG_457298_238171.bam,,WTCHG_457298_238171,WAT-INF-WIN
ERR3573888,ERZ2272343,SAMEA5989477,PRJEB45055,SEQUENCE_ASSEMBLY,749907,sediment metagenome,ftp.sra.ebi.ac.uk/vol1/ERZ227/ERZ2272343/ERR3573888.fasta.gz,PRJEB34634,ERX3572126,ftp.sra.ebi.ac.uk/vol1/fastq/ERR357/008/ERR3573888/ERR3573888_1.fastq.gz;ftp.sra.ebi.ac.uk/vol1/fastq/ERR357/008/ERR3573888/ERR3573888_2.fastq.gz,ftp.sra.ebi.ac.uk/vol1/run/ERR357/ERR3573888/WTCHG_457710_238171.bam,,WTCHG_457710_238171,WAT-INF-WIN
ERR3573889,ERZ2271220,SAMEA5989477,PRJEB45055,SEQUENCE_ASSEMBLY,749907,sediment metagenome,ftp.sra.ebi.ac.uk/vol1/ERZ227/ERZ2271220/ERR3573889.fasta.gz,PRJEB34634,ERX3572127,ftp.sra.ebi.ac.uk/vol1/fastq/ERR357/009/ERR3573889/ERR3573889_1.fastq.gz;ftp.sra.ebi.ac.uk/vol1/fastq/ERR357/009/ERR3573889/ERR3573889_2.fastq.gz,ftp.sra.ebi.ac.uk/vol1/run/ERR357/ERR3573889/WTCHG_457711_238171.bam,,WTCHG_457711_238171,WAT-INF-WIN
ERR3573890,ERZ2272179,SAMEA5989477,PRJEB45055,SEQUENCE_ASSEMBLY,749907,sediment metagenome,ftp.sra.ebi.ac.uk/vol1/ERZ227/ERZ2272179/ERR3573890.fasta.gz,PRJEB34634,ERX3572128,ftp.sra.ebi.ac.uk/vol1/fastq/ERR357/000/ERR3573890/ERR3573890_1.fastq.gz;ftp.sra.ebi.ac.uk/vol1/fastq/ERR357/000/ERR3573890/ERR3573890_2.fastq.gz,ftp.sra.ebi.ac.uk/vol1/run/ERR357/ERR3573890/WTCHG_457712_238171.bam,,WTCHG_457712_238171,WAT-INF-WIN
ERR3573891,ERZ2270349,SAMEA5989477,PRJEB45055,SEQUENCE_ASSEMBLY,749907,sediment metagenome,ftp.sra.ebi.ac.uk/vol1/ERZ227/ERZ2270349/ERR3573891.fasta.gz,PRJEB34634,ERX3572129,ftp.sra.ebi.ac.uk/vol1/fastq/ERR357/001/ERR3573891/ERR3573891_1.fastq.gz;ftp.sra.ebi.ac.uk/vol1/fastq/ERR357/001/ERR3573891/ERR3573891_2.fastq.gz,ftp.sra.ebi.ac.uk/vol1/run/ERR357/ERR3573891/WTCHG_457713_238171.bam,,WTCHG_457713_238171,WAT-INF-WIN
ERR3573892,ERZ2272510,SAMEA5989477,PRJEB45055,SEQUENCE_ASSEMBLY,749907,sediment metagenome,ftp.sra.ebi.ac.uk/vol1/ERZ227/ERZ2272510/ERR3573892.fasta.gz,PRJEB34634,ERX3572130,ftp.sra.ebi.ac.uk/vol1/fastq/ERR357/002/ERR3573892/ERR3573892_1.fastq.gz;ftp.sra.ebi.ac.uk/vol1/fastq/ERR357/002/ERR3573892/ERR3573892_2.fastq.gz,ftp.sra.ebi.ac.uk/vol1/run/ERR357/ERR3573892/WTCHG_457714_238171.bam,,WTCHG_457714_238171,WAT-INF-WIN
ERR3573893,ERZ2271516,SAMEA5989477,PRJEB45055,SEQUENCE_ASSEMBLY,749907,sediment metagenome,ftp.sra.ebi.ac.uk/vol1/ERZ227/ERZ2271516/ERR3573893.fasta.gz,PRJEB34634,ERX3572131,ftp.sra.ebi.ac.uk/vol1/fastq/ERR357/003/ERR3573893/ERR3573893_1.fastq.gz;ftp.sra.ebi.ac.uk/vol1/fastq/ERR357/003/ERR3573893/ERR3573893_2.fastq.gz,ftp.sra.ebi.ac.uk/vol1/run/ERR357/ERR3573893/WTCHG_461227_238171.bam,,WTCHG_461227_238171,WAT-INF-WIN
ERR3573894,ERZ2272736,SAMEA5989477,PRJEB45055,SEQUENCE_ASSEMBLY,749907,sediment metagenome,ftp.sra.ebi.ac.uk/vol1/ERZ227/ERZ2272736/ERR3573894.fasta.gz,PRJEB34634,ERX3572132,ftp.sra.ebi.ac.uk/vol1/fastq/ERR357/004/ERR3573894/ERR3573894_1.fastq.gz;ftp.sra.ebi.ac.uk/vol1/fastq/ERR357/004/ERR3573894/ERR3573894_2.fastq.gz,ftp.sra.ebi.ac.uk/vol1/run/ERR357/ERR3573894/WTCHG_461228_238171.bam,,WTCHG_461228_238171,WAT-INF-WIN
ERR3573895,ERZ2227269,SAMEA5989477,PRJEB45055,SEQUENCE_ASSEMBLY,749907,sediment metagenome,ftp.sra.ebi.ac.uk/vol1/ERZ222/ERZ2227269/ERR3573895.fasta.gz,PRJEB34634,ERX3572133,ftp.sra.ebi.ac.uk/vol1/fastq/ERR357/005/ERR3573895/ERR3573895_1.fastq.gz;ftp.sra.ebi.ac.uk/vol1/fastq/ERR357/005/ERR3573895/ERR3573895_2.fastq.gz,ftp.sra.ebi.ac.uk/vol1/run/ERR357/ERR3573895/WTCHG_550636_292141.bam,,WTCHG_550636_292141,WAT-UP-100-AUT
ERR3573896,ERZ2272779,SAMEA5989477,PRJEB45055,SEQUENCE_ASSEMBLY,749907,sediment metagenome,ftp.sra.ebi.ac.uk/vol1/ERZ227/ERZ2272779/ERR3573896.fasta.gz,PRJEB34634,ERX3572134,ftp.sra.ebi.ac.uk/vol1/fastq/ERR357/006/ERR3573896/ERR3573896_1.fastq.gz;ftp.sra.ebi.ac.uk/vol1/fastq/ERR357/006/ERR3573896/ERR3573896_2.fastq.gz,ftp.sra.ebi.ac.uk/vol1/run/ERR357/ERR3573896/WTCHG_551515_292141.bam,,WTCHG_551515_292141,WAT-UP-100-AUT
ERR3573897,ERZ2270492,SAMEA5989477,PRJEB45055,SEQUENCE_ASSEMBLY,749907,sediment metagenome,ftp.sra.ebi.ac.uk/vol1/ERZ227/ERZ2270492/ERR3573897.fasta.gz,PRJEB34634,ERX3572135,ftp.sra.ebi.ac.uk/vol1/fastq/ERR357/007/ERR3573897/ERR3573897_1.fastq.gz;ftp.sra.ebi.ac.uk/vol1/fastq/ERR357/007/ERR3573897/ERR3573897_2.fastq.gz,ftp.sra.ebi.ac.uk/vol1/run/ERR357/ERR3573897/WTCHG_551514_292141.bam,,WTCHG_551514_292141,WAT-UP-100-AUT
ERR3573898,ERZ2227052,SAMEA5989477,PRJEB45055,SEQUENCE_ASSEMBLY,749907,sediment metagenome,ftp.sra.ebi.ac.uk/vol1/ERZ222/ERZ2227052/ERR3573898.fasta.gz,PRJEB34634,ERX3572136,ftp.sra.ebi.ac.uk/vol1/fastq/ERR357/008/ERR3573898/ERR3573898_1.fastq.gz;ftp.sra.ebi.ac.uk/vol1/fastq/ERR357/008/ERR3573898/ERR3573898_2.fastq.gz,ftp.sra.ebi.ac.uk/vol1/run/ERR357/ERR3573898/WTCHG_554366_292141.bam,,WTCHG_554366_292141,WAT-UP-100-AUT
ERR3573899,ERZ2227873,SAMEA5989477,PRJEB45055,SEQUENCE_ASSEMBLY,749907,sediment metagenome,ftp.sra.ebi.ac.uk/vol1/ERZ222/ERZ2227873/ERR3573899.fasta.gz,PRJEB34634,ERX3572137,ftp.sra.ebi.ac.uk/vol1/fastq/ERR357/009/ERR3573899/ERR3573899_1.fastq.gz;ftp.sra.ebi.ac.uk/vol1/fastq/ERR357/009/ERR3573899/ERR3573899_2.fastq.gz,ftp.sra.ebi.ac.uk/vol1/run/ERR357/ERR3573899/WTCHG_554367_292141.bam,,WTCHG_554367_292141,WAT-UP-100-AUT
ERR3573900,ERZ2272780,SAMEA5989477,PRJEB45055,SEQUENCE_ASSEMBLY,749907,sediment metagenome,ftp.sra.ebi.ac.uk/vol1/ERZ227/ERZ2272780/ERR3573900.fasta.gz,PRJEB34634,ERX3572138,ftp.sra.ebi.ac.uk/vol1/fastq/ERR357/000/ERR3573900/ERR3573900_1.fastq.gz;ftp.sra.ebi.ac.uk/vol1/fastq/ERR357/000/ERR3573900/ERR3573900_2.fastq.gz,ftp.sra.ebi.ac.uk/vol1/run/ERR357/ERR3573900/WTCHG_555215_292141.bam,,WTCHG_555215_292141,WAT-UP-100-AUT
ERR3573901,ERZ2272207,SAMEA5989477,PRJEB45055,SEQUENCE_ASSEMBLY,749907,sediment metagenome,ftp.sra.ebi.ac.uk/vol1/ERZ227/ERZ2272207/ERR3573901.fasta.gz,PRJEB34634,ERX3572139,ftp.sra.ebi.ac.uk/vol1/fastq/ERR357/001/ERR3573901/ERR3573901_1.fastq.gz;ftp.sra.ebi.ac.uk/vol1/fastq/ERR357/001/ERR3573901/ERR3573901_2.fastq.gz,ftp.sra.ebi.ac.uk/vol1/run/ERR357/ERR3573901/WTCHG_555221_292141.bam,,WTCHG_555221_292141,WAT-UP-100-AUT
ERR3573902,ERZ2272544,SAMEA5989477,PRJEB45055,SEQUENCE_ASSEMBLY,749907,sediment metagenome,ftp.sra.ebi.ac.uk/vol1/ERZ227/ERZ2272544/ERR3573902.fasta.gz,PRJEB34634,ERX3572140,ftp.sra.ebi.ac.uk/vol1/fastq/ERR357/002/ERR3573902/ERR3573902_1.fastq.gz;ftp.sra.ebi.ac.uk/vol1/fastq/ERR357/002/ERR3573902/ERR3573902_2.fastq.gz,ftp.sra.ebi.ac.uk/vol1/run/ERR357/ERR3573902/WTCHG_555217_292141.bam,,WTCHG_555217_292141,WAT-UP-100-AUT
ERR3573903,ERZ2271849,SAMEA5989477,PRJEB45055,SEQUENCE_ASSEMBLY,749907,sediment metagenome,ftp.sra.ebi.ac.uk/vol1/ERZ227/ERZ2271849/ERR3573903.fasta.gz,PRJEB34634,ERX3572141,ftp.sra.ebi.ac.uk/vol1/fastq/ERR357/003/ERR3573903/ERR3573903_1.fastq.gz;ftp.sra.ebi.ac.uk/vol1/fastq/ERR357/003/ERR3573903/ERR3573903_2.fastq.gz,ftp.sra.ebi.ac.uk/vol1/run/ERR357/ERR3573903/WTCHG_555214_292141.bam,,WTCHG_555214_292141,WAT-UP-100-AUT
ERR3573904,ERZ2271792,SAMEA5989477,PRJEB45055,SEQUENCE_ASSEMBLY,749907,sediment metagenome,ftp.sra.ebi.ac.uk/vol1/ERZ227/ERZ2271792/ERR3573904.fasta.gz,PRJEB34634,ERX3572142,ftp.sra.ebi.ac.uk/vol1/fastq/ERR357/004/ERR3573904/ERR3573904_1.fastq.gz;ftp.sra.ebi.ac.uk/vol1/fastq/ERR357/004/ERR3573904/ERR3573904_2.fastq.gz,ftp.sra.ebi.ac.uk/vol1/run/ERR357/ERR3573904/WTCHG_555220_292141.bam,,WTCHG_555220_292141,WAT-UP-100-AUT
ERR3573905,ERZ2272522,SAMEA5989477,PRJEB45055,SEQUENCE_ASSEMBLY,749907,sediment metagenome,ftp.sra.ebi.ac.uk/vol1/ERZ227/ERZ2272522/ERR3573905.fasta.gz,PRJEB34634,ERX3572143,ftp.sra.ebi.ac.uk/vol1/fastq/ERR357/005/ERR3573905/ERR3573905_1.fastq.gz;ftp.sra.ebi.ac.uk/vol1/fastq/ERR357/005/ERR3573905/ERR3573905_2.fastq.gz,ftp.sra.ebi.ac.uk/vol1/run/ERR357/ERR3573905/WTCHG_555218_292141.bam,,WTCHG_555218_292141,WAT-UP-100-AUT
ERR3573906,ERZ2272087,SAMEA5989477,PRJEB45055,SEQUENCE_ASSEMBLY,749907,sediment metagenome,ftp.sra.ebi.ac.uk/vol1/ERZ227/ERZ2272087/ERR3573906.fasta.gz,PRJEB34634,ERX3572144,ftp.sra.ebi.ac.uk/vol1/fastq/ERR357/006/ERR3573906/ERR3573906_1.fastq.gz;ftp.sra.ebi.ac.uk/vol1/fastq/ERR357/006/ERR3573906/ERR3573906_2.fastq.gz,ftp.sra.ebi.ac.uk/vol1/run/ERR357/ERR3573906/WTCHG_555216_292141.bam,,WTCHG_555216_292141,WAT-UP-100-AUT
ERR3573907,ERZ2271715,SAMEA5989477,PRJEB45055,SEQUENCE_ASSEMBLY,749907,sediment metagenome,ftp.sra.ebi.ac.uk/vol1/ERZ227/ERZ2271715/ERR3573907.fasta.gz,PRJEB34634,ERX3572145,ftp.sra.ebi.ac.uk/vol1/fastq/ERR357/007/ERR3573907/ERR3573907_1.fastq.gz;ftp.sra.ebi.ac.uk/vol1/fastq/ERR357/007/ERR3573907/ERR3573907_2.fastq.gz,ftp.sra.ebi.ac.uk/vol1/run/ERR357/ERR3573907/WTCHG_555219_292141.bam,,WTCHG_555219_292141,WAT-UP-100-AUT
ERR3573908,ERZ2227068,SAMEA5989477,PRJEB45055,SEQUENCE_ASSEMBLY,749907,sediment metagenome,ftp.sra.ebi.ac.uk/vol1/ERZ222/ERZ2227068/ERR3573908.fasta.gz,PRJEB34634,ERX3572146,ftp.sra.ebi.ac.uk/vol1/fastq/ERR357/008/ERR3573908/ERR3573908_1.fastq.gz;ftp.sra.ebi.ac.uk/vol1/fastq/ERR357/008/ERR3573908/ERR3573908_2.fastq.gz,ftp.sra.ebi.ac.uk/vol1/run/ERR357/ERR3573908/WTCHG_559240_292141.bam,,WTCHG_559240_292141,WAT-UP-100-AUT
ERR3573909,ERZ2272786,SAMEA5989477,PRJEB45055,SEQUENCE_ASSEMBLY,749907,sediment metagenome,ftp.sra.ebi.ac.uk/vol1/ERZ227/ERZ2272786/ERR3573909.fasta.gz,PRJEB34634,ERX3572147,ftp.sra.ebi.ac.uk/vol1/fastq/ERR357/009/ERR3573909/ERR3573909_1.fastq.gz;ftp.sra.ebi.ac.uk/vol1/fastq/ERR357/009/ERR3573909/ERR3573909_2.fastq.gz,ftp.sra.ebi.ac.uk/vol1/run/ERR357/ERR3573909/WTCHG_559242_292141.bam,,WTCHG_559242_292141,WAT-UP-100-AUT
ERR3573910,ERZ2272628,SAMEA5989477,PRJEB45055,SEQUENCE_ASSEMBLY,749907,sediment metagenome,ftp.sra.ebi.ac.uk/vol1/ERZ227/ERZ2272628/ERR3573910.fasta.gz,PRJEB34634,ERX3572148,ftp.sra.ebi.ac.uk/vol1/fastq/ERR357/000/ERR3573910/ERR3573910_1.fastq.gz;ftp.sra.ebi.ac.uk/vol1/fastq/ERR357/000/ERR3573910/ERR3573910_2.fastq.gz,ftp.sra.ebi.ac.uk/vol1/run/ERR357/ERR3573910/WTCHG_559243_292141.bam,,WTCHG_559243_292141,WAT-UP-100-AUT
ERR3573911,ERZ2270595,SAMEA5989477,PRJEB45055,SEQUENCE_ASSEMBLY,749907,sediment metagenome,ftp.sra.ebi.ac.uk/vol1/ERZ227/ERZ2270595/ERR3573911.fasta.gz,PRJEB34634,ERX3572149,ftp.sra.ebi.ac.uk/vol1/fastq/ERR357/001/ERR3573911/ERR3573911_1.fastq.gz;ftp.sra.ebi.ac.uk/vol1/fastq/ERR357/001/ERR3573911/ERR3573911_2.fastq.gz,ftp.sra.ebi.ac.uk/vol1/run/ERR357/ERR3573911/WTCHG_559241_292141.bam,,WTCHG_559241_292141,WAT-UP-100-AUT
ERR3573912,ERZ2271719,SAMEA5989477,PRJEB45055,SEQUENCE_ASSEMBLY,749907,sediment metagenome,ftp.sra.ebi.ac.uk/vol1/ERZ227/ERZ2271719/ERR3573912.fasta.gz,PRJEB34634,ERX3572150,ftp.sra.ebi.ac.uk/vol1/fastq/ERR357/002/ERR3573912/ERR3573912_1.fastq.gz;ftp.sra.ebi.ac.uk/vol1/fastq/ERR357/002/ERR3573912/ERR3573912_2.fastq.gz,ftp.sra.ebi.ac.uk/vol1/run/ERR357/ERR3573912/WTCHG_559244_292141.bam,,WTCHG_559244_292141,WAT-UP-100-AUT
ERR3573913,ERZ2272671,SAMEA5989477,PRJEB45055,SEQUENCE_ASSEMBLY,749907,sediment metagenome,ftp.sra.ebi.ac.uk/vol1/ERZ227/ERZ2272671/ERR3573913.fasta.gz,PRJEB34634,ERX3572151,ftp.sra.ebi.ac.uk/vol1/fastq/ERR357/003/ERR3573913/ERR3573913_1.fastq.gz;ftp.sra.ebi.ac.uk/vol1/fastq/ERR357/003/ERR3573913/ERR3573913_2.fastq.gz,ftp.sra.ebi.ac.uk/vol1/run/ERR357/ERR3573913/WTCHG_550636_287176.bam,,WTCHG_550636_287176,WAT-UP-100-SUM
ERR3573914,ERZ2272599,SAMEA5989477,PRJEB45055,SEQUENCE_ASSEMBLY,749907,sediment metagenome,ftp.sra.ebi.ac.uk/vol1/ERZ227/ERZ2272599/ERR3573914.fasta.gz,PRJEB34634,ERX3572152,ftp.sra.ebi.ac.uk/vol1/fastq/ERR357/004/ERR3573914/ERR3573914_1.fastq.gz;ftp.sra.ebi.ac.uk/vol1/fastq/ERR357/004/ERR3573914/ERR3573914_2.fastq.gz,ftp.sra.ebi.ac.uk/vol1/run/ERR357/ERR3573914/WTCHG_551514_287176.bam,,WTCHG_551514_287176,WAT-UP-100-SUM
ERR3573915,ERZ2272793,SAMEA5989477,PRJEB45055,SEQUENCE_ASSEMBLY,749907,sediment metagenome,ftp.sra.ebi.ac.uk/vol1/ERZ227/ERZ2272793/ERR3573915.fasta.gz,PRJEB34634,ERX3572153,ftp.sra.ebi.ac.uk/vol1/fastq/ERR357/005/ERR3573915/ERR3573915_1.fastq.gz;ftp.sra.ebi.ac.uk/vol1/fastq/ERR357/005/ERR3573915/ERR3573915_2.fastq.gz,ftp.sra.ebi.ac.uk/vol1/run/ERR357/ERR3573915/WTCHG_551515_287176.bam,,WTCHG_551515_287176,WAT-UP-100-SUM
ERR3573916,ERZ2272735,SAMEA5989477,PRJEB45055,SEQUENCE_ASSEMBLY,749907,sediment metagenome,ftp.sra.ebi.ac.uk/vol1/ERZ227/ERZ2272735/ERR3573916.fasta.gz,PRJEB34634,ERX3572154,ftp.sra.ebi.ac.uk/vol1/fastq/ERR357/006/ERR3573916/ERR3573916_1.fastq.gz;ftp.sra.ebi.ac.uk/vol1/fastq/ERR357/006/ERR3573916/ERR3573916_2.fastq.gz,ftp.sra.ebi.ac.uk/vol1/run/ERR357/ERR3573916/WTCHG_554367_287176.bam,,WTCHG_554367_287176,WAT-UP-100-SUM
ERR3573917,ERZ2227482,SAMEA5989477,PRJEB45055,SEQUENCE_ASSEMBLY,749907,sediment metagenome,ftp.sra.ebi.ac.uk/vol1/ERZ222/ERZ2227482/ERR3573917.fasta.gz,PRJEB34634,ERX3572155,ftp.sra.ebi.ac.uk/vol1/fastq/ERR357/007/ERR3573917/ERR3573917_1.fastq.gz;ftp.sra.ebi.ac.uk/vol1/fastq/ERR357/007/ERR3573917/ERR3573917_2.fastq.gz,ftp.sra.ebi.ac.uk/vol1/run/ERR357/ERR3573917/WTCHG_554366_287176.bam,,WTCHG_554366_287176,WAT-UP-100-SUM
ERR3573918,ERZ2272457,SAMEA5989477,PRJEB45055,SEQUENCE_ASSEMBLY,749907,sediment metagenome,ftp.sra.ebi.ac.uk/vol1/ERZ227/ERZ2272457/ERR3573918.fasta.gz,PRJEB34634,ERX3572156,ftp.sra.ebi.ac.uk/vol1/fastq/ERR357/008/ERR3573918/ERR3573918_1.fastq.gz;ftp.sra.ebi.ac.uk/vol1/fastq/ERR357/008/ERR3573918/ERR3573918_2.fastq.gz,ftp.sra.ebi.ac.uk/vol1/run/ERR357/ERR3573918/WTCHG_555220_287176.bam,,WTCHG_555220_287176,WAT-UP-100-SUM
ERR3573919,ERZ2271890,SAMEA5989477,PRJEB45055,SEQUENCE_ASSEMBLY,749907,sediment metagenome,ftp.sra.ebi.ac.uk/vol1/ERZ227/ERZ2271890/ERR3573919.fasta.gz,PRJEB34634,ERX3572157,ftp.sra.ebi.ac.uk/vol1/fastq/ERR357/009/ERR3573919/ERR3573919_1.fastq.gz;ftp.sra.ebi.ac.uk/vol1/fastq/ERR357/009/ERR3573919/ERR3573919_2.fastq.gz,ftp.sra.ebi.ac.uk/vol1/run/ERR357/ERR3573919/WTCHG_555218_287176.bam,,WTCHG_555218_287176,WAT-UP-100-SUM
ERR3573920,ERZ2270661,SAMEA5989477,PRJEB45055,SEQUENCE_ASSEMBLY,749907,sediment metagenome,ftp.sra.ebi.ac.uk/vol1/ERZ227/ERZ2270661/ERR3573920.fasta.gz,PRJEB34634,ERX3572158,ftp.sra.ebi.ac.uk/vol1/fastq/ERR357/000/ERR3573920/ERR3573920_1.fastq.gz;ftp.sra.ebi.ac.uk/vol1/fastq/ERR357/000/ERR3573920/ERR3573920_2.fastq.gz,ftp.sra.ebi.ac.uk/vol1/run/ERR357/ERR3573920/WTCHG_555215_287176.bam,,WTCHG_555215_287176,WAT-UP-100-SUM
ERR3573921,ERZ2272008,SAMEA5989477,PRJEB45055,SEQUENCE_ASSEMBLY,749907,sediment metagenome,ftp.sra.ebi.ac.uk/vol1/ERZ227/ERZ2272008/ERR3573921.fasta.gz,PRJEB34634,ERX3572159,ftp.sra.ebi.ac.uk/vol1/fastq/ERR357/001/ERR3573921/ERR3573921_1.fastq.gz;ftp.sra.ebi.ac.uk/vol1/fastq/ERR357/001/ERR3573921/ERR3573921_2.fastq.gz,ftp.sra.ebi.ac.uk/vol1/run/ERR357/ERR3573921/WTCHG_555217_287176.bam,,WTCHG_555217_287176,WAT-UP-100-SUM
ERR3573922,ERZ2271548,SAMEA5989477,PRJEB45055,SEQUENCE_ASSEMBLY,749907,sediment metagenome,ftp.sra.ebi.ac.uk/vol1/ERZ227/ERZ2271548/ERR3573922.fasta.gz,PRJEB34634,ERX3572160,ftp.sra.ebi.ac.uk/vol1/fastq/ERR357/002/ERR3573922/ERR3573922_1.fastq.gz;ftp.sra.ebi.ac.uk/vol1/fastq/ERR357/002/ERR3573922/ERR3573922_2.fastq.gz,ftp.sra.ebi.ac.uk/vol1/run/ERR357/ERR3573922/WTCHG_555216_287176.bam,,WTCHG_555216_287176,WAT-UP-100-SUM
ERR3573923,ERZ2271897,SAMEA5989477,PRJEB45055,SEQUENCE_ASSEMBLY,749907,sediment metagenome,ftp.sra.ebi.ac.uk/vol1/ERZ227/ERZ2271897/ERR3573923.fasta.gz,PRJEB34634,ERX3572161,ftp.sra.ebi.ac.uk/vol1/fastq/ERR357/003/ERR3573923/ERR3573923_1.fastq.gz;ftp.sra.ebi.ac.uk/vol1/fastq/ERR357/003/ERR3573923/ERR3573923_2.fastq.gz,ftp.sra.ebi.ac.uk/vol1/run/ERR357/ERR3573923/WTCHG_555214_287176.bam,,WTCHG_555214_287176,WAT-UP-100-SUM
ERR3573924,ERZ2270995,SAMEA5989477,PRJEB45055,SEQUENCE_ASSEMBLY,749907,sediment metagenome,ftp.sra.ebi.ac.uk/vol1/ERZ227/ERZ2270995/ERR3573924.fasta.gz,PRJEB34634,ERX3572162,ftp.sra.ebi.ac.uk/vol1/fastq/ERR357/004/ERR3573924/ERR3573924_1.fastq.gz;ftp.sra.ebi.ac.uk/vol1/fastq/ERR357/004/ERR3573924/ERR3573924_2.fastq.gz,ftp.sra.ebi.ac.uk/vol1/run/ERR357/ERR3573924/WTCHG_555221_287176.bam,,WTCHG_555221_287176,WAT-UP-100-SUM
ERR3573925,ERZ2272208,SAMEA5989477,PRJEB45055,SEQUENCE_ASSEMBLY,749907,sediment metagenome,ftp.sra.ebi.ac.uk/vol1/ERZ227/ERZ2272208/ERR3573925.fasta.gz,PRJEB34634,ERX3572163,ftp.sra.ebi.ac.uk/vol1/fastq/ERR357/005/ERR3573925/ERR3573925_1.fastq.gz;ftp.sra.ebi.ac.uk/vol1/fastq/ERR357/005/ERR3573925/ERR3573925_2.fastq.gz,ftp.sra.ebi.ac.uk/vol1/run/ERR357/ERR3573925/WTCHG_555219_287176.bam,,WTCHG_555219_287176,WAT-UP-100-SUM
ERR3573926,ERZ2271539,SAMEA5989477,PRJEB45055,SEQUENCE_ASSEMBLY,749907,sediment metagenome,ftp.sra.ebi.ac.uk/vol1/ERZ227/ERZ2271539/ERR3573926.fasta.gz,PRJEB34634,ERX3572164,ftp.sra.ebi.ac.uk/vol1/fastq/ERR357/006/ERR3573926/ERR3573926_1.fastq.gz;ftp.sra.ebi.ac.uk/vol1/fastq/ERR357/006/ERR3573926/ERR3573926_2.fastq.gz,ftp.sra.ebi.ac.uk/vol1/run/ERR357/ERR3573926/WTCHG_559244_287176.bam,,WTCHG_559244_287176,WAT-UP-100-SUM
ERR3573927,ERZ2272380,SAMEA5989477,PRJEB45055,SEQUENCE_ASSEMBLY,749907,sediment metagenome,ftp.sra.ebi.ac.uk/vol1/ERZ227/ERZ2272380/ERR3573927.fasta.gz,PRJEB34634,ERX3572165,ftp.sra.ebi.ac.uk/vol1/fastq/ERR357/007/ERR3573927/ERR3573927_1.fastq.gz;ftp.sra.ebi.ac.uk/vol1/fastq/ERR357/007/ERR3573927/ERR3573927_2.fastq.gz,ftp.sra.ebi.ac.uk/vol1/run/ERR357/ERR3573927/WTCHG_559242_287176.bam,,WTCHG_559242_287176,WAT-UP-100-SUM
ERR3573928,ERZ2272373,SAMEA5989477,PRJEB45055,SEQUENCE_ASSEMBLY,749907,sediment metagenome,ftp.sra.ebi.ac.uk/vol1/ERZ227/ERZ2272373/ERR3573928.fasta.gz,PRJEB34634,ERX3572166,ftp.sra.ebi.ac.uk/vol1/fastq/ERR357/008/ERR3573928/ERR3573928_1.fastq.gz;ftp.sra.ebi.ac.uk/vol1/fastq/ERR357/008/ERR3573928/ERR3573928_2.fastq.gz,ftp.sra.ebi.ac.uk/vol1/run/ERR357/ERR3573928/WTCHG_559241_287176.bam,,WTCHG_559241_287176,WAT-UP-100-SUM
ERR3573929,ERZ2272048,SAMEA5989477,PRJEB45055,SEQUENCE_ASSEMBLY,749907,sediment metagenome,ftp.sra.ebi.ac.uk/vol1/ERZ227/ERZ2272048/ERR3573929.fasta.gz,PRJEB34634,ERX3572167,ftp.sra.ebi.ac.uk/vol1/fastq/ERR357/009/ERR3573929/ERR3573929_1.fastq.gz;ftp.sra.ebi.ac.uk/vol1/fastq/ERR357/009/ERR3573929/ERR3573929_2.fastq.gz,ftp.sra.ebi.ac.uk/vol1/run/ERR357/ERR3573929/WTCHG_559243_287176.bam,,WTCHG_559243_287176,WAT-UP-100-SUM
ERR3573930,ERZ2227274,SAMEA5989477,PRJEB45055,SEQUENCE_ASSEMBLY,749907,sediment metagenome,ftp.sra.ebi.ac.uk/vol1/ERZ222/ERZ2227274/ERR3573930.fasta.gz,PRJEB34634,ERX3572168,ftp.sra.ebi.ac.uk/vol1/fastq/ERR357/000/ERR3573930/ERR3573930_1.fastq.gz;ftp.sra.ebi.ac.uk/vol1/fastq/ERR357/000/ERR3573930/ERR3573930_2.fastq.gz,ftp.sra.ebi.ac.uk/vol1/run/ERR357/ERR3573930/WTCHG_559240_287176.bam,,WTCHG_559240_287176,WAT-UP-100-SUM
ERR3573931,ERZ2272711,SAMEA5989477,PRJEB45055,SEQUENCE_ASSEMBLY,749907,sediment metagenome,ftp.sra.ebi.ac.uk/vol1/ERZ227/ERZ2272711/ERR3573931.fasta.gz,PRJEB34634,ERX3572169,ftp.sra.ebi.ac.uk/vol1/fastq/ERR357/001/ERR3573931/ERR3573931_1.fastq.gz;ftp.sra.ebi.ac.uk/vol1/fastq/ERR357/001/ERR3573931/ERR3573931_2.fastq.gz,ftp.sra.ebi.ac.uk/vol1/run/ERR357/ERR3573931/WTCHG_550636_201106.bam,,WTCHG_550636_201106,WAT-UP-100-WIN
ERR3573932,ERZ2272109,SAMEA5989477,PRJEB45055,SEQUENCE_ASSEMBLY,749907,sediment metagenome,ftp.sra.ebi.ac.uk/vol1/ERZ227/ERZ2272109/ERR3573932.fasta.gz,PRJEB34634,ERX3572170,ftp.sra.ebi.ac.uk/vol1/fastq/ERR357/002/ERR3573932/ERR3573932_1.fastq.gz;ftp.sra.ebi.ac.uk/vol1/fastq/ERR357/002/ERR3573932/ERR3573932_2.fastq.gz,ftp.sra.ebi.ac.uk/vol1/run/ERR357/ERR3573932/WTCHG_551515_201106.bam,,WTCHG_551515_201106,WAT-UP-100-WIN
ERR3573933,ERZ2272623,SAMEA5989477,PRJEB45055,SEQUENCE_ASSEMBLY,749907,sediment metagenome,ftp.sra.ebi.ac.uk/vol1/ERZ227/ERZ2272623/ERR3573933.fasta.gz,PRJEB34634,ERX3572171,ftp.sra.ebi.ac.uk/vol1/fastq/ERR357/003/ERR3573933/ERR3573933_1.fastq.gz;ftp.sra.ebi.ac.uk/vol1/fastq/ERR357/003/ERR3573933/ERR3573933_2.fastq.gz,ftp.sra.ebi.ac.uk/vol1/run/ERR357/ERR3573933/WTCHG_551514_201106.bam,,WTCHG_551514_201106,WAT-UP-100-WIN
ERR3573934,ERZ2270221,SAMEA5989477,PRJEB45055,SEQUENCE_ASSEMBLY,749907,sediment metagenome,ftp.sra.ebi.ac.uk/vol1/ERZ227/ERZ2270221/ERR3573934.fasta.gz,PRJEB34634,ERX3572172,ftp.sra.ebi.ac.uk/vol1/fastq/ERR357/004/ERR3573934/ERR3573934_1.fastq.gz;ftp.sra.ebi.ac.uk/vol1/fastq/ERR357/004/ERR3573934/ERR3573934_2.fastq.gz,ftp.sra.ebi.ac.uk/vol1/run/ERR357/ERR3573934/WTCHG_554367_201106.bam,,WTCHG_554367_201106,WAT-UP-100-WIN
ERR3573935,ERZ2271091,SAMEA5989477,PRJEB45055,SEQUENCE_ASSEMBLY,749907,sediment metagenome,ftp.sra.ebi.ac.uk/vol1/ERZ227/ERZ2271091/ERR3573935.fasta.gz,PRJEB34634,ERX3572173,ftp.sra.ebi.ac.uk/vol1/fastq/ERR357/005/ERR3573935/ERR3573935_1.fastq.gz;ftp.sra.ebi.ac.uk/vol1/fastq/ERR357/005/ERR3573935/ERR3573935_2.fastq.gz,ftp.sra.ebi.ac.uk/vol1/run/ERR357/ERR3573935/WTCHG_554366_201106.bam,,WTCHG_554366_201106,WAT-UP-100-WIN
ERR3573936,ERZ2272491,SAMEA5989477,PRJEB45055,SEQUENCE_ASSEMBLY,749907,sediment metagenome,ftp.sra.ebi.ac.uk/vol1/ERZ227/ERZ2272491/ERR3573936.fasta.gz,PRJEB34634,ERX3572174,ftp.sra.ebi.ac.uk/vol1/fastq/ERR357/006/ERR3573936/ERR3573936_1.fastq.gz;ftp.sra.ebi.ac.uk/vol1/fastq/ERR357/006/ERR3573936/ERR3573936_2.fastq.gz,ftp.sra.ebi.ac.uk/vol1/run/ERR357/ERR3573936/WTCHG_555214_201106.bam,,WTCHG_555214_201106,WAT-UP-100-WIN
ERR3573937,ERZ2271654,SAMEA5989477,PRJEB45055,SEQUENCE_ASSEMBLY,749907,sediment metagenome,ftp.sra.ebi.ac.uk/vol1/ERZ227/ERZ2271654/ERR3573937.fasta.gz,PRJEB34634,ERX3572175,ftp.sra.ebi.ac.uk/vol1/fastq/ERR357/007/ERR3573937/ERR3573937_1.fastq.gz;ftp.sra.ebi.ac.uk/vol1/fastq/ERR357/007/ERR3573937/ERR3573937_2.fastq.gz,ftp.sra.ebi.ac.uk/vol1/run/ERR357/ERR3573937/WTCHG_555217_201106.bam,,WTCHG_555217_201106,WAT-UP-100-WIN
ERR3573938,ERZ2227498,SAMEA5989477,PRJEB45055,SEQUENCE_ASSEMBLY,749907,sediment metagenome,ftp.sra.ebi.ac.uk/vol1/ERZ222/ERZ2227498/ERR3573938.fasta.gz,PRJEB34634,ERX3572176,ftp.sra.ebi.ac.uk/vol1/fastq/ERR357/008/ERR3573938/ERR3573938_1.fastq.gz;ftp.sra.ebi.ac.uk/vol1/fastq/ERR357/008/ERR3573938/ERR3573938_2.fastq.gz,ftp.sra.ebi.ac.uk/vol1/run/ERR357/ERR3573938/WTCHG_555216_201106.bam,,WTCHG_555216_201106,WAT-UP-100-WIN
ERR3573939,ERZ2271009,SAMEA5989477,PRJEB45055,SEQUENCE_ASSEMBLY,749907,sediment metagenome,ftp.sra.ebi.ac.uk/vol1/ERZ227/ERZ2271009/ERR3573939.fasta.gz,PRJEB34634,ERX3572177,ftp.sra.ebi.ac.uk/vol1/fastq/ERR357/009/ERR3573939/ERR3573939_1.fastq.gz;ftp.sra.ebi.ac.uk/vol1/fastq/ERR357/009/ERR3573939/ERR3573939_2.fastq.gz,ftp.sra.ebi.ac.uk/vol1/run/ERR357/ERR3573939/WTCHG_555219_201106.bam,,WTCHG_555219_201106,WAT-UP-100-WIN
ERR3573940,ERZ2272789,SAMEA5989477,PRJEB45055,SEQUENCE_ASSEMBLY,749907,sediment metagenome,ftp.sra.ebi.ac.uk/vol1/ERZ227/ERZ2272789/ERR3573940.fasta.gz,PRJEB34634,ERX3572178,ftp.sra.ebi.ac.uk/vol1/fastq/ERR357/000/ERR3573940/ERR3573940_1.fastq.gz;ftp.sra.ebi.ac.uk/vol1/fastq/ERR357/000/ERR3573940/ERR3573940_2.fastq.gz,ftp.sra.ebi.ac.uk/vol1/run/ERR357/ERR3573940/WTCHG_555221_201106.bam,,WTCHG_555221_201106,WAT-UP-100-WIN
ERR3573941,ERZ2271947,SAMEA5989477,PRJEB45055,SEQUENCE_ASSEMBLY,749907,sediment metagenome,ftp.sra.ebi.ac.uk/vol1/ERZ227/ERZ2271947/ERR3573941.fasta.gz,PRJEB34634,ERX3572179,ftp.sra.ebi.ac.uk/vol1/fastq/ERR357/001/ERR3573941/ERR3573941_1.fastq.gz;ftp.sra.ebi.ac.uk/vol1/fastq/ERR357/001/ERR3573941/ERR3573941_2.fastq.gz,ftp.sra.ebi.ac.uk/vol1/run/ERR357/ERR3573941/WTCHG_555218_201106.bam,,WTCHG_555218_201106,WAT-UP-100-WIN
ERR3573942,ERZ2226947,SAMEA5989477,PRJEB45055,SEQUENCE_ASSEMBLY,749907,sediment metagenome,ftp.sra.ebi.ac.uk/vol1/ERZ222/ERZ2226947/ERR3573942.fasta.gz,PRJEB34634,ERX3572180,ftp.sra.ebi.ac.uk/vol1/fastq/ERR357/002/ERR3573942/ERR3573942_1.fastq.gz;ftp.sra.ebi.ac.uk/vol1/fastq/ERR357/002/ERR3573942/ERR3573942_2.fastq.gz,ftp.sra.ebi.ac.uk/vol1/run/ERR357/ERR3573942/WTCHG_555215_201106.bam,,WTCHG_555215_201106,WAT-UP-100-WIN
ERR3573943,ERZ2272744,SAMEA5989477,PRJEB45055,SEQUENCE_ASSEMBLY,749907,sediment metagenome,ftp.sra.ebi.ac.uk/vol1/ERZ227/ERZ2272744/ERR3573943.fasta.gz,PRJEB34634,ERX3572181,ftp.sra.ebi.ac.uk/vol1/fastq/ERR357/003/ERR3573943/ERR3573943_1.fastq.gz;ftp.sra.ebi.ac.uk/vol1/fastq/ERR357/003/ERR3573943/ERR3573943_2.fastq.gz,ftp.sra.ebi.ac.uk/vol1/run/ERR357/ERR3573943/WTCHG_555220_201106.bam,,WTCHG_555220_201106,WAT-UP-100-WIN
ERR3573944,ERZ2270468,SAMEA5989477,PRJEB45055,SEQUENCE_ASSEMBLY,749907,sediment metagenome,ftp.sra.ebi.ac.uk/vol1/ERZ227/ERZ2270468/ERR3573944.fasta.gz,PRJEB34634,ERX3572182,ftp.sra.ebi.ac.uk/vol1/fastq/ERR357/004/ERR3573944/ERR3573944_1.fastq.gz;ftp.sra.ebi.ac.uk/vol1/fastq/ERR357/004/ERR3573944/ERR3573944_2.fastq.gz,ftp.sra.ebi.ac.uk/vol1/run/ERR357/ERR3573944/WTCHG_559243_201106.bam,,WTCHG_559243_201106,WAT-UP-100-WIN
ERR3573945,ERZ2272427,SAMEA5989477,PRJEB45055,SEQUENCE_ASSEMBLY,749907,sediment metagenome,ftp.sra.ebi.ac.uk/vol1/ERZ227/ERZ2272427/ERR3573945.fasta.gz,PRJEB34634,ERX3572183,ftp.sra.ebi.ac.uk/vol1/fastq/ERR357/005/ERR3573945/ERR3573945_1.fastq.gz;ftp.sra.ebi.ac.uk/vol1/fastq/ERR357/005/ERR3573945/ERR3573945_2.fastq.gz,ftp.sra.ebi.ac.uk/vol1/run/ERR357/ERR3573945/WTCHG_559240_201106.bam,,WTCHG_559240_201106,WAT-UP-100-WIN
ERR3573946,ERZ2271568,SAMEA5989477,PRJEB45055,SEQUENCE_ASSEMBLY,749907,sediment metagenome,ftp.sra.ebi.ac.uk/vol1/ERZ227/ERZ2271568/ERR3573946.fasta.gz,PRJEB34634,ERX3572184,ftp.sra.ebi.ac.uk/vol1/fastq/ERR357/006/ERR3573946/ERR3573946_1.fastq.gz;ftp.sra.ebi.ac.uk/vol1/fastq/ERR357/006/ERR3573946/ERR3573946_2.fastq.gz,ftp.sra.ebi.ac.uk/vol1/run/ERR357/ERR3573946/WTCHG_559242_201106.bam,,WTCHG_559242_201106,WAT-UP-100-WIN
ERR3573947,ERZ2272468,SAMEA5989477,PRJEB45055,SEQUENCE_ASSEMBLY,749907,sediment metagenome,ftp.sra.ebi.ac.uk/vol1/ERZ227/ERZ2272468/ERR3573947.fasta.gz,PRJEB34634,ERX3572185,ftp.sra.ebi.ac.uk/vol1/fastq/ERR357/007/ERR3573947/ERR3573947_1.fastq.gz;ftp.sra.ebi.ac.uk/vol1/fastq/ERR357/007/ERR3573947/ERR3573947_2.fastq.gz,ftp.sra.ebi.ac.uk/vol1/run/ERR357/ERR3573947/WTCHG_559241_201106.bam,,WTCHG_559241_201106,WAT-UP-100-WIN
ERR3573948,ERZ2226765,SAMEA5989477,PRJEB45055,SEQUENCE_ASSEMBLY,749907,sediment metagenome,ftp.sra.ebi.ac.uk/vol1/ERZ222/ERZ2226765/ERR3573948.fasta.gz,PRJEB34634,ERX3572186,ftp.sra.ebi.ac.uk/vol1/fastq/ERR357/008/ERR3573948/ERR3573948_1.fastq.gz;ftp.sra.ebi.ac.uk/vol1/fastq/ERR357/008/ERR3573948/ERR3573948_2.fastq.gz,ftp.sra.ebi.ac.uk/vol1/run/ERR357/ERR3573948/WTCHG_559244_201106.bam,,WTCHG_559244_201106,WAT-UP-100-WIN
ERR3573949,ERZ2270986,SAMEA5989477,PRJEB45055,SEQUENCE_ASSEMBLY,749907,sediment metagenome,ftp.sra.ebi.ac.uk/vol1/ERZ227/ERZ2270986/ERR3573949.fasta.gz,PRJEB34634,ERX3572187,ftp.sra.ebi.ac.uk/vol1/fastq/ERR357/009/ERR3573949/ERR3573949_1.fastq.gz;ftp.sra.ebi.ac.uk/vol1/fastq/ERR357/009/ERR3573949/ERR3573949_2.fastq.gz,ftp.sra.ebi.ac.uk/vol1/run/ERR357/ERR3573949/WTCHG_550636_278163.bam,,WTCHG_550636_278163,WIT-DW-100-AUT
ERR3573950,ERZ2269043,SAMEA5989477,PRJEB45055,SEQUENCE_ASSEMBLY,749907,sediment metagenome,ftp.sra.ebi.ac.uk/vol1/ERZ226/ERZ2269043/ERR3573950.fasta.gz,PRJEB34634,ERX3572188,ftp.sra.ebi.ac.uk/vol1/fastq/ERR357/000/ERR3573950/ERR3573950_1.fastq.gz;ftp.sra.ebi.ac.uk/vol1/fastq/ERR357/000/ERR3573950/ERR3573950_2.fastq.gz,ftp.sra.ebi.ac.uk/vol1/run/ERR357/ERR3573950/WTCHG_551514_278163.bam,,WTCHG_551514_278163,WIT-DW-100-AUT
ERR3573951,ERZ2270400,SAMEA5989477,PRJEB45055,SEQUENCE_ASSEMBLY,749907,sediment metagenome,ftp.sra.ebi.ac.uk/vol1/ERZ227/ERZ2270400/ERR3573951.fasta.gz,PRJEB34634,ERX3572189,ftp.sra.ebi.ac.uk/vol1/fastq/ERR357/001/ERR3573951/ERR3573951_1.fastq.gz;ftp.sra.ebi.ac.uk/vol1/fastq/ERR357/001/ERR3573951/ERR3573951_2.fastq.gz,ftp.sra.ebi.ac.uk/vol1/run/ERR357/ERR3573951/WTCHG_551515_278163.bam,,WTCHG_551515_278163,WIT-DW-100-AUT
ERR3573952,ERZ2272594,SAMEA5989477,PRJEB45055,SEQUENCE_ASSEMBLY,749907,sediment metagenome,ftp.sra.ebi.ac.uk/vol1/ERZ227/ERZ2272594/ERR3573952.fasta.gz,PRJEB34634,ERX3572190,ftp.sra.ebi.ac.uk/vol1/fastq/ERR357/002/ERR3573952/ERR3573952_1.fastq.gz;ftp.sra.ebi.ac.uk/vol1/fastq/ERR357/002/ERR3573952/ERR3573952_2.fastq.gz,ftp.sra.ebi.ac.uk/vol1/run/ERR357/ERR3573952/WTCHG_554367_278163.bam,,WTCHG_554367_278163,WIT-DW-100-AUT
ERR3573953,ERZ2270232,SAMEA5989477,PRJEB45055,SEQUENCE_ASSEMBLY,749907,sediment metagenome,ftp.sra.ebi.ac.uk/vol1/ERZ227/ERZ2270232/ERR3573953.fasta.gz,PRJEB34634,ERX3572191,ftp.sra.ebi.ac.uk/vol1/fastq/ERR357/003/ERR3573953/ERR3573953_1.fastq.gz;ftp.sra.ebi.ac.uk/vol1/fastq/ERR357/003/ERR3573953/ERR3573953_2.fastq.gz,ftp.sra.ebi.ac.uk/vol1/run/ERR357/ERR3573953/WTCHG_554366_278163.bam,,WTCHG_554366_278163,WIT-DW-100-AUT
ERR3573954,ERZ2272198,SAMEA5989477,PRJEB45055,SEQUENCE_ASSEMBLY,749907,sediment metagenome,ftp.sra.ebi.ac.uk/vol1/ERZ227/ERZ2272198/ERR3573954.fasta.gz,PRJEB34634,ERX3572192,ftp.sra.ebi.ac.uk/vol1/fastq/ERR357/004/ERR3573954/ERR3573954_1.fastq.gz;ftp.sra.ebi.ac.uk/vol1/fastq/ERR357/004/ERR3573954/ERR3573954_2.fastq.gz,ftp.sra.ebi.ac.uk/vol1/run/ERR357/ERR3573954/WTCHG_555216_278163.bam,,WTCHG_555216_278163,WIT-DW-100-AUT
ERR3573955,ERZ2271934,SAMEA5989477,PRJEB45055,SEQUENCE_ASSEMBLY,749907,sediment metagenome,ftp.sra.ebi.ac.uk/vol1/ERZ227/ERZ2271934/ERR3573955.fasta.gz,PRJEB34634,ERX3572193,ftp.sra.ebi.ac.uk/vol1/fastq/ERR357/005/ERR3573955/ERR3573955_1.fastq.gz;ftp.sra.ebi.ac.uk/vol1/fastq/ERR357/005/ERR3573955/ERR3573955_2.fastq.gz,ftp.sra.ebi.ac.uk/vol1/run/ERR357/ERR3573955/WTCHG_555215_278163.bam,,WTCHG_555215_278163,WIT-DW-100-AUT
ERR3573956,ERZ2272308,SAMEA5989477,PRJEB45055,SEQUENCE_ASSEMBLY,749907,sediment metagenome,ftp.sra.ebi.ac.uk/vol1/ERZ227/ERZ2272308/ERR3573956.fasta.gz,PRJEB34634,ERX3572194,ftp.sra.ebi.ac.uk/vol1/fastq/ERR357/006/ERR3573956/ERR3573956_1.fastq.gz;ftp.sra.ebi.ac.uk/vol1/fastq/ERR357/006/ERR3573956/ERR3573956_2.fastq.gz,ftp.sra.ebi.ac.uk/vol1/run/ERR357/ERR3573956/WTCHG_555220_278163.bam,,WTCHG_555220_278163,WIT-DW-100-AUT
ERR3573957,ERZ2272402,SAMEA5989477,PRJEB45055,SEQUENCE_ASSEMBLY,749907,sediment metagenome,ftp.sra.ebi.ac.uk/vol1/ERZ227/ERZ2272402/ERR3573957.fasta.gz,PRJEB34634,ERX3572195,ftp.sra.ebi.ac.uk/vol1/fastq/ERR357/007/ERR3573957/ERR3573957_1.fastq.gz;ftp.sra.ebi.ac.uk/vol1/fastq/ERR357/007/ERR3573957/ERR3573957_2.fastq.gz,ftp.sra.ebi.ac.uk/vol1/run/ERR357/ERR3573957/WTCHG_555221_278163.bam,,WTCHG_555221_278163,WIT-DW-100-AUT
ERR3573958,ERZ2272064,SAMEA5989477,PRJEB45055,SEQUENCE_ASSEMBLY,749907,sediment metagenome,ftp.sra.ebi.ac.uk/vol1/ERZ227/ERZ2272064/ERR3573958.fasta.gz,PRJEB34634,ERX3572196,ftp.sra.ebi.ac.uk/vol1/fastq/ERR357/008/ERR3573958/ERR3573958_1.fastq.gz;ftp.sra.ebi.ac.uk/vol1/fastq/ERR357/008/ERR3573958/ERR3573958_2.fastq.gz,ftp.sra.ebi.ac.uk/vol1/run/ERR357/ERR3573958/WTCHG_555217_278163.bam,,WTCHG_555217_278163,WIT-DW-100-AUT
ERR3573959,ERZ2227183,SAMEA5989477,PRJEB45055,SEQUENCE_ASSEMBLY,749907,sediment metagenome,ftp.sra.ebi.ac.uk/vol1/ERZ222/ERZ2227183/ERR3573959.fasta.gz,PRJEB34634,ERX3572197,ftp.sra.ebi.ac.uk/vol1/fastq/ERR357/009/ERR3573959/ERR3573959_1.fastq.gz;ftp.sra.ebi.ac.uk/vol1/fastq/ERR357/009/ERR3573959/ERR3573959_2.fastq.gz,ftp.sra.ebi.ac.uk/vol1/run/ERR357/ERR3573959/WTCHG_555219_278163.bam,,WTCHG_555219_278163,WIT-DW-100-AUT
ERR3573960,ERZ2271775,SAMEA5989477,PRJEB45055,SEQUENCE_ASSEMBLY,749907,sediment metagenome,ftp.sra.ebi.ac.uk/vol1/ERZ227/ERZ2271775/ERR3573960.fasta.gz,PRJEB34634,ERX3572198,ftp.sra.ebi.ac.uk/vol1/fastq/ERR357/000/ERR3573960/ERR3573960_1.fastq.gz;ftp.sra.ebi.ac.uk/vol1/fastq/ERR357/000/ERR3573960/ERR3573960_2.fastq.gz,ftp.sra.ebi.ac.uk/vol1/run/ERR357/ERR3573960/WTCHG_555218_278163.bam,,WTCHG_555218_278163,WIT-DW-100-AUT
ERR3573961,ERZ2272170,SAMEA5989477,PRJEB45055,SEQUENCE_ASSEMBLY,749907,sediment metagenome,ftp.sra.ebi.ac.uk/vol1/ERZ227/ERZ2272170/ERR3573961.fasta.gz,PRJEB34634,ERX3572199,ftp.sra.ebi.ac.uk/vol1/fastq/ERR357/001/ERR3573961/ERR3573961_1.fastq.gz;ftp.sra.ebi.ac.uk/vol1/fastq/ERR357/001/ERR3573961/ERR3573961_2.fastq.gz,ftp.sra.ebi.ac.uk/vol1/run/ERR357/ERR3573961/WTCHG_555214_278163.bam,,WTCHG_555214_278163,WIT-DW-100-AUT
ERR3573962,ERZ2270599,SAMEA5989477,PRJEB45055,SEQUENCE_ASSEMBLY,749907,sediment metagenome,ftp.sra.ebi.ac.uk/vol1/ERZ227/ERZ2270599/ERR3573962.fasta.gz,PRJEB34634,ERX3572200,ftp.sra.ebi.ac.uk/vol1/fastq/ERR357/002/ERR3573962/ERR3573962_1.fastq.gz;ftp.sra.ebi.ac.uk/vol1/fastq/ERR357/002/ERR3573962/ERR3573962_2.fastq.gz,ftp.sra.ebi.ac.uk/vol1/run/ERR357/ERR3573962/WTCHG_559241_278163.bam,,WTCHG_559241_278163,WIT-DW-100-AUT
ERR3573963,ERZ2272592,SAMEA5989477,PRJEB45055,SEQUENCE_ASSEMBLY,749907,sediment metagenome,ftp.sra.ebi.ac.uk/vol1/ERZ227/ERZ2272592/ERR3573963.fasta.gz,PRJEB34634,ERX3572201,ftp.sra.ebi.ac.uk/vol1/fastq/ERR357/003/ERR3573963/ERR3573963_1.fastq.gz;ftp.sra.ebi.ac.uk/vol1/fastq/ERR357/003/ERR3573963/ERR3573963_2.fastq.gz,ftp.sra.ebi.ac.uk/vol1/run/ERR357/ERR3573963/WTCHG_559242_278163.bam,,WTCHG_559242_278163,WIT-DW-100-AUT
ERR3573964,ERZ2272051,SAMEA5989477,PRJEB45055,SEQUENCE_ASSEMBLY,749907,sediment metagenome,ftp.sra.ebi.ac.uk/vol1/ERZ227/ERZ2272051/ERR3573964.fasta.gz,PRJEB34634,ERX3572202,ftp.sra.ebi.ac.uk/vol1/fastq/ERR357/004/ERR3573964/ERR3573964_1.fastq.gz;ftp.sra.ebi.ac.uk/vol1/fastq/ERR357/004/ERR3573964/ERR3573964_2.fastq.gz,ftp.sra.ebi.ac.uk/vol1/run/ERR357/ERR3573964/WTCHG_559244_278163.bam,,WTCHG_559244_278163,WIT-DW-100-AUT
ERR3573965,ERZ2272659,SAMEA5989477,PRJEB45055,SEQUENCE_ASSEMBLY,749907,sediment metagenome,ftp.sra.ebi.ac.uk/vol1/ERZ227/ERZ2272659/ERR3573965.fasta.gz,PRJEB34634,ERX3572203,ftp.sra.ebi.ac.uk/vol1/fastq/ERR357/005/ERR3573965/ERR3573965_1.fastq.gz;ftp.sra.ebi.ac.uk/vol1/fastq/ERR357/005/ERR3573965/ERR3573965_2.fastq.gz,ftp.sra.ebi.ac.uk/vol1/run/ERR357/ERR3573965/WTCHG_559240_278163.bam,,WTCHG_559240_278163,WIT-DW-100-AUT
ERR3573966,ERZ2270992,SAMEA5989477,PRJEB45055,SEQUENCE_ASSEMBLY,749907,sediment metagenome,ftp.sra.ebi.ac.uk/vol1/ERZ227/ERZ2270992/ERR3573966.fasta.gz,PRJEB34634,ERX3572204,ftp.sra.ebi.ac.uk/vol1/fastq/ERR357/006/ERR3573966/ERR3573966_1.fastq.gz;ftp.sra.ebi.ac.uk/vol1/fastq/ERR357/006/ERR3573966/ERR3573966_2.fastq.gz,ftp.sra.ebi.ac.uk/vol1/run/ERR357/ERR3573966/WTCHG_559243_278163.bam,,WTCHG_559243_278163,WIT-DW-100-AUT
ERR3573967,ERZ2227219,SAMEA5989477,PRJEB45055,SEQUENCE_ASSEMBLY,749907,sediment metagenome,ftp.sra.ebi.ac.uk/vol1/ERZ222/ERZ2227219/ERR3573967.fasta.gz,PRJEB34634,ERX3572205,ftp.sra.ebi.ac.uk/vol1/fastq/ERR357/007/ERR3573967/ERR3573967_1.fastq.gz;ftp.sra.ebi.ac.uk/vol1/fastq/ERR357/007/ERR3573967/ERR3573967_2.fastq.gz,ftp.sra.ebi.ac.uk/vol1/run/ERR357/ERR3573967/WTCHG_550636_273103.bam,,WTCHG_550636_273103,WIT-DW-100-SUM
ERR3573968,ERZ2271603,SAMEA5989477,PRJEB45055,SEQUENCE_ASSEMBLY,749907,sediment metagenome,ftp.sra.ebi.ac.uk/vol1/ERZ227/ERZ2271603/ERR3573968.fasta.gz,PRJEB34634,ERX3572206,ftp.sra.ebi.ac.uk/vol1/fastq/ERR357/008/ERR3573968/ERR3573968_1.fastq.gz;ftp.sra.ebi.ac.uk/vol1/fastq/ERR357/008/ERR3573968/ERR3573968_2.fastq.gz,ftp.sra.ebi.ac.uk/vol1/run/ERR357/ERR3573968/WTCHG_551515_273103.bam,,WTCHG_551515_273103,WIT-DW-100-SUM
ERR3573969,ERZ2272281,SAMEA5989477,PRJEB45055,SEQUENCE_ASSEMBLY,749907,sediment metagenome,ftp.sra.ebi.ac.uk/vol1/ERZ227/ERZ2272281/ERR3573969.fasta.gz,PRJEB34634,ERX3572207,ftp.sra.ebi.ac.uk/vol1/fastq/ERR357/009/ERR3573969/ERR3573969_1.fastq.gz;ftp.sra.ebi.ac.uk/vol1/fastq/ERR357/009/ERR3573969/ERR3573969_2.fastq.gz,ftp.sra.ebi.ac.uk/vol1/run/ERR357/ERR3573969/WTCHG_551514_273103.bam,,WTCHG_551514_273103,WIT-DW-100-SUM
ERR3573970,ERZ2272445,SAMEA5989477,PRJEB45055,SEQUENCE_ASSEMBLY,749907,sediment metagenome,ftp.sra.ebi.ac.uk/vol1/ERZ227/ERZ2272445/ERR3573970.fasta.gz,PRJEB34634,ERX3572208,ftp.sra.ebi.ac.uk/vol1/fastq/ERR357/000/ERR3573970/ERR3573970_1.fastq.gz;ftp.sra.ebi.ac.uk/vol1/fastq/ERR357/000/ERR3573970/ERR3573970_2.fastq.gz,ftp.sra.ebi.ac.uk/vol1/run/ERR357/ERR3573970/WTCHG_554367_273103.bam,,WTCHG_554367_273103,WIT-DW-100-SUM
ERR3573971,ERZ2272349,SAMEA5989477,PRJEB45055,SEQUENCE_ASSEMBLY,749907,sediment metagenome,ftp.sra.ebi.ac.uk/vol1/ERZ227/ERZ2272349/ERR3573971.fasta.gz,PRJEB34634,ERX3572209,ftp.sra.ebi.ac.uk/vol1/fastq/ERR357/001/ERR3573971/ERR3573971_1.fastq.gz;ftp.sra.ebi.ac.uk/vol1/fastq/ERR357/001/ERR3573971/ERR3573971_2.fastq.gz,ftp.sra.ebi.ac.uk/vol1/run/ERR357/ERR3573971/WTCHG_554366_273103.bam,,WTCHG_554366_273103,WIT-DW-100-SUM
ERR3573972,ERZ2270716,SAMEA5989477,PRJEB45055,SEQUENCE_ASSEMBLY,749907,sediment metagenome,ftp.sra.ebi.ac.uk/vol1/ERZ227/ERZ2270716/ERR3573972.fasta.gz,PRJEB34634,ERX3572210,ftp.sra.ebi.ac.uk/vol1/fastq/ERR357/002/ERR3573972/ERR3573972_1.fastq.gz;ftp.sra.ebi.ac.uk/vol1/fastq/ERR357/002/ERR3573972/ERR3573972_2.fastq.gz,ftp.sra.ebi.ac.uk/vol1/run/ERR357/ERR3573972/WTCHG_555219_273103.bam,,WTCHG_555219_273103,WIT-DW-100-SUM
ERR3573973,ERZ2272802,SAMEA5989477,PRJEB45055,SEQUENCE_ASSEMBLY,749907,sediment metagenome,ftp.sra.ebi.ac.uk/vol1/ERZ227/ERZ2272802/ERR3573973.fasta.gz,PRJEB34634,ERX3572211,ftp.sra.ebi.ac.uk/vol1/fastq/ERR357/003/ERR3573973/ERR3573973_1.fastq.gz;ftp.sra.ebi.ac.uk/vol1/fastq/ERR357/003/ERR3573973/ERR3573973_2.fastq.gz,ftp.sra.ebi.ac.uk/vol1/run/ERR357/ERR3573973/WTCHG_555215_273103.bam,,WTCHG_555215_273103,WIT-DW-100-SUM
ERR3573974,ERZ2268798,SAMEA5989477,PRJEB45055,SEQUENCE_ASSEMBLY,749907,sediment metagenome,ftp.sra.ebi.ac.uk/vol1/ERZ226/ERZ2268798/ERR3573974.fasta.gz,PRJEB34634,ERX3572212,ftp.sra.ebi.ac.uk/vol1/fastq/ERR357/004/ERR3573974/ERR3573974_1.fastq.gz;ftp.sra.ebi.ac.uk/vol1/fastq/ERR357/004/ERR3573974/ERR3573974_2.fastq.gz,ftp.sra.ebi.ac.uk/vol1/run/ERR357/ERR3573974/WTCHG_555218_273103.bam,,WTCHG_555218_273103,WIT-DW-100-SUM
ERR3573975,ERZ2227976,SAMEA5989477,PRJEB45055,SEQUENCE_ASSEMBLY,749907,sediment metagenome,ftp.sra.ebi.ac.uk/vol1/ERZ222/ERZ2227976/ERR3573975.fasta.gz,PRJEB34634,ERX3572213,ftp.sra.ebi.ac.uk/vol1/fastq/ERR357/005/ERR3573975/ERR3573975_1.fastq.gz;ftp.sra.ebi.ac.uk/vol1/fastq/ERR357/005/ERR3573975/ERR3573975_2.fastq.gz,ftp.sra.ebi.ac.uk/vol1/run/ERR357/ERR3573975/WTCHG_555221_273103.bam,,WTCHG_555221_273103,WIT-DW-100-SUM
ERR3573976,ERZ2227707,SAMEA5989477,PRJEB45055,SEQUENCE_ASSEMBLY,749907,sediment metagenome,ftp.sra.ebi.ac.uk/vol1/ERZ222/ERZ2227707/ERR3573976.fasta.gz,PRJEB34634,ERX3572214,ftp.sra.ebi.ac.uk/vol1/fastq/ERR357/006/ERR3573976/ERR3573976_1.fastq.gz;ftp.sra.ebi.ac.uk/vol1/fastq/ERR357/006/ERR3573976/ERR3573976_2.fastq.gz,ftp.sra.ebi.ac.uk/vol1/run/ERR357/ERR3573976/WTCHG_555216_273103.bam,,WTCHG_555216_273103,WIT-DW-100-SUM
ERR3573977,ERZ2272585,SAMEA5989477,PRJEB45055,SEQUENCE_ASSEMBLY,749907,sediment metagenome,ftp.sra.ebi.ac.uk/vol1/ERZ227/ERZ2272585/ERR3573977.fasta.gz,PRJEB34634,ERX3572215,ftp.sra.ebi.ac.uk/vol1/fastq/ERR357/007/ERR3573977/ERR3573977_1.fastq.gz;ftp.sra.ebi.ac.uk/vol1/fastq/ERR357/007/ERR3573977/ERR3573977_2.fastq.gz,ftp.sra.ebi.ac.uk/vol1/run/ERR357/ERR3573977/WTCHG_555214_273103.bam,,WTCHG_555214_273103,WIT-DW-100-SUM
ERR3573978,ERZ2271587,SAMEA5989477,PRJEB45055,SEQUENCE_ASSEMBLY,749907,sediment metagenome,ftp.sra.ebi.ac.uk/vol1/ERZ227/ERZ2271587/ERR3573978.fasta.gz,PRJEB34634,ERX3572216,ftp.sra.ebi.ac.uk/vol1/fastq/ERR357/008/ERR3573978/ERR3573978_1.fastq.gz;ftp.sra.ebi.ac.uk/vol1/fastq/ERR357/008/ERR3573978/ERR3573978_2.fastq.gz,ftp.sra.ebi.ac.uk/vol1/run/ERR357/ERR3573978/WTCHG_555220_273103.bam,,WTCHG_555220_273103,WIT-DW-100-SUM
ERR3573979,ERZ2270854,SAMEA5989477,PRJEB45055,SEQUENCE_ASSEMBLY,749907,sediment metagenome,ftp.sra.ebi.ac.uk/vol1/ERZ227/ERZ2270854/ERR3573979.fasta.gz,PRJEB34634,ERX3572217,ftp.sra.ebi.ac.uk/vol1/fastq/ERR357/009/ERR3573979/ERR3573979_1.fastq.gz;ftp.sra.ebi.ac.uk/vol1/fastq/ERR357/009/ERR3573979/ERR3573979_2.fastq.gz,ftp.sra.ebi.ac.uk/vol1/run/ERR357/ERR3573979/WTCHG_555217_273103.bam,,WTCHG_555217_273103,WIT-DW-100-SUM
ERR3573980,ERZ2272357,SAMEA5989477,PRJEB45055,SEQUENCE_ASSEMBLY,749907,sediment metagenome,ftp.sra.ebi.ac.uk/vol1/ERZ227/ERZ2272357/ERR3573980.fasta.gz,PRJEB34634,ERX3572218,ftp.sra.ebi.ac.uk/vol1/fastq/ERR357/000/ERR3573980/ERR3573980_1.fastq.gz;ftp.sra.ebi.ac.uk/vol1/fastq/ERR357/000/ERR3573980/ERR3573980_2.fastq.gz,ftp.sra.ebi.ac.uk/vol1/run/ERR357/ERR3573980/WTCHG_559241_273103.bam,,WTCHG_559241_273103,WIT-DW-100-SUM
ERR3573981,ERZ2272615,SAMEA5989477,PRJEB45055,SEQUENCE_ASSEMBLY,749907,sediment metagenome,ftp.sra.ebi.ac.uk/vol1/ERZ227/ERZ2272615/ERR3573981.fasta.gz,PRJEB34634,ERX3572219,ftp.sra.ebi.ac.uk/vol1/fastq/ERR357/001/ERR3573981/ERR3573981_1.fastq.gz;ftp.sra.ebi.ac.uk/vol1/fastq/ERR357/001/ERR3573981/ERR3573981_2.fastq.gz,ftp.sra.ebi.ac.uk/vol1/run/ERR357/ERR3573981/WTCHG_559242_273103.bam,,WTCHG_559242_273103,WIT-DW-100-SUM
ERR3573982,ERZ2270685,SAMEA5989477,PRJEB45055,SEQUENCE_ASSEMBLY,749907,sediment metagenome,ftp.sra.ebi.ac.uk/vol1/ERZ227/ERZ2270685/ERR3573982.fasta.gz,PRJEB34634,ERX3572220,ftp.sra.ebi.ac.uk/vol1/fastq/ERR357/002/ERR3573982/ERR3573982_1.fastq.gz;ftp.sra.ebi.ac.uk/vol1/fastq/ERR357/002/ERR3573982/ERR3573982_2.fastq.gz,ftp.sra.ebi.ac.uk/vol1/run/ERR357/ERR3573982/WTCHG_559243_273103.bam,,WTCHG_559243_273103,WIT-DW-100-SUM
ERR3573983,ERZ2272442,SAMEA5989477,PRJEB45055,SEQUENCE_ASSEMBLY,749907,sediment metagenome,ftp.sra.ebi.ac.uk/vol1/ERZ227/ERZ2272442/ERR3573983.fasta.gz,PRJEB34634,ERX3572221,ftp.sra.ebi.ac.uk/vol1/fastq/ERR357/003/ERR3573983/ERR3573983_1.fastq.gz;ftp.sra.ebi.ac.uk/vol1/fastq/ERR357/003/ERR3573983/ERR3573983_2.fastq.gz,ftp.sra.ebi.ac.uk/vol1/run/ERR357/ERR3573983/WTCHG_559244_273103.bam,,WTCHG_559244_273103,WIT-DW-100-SUM
ERR3573984,ERZ2271757,SAMEA5989477,PRJEB45055,SEQUENCE_ASSEMBLY,749907,sediment metagenome,ftp.sra.ebi.ac.uk/vol1/ERZ227/ERZ2271757/ERR3573984.fasta.gz,PRJEB34634,ERX3572222,ftp.sra.ebi.ac.uk/vol1/fastq/ERR357/004/ERR3573984/ERR3573984_1.fastq.gz;ftp.sra.ebi.ac.uk/vol1/fastq/ERR357/004/ERR3573984/ERR3573984_2.fastq.gz,ftp.sra.ebi.ac.uk/vol1/run/ERR357/ERR3573984/WTCHG_559240_273103.bam,,WTCHG_559240_273103,WIT-DW-100-SUM
ERR3573985,ERZ2271010,SAMEA5989477,PRJEB45055,SEQUENCE_ASSEMBLY,749907,sediment metagenome,ftp.sra.ebi.ac.uk/vol1/ERZ227/ERZ2271010/ERR3573985.fasta.gz,PRJEB34634,ERX3572223,ftp.sra.ebi.ac.uk/vol1/fastq/ERR357/005/ERR3573985/ERR3573985_1.fastq.gz;ftp.sra.ebi.ac.uk/vol1/fastq/ERR357/005/ERR3573985/ERR3573985_2.fastq.gz,ftp.sra.ebi.ac.uk/vol1/run/ERR357/ERR3573985/WTCHG_550636_283128.bam,,WTCHG_550636_283128,WIT-DW-100-WIN
ERR3573986,ERZ2227268,SAMEA5989477,PRJEB45055,SEQUENCE_ASSEMBLY,749907,sediment metagenome,ftp.sra.ebi.ac.uk/vol1/ERZ222/ERZ2227268/ERR3573986.fasta.gz,PRJEB34634,ERX3572224,ftp.sra.ebi.ac.uk/vol1/fastq/ERR357/006/ERR3573986/ERR3573986_1.fastq.gz;ftp.sra.ebi.ac.uk/vol1/fastq/ERR357/006/ERR3573986/ERR3573986_2.fastq.gz,ftp.sra.ebi.ac.uk/vol1/run/ERR357/ERR3573986/WTCHG_551514_283128.bam,,WTCHG_551514_283128,WIT-DW-100-WIN
ERR3573987,ERZ2272461,SAMEA5989477,PRJEB45055,SEQUENCE_ASSEMBLY,749907,sediment metagenome,ftp.sra.ebi.ac.uk/vol1/ERZ227/ERZ2272461/ERR3573987.fasta.gz,PRJEB34634,ERX3572225,ftp.sra.ebi.ac.uk/vol1/fastq/ERR357/007/ERR3573987/ERR3573987_1.fastq.gz;ftp.sra.ebi.ac.uk/vol1/fastq/ERR357/007/ERR3573987/ERR3573987_2.fastq.gz,ftp.sra.ebi.ac.uk/vol1/run/ERR357/ERR3573987/WTCHG_551515_283128.bam,,WTCHG_551515_283128,WIT-DW-100-WIN
ERR3573988,ERZ2272267,SAMEA5989477,PRJEB45055,SEQUENCE_ASSEMBLY,749907,sediment metagenome,ftp.sra.ebi.ac.uk/vol1/ERZ227/ERZ2272267/ERR3573988.fasta.gz,PRJEB34634,ERX3572226,ftp.sra.ebi.ac.uk/vol1/fastq/ERR357/008/ERR3573988/ERR3573988_1.fastq.gz;ftp.sra.ebi.ac.uk/vol1/fastq/ERR357/008/ERR3573988/ERR3573988_2.fastq.gz,ftp.sra.ebi.ac.uk/vol1/run/ERR357/ERR3573988/WTCHG_554366_283128.bam,,WTCHG_554366_283128,WIT-DW-100-WIN
ERR3573989,ERZ2271016,SAMEA5989477,PRJEB45055,SEQUENCE_ASSEMBLY,749907,sediment metagenome,ftp.sra.ebi.ac.uk/vol1/ERZ227/ERZ2271016/ERR3573989.fasta.gz,PRJEB34634,ERX3572227,ftp.sra.ebi.ac.uk/vol1/fastq/ERR357/009/ERR3573989/ERR3573989_1.fastq.gz;ftp.sra.ebi.ac.uk/vol1/fastq/ERR357/009/ERR3573989/ERR3573989_2.fastq.gz,ftp.sra.ebi.ac.uk/vol1/run/ERR357/ERR3573989/WTCHG_554367_283128.bam,,WTCHG_554367_283128,WIT-DW-100-WIN
ERR3573990,ERZ2271694,SAMEA5989477,PRJEB45055,SEQUENCE_ASSEMBLY,749907,sediment metagenome,ftp.sra.ebi.ac.uk/vol1/ERZ227/ERZ2271694/ERR3573990.fasta.gz,PRJEB34634,ERX3572228,ftp.sra.ebi.ac.uk/vol1/fastq/ERR357/000/ERR3573990/ERR3573990_1.fastq.gz;ftp.sra.ebi.ac.uk/vol1/fastq/ERR357/000/ERR3573990/ERR3573990_2.fastq.gz,ftp.sra.ebi.ac.uk/vol1/run/ERR357/ERR3573990/WTCHG_555221_283128.bam,,WTCHG_555221_283128,WIT-DW-100-WIN
ERR3573991,ERZ2271788,SAMEA5989477,PRJEB45055,SEQUENCE_ASSEMBLY,749907,sediment metagenome,ftp.sra.ebi.ac.uk/vol1/ERZ227/ERZ2271788/ERR3573991.fasta.gz,PRJEB34634,ERX3572229,ftp.sra.ebi.ac.uk/vol1/fastq/ERR357/001/ERR3573991/ERR3573991_1.fastq.gz;ftp.sra.ebi.ac.uk/vol1/fastq/ERR357/001/ERR3573991/ERR3573991_2.fastq.gz,ftp.sra.ebi.ac.uk/vol1/run/ERR357/ERR3573991/WTCHG_555218_283128.bam,,WTCHG_555218_283128,WIT-DW-100-WIN
ERR3573992,ERZ2272589,SAMEA5989477,PRJEB45055,SEQUENCE_ASSEMBLY,749907,sediment metagenome,ftp.sra.ebi.ac.uk/vol1/ERZ227/ERZ2272589/ERR3573992.fasta.gz,PRJEB34634,ERX3572230,ftp.sra.ebi.ac.uk/vol1/fastq/ERR357/002/ERR3573992/ERR3573992_1.fastq.gz;ftp.sra.ebi.ac.uk/vol1/fastq/ERR357/002/ERR3573992/ERR3573992_2.fastq.gz,ftp.sra.ebi.ac.uk/vol1/run/ERR357/ERR3573992/WTCHG_555219_283128.bam,,WTCHG_555219_283128,WIT-DW-100-WIN
ERR3573993,ERZ2272668,SAMEA5989477,PRJEB45055,SEQUENCE_ASSEMBLY,749907,sediment metagenome,ftp.sra.ebi.ac.uk/vol1/ERZ227/ERZ2272668/ERR3573993.fasta.gz,PRJEB34634,ERX3572231,ftp.sra.ebi.ac.uk/vol1/fastq/ERR357/003/ERR3573993/ERR3573993_1.fastq.gz;ftp.sra.ebi.ac.uk/vol1/fastq/ERR357/003/ERR3573993/ERR3573993_2.fastq.gz,ftp.sra.ebi.ac.uk/vol1/run/ERR357/ERR3573993/WTCHG_555214_283128.bam,,WTCHG_555214_283128,WIT-DW-100-WIN
ERR3573994,ERZ2271561,SAMEA5989477,PRJEB45055,SEQUENCE_ASSEMBLY,749907,sediment metagenome,ftp.sra.ebi.ac.uk/vol1/ERZ227/ERZ2271561/ERR3573994.fasta.gz,PRJEB34634,ERX3572232,ftp.sra.ebi.ac.uk/vol1/fastq/ERR357/004/ERR3573994/ERR3573994_1.fastq.gz;ftp.sra.ebi.ac.uk/vol1/fastq/ERR357/004/ERR3573994/ERR3573994_2.fastq.gz,ftp.sra.ebi.ac.uk/vol1/run/ERR357/ERR3573994/WTCHG_555220_283128.bam,,WTCHG_555220_283128,WIT-DW-100-WIN
ERR3573995,ERZ2272743,SAMEA5989477,PRJEB45055,SEQUENCE_ASSEMBLY,749907,sediment metagenome,ftp.sra.ebi.ac.uk/vol1/ERZ227/ERZ2272743/ERR3573995.fasta.gz,PRJEB34634,ERX3572233,ftp.sra.ebi.ac.uk/vol1/fastq/ERR357/005/ERR3573995/ERR3573995_1.fastq.gz;ftp.sra.ebi.ac.uk/vol1/fastq/ERR357/005/ERR3573995/ERR3573995_2.fastq.gz,ftp.sra.ebi.ac.uk/vol1/run/ERR357/ERR3573995/WTCHG_555216_283128.bam,,WTCHG_555216_283128,WIT-DW-100-WIN
ERR3573996,ERZ2272320,SAMEA5989477,PRJEB45055,SEQUENCE_ASSEMBLY,749907,sediment metagenome,ftp.sra.ebi.ac.uk/vol1/ERZ227/ERZ2272320/ERR3573996.fasta.gz,PRJEB34634,ERX3572234,ftp.sra.ebi.ac.uk/vol1/fastq/ERR357/006/ERR3573996/ERR3573996_1.fastq.gz;ftp.sra.ebi.ac.uk/vol1/fastq/ERR357/006/ERR3573996/ERR3573996_2.fastq.gz,ftp.sra.ebi.ac.uk/vol1/run/ERR357/ERR3573996/WTCHG_555217_283128.bam,,WTCHG_555217_283128,WIT-DW-100-WIN
ERR3573997,ERZ2227410,SAMEA5989477,PRJEB45055,SEQUENCE_ASSEMBLY,749907,sediment metagenome,ftp.sra.ebi.ac.uk/vol1/ERZ222/ERZ2227410/ERR3573997.fasta.gz,PRJEB34634,ERX3572235,ftp.sra.ebi.ac.uk/vol1/fastq/ERR357/007/ERR3573997/ERR3573997_1.fastq.gz;ftp.sra.ebi.ac.uk/vol1/fastq/ERR357/007/ERR3573997/ERR3573997_2.fastq.gz,ftp.sra.ebi.ac.uk/vol1/run/ERR357/ERR3573997/WTCHG_555215_283128.bam,,WTCHG_555215_283128,WIT-DW-100-WIN
ERR3573998,ERZ2270317,SAMEA5989477,PRJEB45055,SEQUENCE_ASSEMBLY,749907,sediment metagenome,ftp.sra.ebi.ac.uk/vol1/ERZ227/ERZ2270317/ERR3573998.fasta.gz,PRJEB34634,ERX3572236,ftp.sra.ebi.ac.uk/vol1/fastq/ERR357/008/ERR3573998/ERR3573998_1.fastq.gz;ftp.sra.ebi.ac.uk/vol1/fastq/ERR357/008/ERR3573998/ERR3573998_2.fastq.gz,ftp.sra.ebi.ac.uk/vol1/run/ERR357/ERR3573998/WTCHG_559241_283128.bam,,WTCHG_559241_283128,WIT-DW-100-WIN
ERR3573999,ERZ2272105,SAMEA5989477,PRJEB45055,SEQUENCE_ASSEMBLY,749907,sediment metagenome,ftp.sra.ebi.ac.uk/vol1/ERZ227/ERZ2272105/ERR3573999.fasta.gz,PRJEB34634,ERX3572237,ftp.sra.ebi.ac.uk/vol1/fastq/ERR357/009/ERR3573999/ERR3573999_1.fastq.gz;ftp.sra.ebi.ac.uk/vol1/fastq/ERR357/009/ERR3573999/ERR3573999_2.fastq.gz,ftp.sra.ebi.ac.uk/vol1/run/ERR357/ERR3573999/WTCHG_559240_283128.bam,,WTCHG_559240_283128,WIT-DW-100-WIN
ERR3574000,ERZ2271127,SAMEA5989477,PRJEB45055,SEQUENCE_ASSEMBLY,749907,sediment metagenome,ftp.sra.ebi.ac.uk/vol1/ERZ227/ERZ2271127/ERR3574000.fasta.gz,PRJEB34634,ERX3572238,ftp.sra.ebi.ac.uk/vol1/fastq/ERR357/000/ERR3574000/ERR3574000_1.fastq.gz;ftp.sra.ebi.ac.uk/vol1/fastq/ERR357/000/ERR3574000/ERR3574000_2.fastq.gz,ftp.sra.ebi.ac.uk/vol1/run/ERR357/ERR3574000/WTCHG_559243_283128.bam,,WTCHG_559243_283128,WIT-DW-100-WIN
ERR3574001,ERZ2272163,SAMEA5989477,PRJEB45055,SEQUENCE_ASSEMBLY,749907,sediment metagenome,ftp.sra.ebi.ac.uk/vol1/ERZ227/ERZ2272163/ERR3574001.fasta.gz,PRJEB34634,ERX3572239,ftp.sra.ebi.ac.uk/vol1/fastq/ERR357/001/ERR3574001/ERR3574001_1.fastq.gz;ftp.sra.ebi.ac.uk/vol1/fastq/ERR357/001/ERR3574001/ERR3574001_2.fastq.gz,ftp.sra.ebi.ac.uk/vol1/run/ERR357/ERR3574001/WTCHG_559244_283128.bam,,WTCHG_559244_283128,WIT-DW-100-WIN
ERR3574002,ERZ2272114,SAMEA5989477,PRJEB45055,SEQUENCE_ASSEMBLY,749907,sediment metagenome,ftp.sra.ebi.ac.uk/vol1/ERZ227/ERZ2272114/ERR3574002.fasta.gz,PRJEB34634,ERX3572240,ftp.sra.ebi.ac.uk/vol1/fastq/ERR357/002/ERR3574002/ERR3574002_1.fastq.gz;ftp.sra.ebi.ac.uk/vol1/fastq/ERR357/002/ERR3574002/ERR3574002_2.fastq.gz,ftp.sra.ebi.ac.uk/vol1/run/ERR357/ERR3574002/WTCHG_559242_283128.bam,,WTCHG_559242_283128,WIT-DW-100-WIN
ERR3574003,ERZ2270856,SAMEA5989477,PRJEB45055,SEQUENCE_ASSEMBLY,749907,sediment metagenome,ftp.sra.ebi.ac.uk/vol1/ERZ227/ERZ2270856/ERR3574003.fasta.gz,PRJEB34634,ERX3572241,ftp.sra.ebi.ac.uk/vol1/fastq/ERR357/003/ERR3574003/ERR3574003_1.fastq.gz;ftp.sra.ebi.ac.uk/vol1/fastq/ERR357/003/ERR3574003/ERR3574003_2.fastq.gz,ftp.sra.ebi.ac.uk/vol1/run/ERR357/ERR3574003/WTCHG_550636_281104.bam,,WTCHG_550636_281104,WIT-DW-1000-AUT
ERR3574004,ERZ2270459,SAMEA5989477,PRJEB45055,SEQUENCE_ASSEMBLY,749907,sediment metagenome,ftp.sra.ebi.ac.uk/vol1/ERZ227/ERZ2270459/ERR3574004.fasta.gz,PRJEB34634,ERX3572242,ftp.sra.ebi.ac.uk/vol1/fastq/ERR357/004/ERR3574004/ERR3574004_1.fastq.gz;ftp.sra.ebi.ac.uk/vol1/fastq/ERR357/004/ERR3574004/ERR3574004_2.fastq.gz,ftp.sra.ebi.ac.uk/vol1/run/ERR357/ERR3574004/WTCHG_551514_281104.bam,,WTCHG_551514_281104,WIT-DW-1000-AUT
ERR3574005,ERZ2270607,SAMEA5989477,PRJEB45055,SEQUENCE_ASSEMBLY,749907,sediment metagenome,ftp.sra.ebi.ac.uk/vol1/ERZ227/ERZ2270607/ERR3574005.fasta.gz,PRJEB34634,ERX3572243,ftp.sra.ebi.ac.uk/vol1/fastq/ERR357/005/ERR3574005/ERR3574005_1.fastq.gz;ftp.sra.ebi.ac.uk/vol1/fastq/ERR357/005/ERR3574005/ERR3574005_2.fastq.gz,ftp.sra.ebi.ac.uk/vol1/run/ERR357/ERR3574005/WTCHG_551515_281104.bam,,WTCHG_551515_281104,WIT-DW-1000-AUT
ERR3574006,ERZ2271779,SAMEA5989477,PRJEB45055,SEQUENCE_ASSEMBLY,749907,sediment metagenome,ftp.sra.ebi.ac.uk/vol1/ERZ227/ERZ2271779/ERR3574006.fasta.gz,PRJEB34634,ERX3572244,ftp.sra.ebi.ac.uk/vol1/fastq/ERR357/006/ERR3574006/ERR3574006_1.fastq.gz;ftp.sra.ebi.ac.uk/vol1/fastq/ERR357/006/ERR3574006/ERR3574006_2.fastq.gz,ftp.sra.ebi.ac.uk/vol1/run/ERR357/ERR3574006/WTCHG_554367_281104.bam,,WTCHG_554367_281104,WIT-DW-1000-AUT
ERR3574007,ERZ2272723,SAMEA5989477,PRJEB45055,SEQUENCE_ASSEMBLY,749907,sediment metagenome,ftp.sra.ebi.ac.uk/vol1/ERZ227/ERZ2272723/ERR3574007.fasta.gz,PRJEB34634,ERX3572245,ftp.sra.ebi.ac.uk/vol1/fastq/ERR357/007/ERR3574007/ERR3574007_1.fastq.gz;ftp.sra.ebi.ac.uk/vol1/fastq/ERR357/007/ERR3574007/ERR3574007_2.fastq.gz,ftp.sra.ebi.ac.uk/vol1/run/ERR357/ERR3574007/WTCHG_554366_281104.bam,,WTCHG_554366_281104,WIT-DW-1000-AUT
ERR3574008,ERZ2272269,SAMEA5989477,PRJEB45055,SEQUENCE_ASSEMBLY,749907,sediment metagenome,ftp.sra.ebi.ac.uk/vol1/ERZ227/ERZ2272269/ERR3574008.fasta.gz,PRJEB34634,ERX3572246,ftp.sra.ebi.ac.uk/vol1/fastq/ERR357/008/ERR3574008/ERR3574008_1.fastq.gz;ftp.sra.ebi.ac.uk/vol1/fastq/ERR357/008/ERR3574008/ERR3574008_2.fastq.gz,ftp.sra.ebi.ac.uk/vol1/run/ERR357/ERR3574008/WTCHG_555215_281104.bam,,WTCHG_555215_281104,WIT-DW-1000-AUT
ERR3574009,ERZ2270363,SAMEA5989477,PRJEB45055,SEQUENCE_ASSEMBLY,749907,sediment metagenome,ftp.sra.ebi.ac.uk/vol1/ERZ227/ERZ2270363/ERR3574009.fasta.gz,PRJEB34634,ERX3572247,ftp.sra.ebi.ac.uk/vol1/fastq/ERR357/009/ERR3574009/ERR3574009_1.fastq.gz;ftp.sra.ebi.ac.uk/vol1/fastq/ERR357/009/ERR3574009/ERR3574009_2.fastq.gz,ftp.sra.ebi.ac.uk/vol1/run/ERR357/ERR3574009/WTCHG_555221_281104.bam,,WTCHG_555221_281104,WIT-DW-1000-AUT
ERR3574010,ERZ2272368,SAMEA5989477,PRJEB45055,SEQUENCE_ASSEMBLY,749907,sediment metagenome,ftp.sra.ebi.ac.uk/vol1/ERZ227/ERZ2272368/ERR3574010.fasta.gz,PRJEB34634,ERX3572248,ftp.sra.ebi.ac.uk/vol1/fastq/ERR357/000/ERR3574010/ERR3574010_1.fastq.gz;ftp.sra.ebi.ac.uk/vol1/fastq/ERR357/000/ERR3574010/ERR3574010_2.fastq.gz,ftp.sra.ebi.ac.uk/vol1/run/ERR357/ERR3574010/WTCHG_555216_281104.bam,,WTCHG_555216_281104,WIT-DW-1000-AUT
ERR3574011,ERZ2272022,SAMEA5989477,PRJEB45055,SEQUENCE_ASSEMBLY,749907,sediment metagenome,ftp.sra.ebi.ac.uk/vol1/ERZ227/ERZ2272022/ERR3574011.fasta.gz,PRJEB34634,ERX3572249,ftp.sra.ebi.ac.uk/vol1/fastq/ERR357/001/ERR3574011/ERR3574011_1.fastq.gz;ftp.sra.ebi.ac.uk/vol1/fastq/ERR357/001/ERR3574011/ERR3574011_2.fastq.gz,ftp.sra.ebi.ac.uk/vol1/run/ERR357/ERR3574011/WTCHG_555217_281104.bam,,WTCHG_555217_281104,WIT-DW-1000-AUT
ERR3574012,ERZ2271918,SAMEA5989477,PRJEB45055,SEQUENCE_ASSEMBLY,749907,sediment metagenome,ftp.sra.ebi.ac.uk/vol1/ERZ227/ERZ2271918/ERR3574012.fasta.gz,PRJEB34634,ERX3572250,ftp.sra.ebi.ac.uk/vol1/fastq/ERR357/002/ERR3574012/ERR3574012_1.fastq.gz;ftp.sra.ebi.ac.uk/vol1/fastq/ERR357/002/ERR3574012/ERR3574012_2.fastq.gz,ftp.sra.ebi.ac.uk/vol1/run/ERR357/ERR3574012/WTCHG_555219_281104.bam,,WTCHG_555219_281104,WIT-DW-1000-AUT
ERR3574013,ERZ2271570,SAMEA5989477,PRJEB45055,SEQUENCE_ASSEMBLY,749907,sediment metagenome,ftp.sra.ebi.ac.uk/vol1/ERZ227/ERZ2271570/ERR3574013.fasta.gz,PRJEB34634,ERX3572251,ftp.sra.ebi.ac.uk/vol1/fastq/ERR357/003/ERR3574013/ERR3574013_1.fastq.gz;ftp.sra.ebi.ac.uk/vol1/fastq/ERR357/003/ERR3574013/ERR3574013_2.fastq.gz,ftp.sra.ebi.ac.uk/vol1/run/ERR357/ERR3574013/WTCHG_555214_281104.bam,,WTCHG_555214_281104,WIT-DW-1000-AUT
ERR3574014,ERZ2270673,SAMEA5989477,PRJEB45055,SEQUENCE_ASSEMBLY,749907,sediment metagenome,ftp.sra.ebi.ac.uk/vol1/ERZ227/ERZ2270673/ERR3574014.fasta.gz,PRJEB34634,ERX3572252,ftp.sra.ebi.ac.uk/vol1/fastq/ERR357/004/ERR3574014/ERR3574014_1.fastq.gz;ftp.sra.ebi.ac.uk/vol1/fastq/ERR357/004/ERR3574014/ERR3574014_2.fastq.gz,ftp.sra.ebi.ac.uk/vol1/run/ERR357/ERR3574014/WTCHG_555218_281104.bam,,WTCHG_555218_281104,WIT-DW-1000-AUT
ERR3574015,ERZ2272252,SAMEA5989477,PRJEB45055,SEQUENCE_ASSEMBLY,749907,sediment metagenome,ftp.sra.ebi.ac.uk/vol1/ERZ227/ERZ2272252/ERR3574015.fasta.gz,PRJEB34634,ERX3572253,ftp.sra.ebi.ac.uk/vol1/fastq/ERR357/005/ERR3574015/ERR3574015_1.fastq.gz;ftp.sra.ebi.ac.uk/vol1/fastq/ERR357/005/ERR3574015/ERR3574015_2.fastq.gz,ftp.sra.ebi.ac.uk/vol1/run/ERR357/ERR3574015/WTCHG_555220_281104.bam,,WTCHG_555220_281104,WIT-DW-1000-AUT
ERR3574016,ERZ2271871,SAMEA5989477,PRJEB45055,SEQUENCE_ASSEMBLY,749907,sediment metagenome,ftp.sra.ebi.ac.uk/vol1/ERZ227/ERZ2271871/ERR3574016.fasta.gz,PRJEB34634,ERX3572254,ftp.sra.ebi.ac.uk/vol1/fastq/ERR357/006/ERR3574016/ERR3574016_1.fastq.gz;ftp.sra.ebi.ac.uk/vol1/fastq/ERR357/006/ERR3574016/ERR3574016_2.fastq.gz,ftp.sra.ebi.ac.uk/vol1/run/ERR357/ERR3574016/WTCHG_559240_281104.bam,,WTCHG_559240_281104,WIT-DW-1000-AUT
ERR3574017,ERZ2270840,SAMEA5989477,PRJEB45055,SEQUENCE_ASSEMBLY,749907,sediment metagenome,ftp.sra.ebi.ac.uk/vol1/ERZ227/ERZ2270840/ERR3574017.fasta.gz,PRJEB34634,ERX3572255,ftp.sra.ebi.ac.uk/vol1/fastq/ERR357/007/ERR3574017/ERR3574017_1.fastq.gz;ftp.sra.ebi.ac.uk/vol1/fastq/ERR357/007/ERR3574017/ERR3574017_2.fastq.gz,ftp.sra.ebi.ac.uk/vol1/run/ERR357/ERR3574017/WTCHG_559242_281104.bam,,WTCHG_559242_281104,WIT-DW-1000-AUT
ERR3574018,ERZ2271622,SAMEA5989477,PRJEB45055,SEQUENCE_ASSEMBLY,749907,sediment metagenome,ftp.sra.ebi.ac.uk/vol1/ERZ227/ERZ2271622/ERR3574018.fasta.gz,PRJEB34634,ERX3572256,ftp.sra.ebi.ac.uk/vol1/fastq/ERR357/008/ERR3574018/ERR3574018_1.fastq.gz;ftp.sra.ebi.ac.uk/vol1/fastq/ERR357/008/ERR3574018/ERR3574018_2.fastq.gz,ftp.sra.ebi.ac.uk/vol1/run/ERR357/ERR3574018/WTCHG_559243_281104.bam,,WTCHG_559243_281104,WIT-DW-1000-AUT
ERR3574019,ERZ2271795,SAMEA5989477,PRJEB45055,SEQUENCE_ASSEMBLY,749907,sediment metagenome,ftp.sra.ebi.ac.uk/vol1/ERZ227/ERZ2271795/ERR3574019.fasta.gz,PRJEB34634,ERX3572257,ftp.sra.ebi.ac.uk/vol1/fastq/ERR357/009/ERR3574019/ERR3574019_1.fastq.gz;ftp.sra.ebi.ac.uk/vol1/fastq/ERR357/009/ERR3574019/ERR3574019_2.fastq.gz,ftp.sra.ebi.ac.uk/vol1/run/ERR357/ERR3574019/WTCHG_559241_281104.bam,,WTCHG_559241_281104,WIT-DW-1000-AUT
ERR3574020,ERZ2272201,SAMEA5989477,PRJEB45055,SEQUENCE_ASSEMBLY,749907,sediment metagenome,ftp.sra.ebi.ac.uk/vol1/ERZ227/ERZ2272201/ERR3574020.fasta.gz,PRJEB34634,ERX3572258,ftp.sra.ebi.ac.uk/vol1/fastq/ERR357/000/ERR3574020/ERR3574020_1.fastq.gz;ftp.sra.ebi.ac.uk/vol1/fastq/ERR357/000/ERR3574020/ERR3574020_2.fastq.gz,ftp.sra.ebi.ac.uk/vol1/run/ERR357/ERR3574020/WTCHG_559244_281104.bam,,WTCHG_559244_281104,WIT-DW-1000-AUT
ERR3574021,ERZ2271754,SAMEA5989477,PRJEB45055,SEQUENCE_ASSEMBLY,749907,sediment metagenome,ftp.sra.ebi.ac.uk/vol1/ERZ227/ERZ2271754/ERR3574021.fasta.gz,PRJEB34634,ERX3572259,ftp.sra.ebi.ac.uk/vol1/fastq/ERR357/001/ERR3574021/ERR3574021_1.fastq.gz;ftp.sra.ebi.ac.uk/vol1/fastq/ERR357/001/ERR3574021/ERR3574021_2.fastq.gz,ftp.sra.ebi.ac.uk/vol1/run/ERR357/ERR3574021/WTCHG_550636_276139.bam,,WTCHG_550636_276139,WIT-DW-1000-SUM
ERR3574022,ERZ2227389,SAMEA5989477,PRJEB45055,SEQUENCE_ASSEMBLY,749907,sediment metagenome,ftp.sra.ebi.ac.uk/vol1/ERZ222/ERZ2227389/ERR3574022.fasta.gz,PRJEB34634,ERX3572260,ftp.sra.ebi.ac.uk/vol1/fastq/ERR357/002/ERR3574022/ERR3574022_1.fastq.gz;ftp.sra.ebi.ac.uk/vol1/fastq/ERR357/002/ERR3574022/ERR3574022_2.fastq.gz,ftp.sra.ebi.ac.uk/vol1/run/ERR357/ERR3574022/WTCHG_551514_276139.bam,,WTCHG_551514_276139,WIT-DW-1000-SUM
ERR3574023,ERZ2271814,SAMEA5989477,PRJEB45055,SEQUENCE_ASSEMBLY,749907,sediment metagenome,ftp.sra.ebi.ac.uk/vol1/ERZ227/ERZ2271814/ERR3574023.fasta.gz,PRJEB34634,ERX3572261,ftp.sra.ebi.ac.uk/vol1/fastq/ERR357/003/ERR3574023/ERR3574023_1.fastq.gz;ftp.sra.ebi.ac.uk/vol1/fastq/ERR357/003/ERR3574023/ERR3574023_2.fastq.gz,ftp.sra.ebi.ac.uk/vol1/run/ERR357/ERR3574023/WTCHG_551515_276139.bam,,WTCHG_551515_276139,WIT-DW-1000-SUM
ERR3574024,ERZ2268943,SAMEA5989477,PRJEB45055,SEQUENCE_ASSEMBLY,749907,sediment metagenome,ftp.sra.ebi.ac.uk/vol1/ERZ226/ERZ2268943/ERR3574024.fasta.gz,PRJEB34634,ERX3572262,ftp.sra.ebi.ac.uk/vol1/fastq/ERR357/004/ERR3574024/ERR3574024_1.fastq.gz;ftp.sra.ebi.ac.uk/vol1/fastq/ERR357/004/ERR3574024/ERR3574024_2.fastq.gz,ftp.sra.ebi.ac.uk/vol1/run/ERR357/ERR3574024/WTCHG_554367_276139.bam,,WTCHG_554367_276139,WIT-DW-1000-SUM
ERR3574025,ERZ2272631,SAMEA5989477,PRJEB45055,SEQUENCE_ASSEMBLY,749907,sediment metagenome,ftp.sra.ebi.ac.uk/vol1/ERZ227/ERZ2272631/ERR3574025.fasta.gz,PRJEB34634,ERX3572263,ftp.sra.ebi.ac.uk/vol1/fastq/ERR357/005/ERR3574025/ERR3574025_1.fastq.gz;ftp.sra.ebi.ac.uk/vol1/fastq/ERR357/005/ERR3574025/ERR3574025_2.fastq.gz,ftp.sra.ebi.ac.uk/vol1/run/ERR357/ERR3574025/WTCHG_554366_276139.bam,,WTCHG_554366_276139,WIT-DW-1000-SUM
ERR3574026,ERZ2272335,SAMEA5989477,PRJEB45055,SEQUENCE_ASSEMBLY,749907,sediment metagenome,ftp.sra.ebi.ac.uk/vol1/ERZ227/ERZ2272335/ERR3574026.fasta.gz,PRJEB34634,ERX3572264,ftp.sra.ebi.ac.uk/vol1/fastq/ERR357/006/ERR3574026/ERR3574026_1.fastq.gz;ftp.sra.ebi.ac.uk/vol1/fastq/ERR357/006/ERR3574026/ERR3574026_2.fastq.gz,ftp.sra.ebi.ac.uk/vol1/run/ERR357/ERR3574026/WTCHG_555214_276139.bam,,WTCHG_555214_276139,WIT-DW-1000-SUM
ERR3574027,ERZ2272019,SAMEA5989477,PRJEB45055,SEQUENCE_ASSEMBLY,749907,sediment metagenome,ftp.sra.ebi.ac.uk/vol1/ERZ227/ERZ2272019/ERR3574027.fasta.gz,PRJEB34634,ERX3572265,ftp.sra.ebi.ac.uk/vol1/fastq/ERR357/007/ERR3574027/ERR3574027_1.fastq.gz;ftp.sra.ebi.ac.uk/vol1/fastq/ERR357/007/ERR3574027/ERR3574027_2.fastq.gz,ftp.sra.ebi.ac.uk/vol1/run/ERR357/ERR3574027/WTCHG_555220_276139.bam,,WTCHG_555220_276139,WIT-DW-1000-SUM
ERR3574028,ERZ2270430,SAMEA5989477,PRJEB45055,SEQUENCE_ASSEMBLY,749907,sediment metagenome,ftp.sra.ebi.ac.uk/vol1/ERZ227/ERZ2270430/ERR3574028.fasta.gz,PRJEB34634,ERX3572266,ftp.sra.ebi.ac.uk/vol1/fastq/ERR357/008/ERR3574028/ERR3574028_1.fastq.gz;ftp.sra.ebi.ac.uk/vol1/fastq/ERR357/008/ERR3574028/ERR3574028_2.fastq.gz,ftp.sra.ebi.ac.uk/vol1/run/ERR357/ERR3574028/WTCHG_555216_276139.bam,,WTCHG_555216_276139,WIT-DW-1000-SUM
ERR3574029,ERZ2272387,SAMEA5989477,PRJEB45055,SEQUENCE_ASSEMBLY,749907,sediment metagenome,ftp.sra.ebi.ac.uk/vol1/ERZ227/ERZ2272387/ERR3574029.fasta.gz,PRJEB34634,ERX3572267,ftp.sra.ebi.ac.uk/vol1/fastq/ERR357/009/ERR3574029/ERR3574029_1.fastq.gz;ftp.sra.ebi.ac.uk/vol1/fastq/ERR357/009/ERR3574029/ERR3574029_2.fastq.gz,ftp.sra.ebi.ac.uk/vol1/run/ERR357/ERR3574029/WTCHG_555221_276139.bam,,WTCHG_555221_276139,WIT-DW-1000-SUM
ERR3574030,ERZ2271569,SAMEA5989477,PRJEB45055,SEQUENCE_ASSEMBLY,749907,sediment metagenome,ftp.sra.ebi.ac.uk/vol1/ERZ227/ERZ2271569/ERR3574030.fasta.gz,PRJEB34634,ERX3572268,ftp.sra.ebi.ac.uk/vol1/fastq/ERR357/000/ERR3574030/ERR3574030_1.fastq.gz;ftp.sra.ebi.ac.uk/vol1/fastq/ERR357/000/ERR3574030/ERR3574030_2.fastq.gz,ftp.sra.ebi.ac.uk/vol1/run/ERR357/ERR3574030/WTCHG_555218_276139.bam,,WTCHG_555218_276139,WIT-DW-1000-SUM
ERR3574031,ERZ2271524,SAMEA5989477,PRJEB45055,SEQUENCE_ASSEMBLY,749907,sediment metagenome,ftp.sra.ebi.ac.uk/vol1/ERZ227/ERZ2271524/ERR3574031.fasta.gz,PRJEB34634,ERX3572269,ftp.sra.ebi.ac.uk/vol1/fastq/ERR357/001/ERR3574031/ERR3574031_1.fastq.gz;ftp.sra.ebi.ac.uk/vol1/fastq/ERR357/001/ERR3574031/ERR3574031_2.fastq.gz,ftp.sra.ebi.ac.uk/vol1/run/ERR357/ERR3574031/WTCHG_555217_276139.bam,,WTCHG_555217_276139,WIT-DW-1000-SUM
ERR3574032,ERZ2271729,SAMEA5989477,PRJEB45055,SEQUENCE_ASSEMBLY,749907,sediment metagenome,ftp.sra.ebi.ac.uk/vol1/ERZ227/ERZ2271729/ERR3574032.fasta.gz,PRJEB34634,ERX3572270,ftp.sra.ebi.ac.uk/vol1/fastq/ERR357/002/ERR3574032/ERR3574032_1.fastq.gz;ftp.sra.ebi.ac.uk/vol1/fastq/ERR357/002/ERR3574032/ERR3574032_2.fastq.gz,ftp.sra.ebi.ac.uk/vol1/run/ERR357/ERR3574032/WTCHG_555215_276139.bam,,WTCHG_555215_276139,WIT-DW-1000-SUM
ERR3574033,ERZ2272245,SAMEA5989477,PRJEB45055,SEQUENCE_ASSEMBLY,749907,sediment metagenome,ftp.sra.ebi.ac.uk/vol1/ERZ227/ERZ2272245/ERR3574033.fasta.gz,PRJEB34634,ERX3572271,ftp.sra.ebi.ac.uk/vol1/fastq/ERR357/003/ERR3574033/ERR3574033_1.fastq.gz;ftp.sra.ebi.ac.uk/vol1/fastq/ERR357/003/ERR3574033/ERR3574033_2.fastq.gz,ftp.sra.ebi.ac.uk/vol1/run/ERR357/ERR3574033/WTCHG_555219_276139.bam,,WTCHG_555219_276139,WIT-DW-1000-SUM
ERR3574034,ERZ2272040,SAMEA5989477,PRJEB45055,SEQUENCE_ASSEMBLY,749907,sediment metagenome,ftp.sra.ebi.ac.uk/vol1/ERZ227/ERZ2272040/ERR3574034.fasta.gz,PRJEB34634,ERX3572272,ftp.sra.ebi.ac.uk/vol1/fastq/ERR357/004/ERR3574034/ERR3574034_1.fastq.gz;ftp.sra.ebi.ac.uk/vol1/fastq/ERR357/004/ERR3574034/ERR3574034_2.fastq.gz,ftp.sra.ebi.ac.uk/vol1/run/ERR357/ERR3574034/WTCHG_559240_276139.bam,,WTCHG_559240_276139,WIT-DW-1000-SUM
ERR3574035,ERZ2227684,SAMEA5989477,PRJEB45055,SEQUENCE_ASSEMBLY,749907,sediment metagenome,ftp.sra.ebi.ac.uk/vol1/ERZ222/ERZ2227684/ERR3574035.fasta.gz,PRJEB34634,ERX3572273,ftp.sra.ebi.ac.uk/vol1/fastq/ERR357/005/ERR3574035/ERR3574035_1.fastq.gz;ftp.sra.ebi.ac.uk/vol1/fastq/ERR357/005/ERR3574035/ERR3574035_2.fastq.gz,ftp.sra.ebi.ac.uk/vol1/run/ERR357/ERR3574035/WTCHG_559243_276139.bam,,WTCHG_559243_276139,WIT-DW-1000-SUM
ERR3574036,ERZ2271925,SAMEA5989477,PRJEB45055,SEQUENCE_ASSEMBLY,749907,sediment metagenome,ftp.sra.ebi.ac.uk/vol1/ERZ227/ERZ2271925/ERR3574036.fasta.gz,PRJEB34634,ERX3572274,ftp.sra.ebi.ac.uk/vol1/fastq/ERR357/006/ERR3574036/ERR3574036_1.fastq.gz;ftp.sra.ebi.ac.uk/vol1/fastq/ERR357/006/ERR3574036/ERR3574036_2.fastq.gz,ftp.sra.ebi.ac.uk/vol1/run/ERR357/ERR3574036/WTCHG_559244_276139.bam,,WTCHG_559244_276139,WIT-DW-1000-SUM
ERR3574037,ERZ2227224,SAMEA5989477,PRJEB45055,SEQUENCE_ASSEMBLY,749907,sediment metagenome,ftp.sra.ebi.ac.uk/vol1/ERZ222/ERZ2227224/ERR3574037.fasta.gz,PRJEB34634,ERX3572275,ftp.sra.ebi.ac.uk/vol1/fastq/ERR357/007/ERR3574037/ERR3574037_1.fastq.gz;ftp.sra.ebi.ac.uk/vol1/fastq/ERR357/007/ERR3574037/ERR3574037_2.fastq.gz,ftp.sra.ebi.ac.uk/vol1/run/ERR357/ERR3574037/WTCHG_559242_276139.bam,,WTCHG_559242_276139,WIT-DW-1000-SUM
ERR3574038,ERZ2226852,SAMEA5989477,PRJEB45055,SEQUENCE_ASSEMBLY,749907,sediment metagenome,ftp.sra.ebi.ac.uk/vol1/ERZ222/ERZ2226852/ERR3574038.fasta.gz,PRJEB34634,ERX3572276,ftp.sra.ebi.ac.uk/vol1/fastq/ERR357/008/ERR3574038/ERR3574038_1.fastq.gz;ftp.sra.ebi.ac.uk/vol1/fastq/ERR357/008/ERR3574038/ERR3574038_2.fastq.gz,ftp.sra.ebi.ac.uk/vol1/run/ERR357/ERR3574038/WTCHG_559241_276139.bam,,WTCHG_559241_276139,WIT-DW-1000-SUM
ERR3574039,ERZ2272348,SAMEA5989477,PRJEB45055,SEQUENCE_ASSEMBLY,749907,sediment metagenome,ftp.sra.ebi.ac.uk/vol1/ERZ227/ERZ2272348/ERR3574039.fasta.gz,PRJEB34634,ERX3572277,ftp.sra.ebi.ac.uk/vol1/fastq/ERR357/009/ERR3574039/ERR3574039_1.fastq.gz;ftp.sra.ebi.ac.uk/vol1/fastq/ERR357/009/ERR3574039/ERR3574039_2.fastq.gz,ftp.sra.ebi.ac.uk/vol1/run/ERR357/ERR3574039/WTCHG_550636_286164.bam,,WTCHG_550636_286164,WIT-DW-1000-WIN
ERR3574040,ERZ2271749,SAMEA5989477,PRJEB45055,SEQUENCE_ASSEMBLY,749907,sediment metagenome,ftp.sra.ebi.ac.uk/vol1/ERZ227/ERZ2271749/ERR3574040.fasta.gz,PRJEB34634,ERX3572278,ftp.sra.ebi.ac.uk/vol1/fastq/ERR357/000/ERR3574040/ERR3574040_1.fastq.gz;ftp.sra.ebi.ac.uk/vol1/fastq/ERR357/000/ERR3574040/ERR3574040_2.fastq.gz,ftp.sra.ebi.ac.uk/vol1/run/ERR357/ERR3574040/WTCHG_551515_286164.bam,,WTCHG_551515_286164,WIT-DW-1000-WIN
ERR3574041,ERZ2271879,SAMEA5989477,PRJEB45055,SEQUENCE_ASSEMBLY,749907,sediment metagenome,ftp.sra.ebi.ac.uk/vol1/ERZ227/ERZ2271879/ERR3574041.fasta.gz,PRJEB34634,ERX3572279,ftp.sra.ebi.ac.uk/vol1/fastq/ERR357/001/ERR3574041/ERR3574041_1.fastq.gz;ftp.sra.ebi.ac.uk/vol1/fastq/ERR357/001/ERR3574041/ERR3574041_2.fastq.gz,ftp.sra.ebi.ac.uk/vol1/run/ERR357/ERR3574041/WTCHG_551514_286164.bam,,WTCHG_551514_286164,WIT-DW-1000-WIN
ERR3574042,ERZ2226998,SAMEA5989477,PRJEB45055,SEQUENCE_ASSEMBLY,749907,sediment metagenome,ftp.sra.ebi.ac.uk/vol1/ERZ222/ERZ2226998/ERR3574042.fasta.gz,PRJEB34634,ERX3572280,ftp.sra.ebi.ac.uk/vol1/fastq/ERR357/002/ERR3574042/ERR3574042_1.fastq.gz;ftp.sra.ebi.ac.uk/vol1/fastq/ERR357/002/ERR3574042/ERR3574042_2.fastq.gz,ftp.sra.ebi.ac.uk/vol1/run/ERR357/ERR3574042/WTCHG_554367_286164.bam,,WTCHG_554367_286164,WIT-DW-1000-WIN
ERR3574043,ERZ2271959,SAMEA5989477,PRJEB45055,SEQUENCE_ASSEMBLY,749907,sediment metagenome,ftp.sra.ebi.ac.uk/vol1/ERZ227/ERZ2271959/ERR3574043.fasta.gz,PRJEB34634,ERX3572281,ftp.sra.ebi.ac.uk/vol1/fastq/ERR357/003/ERR3574043/ERR3574043_1.fastq.gz;ftp.sra.ebi.ac.uk/vol1/fastq/ERR357/003/ERR3574043/ERR3574043_2.fastq.gz,ftp.sra.ebi.ac.uk/vol1/run/ERR357/ERR3574043/WTCHG_554366_286164.bam,,WTCHG_554366_286164,WIT-DW-1000-WIN
ERR3574044,ERZ2270347,SAMEA5989477,PRJEB45055,SEQUENCE_ASSEMBLY,749907,sediment metagenome,ftp.sra.ebi.ac.uk/vol1/ERZ227/ERZ2270347/ERR3574044.fasta.gz,PRJEB34634,ERX3572282,ftp.sra.ebi.ac.uk/vol1/fastq/ERR357/004/ERR3574044/ERR3574044_1.fastq.gz;ftp.sra.ebi.ac.uk/vol1/fastq/ERR357/004/ERR3574044/ERR3574044_2.fastq.gz,ftp.sra.ebi.ac.uk/vol1/run/ERR357/ERR3574044/WTCHG_555221_286164.bam,,WTCHG_555221_286164,WIT-DW-1000-WIN
ERR3574045,ERZ2270365,SAMEA5989477,PRJEB45055,SEQUENCE_ASSEMBLY,749907,sediment metagenome,ftp.sra.ebi.ac.uk/vol1/ERZ227/ERZ2270365/ERR3574045.fasta.gz,PRJEB34634,ERX3572283,ftp.sra.ebi.ac.uk/vol1/fastq/ERR357/005/ERR3574045/ERR3574045_1.fastq.gz;ftp.sra.ebi.ac.uk/vol1/fastq/ERR357/005/ERR3574045/ERR3574045_2.fastq.gz,ftp.sra.ebi.ac.uk/vol1/run/ERR357/ERR3574045/WTCHG_555218_286164.bam,,WTCHG_555218_286164,WIT-DW-1000-WIN
ERR3574046,ERZ2270445,SAMEA5989477,PRJEB45055,SEQUENCE_ASSEMBLY,749907,sediment metagenome,ftp.sra.ebi.ac.uk/vol1/ERZ227/ERZ2270445/ERR3574046.fasta.gz,PRJEB34634,ERX3572284,ftp.sra.ebi.ac.uk/vol1/fastq/ERR357/006/ERR3574046/ERR3574046_1.fastq.gz;ftp.sra.ebi.ac.uk/vol1/fastq/ERR357/006/ERR3574046/ERR3574046_2.fastq.gz,ftp.sra.ebi.ac.uk/vol1/run/ERR357/ERR3574046/WTCHG_555215_286164.bam,,WTCHG_555215_286164,WIT-DW-1000-WIN
ERR3574047,ERZ2272369,SAMEA5989477,PRJEB45055,SEQUENCE_ASSEMBLY,749907,sediment metagenome,ftp.sra.ebi.ac.uk/vol1/ERZ227/ERZ2272369/ERR3574047.fasta.gz,PRJEB34634,ERX3572285,ftp.sra.ebi.ac.uk/vol1/fastq/ERR357/007/ERR3574047/ERR3574047_1.fastq.gz;ftp.sra.ebi.ac.uk/vol1/fastq/ERR357/007/ERR3574047/ERR3574047_2.fastq.gz,ftp.sra.ebi.ac.uk/vol1/run/ERR357/ERR3574047/WTCHG_555219_286164.bam,,WTCHG_555219_286164,WIT-DW-1000-WIN
ERR3574048,ERZ2272669,SAMEA5989477,PRJEB45055,SEQUENCE_ASSEMBLY,749907,sediment metagenome,ftp.sra.ebi.ac.uk/vol1/ERZ227/ERZ2272669/ERR3574048.fasta.gz,PRJEB34634,ERX3572286,ftp.sra.ebi.ac.uk/vol1/fastq/ERR357/008/ERR3574048/ERR3574048_1.fastq.gz;ftp.sra.ebi.ac.uk/vol1/fastq/ERR357/008/ERR3574048/ERR3574048_2.fastq.gz,ftp.sra.ebi.ac.uk/vol1/run/ERR357/ERR3574048/WTCHG_555216_286164.bam,,WTCHG_555216_286164,WIT-DW-1000-WIN
ERR3574049,ERZ2271653,SAMEA5989477,PRJEB45055,SEQUENCE_ASSEMBLY,749907,sediment metagenome,ftp.sra.ebi.ac.uk/vol1/ERZ227/ERZ2271653/ERR3574049.fasta.gz,PRJEB34634,ERX3572287,ftp.sra.ebi.ac.uk/vol1/fastq/ERR357/009/ERR3574049/ERR3574049_1.fastq.gz;ftp.sra.ebi.ac.uk/vol1/fastq/ERR357/009/ERR3574049/ERR3574049_2.fastq.gz,ftp.sra.ebi.ac.uk/vol1/run/ERR357/ERR3574049/WTCHG_555220_286164.bam,,WTCHG_555220_286164,WIT-DW-1000-WIN
ERR3574050,ERZ2271979,SAMEA5989477,PRJEB45055,SEQUENCE_ASSEMBLY,749907,sediment metagenome,ftp.sra.ebi.ac.uk/vol1/ERZ227/ERZ2271979/ERR3574050.fasta.gz,PRJEB34634,ERX3572288,ftp.sra.ebi.ac.uk/vol1/fastq/ERR357/000/ERR3574050/ERR3574050_1.fastq.gz;ftp.sra.ebi.ac.uk/vol1/fastq/ERR357/000/ERR3574050/ERR3574050_2.fastq.gz,ftp.sra.ebi.ac.uk/vol1/run/ERR357/ERR3574050/WTCHG_555217_286164.bam,,WTCHG_555217_286164,WIT-DW-1000-WIN
ERR3574051,ERZ2272294,SAMEA5989477,PRJEB45055,SEQUENCE_ASSEMBLY,749907,sediment metagenome,ftp.sra.ebi.ac.uk/vol1/ERZ227/ERZ2272294/ERR3574051.fasta.gz,PRJEB34634,ERX3572289,ftp.sra.ebi.ac.uk/vol1/fastq/ERR357/001/ERR3574051/ERR3574051_1.fastq.gz;ftp.sra.ebi.ac.uk/vol1/fastq/ERR357/001/ERR3574051/ERR3574051_2.fastq.gz,ftp.sra.ebi.ac.uk/vol1/run/ERR357/ERR3574051/WTCHG_555214_286164.bam,,WTCHG_555214_286164,WIT-DW-1000-WIN
ERR3574052,ERZ2271591,SAMEA5989477,PRJEB45055,SEQUENCE_ASSEMBLY,749907,sediment metagenome,ftp.sra.ebi.ac.uk/vol1/ERZ227/ERZ2271591/ERR3574052.fasta.gz,PRJEB34634,ERX3572290,ftp.sra.ebi.ac.uk/vol1/fastq/ERR357/002/ERR3574052/ERR3574052_1.fastq.gz;ftp.sra.ebi.ac.uk/vol1/fastq/ERR357/002/ERR3574052/ERR3574052_2.fastq.gz,ftp.sra.ebi.ac.uk/vol1/run/ERR357/ERR3574052/WTCHG_559240_286164.bam,,WTCHG_559240_286164,WIT-DW-1000-WIN
ERR3574053,ERZ2272775,SAMEA5989477,PRJEB45055,SEQUENCE_ASSEMBLY,749907,sediment metagenome,ftp.sra.ebi.ac.uk/vol1/ERZ227/ERZ2272775/ERR3574053.fasta.gz,PRJEB34634,ERX3572291,ftp.sra.ebi.ac.uk/vol1/fastq/ERR357/003/ERR3574053/ERR3574053_1.fastq.gz;ftp.sra.ebi.ac.uk/vol1/fastq/ERR357/003/ERR3574053/ERR3574053_2.fastq.gz,ftp.sra.ebi.ac.uk/vol1/run/ERR357/ERR3574053/WTCHG_559244_286164.bam,,WTCHG_559244_286164,WIT-DW-1000-WIN
ERR3574054,ERZ2271594,SAMEA5989477,PRJEB45055,SEQUENCE_ASSEMBLY,749907,sediment metagenome,ftp.sra.ebi.ac.uk/vol1/ERZ227/ERZ2271594/ERR3574054.fasta.gz,PRJEB34634,ERX3572292,ftp.sra.ebi.ac.uk/vol1/fastq/ERR357/004/ERR3574054/ERR3574054_1.fastq.gz;ftp.sra.ebi.ac.uk/vol1/fastq/ERR357/004/ERR3574054/ERR3574054_2.fastq.gz,ftp.sra.ebi.ac.uk/vol1/run/ERR357/ERR3574054/WTCHG_559243_286164.bam,,WTCHG_559243_286164,WIT-DW-1000-WIN
ERR3574055,ERZ2270300,SAMEA5989477,PRJEB45055,SEQUENCE_ASSEMBLY,749907,sediment metagenome,ftp.sra.ebi.ac.uk/vol1/ERZ227/ERZ2270300/ERR3574055.fasta.gz,PRJEB34634,ERX3572293,ftp.sra.ebi.ac.uk/vol1/fastq/ERR357/005/ERR3574055/ERR3574055_1.fastq.gz;ftp.sra.ebi.ac.uk/vol1/fastq/ERR357/005/ERR3574055/ERR3574055_2.fastq.gz,ftp.sra.ebi.ac.uk/vol1/run/ERR357/ERR3574055/WTCHG_559241_286164.bam,,WTCHG_559241_286164,WIT-DW-1000-WIN
ERR3574056,ERZ2270219,SAMEA5989477,PRJEB45055,SEQUENCE_ASSEMBLY,749907,sediment metagenome,ftp.sra.ebi.ac.uk/vol1/ERZ227/ERZ2270219/ERR3574056.fasta.gz,PRJEB34634,ERX3572294,ftp.sra.ebi.ac.uk/vol1/fastq/ERR357/006/ERR3574056/ERR3574056_1.fastq.gz;ftp.sra.ebi.ac.uk/vol1/fastq/ERR357/006/ERR3574056/ERR3574056_2.fastq.gz,ftp.sra.ebi.ac.uk/vol1/run/ERR357/ERR3574056/WTCHG_559242_286164.bam,,WTCHG_559242_286164,WIT-DW-1000-WIN
ERR3574057,ERZ2272006,SAMEA5989477,PRJEB45055,SEQUENCE_ASSEMBLY,749907,sediment metagenome,ftp.sra.ebi.ac.uk/vol1/ERZ227/ERZ2272006/ERR3574057.fasta.gz,PRJEB34634,ERX3572295,ftp.sra.ebi.ac.uk/vol1/fastq/ERR357/007/ERR3574057/ERR3574057_1.fastq.gz;ftp.sra.ebi.ac.uk/vol1/fastq/ERR357/007/ERR3574057/ERR3574057_2.fastq.gz,ftp.sra.ebi.ac.uk/vol1/run/ERR357/ERR3574057/WTCHG_550636_279175.bam,,WTCHG_550636_279175,WIT-DW-250-AUT
ERR3574058,ERZ2227180,SAMEA5989477,PRJEB45055,SEQUENCE_ASSEMBLY,749907,sediment metagenome,ftp.sra.ebi.ac.uk/vol1/ERZ222/ERZ2227180/ERR3574058.fasta.gz,PRJEB34634,ERX3572296,ftp.sra.ebi.ac.uk/vol1/fastq/ERR357/008/ERR3574058/ERR3574058_1.fastq.gz;ftp.sra.ebi.ac.uk/vol1/fastq/ERR357/008/ERR3574058/ERR3574058_2.fastq.gz,ftp.sra.ebi.ac.uk/vol1/run/ERR357/ERR3574058/WTCHG_551514_279175.bam,,WTCHG_551514_279175,WIT-DW-250-AUT
ERR3574059,ERZ2226774,SAMEA5989477,PRJEB45055,SEQUENCE_ASSEMBLY,749907,sediment metagenome,ftp.sra.ebi.ac.uk/vol1/ERZ222/ERZ2226774/ERR3574059.fasta.gz,PRJEB34634,ERX3572297,ftp.sra.ebi.ac.uk/vol1/fastq/ERR357/009/ERR3574059/ERR3574059_1.fastq.gz;ftp.sra.ebi.ac.uk/vol1/fastq/ERR357/009/ERR3574059/ERR3574059_2.fastq.gz,ftp.sra.ebi.ac.uk/vol1/run/ERR357/ERR3574059/WTCHG_551515_279175.bam,,WTCHG_551515_279175,WIT-DW-250-AUT
ERR3574060,ERZ2270474,SAMEA5989477,PRJEB45055,SEQUENCE_ASSEMBLY,749907,sediment metagenome,ftp.sra.ebi.ac.uk/vol1/ERZ227/ERZ2270474/ERR3574060.fasta.gz,PRJEB34634,ERX3572298,ftp.sra.ebi.ac.uk/vol1/fastq/ERR357/000/ERR3574060/ERR3574060_1.fastq.gz;ftp.sra.ebi.ac.uk/vol1/fastq/ERR357/000/ERR3574060/ERR3574060_2.fastq.gz,ftp.sra.ebi.ac.uk/vol1/run/ERR357/ERR3574060/WTCHG_554366_279175.bam,,WTCHG_554366_279175,WIT-DW-250-AUT
ERR3574061,ERZ2272482,SAMEA5989477,PRJEB45055,SEQUENCE_ASSEMBLY,749907,sediment metagenome,ftp.sra.ebi.ac.uk/vol1/ERZ227/ERZ2272482/ERR3574061.fasta.gz,PRJEB34634,ERX3572299,ftp.sra.ebi.ac.uk/vol1/fastq/ERR357/001/ERR3574061/ERR3574061_1.fastq.gz;ftp.sra.ebi.ac.uk/vol1/fastq/ERR357/001/ERR3574061/ERR3574061_2.fastq.gz,ftp.sra.ebi.ac.uk/vol1/run/ERR357/ERR3574061/WTCHG_554367_279175.bam,,WTCHG_554367_279175,WIT-DW-250-AUT
ERR3574062,ERZ2271533,SAMEA5989477,PRJEB45055,SEQUENCE_ASSEMBLY,749907,sediment metagenome,ftp.sra.ebi.ac.uk/vol1/ERZ227/ERZ2271533/ERR3574062.fasta.gz,PRJEB34634,ERX3572300,ftp.sra.ebi.ac.uk/vol1/fastq/ERR357/002/ERR3574062/ERR3574062_1.fastq.gz;ftp.sra.ebi.ac.uk/vol1/fastq/ERR357/002/ERR3574062/ERR3574062_2.fastq.gz,ftp.sra.ebi.ac.uk/vol1/run/ERR357/ERR3574062/WTCHG_555221_279175.bam,,WTCHG_555221_279175,WIT-DW-250-AUT
ERR3574063,ERZ2226948,SAMEA5989477,PRJEB45055,SEQUENCE_ASSEMBLY,749907,sediment metagenome,ftp.sra.ebi.ac.uk/vol1/ERZ222/ERZ2226948/ERR3574063.fasta.gz,PRJEB34634,ERX3572301,ftp.sra.ebi.ac.uk/vol1/fastq/ERR357/003/ERR3574063/ERR3574063_1.fastq.gz;ftp.sra.ebi.ac.uk/vol1/fastq/ERR357/003/ERR3574063/ERR3574063_2.fastq.gz,ftp.sra.ebi.ac.uk/vol1/run/ERR357/ERR3574063/WTCHG_555217_279175.bam,,WTCHG_555217_279175,WIT-DW-250-AUT
ERR3574064,ERZ2270749,SAMEA5989477,PRJEB45055,SEQUENCE_ASSEMBLY,749907,sediment metagenome,ftp.sra.ebi.ac.uk/vol1/ERZ227/ERZ2270749/ERR3574064.fasta.gz,PRJEB34634,ERX3572302,ftp.sra.ebi.ac.uk/vol1/fastq/ERR357/004/ERR3574064/ERR3574064_1.fastq.gz;ftp.sra.ebi.ac.uk/vol1/fastq/ERR357/004/ERR3574064/ERR3574064_2.fastq.gz,ftp.sra.ebi.ac.uk/vol1/run/ERR357/ERR3574064/WTCHG_555216_279175.bam,,WTCHG_555216_279175,WIT-DW-250-AUT
ERR3574065,ERZ2270724,SAMEA5989477,PRJEB45055,SEQUENCE_ASSEMBLY,749907,sediment metagenome,ftp.sra.ebi.ac.uk/vol1/ERZ227/ERZ2270724/ERR3574065.fasta.gz,PRJEB34634,ERX3572303,ftp.sra.ebi.ac.uk/vol1/fastq/ERR357/005/ERR3574065/ERR3574065_1.fastq.gz;ftp.sra.ebi.ac.uk/vol1/fastq/ERR357/005/ERR3574065/ERR3574065_2.fastq.gz,ftp.sra.ebi.ac.uk/vol1/run/ERR357/ERR3574065/WTCHG_555218_279175.bam,,WTCHG_555218_279175,WIT-DW-250-AUT
ERR3574066,ERZ2270399,SAMEA5989477,PRJEB45055,SEQUENCE_ASSEMBLY,749907,sediment metagenome,ftp.sra.ebi.ac.uk/vol1/ERZ227/ERZ2270399/ERR3574066.fasta.gz,PRJEB34634,ERX3572304,ftp.sra.ebi.ac.uk/vol1/fastq/ERR357/006/ERR3574066/ERR3574066_1.fastq.gz;ftp.sra.ebi.ac.uk/vol1/fastq/ERR357/006/ERR3574066/ERR3574066_2.fastq.gz,ftp.sra.ebi.ac.uk/vol1/run/ERR357/ERR3574066/WTCHG_555215_279175.bam,,WTCHG_555215_279175,WIT-DW-250-AUT
ERR3574067,ERZ2272662,SAMEA5989477,PRJEB45055,SEQUENCE_ASSEMBLY,749907,sediment metagenome,ftp.sra.ebi.ac.uk/vol1/ERZ227/ERZ2272662/ERR3574067.fasta.gz,PRJEB34634,ERX3572305,ftp.sra.ebi.ac.uk/vol1/fastq/ERR357/007/ERR3574067/ERR3574067_1.fastq.gz;ftp.sra.ebi.ac.uk/vol1/fastq/ERR357/007/ERR3574067/ERR3574067_2.fastq.gz,ftp.sra.ebi.ac.uk/vol1/run/ERR357/ERR3574067/WTCHG_555220_279175.bam,,WTCHG_555220_279175,WIT-DW-250-AUT
ERR3574068,ERZ2271135,SAMEA5989477,PRJEB45055,SEQUENCE_ASSEMBLY,749907,sediment metagenome,ftp.sra.ebi.ac.uk/vol1/ERZ227/ERZ2271135/ERR3574068.fasta.gz,PRJEB34634,ERX3572306,ftp.sra.ebi.ac.uk/vol1/fastq/ERR357/008/ERR3574068/ERR3574068_1.fastq.gz;ftp.sra.ebi.ac.uk/vol1/fastq/ERR357/008/ERR3574068/ERR3574068_2.fastq.gz,ftp.sra.ebi.ac.uk/vol1/run/ERR357/ERR3574068/WTCHG_555219_279175.bam,,WTCHG_555219_279175,WIT-DW-250-AUT
ERR3574069,ERZ2272339,SAMEA5989477,PRJEB45055,SEQUENCE_ASSEMBLY,749907,sediment metagenome,ftp.sra.ebi.ac.uk/vol1/ERZ227/ERZ2272339/ERR3574069.fasta.gz,PRJEB34634,ERX3572307,ftp.sra.ebi.ac.uk/vol1/fastq/ERR357/009/ERR3574069/ERR3574069_1.fastq.gz;ftp.sra.ebi.ac.uk/vol1/fastq/ERR357/009/ERR3574069/ERR3574069_2.fastq.gz,ftp.sra.ebi.ac.uk/vol1/run/ERR357/ERR3574069/WTCHG_555214_279175.bam,,WTCHG_555214_279175,WIT-DW-250-AUT
ERR3574070,ERZ2271886,SAMEA5989477,PRJEB45055,SEQUENCE_ASSEMBLY,749907,sediment metagenome,ftp.sra.ebi.ac.uk/vol1/ERZ227/ERZ2271886/ERR3574070.fasta.gz,PRJEB34634,ERX3572308,ftp.sra.ebi.ac.uk/vol1/fastq/ERR357/000/ERR3574070/ERR3574070_1.fastq.gz;ftp.sra.ebi.ac.uk/vol1/fastq/ERR357/000/ERR3574070/ERR3574070_2.fastq.gz,ftp.sra.ebi.ac.uk/vol1/run/ERR357/ERR3574070/WTCHG_559241_279175.bam,,WTCHG_559241_279175,WIT-DW-250-AUT
ERR3574071,ERZ2272419,SAMEA5989477,PRJEB45055,SEQUENCE_ASSEMBLY,749907,sediment metagenome,ftp.sra.ebi.ac.uk/vol1/ERZ227/ERZ2272419/ERR3574071.fasta.gz,PRJEB34634,ERX3572309,ftp.sra.ebi.ac.uk/vol1/fastq/ERR357/001/ERR3574071/ERR3574071_1.fastq.gz;ftp.sra.ebi.ac.uk/vol1/fastq/ERR357/001/ERR3574071/ERR3574071_2.fastq.gz,ftp.sra.ebi.ac.uk/vol1/run/ERR357/ERR3574071/WTCHG_559240_279175.bam,,WTCHG_559240_279175,WIT-DW-250-AUT
ERR3574072,ERZ2272068,SAMEA5989477,PRJEB45055,SEQUENCE_ASSEMBLY,749907,sediment metagenome,ftp.sra.ebi.ac.uk/vol1/ERZ227/ERZ2272068/ERR3574072.fasta.gz,PRJEB34634,ERX3572310,ftp.sra.ebi.ac.uk/vol1/fastq/ERR357/002/ERR3574072/ERR3574072_1.fastq.gz;ftp.sra.ebi.ac.uk/vol1/fastq/ERR357/002/ERR3574072/ERR3574072_2.fastq.gz,ftp.sra.ebi.ac.uk/vol1/run/ERR357/ERR3574072/WTCHG_559243_279175.bam,,WTCHG_559243_279175,WIT-DW-250-AUT
ERR3574073,ERZ2271638,SAMEA5989477,PRJEB45055,SEQUENCE_ASSEMBLY,749907,sediment metagenome,ftp.sra.ebi.ac.uk/vol1/ERZ227/ERZ2271638/ERR3574073.fasta.gz,PRJEB34634,ERX3572311,ftp.sra.ebi.ac.uk/vol1/fastq/ERR357/003/ERR3574073/ERR3574073_1.fastq.gz;ftp.sra.ebi.ac.uk/vol1/fastq/ERR357/003/ERR3574073/ERR3574073_2.fastq.gz,ftp.sra.ebi.ac.uk/vol1/run/ERR357/ERR3574073/WTCHG_559244_279175.bam,,WTCHG_559244_279175,WIT-DW-250-AUT
ERR3574074,ERZ2272186,SAMEA5989477,PRJEB45055,SEQUENCE_ASSEMBLY,749907,sediment metagenome,ftp.sra.ebi.ac.uk/vol1/ERZ227/ERZ2272186/ERR3574074.fasta.gz,PRJEB34634,ERX3572312,ftp.sra.ebi.ac.uk/vol1/fastq/ERR357/004/ERR3574074/ERR3574074_1.fastq.gz;ftp.sra.ebi.ac.uk/vol1/fastq/ERR357/004/ERR3574074/ERR3574074_2.fastq.gz,ftp.sra.ebi.ac.uk/vol1/run/ERR357/ERR3574074/WTCHG_559242_279175.bam,,WTCHG_559242_279175,WIT-DW-250-AUT
ERR3574075,ERZ2271216,SAMEA5989477,PRJEB45055,SEQUENCE_ASSEMBLY,749907,sediment metagenome,ftp.sra.ebi.ac.uk/vol1/ERZ227/ERZ2271216/ERR3574075.fasta.gz,PRJEB34634,ERX3572313,ftp.sra.ebi.ac.uk/vol1/fastq/ERR357/005/ERR3574075/ERR3574075_1.fastq.gz;ftp.sra.ebi.ac.uk/vol1/fastq/ERR357/005/ERR3574075/ERR3574075_2.fastq.gz,ftp.sra.ebi.ac.uk/vol1/run/ERR357/ERR3574075/WTCHG_550636_274115.bam,,WTCHG_550636_274115,WIT-DW-250-SUM
ERR3574076,ERZ2271632,SAMEA5989477,PRJEB45055,SEQUENCE_ASSEMBLY,749907,sediment metagenome,ftp.sra.ebi.ac.uk/vol1/ERZ227/ERZ2271632/ERR3574076.fasta.gz,PRJEB34634,ERX3572314,ftp.sra.ebi.ac.uk/vol1/fastq/ERR357/006/ERR3574076/ERR3574076_1.fastq.gz;ftp.sra.ebi.ac.uk/vol1/fastq/ERR357/006/ERR3574076/ERR3574076_2.fastq.gz,ftp.sra.ebi.ac.uk/vol1/run/ERR357/ERR3574076/WTCHG_551514_274115.bam,,WTCHG_551514_274115,WIT-DW-250-SUM
ERR3574077,ERZ2270296,SAMEA5989477,PRJEB45055,SEQUENCE_ASSEMBLY,749907,sediment metagenome,ftp.sra.ebi.ac.uk/vol1/ERZ227/ERZ2270296/ERR3574077.fasta.gz,PRJEB34634,ERX3572315,ftp.sra.ebi.ac.uk/vol1/fastq/ERR357/007/ERR3574077/ERR3574077_1.fastq.gz;ftp.sra.ebi.ac.uk/vol1/fastq/ERR357/007/ERR3574077/ERR3574077_2.fastq.gz,ftp.sra.ebi.ac.uk/vol1/run/ERR357/ERR3574077/WTCHG_551515_274115.bam,,WTCHG_551515_274115,WIT-DW-250-SUM
ERR3574078,ERZ2270311,SAMEA5989477,PRJEB45055,SEQUENCE_ASSEMBLY,749907,sediment metagenome,ftp.sra.ebi.ac.uk/vol1/ERZ227/ERZ2270311/ERR3574078.fasta.gz,PRJEB34634,ERX3572316,ftp.sra.ebi.ac.uk/vol1/fastq/ERR357/008/ERR3574078/ERR3574078_1.fastq.gz;ftp.sra.ebi.ac.uk/vol1/fastq/ERR357/008/ERR3574078/ERR3574078_2.fastq.gz,ftp.sra.ebi.ac.uk/vol1/run/ERR357/ERR3574078/WTCHG_554366_274115.bam,,WTCHG_554366_274115,WIT-DW-250-SUM
ERR3574079,ERZ2226951,SAMEA5989477,PRJEB45055,SEQUENCE_ASSEMBLY,749907,sediment metagenome,ftp.sra.ebi.ac.uk/vol1/ERZ222/ERZ2226951/ERR3574079.fasta.gz,PRJEB34634,ERX3572317,ftp.sra.ebi.ac.uk/vol1/fastq/ERR357/009/ERR3574079/ERR3574079_1.fastq.gz;ftp.sra.ebi.ac.uk/vol1/fastq/ERR357/009/ERR3574079/ERR3574079_2.fastq.gz,ftp.sra.ebi.ac.uk/vol1/run/ERR357/ERR3574079/WTCHG_554367_274115.bam,,WTCHG_554367_274115,WIT-DW-250-SUM
ERR3574080,ERZ2271338,SAMEA5989477,PRJEB45055,SEQUENCE_ASSEMBLY,749907,sediment metagenome,ftp.sra.ebi.ac.uk/vol1/ERZ227/ERZ2271338/ERR3574080.fasta.gz,PRJEB34634,ERX3572318,ftp.sra.ebi.ac.uk/vol1/fastq/ERR357/000/ERR3574080/ERR3574080_1.fastq.gz;ftp.sra.ebi.ac.uk/vol1/fastq/ERR357/000/ERR3574080/ERR3574080_2.fastq.gz,ftp.sra.ebi.ac.uk/vol1/run/ERR357/ERR3574080/WTCHG_555216_274115.bam,,WTCHG_555216_274115,WIT-DW-250-SUM
ERR3574081,ERZ2271972,SAMEA5989477,PRJEB45055,SEQUENCE_ASSEMBLY,749907,sediment metagenome,ftp.sra.ebi.ac.uk/vol1/ERZ227/ERZ2271972/ERR3574081.fasta.gz,PRJEB34634,ERX3572319,ftp.sra.ebi.ac.uk/vol1/fastq/ERR357/001/ERR3574081/ERR3574081_1.fastq.gz;ftp.sra.ebi.ac.uk/vol1/fastq/ERR357/001/ERR3574081/ERR3574081_2.fastq.gz,ftp.sra.ebi.ac.uk/vol1/run/ERR357/ERR3574081/WTCHG_555217_274115.bam,,WTCHG_555217_274115,WIT-DW-250-SUM
ERR3574082,ERZ2271537,SAMEA5989477,PRJEB45055,SEQUENCE_ASSEMBLY,749907,sediment metagenome,ftp.sra.ebi.ac.uk/vol1/ERZ227/ERZ2271537/ERR3574082.fasta.gz,PRJEB34634,ERX3572320,ftp.sra.ebi.ac.uk/vol1/fastq/ERR357/002/ERR3574082/ERR3574082_1.fastq.gz;ftp.sra.ebi.ac.uk/vol1/fastq/ERR357/002/ERR3574082/ERR3574082_2.fastq.gz,ftp.sra.ebi.ac.uk/vol1/run/ERR357/ERR3574082/WTCHG_555214_274115.bam,,WTCHG_555214_274115,WIT-DW-250-SUM
ERR3574083,ERZ2272809,SAMEA5989477,PRJEB45055,SEQUENCE_ASSEMBLY,749907,sediment metagenome,ftp.sra.ebi.ac.uk/vol1/ERZ227/ERZ2272809/ERR3574083.fasta.gz,PRJEB34634,ERX3572321,ftp.sra.ebi.ac.uk/vol1/fastq/ERR357/003/ERR3574083/ERR3574083_1.fastq.gz;ftp.sra.ebi.ac.uk/vol1/fastq/ERR357/003/ERR3574083/ERR3574083_2.fastq.gz,ftp.sra.ebi.ac.uk/vol1/run/ERR357/ERR3574083/WTCHG_555220_274115.bam,,WTCHG_555220_274115,WIT-DW-250-SUM
ERR3574084,ERZ2271784,SAMEA5989477,PRJEB45055,SEQUENCE_ASSEMBLY,749907,sediment metagenome,ftp.sra.ebi.ac.uk/vol1/ERZ227/ERZ2271784/ERR3574084.fasta.gz,PRJEB34634,ERX3572322,ftp.sra.ebi.ac.uk/vol1/fastq/ERR357/004/ERR3574084/ERR3574084_1.fastq.gz;ftp.sra.ebi.ac.uk/vol1/fastq/ERR357/004/ERR3574084/ERR3574084_2.fastq.gz,ftp.sra.ebi.ac.uk/vol1/run/ERR357/ERR3574084/WTCHG_555221_274115.bam,,WTCHG_555221_274115,WIT-DW-250-SUM
ERR3574085,ERZ2272618,SAMEA5989477,PRJEB45055,SEQUENCE_ASSEMBLY,749907,sediment metagenome,ftp.sra.ebi.ac.uk/vol1/ERZ227/ERZ2272618/ERR3574085.fasta.gz,PRJEB34634,ERX3572323,ftp.sra.ebi.ac.uk/vol1/fastq/ERR357/005/ERR3574085/ERR3574085_1.fastq.gz;ftp.sra.ebi.ac.uk/vol1/fastq/ERR357/005/ERR3574085/ERR3574085_2.fastq.gz,ftp.sra.ebi.ac.uk/vol1/run/ERR357/ERR3574085/WTCHG_555219_274115.bam,,WTCHG_555219_274115,WIT-DW-250-SUM
ERR3574086,ERZ2271634,SAMEA5989477,PRJEB45055,SEQUENCE_ASSEMBLY,749907,sediment metagenome,ftp.sra.ebi.ac.uk/vol1/ERZ227/ERZ2271634/ERR3574086.fasta.gz,PRJEB34634,ERX3572324,ftp.sra.ebi.ac.uk/vol1/fastq/ERR357/006/ERR3574086/ERR3574086_1.fastq.gz;ftp.sra.ebi.ac.uk/vol1/fastq/ERR357/006/ERR3574086/ERR3574086_2.fastq.gz,ftp.sra.ebi.ac.uk/vol1/run/ERR357/ERR3574086/WTCHG_555215_274115.bam,,WTCHG_555215_274115,WIT-DW-250-SUM
ERR3574087,ERZ2271834,SAMEA5989477,PRJEB45055,SEQUENCE_ASSEMBLY,749907,sediment metagenome,ftp.sra.ebi.ac.uk/vol1/ERZ227/ERZ2271834/ERR3574087.fasta.gz,PRJEB34634,ERX3572325,ftp.sra.ebi.ac.uk/vol1/fastq/ERR357/007/ERR3574087/ERR3574087_1.fastq.gz;ftp.sra.ebi.ac.uk/vol1/fastq/ERR357/007/ERR3574087/ERR3574087_2.fastq.gz,ftp.sra.ebi.ac.uk/vol1/run/ERR357/ERR3574087/WTCHG_555218_274115.bam,,WTCHG_555218_274115,WIT-DW-250-SUM
ERR3574088,ERZ2271626,SAMEA5989477,PRJEB45055,SEQUENCE_ASSEMBLY,749907,sediment metagenome,ftp.sra.ebi.ac.uk/vol1/ERZ227/ERZ2271626/ERR3574088.fasta.gz,PRJEB34634,ERX3572326,ftp.sra.ebi.ac.uk/vol1/fastq/ERR357/008/ERR3574088/ERR3574088_1.fastq.gz;ftp.sra.ebi.ac.uk/vol1/fastq/ERR357/008/ERR3574088/ERR3574088_2.fastq.gz,ftp.sra.ebi.ac.uk/vol1/run/ERR357/ERR3574088/WTCHG_559241_274115.bam,,WTCHG_559241_274115,WIT-DW-250-SUM
ERR3574089,ERZ2227235,SAMEA5989477,PRJEB45055,SEQUENCE_ASSEMBLY,749907,sediment metagenome,ftp.sra.ebi.ac.uk/vol1/ERZ222/ERZ2227235/ERR3574089.fasta.gz,PRJEB34634,ERX3572327,ftp.sra.ebi.ac.uk/vol1/fastq/ERR357/009/ERR3574089/ERR3574089_1.fastq.gz;ftp.sra.ebi.ac.uk/vol1/fastq/ERR357/009/ERR3574089/ERR3574089_2.fastq.gz,ftp.sra.ebi.ac.uk/vol1/run/ERR357/ERR3574089/WTCHG_559244_274115.bam,,WTCHG_559244_274115,WIT-DW-250-SUM
ERR3574090,ERZ2272751,SAMEA5989477,PRJEB45055,SEQUENCE_ASSEMBLY,749907,sediment metagenome,ftp.sra.ebi.ac.uk/vol1/ERZ227/ERZ2272751/ERR3574090.fasta.gz,PRJEB34634,ERX3572328,ftp.sra.ebi.ac.uk/vol1/fastq/ERR357/000/ERR3574090/ERR3574090_1.fastq.gz;ftp.sra.ebi.ac.uk/vol1/fastq/ERR357/000/ERR3574090/ERR3574090_2.fastq.gz,ftp.sra.ebi.ac.uk/vol1/run/ERR357/ERR3574090/WTCHG_559242_274115.bam,,WTCHG_559242_274115,WIT-DW-250-SUM
ERR3574091,ERZ2270624,SAMEA5989477,PRJEB45055,SEQUENCE_ASSEMBLY,749907,sediment metagenome,ftp.sra.ebi.ac.uk/vol1/ERZ227/ERZ2270624/ERR3574091.fasta.gz,PRJEB34634,ERX3572329,ftp.sra.ebi.ac.uk/vol1/fastq/ERR357/001/ERR3574091/ERR3574091_1.fastq.gz;ftp.sra.ebi.ac.uk/vol1/fastq/ERR357/001/ERR3574091/ERR3574091_2.fastq.gz,ftp.sra.ebi.ac.uk/vol1/run/ERR357/ERR3574091/WTCHG_559243_274115.bam,,WTCHG_559243_274115,WIT-DW-250-SUM
ERR3574092,ERZ2272177,SAMEA5989477,PRJEB45055,SEQUENCE_ASSEMBLY,749907,sediment metagenome,ftp.sra.ebi.ac.uk/vol1/ERZ227/ERZ2272177/ERR3574092.fasta.gz,PRJEB34634,ERX3572330,ftp.sra.ebi.ac.uk/vol1/fastq/ERR357/002/ERR3574092/ERR3574092_1.fastq.gz;ftp.sra.ebi.ac.uk/vol1/fastq/ERR357/002/ERR3574092/ERR3574092_2.fastq.gz,ftp.sra.ebi.ac.uk/vol1/run/ERR357/ERR3574092/WTCHG_559240_274115.bam,,WTCHG_559240_274115,WIT-DW-250-SUM
ERR3574093,ERZ2272613,SAMEA5989477,PRJEB45055,SEQUENCE_ASSEMBLY,749907,sediment metagenome,ftp.sra.ebi.ac.uk/vol1/ERZ227/ERZ2272613/ERR3574093.fasta.gz,PRJEB34634,ERX3572331,ftp.sra.ebi.ac.uk/vol1/fastq/ERR357/003/ERR3574093/ERR3574093_1.fastq.gz;ftp.sra.ebi.ac.uk/vol1/fastq/ERR357/003/ERR3574093/ERR3574093_2.fastq.gz,ftp.sra.ebi.ac.uk/vol1/run/ERR357/ERR3574093/WTCHG_550636_284140.bam,,WTCHG_550636_284140,WIT-DW-250-WIN
ERR3574094,ERZ2227951,SAMEA5989477,PRJEB45055,SEQUENCE_ASSEMBLY,749907,sediment metagenome,ftp.sra.ebi.ac.uk/vol1/ERZ222/ERZ2227951/ERR3574094.fasta.gz,PRJEB34634,ERX3572332,ftp.sra.ebi.ac.uk/vol1/fastq/ERR357/004/ERR3574094/ERR3574094_1.fastq.gz;ftp.sra.ebi.ac.uk/vol1/fastq/ERR357/004/ERR3574094/ERR3574094_2.fastq.gz,ftp.sra.ebi.ac.uk/vol1/run/ERR357/ERR3574094/WTCHG_551514_284140.bam,,WTCHG_551514_284140,WIT-DW-250-WIN
ERR3574095,ERZ2270565,SAMEA5989477,PRJEB45055,SEQUENCE_ASSEMBLY,749907,sediment metagenome,ftp.sra.ebi.ac.uk/vol1/ERZ227/ERZ2270565/ERR3574095.fasta.gz,PRJEB34634,ERX3572333,ftp.sra.ebi.ac.uk/vol1/fastq/ERR357/005/ERR3574095/ERR3574095_1.fastq.gz;ftp.sra.ebi.ac.uk/vol1/fastq/ERR357/005/ERR3574095/ERR3574095_2.fastq.gz,ftp.sra.ebi.ac.uk/vol1/run/ERR357/ERR3574095/WTCHG_551515_284140.bam,,WTCHG_551515_284140,WIT-DW-250-WIN
ERR3574096,ERZ2268641,SAMEA5989477,PRJEB45055,SEQUENCE_ASSEMBLY,749907,sediment metagenome,ftp.sra.ebi.ac.uk/vol1/ERZ226/ERZ2268641/ERR3574096.fasta.gz,PRJEB34634,ERX3572334,ftp.sra.ebi.ac.uk/vol1/fastq/ERR357/006/ERR3574096/ERR3574096_1.fastq.gz;ftp.sra.ebi.ac.uk/vol1/fastq/ERR357/006/ERR3574096/ERR3574096_2.fastq.gz,ftp.sra.ebi.ac.uk/vol1/run/ERR357/ERR3574096/WTCHG_554367_284140.bam,,WTCHG_554367_284140,WIT-DW-250-WIN
ERR3574097,ERZ2271251,SAMEA5989477,PRJEB45055,SEQUENCE_ASSEMBLY,749907,sediment metagenome,ftp.sra.ebi.ac.uk/vol1/ERZ227/ERZ2271251/ERR3574097.fasta.gz,PRJEB34634,ERX3572335,ftp.sra.ebi.ac.uk/vol1/fastq/ERR357/007/ERR3574097/ERR3574097_1.fastq.gz;ftp.sra.ebi.ac.uk/vol1/fastq/ERR357/007/ERR3574097/ERR3574097_2.fastq.gz,ftp.sra.ebi.ac.uk/vol1/run/ERR357/ERR3574097/WTCHG_554366_284140.bam,,WTCHG_554366_284140,WIT-DW-250-WIN
ERR3574098,ERZ2227918,SAMEA5989477,PRJEB45055,SEQUENCE_ASSEMBLY,749907,sediment metagenome,ftp.sra.ebi.ac.uk/vol1/ERZ222/ERZ2227918/ERR3574098.fasta.gz,PRJEB34634,ERX3572336,ftp.sra.ebi.ac.uk/vol1/fastq/ERR357/008/ERR3574098/ERR3574098_1.fastq.gz;ftp.sra.ebi.ac.uk/vol1/fastq/ERR357/008/ERR3574098/ERR3574098_2.fastq.gz,ftp.sra.ebi.ac.uk/vol1/run/ERR357/ERR3574098/WTCHG_555221_284140.bam,,WTCHG_555221_284140,WIT-DW-250-WIN
ERR3574099,ERZ2226833,SAMEA5989477,PRJEB45055,SEQUENCE_ASSEMBLY,749907,sediment metagenome,ftp.sra.ebi.ac.uk/vol1/ERZ222/ERZ2226833/ERR3574099.fasta.gz,PRJEB34634,ERX3572337,ftp.sra.ebi.ac.uk/vol1/fastq/ERR357/009/ERR3574099/ERR3574099_1.fastq.gz;ftp.sra.ebi.ac.uk/vol1/fastq/ERR357/009/ERR3574099/ERR3574099_2.fastq.gz,ftp.sra.ebi.ac.uk/vol1/run/ERR357/ERR3574099/WTCHG_555214_284140.bam,,WTCHG_555214_284140,WIT-DW-250-WIN
ERR3574100,ERZ2271426,SAMEA5989477,PRJEB45055,SEQUENCE_ASSEMBLY,749907,sediment metagenome,ftp.sra.ebi.ac.uk/vol1/ERZ227/ERZ2271426/ERR3574100.fasta.gz,PRJEB34634,ERX3572338,ftp.sra.ebi.ac.uk/vol1/fastq/ERR357/000/ERR3574100/ERR3574100_1.fastq.gz;ftp.sra.ebi.ac.uk/vol1/fastq/ERR357/000/ERR3574100/ERR3574100_2.fastq.gz,ftp.sra.ebi.ac.uk/vol1/run/ERR357/ERR3574100/WTCHG_555219_284140.bam,,WTCHG_555219_284140,WIT-DW-250-WIN
ERR3574101,ERZ2227304,SAMEA5989477,PRJEB45055,SEQUENCE_ASSEMBLY,749907,sediment metagenome,ftp.sra.ebi.ac.uk/vol1/ERZ222/ERZ2227304/ERR3574101.fasta.gz,PRJEB34634,ERX3572339,ftp.sra.ebi.ac.uk/vol1/fastq/ERR357/001/ERR3574101/ERR3574101_1.fastq.gz;ftp.sra.ebi.ac.uk/vol1/fastq/ERR357/001/ERR3574101/ERR3574101_2.fastq.gz,ftp.sra.ebi.ac.uk/vol1/run/ERR357/ERR3574101/WTCHG_555215_284140.bam,,WTCHG_555215_284140,WIT-DW-250-WIN
ERR3574102,ERZ2272131,SAMEA5989477,PRJEB45055,SEQUENCE_ASSEMBLY,749907,sediment metagenome,ftp.sra.ebi.ac.uk/vol1/ERZ227/ERZ2272131/ERR3574102.fasta.gz,PRJEB34634,ERX3572340,ftp.sra.ebi.ac.uk/vol1/fastq/ERR357/002/ERR3574102/ERR3574102_1.fastq.gz;ftp.sra.ebi.ac.uk/vol1/fastq/ERR357/002/ERR3574102/ERR3574102_2.fastq.gz,ftp.sra.ebi.ac.uk/vol1/run/ERR357/ERR3574102/WTCHG_555216_284140.bam,,WTCHG_555216_284140,WIT-DW-250-WIN
ERR3574103,ERZ2272433,SAMEA5989477,PRJEB45055,SEQUENCE_ASSEMBLY,749907,sediment metagenome,ftp.sra.ebi.ac.uk/vol1/ERZ227/ERZ2272433/ERR3574103.fasta.gz,PRJEB34634,ERX3572341,ftp.sra.ebi.ac.uk/vol1/fastq/ERR357/003/ERR3574103/ERR3574103_1.fastq.gz;ftp.sra.ebi.ac.uk/vol1/fastq/ERR357/003/ERR3574103/ERR3574103_2.fastq.gz,ftp.sra.ebi.ac.uk/vol1/run/ERR357/ERR3574103/WTCHG_555218_284140.bam,,WTCHG_555218_284140,WIT-DW-250-WIN
ERR3574104,ERZ2226775,SAMEA5989477,PRJEB45055,SEQUENCE_ASSEMBLY,749907,sediment metagenome,ftp.sra.ebi.ac.uk/vol1/ERZ222/ERZ2226775/ERR3574104.fasta.gz,PRJEB34634,ERX3572342,ftp.sra.ebi.ac.uk/vol1/fastq/ERR357/004/ERR3574104/ERR3574104_1.fastq.gz;ftp.sra.ebi.ac.uk/vol1/fastq/ERR357/004/ERR3574104/ERR3574104_2.fastq.gz,ftp.sra.ebi.ac.uk/vol1/run/ERR357/ERR3574104/WTCHG_555220_284140.bam,,WTCHG_555220_284140,WIT-DW-250-WIN
ERR3574105,ERZ2226795,SAMEA5989477,PRJEB45055,SEQUENCE_ASSEMBLY,749907,sediment metagenome,ftp.sra.ebi.ac.uk/vol1/ERZ222/ERZ2226795/ERR3574105.fasta.gz,PRJEB34634,ERX3572343,ftp.sra.ebi.ac.uk/vol1/fastq/ERR357/005/ERR3574105/ERR3574105_1.fastq.gz;ftp.sra.ebi.ac.uk/vol1/fastq/ERR357/005/ERR3574105/ERR3574105_2.fastq.gz,ftp.sra.ebi.ac.uk/vol1/run/ERR357/ERR3574105/WTCHG_555217_284140.bam,,WTCHG_555217_284140,WIT-DW-250-WIN
ERR3574106,ERZ2227295,SAMEA5989477,PRJEB45055,SEQUENCE_ASSEMBLY,749907,sediment metagenome,ftp.sra.ebi.ac.uk/vol1/ERZ222/ERZ2227295/ERR3574106.fasta.gz,PRJEB34634,ERX3572344,ftp.sra.ebi.ac.uk/vol1/fastq/ERR357/006/ERR3574106/ERR3574106_1.fastq.gz;ftp.sra.ebi.ac.uk/vol1/fastq/ERR357/006/ERR3574106/ERR3574106_2.fastq.gz,ftp.sra.ebi.ac.uk/vol1/run/ERR357/ERR3574106/WTCHG_559243_284140.bam,,WTCHG_559243_284140,WIT-DW-250-WIN
ERR3574107,ERZ2271758,SAMEA5989477,PRJEB45055,SEQUENCE_ASSEMBLY,749907,sediment metagenome,ftp.sra.ebi.ac.uk/vol1/ERZ227/ERZ2271758/ERR3574107.fasta.gz,PRJEB34634,ERX3572345,ftp.sra.ebi.ac.uk/vol1/fastq/ERR357/007/ERR3574107/ERR3574107_1.fastq.gz;ftp.sra.ebi.ac.uk/vol1/fastq/ERR357/007/ERR3574107/ERR3574107_2.fastq.gz,ftp.sra.ebi.ac.uk/vol1/run/ERR357/ERR3574107/WTCHG_559241_284140.bam,,WTCHG_559241_284140,WIT-DW-250-WIN
ERR3574108,ERZ2272609,SAMEA5989477,PRJEB45055,SEQUENCE_ASSEMBLY,749907,sediment metagenome,ftp.sra.ebi.ac.uk/vol1/ERZ227/ERZ2272609/ERR3574108.fasta.gz,PRJEB34634,ERX3572346,ftp.sra.ebi.ac.uk/vol1/fastq/ERR357/008/ERR3574108/ERR3574108_1.fastq.gz;ftp.sra.ebi.ac.uk/vol1/fastq/ERR357/008/ERR3574108/ERR3574108_2.fastq.gz,ftp.sra.ebi.ac.uk/vol1/run/ERR357/ERR3574108/WTCHG_559242_284140.bam,,WTCHG_559242_284140,WIT-DW-250-WIN
ERR3574109,ERZ2227029,SAMEA5989477,PRJEB45055,SEQUENCE_ASSEMBLY,749907,sediment metagenome,ftp.sra.ebi.ac.uk/vol1/ERZ222/ERZ2227029/ERR3574109.fasta.gz,PRJEB34634,ERX3572347,ftp.sra.ebi.ac.uk/vol1/fastq/ERR357/009/ERR3574109/ERR3574109_1.fastq.gz;ftp.sra.ebi.ac.uk/vol1/fastq/ERR357/009/ERR3574109/ERR3574109_2.fastq.gz,ftp.sra.ebi.ac.uk/vol1/run/ERR357/ERR3574109/WTCHG_559240_284140.bam,,WTCHG_559240_284140,WIT-DW-250-WIN
ERR3574110,ERZ2271062,SAMEA5989477,PRJEB45055,SEQUENCE_ASSEMBLY,749907,sediment metagenome,ftp.sra.ebi.ac.uk/vol1/ERZ227/ERZ2271062/ERR3574110.fasta.gz,PRJEB34634,ERX3572348,ftp.sra.ebi.ac.uk/vol1/fastq/ERR357/000/ERR3574110/ERR3574110_1.fastq.gz;ftp.sra.ebi.ac.uk/vol1/fastq/ERR357/000/ERR3574110/ERR3574110_2.fastq.gz,ftp.sra.ebi.ac.uk/vol1/run/ERR357/ERR3574110/WTCHG_559244_284140.bam,,WTCHG_559244_284140,WIT-DW-250-WIN
ERR3574111,ERZ2270934,SAMEA5989477,PRJEB45055,SEQUENCE_ASSEMBLY,749907,sediment metagenome,ftp.sra.ebi.ac.uk/vol1/ERZ227/ERZ2270934/ERR3574111.fasta.gz,PRJEB34634,ERX3572349,ftp.sra.ebi.ac.uk/vol1/fastq/ERR357/001/ERR3574111/ERR3574111_1.fastq.gz;ftp.sra.ebi.ac.uk/vol1/fastq/ERR357/001/ERR3574111/ERR3574111_2.fastq.gz,ftp.sra.ebi.ac.uk/vol1/run/ERR357/ERR3574111/WTCHG_550636_280187.bam,,WTCHG_550636_280187,WIT-DW-500-AUT
ERR3574112,ERZ2271521,SAMEA5989477,PRJEB45055,SEQUENCE_ASSEMBLY,749907,sediment metagenome,ftp.sra.ebi.ac.uk/vol1/ERZ227/ERZ2271521/ERR3574112.fasta.gz,PRJEB34634,ERX3572350,ftp.sra.ebi.ac.uk/vol1/fastq/ERR357/002/ERR3574112/ERR3574112_1.fastq.gz;ftp.sra.ebi.ac.uk/vol1/fastq/ERR357/002/ERR3574112/ERR3574112_2.fastq.gz,ftp.sra.ebi.ac.uk/vol1/run/ERR357/ERR3574112/WTCHG_551515_280187.bam,,WTCHG_551515_280187,WIT-DW-500-AUT
ERR3574113,ERZ2271856,SAMEA5989477,PRJEB45055,SEQUENCE_ASSEMBLY,749907,sediment metagenome,ftp.sra.ebi.ac.uk/vol1/ERZ227/ERZ2271856/ERR3574113.fasta.gz,PRJEB34634,ERX3572351,ftp.sra.ebi.ac.uk/vol1/fastq/ERR357/003/ERR3574113/ERR3574113_1.fastq.gz;ftp.sra.ebi.ac.uk/vol1/fastq/ERR357/003/ERR3574113/ERR3574113_2.fastq.gz,ftp.sra.ebi.ac.uk/vol1/run/ERR357/ERR3574113/WTCHG_551514_280187.bam,,WTCHG_551514_280187,WIT-DW-500-AUT
ERR3574114,ERZ2272649,SAMEA5989477,PRJEB45055,SEQUENCE_ASSEMBLY,749907,sediment metagenome,ftp.sra.ebi.ac.uk/vol1/ERZ227/ERZ2272649/ERR3574114.fasta.gz,PRJEB34634,ERX3572352,ftp.sra.ebi.ac.uk/vol1/fastq/ERR357/004/ERR3574114/ERR3574114_1.fastq.gz;ftp.sra.ebi.ac.uk/vol1/fastq/ERR357/004/ERR3574114/ERR3574114_2.fastq.gz,ftp.sra.ebi.ac.uk/vol1/run/ERR357/ERR3574114/WTCHG_554366_280187.bam,,WTCHG_554366_280187,WIT-DW-500-AUT
ERR3574115,ERZ2271873,SAMEA5989477,PRJEB45055,SEQUENCE_ASSEMBLY,749907,sediment metagenome,ftp.sra.ebi.ac.uk/vol1/ERZ227/ERZ2271873/ERR3574115.fasta.gz,PRJEB34634,ERX3572353,ftp.sra.ebi.ac.uk/vol1/fastq/ERR357/005/ERR3574115/ERR3574115_1.fastq.gz;ftp.sra.ebi.ac.uk/vol1/fastq/ERR357/005/ERR3574115/ERR3574115_2.fastq.gz,ftp.sra.ebi.ac.uk/vol1/run/ERR357/ERR3574115/WTCHG_554367_280187.bam,,WTCHG_554367_280187,WIT-DW-500-AUT
ERR3574116,ERZ2271804,SAMEA5989477,PRJEB45055,SEQUENCE_ASSEMBLY,749907,sediment metagenome,ftp.sra.ebi.ac.uk/vol1/ERZ227/ERZ2271804/ERR3574116.fasta.gz,PRJEB34634,ERX3572354,ftp.sra.ebi.ac.uk/vol1/fastq/ERR357/006/ERR3574116/ERR3574116_1.fastq.gz;ftp.sra.ebi.ac.uk/vol1/fastq/ERR357/006/ERR3574116/ERR3574116_2.fastq.gz,ftp.sra.ebi.ac.uk/vol1/run/ERR357/ERR3574116/WTCHG_555217_280187.bam,,WTCHG_555217_280187,WIT-DW-500-AUT
ERR3574117,ERZ2227020,SAMEA5989477,PRJEB45055,SEQUENCE_ASSEMBLY,749907,sediment metagenome,ftp.sra.ebi.ac.uk/vol1/ERZ222/ERZ2227020/ERR3574117.fasta.gz,PRJEB34634,ERX3572355,ftp.sra.ebi.ac.uk/vol1/fastq/ERR357/007/ERR3574117/ERR3574117_1.fastq.gz;ftp.sra.ebi.ac.uk/vol1/fastq/ERR357/007/ERR3574117/ERR3574117_2.fastq.gz,ftp.sra.ebi.ac.uk/vol1/run/ERR357/ERR3574117/WTCHG_555221_280187.bam,,WTCHG_555221_280187,WIT-DW-500-AUT
ERR3574118,ERZ2271828,SAMEA5989477,PRJEB45055,SEQUENCE_ASSEMBLY,749907,sediment metagenome,ftp.sra.ebi.ac.uk/vol1/ERZ227/ERZ2271828/ERR3574118.fasta.gz,PRJEB34634,ERX3572356,ftp.sra.ebi.ac.uk/vol1/fastq/ERR357/008/ERR3574118/ERR3574118_1.fastq.gz;ftp.sra.ebi.ac.uk/vol1/fastq/ERR357/008/ERR3574118/ERR3574118_2.fastq.gz,ftp.sra.ebi.ac.uk/vol1/run/ERR357/ERR3574118/WTCHG_555215_280187.bam,,WTCHG_555215_280187,WIT-DW-500-AUT
ERR3574119,ERZ2270309,SAMEA5989477,PRJEB45055,SEQUENCE_ASSEMBLY,749907,sediment metagenome,ftp.sra.ebi.ac.uk/vol1/ERZ227/ERZ2270309/ERR3574119.fasta.gz,PRJEB34634,ERX3572357,ftp.sra.ebi.ac.uk/vol1/fastq/ERR357/009/ERR3574119/ERR3574119_1.fastq.gz;ftp.sra.ebi.ac.uk/vol1/fastq/ERR357/009/ERR3574119/ERR3574119_2.fastq.gz,ftp.sra.ebi.ac.uk/vol1/run/ERR357/ERR3574119/WTCHG_555218_280187.bam,,WTCHG_555218_280187,WIT-DW-500-AUT
ERR3574120,ERZ2226837,SAMEA5989477,PRJEB45055,SEQUENCE_ASSEMBLY,749907,sediment metagenome,ftp.sra.ebi.ac.uk/vol1/ERZ222/ERZ2226837/ERR3574120.fasta.gz,PRJEB34634,ERX3572358,ftp.sra.ebi.ac.uk/vol1/fastq/ERR357/000/ERR3574120/ERR3574120_1.fastq.gz;ftp.sra.ebi.ac.uk/vol1/fastq/ERR357/000/ERR3574120/ERR3574120_2.fastq.gz,ftp.sra.ebi.ac.uk/vol1/run/ERR357/ERR3574120/WTCHG_555220_280187.bam,,WTCHG_555220_280187,WIT-DW-500-AUT
ERR3574121,ERZ2271659,SAMEA5989477,PRJEB45055,SEQUENCE_ASSEMBLY,749907,sediment metagenome,ftp.sra.ebi.ac.uk/vol1/ERZ227/ERZ2271659/ERR3574121.fasta.gz,PRJEB34634,ERX3572359,ftp.sra.ebi.ac.uk/vol1/fastq/ERR357/001/ERR3574121/ERR3574121_1.fastq.gz;ftp.sra.ebi.ac.uk/vol1/fastq/ERR357/001/ERR3574121/ERR3574121_2.fastq.gz,ftp.sra.ebi.ac.uk/vol1/run/ERR357/ERR3574121/WTCHG_555216_280187.bam,,WTCHG_555216_280187,WIT-DW-500-AUT
ERR3574122,ERZ2272603,SAMEA5989477,PRJEB45055,SEQUENCE_ASSEMBLY,749907,sediment metagenome,ftp.sra.ebi.ac.uk/vol1/ERZ227/ERZ2272603/ERR3574122.fasta.gz,PRJEB34634,ERX3572360,ftp.sra.ebi.ac.uk/vol1/fastq/ERR357/002/ERR3574122/ERR3574122_1.fastq.gz;ftp.sra.ebi.ac.uk/vol1/fastq/ERR357/002/ERR3574122/ERR3574122_2.fastq.gz,ftp.sra.ebi.ac.uk/vol1/run/ERR357/ERR3574122/WTCHG_555214_280187.bam,,WTCHG_555214_280187,WIT-DW-500-AUT
ERR3574123,ERZ2271714,SAMEA5989477,PRJEB45055,SEQUENCE_ASSEMBLY,749907,sediment metagenome,ftp.sra.ebi.ac.uk/vol1/ERZ227/ERZ2271714/ERR3574123.fasta.gz,PRJEB34634,ERX3572361,ftp.sra.ebi.ac.uk/vol1/fastq/ERR357/003/ERR3574123/ERR3574123_1.fastq.gz;ftp.sra.ebi.ac.uk/vol1/fastq/ERR357/003/ERR3574123/ERR3574123_2.fastq.gz,ftp.sra.ebi.ac.uk/vol1/run/ERR357/ERR3574123/WTCHG_555219_280187.bam,,WTCHG_555219_280187,WIT-DW-500-AUT
ERR3574124,ERZ2227236,SAMEA5989477,PRJEB45055,SEQUENCE_ASSEMBLY,749907,sediment metagenome,ftp.sra.ebi.ac.uk/vol1/ERZ222/ERZ2227236/ERR3574124.fasta.gz,PRJEB34634,ERX3572362,ftp.sra.ebi.ac.uk/vol1/fastq/ERR357/004/ERR3574124/ERR3574124_1.fastq.gz;ftp.sra.ebi.ac.uk/vol1/fastq/ERR357/004/ERR3574124/ERR3574124_2.fastq.gz,ftp.sra.ebi.ac.uk/vol1/run/ERR357/ERR3574124/WTCHG_559244_280187.bam,,WTCHG_559244_280187,WIT-DW-500-AUT
ERR3574125,ERZ2270321,SAMEA5989477,PRJEB45055,SEQUENCE_ASSEMBLY,749907,sediment metagenome,ftp.sra.ebi.ac.uk/vol1/ERZ227/ERZ2270321/ERR3574125.fasta.gz,PRJEB34634,ERX3572363,ftp.sra.ebi.ac.uk/vol1/fastq/ERR357/005/ERR3574125/ERR3574125_1.fastq.gz;ftp.sra.ebi.ac.uk/vol1/fastq/ERR357/005/ERR3574125/ERR3574125_2.fastq.gz,ftp.sra.ebi.ac.uk/vol1/run/ERR357/ERR3574125/WTCHG_559241_280187.bam,,WTCHG_559241_280187,WIT-DW-500-AUT
ERR3574126,ERZ2272624,SAMEA5989477,PRJEB45055,SEQUENCE_ASSEMBLY,749907,sediment metagenome,ftp.sra.ebi.ac.uk/vol1/ERZ227/ERZ2272624/ERR3574126.fasta.gz,PRJEB34634,ERX3572364,ftp.sra.ebi.ac.uk/vol1/fastq/ERR357/006/ERR3574126/ERR3574126_1.fastq.gz;ftp.sra.ebi.ac.uk/vol1/fastq/ERR357/006/ERR3574126/ERR3574126_2.fastq.gz,ftp.sra.ebi.ac.uk/vol1/run/ERR357/ERR3574126/WTCHG_559242_280187.bam,,WTCHG_559242_280187,WIT-DW-500-AUT
ERR3574127,ERZ2226772,SAMEA5989477,PRJEB45055,SEQUENCE_ASSEMBLY,749907,sediment metagenome,ftp.sra.ebi.ac.uk/vol1/ERZ222/ERZ2226772/ERR3574127.fasta.gz,PRJEB34634,ERX3572365,ftp.sra.ebi.ac.uk/vol1/fastq/ERR357/007/ERR3574127/ERR3574127_1.fastq.gz;ftp.sra.ebi.ac.uk/vol1/fastq/ERR357/007/ERR3574127/ERR3574127_2.fastq.gz,ftp.sra.ebi.ac.uk/vol1/run/ERR357/ERR3574127/WTCHG_559243_280187.bam,,WTCHG_559243_280187,WIT-DW-500-AUT
ERR3574128,ERZ2227302,SAMEA5989477,PRJEB45055,SEQUENCE_ASSEMBLY,749907,sediment metagenome,ftp.sra.ebi.ac.uk/vol1/ERZ222/ERZ2227302/ERR3574128.fasta.gz,PRJEB34634,ERX3572366,ftp.sra.ebi.ac.uk/vol1/fastq/ERR357/008/ERR3574128/ERR3574128_1.fastq.gz;ftp.sra.ebi.ac.uk/vol1/fastq/ERR357/008/ERR3574128/ERR3574128_2.fastq.gz,ftp.sra.ebi.ac.uk/vol1/run/ERR357/ERR3574128/WTCHG_559240_280187.bam,,WTCHG_559240_280187,WIT-DW-500-AUT
ERR3574129,ERZ2272587,SAMEA5989477,PRJEB45055,SEQUENCE_ASSEMBLY,749907,sediment metagenome,ftp.sra.ebi.ac.uk/vol1/ERZ227/ERZ2272587/ERR3574129.fasta.gz,PRJEB34634,ERX3572367,ftp.sra.ebi.ac.uk/vol1/fastq/ERR357/009/ERR3574129/ERR3574129_1.fastq.gz;ftp.sra.ebi.ac.uk/vol1/fastq/ERR357/009/ERR3574129/ERR3574129_2.fastq.gz,ftp.sra.ebi.ac.uk/vol1/run/ERR357/ERR3574129/WTCHG_550636_275127.bam,,WTCHG_550636_275127,WIT-DW-500-SUM
ERR3574130,ERZ2272604,SAMEA5989477,PRJEB45055,SEQUENCE_ASSEMBLY,749907,sediment metagenome,ftp.sra.ebi.ac.uk/vol1/ERZ227/ERZ2272604/ERR3574130.fasta.gz,PRJEB34634,ERX3572368,ftp.sra.ebi.ac.uk/vol1/fastq/ERR357/000/ERR3574130/ERR3574130_1.fastq.gz;ftp.sra.ebi.ac.uk/vol1/fastq/ERR357/000/ERR3574130/ERR3574130_2.fastq.gz,ftp.sra.ebi.ac.uk/vol1/run/ERR357/ERR3574130/WTCHG_551514_275127.bam,,WTCHG_551514_275127,WIT-DW-500-SUM
ERR3574131,ERZ2227380,SAMEA5989477,PRJEB45055,SEQUENCE_ASSEMBLY,749907,sediment metagenome,ftp.sra.ebi.ac.uk/vol1/ERZ222/ERZ2227380/ERR3574131.fasta.gz,PRJEB34634,ERX3572369,ftp.sra.ebi.ac.uk/vol1/fastq/ERR357/001/ERR3574131/ERR3574131_1.fastq.gz;ftp.sra.ebi.ac.uk/vol1/fastq/ERR357/001/ERR3574131/ERR3574131_2.fastq.gz,ftp.sra.ebi.ac.uk/vol1/run/ERR357/ERR3574131/WTCHG_551515_275127.bam,,WTCHG_551515_275127,WIT-DW-500-SUM
ERR3574132,ERZ2272451,SAMEA5989477,PRJEB45055,SEQUENCE_ASSEMBLY,749907,sediment metagenome,ftp.sra.ebi.ac.uk/vol1/ERZ227/ERZ2272451/ERR3574132.fasta.gz,PRJEB34634,ERX3572370,ftp.sra.ebi.ac.uk/vol1/fastq/ERR357/002/ERR3574132/ERR3574132_1.fastq.gz;ftp.sra.ebi.ac.uk/vol1/fastq/ERR357/002/ERR3574132/ERR3574132_2.fastq.gz,ftp.sra.ebi.ac.uk/vol1/run/ERR357/ERR3574132/WTCHG_554366_275127.bam,,WTCHG_554366_275127,WIT-DW-500-SUM
ERR3574133,ERZ2271790,SAMEA5989477,PRJEB45055,SEQUENCE_ASSEMBLY,749907,sediment metagenome,ftp.sra.ebi.ac.uk/vol1/ERZ227/ERZ2271790/ERR3574133.fasta.gz,PRJEB34634,ERX3572371,ftp.sra.ebi.ac.uk/vol1/fastq/ERR357/003/ERR3574133/ERR3574133_1.fastq.gz;ftp.sra.ebi.ac.uk/vol1/fastq/ERR357/003/ERR3574133/ERR3574133_2.fastq.gz,ftp.sra.ebi.ac.uk/vol1/run/ERR357/ERR3574133/WTCHG_554367_275127.bam,,WTCHG_554367_275127,WIT-DW-500-SUM
ERR3574134,ERZ2272727,SAMEA5989477,PRJEB45055,SEQUENCE_ASSEMBLY,749907,sediment metagenome,ftp.sra.ebi.ac.uk/vol1/ERZ227/ERZ2272727/ERR3574134.fasta.gz,PRJEB34634,ERX3572372,ftp.sra.ebi.ac.uk/vol1/fastq/ERR357/004/ERR3574134/ERR3574134_1.fastq.gz;ftp.sra.ebi.ac.uk/vol1/fastq/ERR357/004/ERR3574134/ERR3574134_2.fastq.gz,ftp.sra.ebi.ac.uk/vol1/run/ERR357/ERR3574134/WTCHG_555217_275127.bam,,WTCHG_555217_275127,WIT-DW-500-SUM
ERR3574135,ERZ2271755,SAMEA5989477,PRJEB45055,SEQUENCE_ASSEMBLY,749907,sediment metagenome,ftp.sra.ebi.ac.uk/vol1/ERZ227/ERZ2271755/ERR3574135.fasta.gz,PRJEB34634,ERX3572373,ftp.sra.ebi.ac.uk/vol1/fastq/ERR357/005/ERR3574135/ERR3574135_1.fastq.gz;ftp.sra.ebi.ac.uk/vol1/fastq/ERR357/005/ERR3574135/ERR3574135_2.fastq.gz,ftp.sra.ebi.ac.uk/vol1/run/ERR357/ERR3574135/WTCHG_555221_275127.bam,,WTCHG_555221_275127,WIT-DW-500-SUM
ERR3574136,ERZ2272106,SAMEA5989477,PRJEB45055,SEQUENCE_ASSEMBLY,749907,sediment metagenome,ftp.sra.ebi.ac.uk/vol1/ERZ227/ERZ2272106/ERR3574136.fasta.gz,PRJEB34634,ERX3572374,ftp.sra.ebi.ac.uk/vol1/fastq/ERR357/006/ERR3574136/ERR3574136_1.fastq.gz;ftp.sra.ebi.ac.uk/vol1/fastq/ERR357/006/ERR3574136/ERR3574136_2.fastq.gz,ftp.sra.ebi.ac.uk/vol1/run/ERR357/ERR3574136/WTCHG_555220_275127.bam,,WTCHG_555220_275127,WIT-DW-500-SUM
ERR3574137,ERZ2270732,SAMEA5989477,PRJEB45055,SEQUENCE_ASSEMBLY,749907,sediment metagenome,ftp.sra.ebi.ac.uk/vol1/ERZ227/ERZ2270732/ERR3574137.fasta.gz,PRJEB34634,ERX3572375,ftp.sra.ebi.ac.uk/vol1/fastq/ERR357/007/ERR3574137/ERR3574137_1.fastq.gz;ftp.sra.ebi.ac.uk/vol1/fastq/ERR357/007/ERR3574137/ERR3574137_2.fastq.gz,ftp.sra.ebi.ac.uk/vol1/run/ERR357/ERR3574137/WTCHG_555219_275127.bam,,WTCHG_555219_275127,WIT-DW-500-SUM
ERR3574138,ERZ2272449,SAMEA5989477,PRJEB45055,SEQUENCE_ASSEMBLY,749907,sediment metagenome,ftp.sra.ebi.ac.uk/vol1/ERZ227/ERZ2272449/ERR3574138.fasta.gz,PRJEB34634,ERX3572376,ftp.sra.ebi.ac.uk/vol1/fastq/ERR357/008/ERR3574138/ERR3574138_1.fastq.gz;ftp.sra.ebi.ac.uk/vol1/fastq/ERR357/008/ERR3574138/ERR3574138_2.fastq.gz,ftp.sra.ebi.ac.uk/vol1/run/ERR357/ERR3574138/WTCHG_555218_275127.bam,,WTCHG_555218_275127,WIT-DW-500-SUM
ERR3574139,ERZ2270922,SAMEA5989477,PRJEB45055,SEQUENCE_ASSEMBLY,749907,sediment metagenome,ftp.sra.ebi.ac.uk/vol1/ERZ227/ERZ2270922/ERR3574139.fasta.gz,PRJEB34634,ERX3572377,ftp.sra.ebi.ac.uk/vol1/fastq/ERR357/009/ERR3574139/ERR3574139_1.fastq.gz;ftp.sra.ebi.ac.uk/vol1/fastq/ERR357/009/ERR3574139/ERR3574139_2.fastq.gz,ftp.sra.ebi.ac.uk/vol1/run/ERR357/ERR3574139/WTCHG_555214_275127.bam,,WTCHG_555214_275127,WIT-DW-500-SUM
ERR3574140,ERZ2270380,SAMEA5989477,PRJEB45055,SEQUENCE_ASSEMBLY,749907,sediment metagenome,ftp.sra.ebi.ac.uk/vol1/ERZ227/ERZ2270380/ERR3574140.fasta.gz,PRJEB34634,ERX3572378,ftp.sra.ebi.ac.uk/vol1/fastq/ERR357/000/ERR3574140/ERR3574140_1.fastq.gz;ftp.sra.ebi.ac.uk/vol1/fastq/ERR357/000/ERR3574140/ERR3574140_2.fastq.gz,ftp.sra.ebi.ac.uk/vol1/run/ERR357/ERR3574140/WTCHG_555215_275127.bam,,WTCHG_555215_275127,WIT-DW-500-SUM
ERR3574141,ERZ2272125,SAMEA5989477,PRJEB45055,SEQUENCE_ASSEMBLY,749907,sediment metagenome,ftp.sra.ebi.ac.uk/vol1/ERZ227/ERZ2272125/ERR3574141.fasta.gz,PRJEB34634,ERX3572379,ftp.sra.ebi.ac.uk/vol1/fastq/ERR357/001/ERR3574141/ERR3574141_1.fastq.gz;ftp.sra.ebi.ac.uk/vol1/fastq/ERR357/001/ERR3574141/ERR3574141_2.fastq.gz,ftp.sra.ebi.ac.uk/vol1/run/ERR357/ERR3574141/WTCHG_555216_275127.bam,,WTCHG_555216_275127,WIT-DW-500-SUM
ERR3574142,ERZ2227209,SAMEA5989477,PRJEB45055,SEQUENCE_ASSEMBLY,749907,sediment metagenome,ftp.sra.ebi.ac.uk/vol1/ERZ222/ERZ2227209/ERR3574142.fasta.gz,PRJEB34634,ERX3572380,ftp.sra.ebi.ac.uk/vol1/fastq/ERR357/002/ERR3574142/ERR3574142_1.fastq.gz;ftp.sra.ebi.ac.uk/vol1/fastq/ERR357/002/ERR3574142/ERR3574142_2.fastq.gz,ftp.sra.ebi.ac.uk/vol1/run/ERR357/ERR3574142/WTCHG_559244_275127.bam,,WTCHG_559244_275127,WIT-DW-500-SUM
ERR3574143,ERZ2227164,SAMEA5989477,PRJEB45055,SEQUENCE_ASSEMBLY,749907,sediment metagenome,ftp.sra.ebi.ac.uk/vol1/ERZ222/ERZ2227164/ERR3574143.fasta.gz,PRJEB34634,ERX3572381,ftp.sra.ebi.ac.uk/vol1/fastq/ERR357/003/ERR3574143/ERR3574143_1.fastq.gz;ftp.sra.ebi.ac.uk/vol1/fastq/ERR357/003/ERR3574143/ERR3574143_2.fastq.gz,ftp.sra.ebi.ac.uk/vol1/run/ERR357/ERR3574143/WTCHG_559242_275127.bam,,WTCHG_559242_275127,WIT-DW-500-SUM
ERR3574144,ERZ2272009,SAMEA5989477,PRJEB45055,SEQUENCE_ASSEMBLY,749907,sediment metagenome,ftp.sra.ebi.ac.uk/vol1/ERZ227/ERZ2272009/ERR3574144.fasta.gz,PRJEB34634,ERX3572382,ftp.sra.ebi.ac.uk/vol1/fastq/ERR357/004/ERR3574144/ERR3574144_1.fastq.gz;ftp.sra.ebi.ac.uk/vol1/fastq/ERR357/004/ERR3574144/ERR3574144_2.fastq.gz,ftp.sra.ebi.ac.uk/vol1/run/ERR357/ERR3574144/WTCHG_559240_275127.bam,,WTCHG_559240_275127,WIT-DW-500-SUM
ERR3574145,ERZ2227190,SAMEA5989477,PRJEB45055,SEQUENCE_ASSEMBLY,749907,sediment metagenome,ftp.sra.ebi.ac.uk/vol1/ERZ222/ERZ2227190/ERR3574145.fasta.gz,PRJEB34634,ERX3572383,ftp.sra.ebi.ac.uk/vol1/fastq/ERR357/005/ERR3574145/ERR3574145_1.fastq.gz;ftp.sra.ebi.ac.uk/vol1/fastq/ERR357/005/ERR3574145/ERR3574145_2.fastq.gz,ftp.sra.ebi.ac.uk/vol1/run/ERR357/ERR3574145/WTCHG_559241_275127.bam,,WTCHG_559241_275127,WIT-DW-500-SUM
ERR3574146,ERZ2271543,SAMEA5989477,PRJEB45055,SEQUENCE_ASSEMBLY,749907,sediment metagenome,ftp.sra.ebi.ac.uk/vol1/ERZ227/ERZ2271543/ERR3574146.fasta.gz,PRJEB34634,ERX3572384,ftp.sra.ebi.ac.uk/vol1/fastq/ERR357/006/ERR3574146/ERR3574146_1.fastq.gz;ftp.sra.ebi.ac.uk/vol1/fastq/ERR357/006/ERR3574146/ERR3574146_2.fastq.gz,ftp.sra.ebi.ac.uk/vol1/run/ERR357/ERR3574146/WTCHG_559243_275127.bam,,WTCHG_559243_275127,WIT-DW-500-SUM
ERR3574147,ERZ2271970,SAMEA5989477,PRJEB45055,SEQUENCE_ASSEMBLY,749907,sediment metagenome,ftp.sra.ebi.ac.uk/vol1/ERZ227/ERZ2271970/ERR3574147.fasta.gz,PRJEB34634,ERX3572385,ftp.sra.ebi.ac.uk/vol1/fastq/ERR357/007/ERR3574147/ERR3574147_1.fastq.gz;ftp.sra.ebi.ac.uk/vol1/fastq/ERR357/007/ERR3574147/ERR3574147_2.fastq.gz,ftp.sra.ebi.ac.uk/vol1/run/ERR357/ERR3574147/WTCHG_550636_285152.bam,,WTCHG_550636_285152,WIT-DW-500-WIN
ERR3574148,ERZ2270281,SAMEA5989477,PRJEB45055,SEQUENCE_ASSEMBLY,749907,sediment metagenome,ftp.sra.ebi.ac.uk/vol1/ERZ227/ERZ2270281/ERR3574148.fasta.gz,PRJEB34634,ERX3572386,ftp.sra.ebi.ac.uk/vol1/fastq/ERR357/008/ERR3574148/ERR3574148_1.fastq.gz;ftp.sra.ebi.ac.uk/vol1/fastq/ERR357/008/ERR3574148/ERR3574148_2.fastq.gz,ftp.sra.ebi.ac.uk/vol1/run/ERR357/ERR3574148/WTCHG_551515_285152.bam,,WTCHG_551515_285152,WIT-DW-500-WIN
ERR3574149,ERZ2272704,SAMEA5989477,PRJEB45055,SEQUENCE_ASSEMBLY,749907,sediment metagenome,ftp.sra.ebi.ac.uk/vol1/ERZ227/ERZ2272704/ERR3574149.fasta.gz,PRJEB34634,ERX3572387,ftp.sra.ebi.ac.uk/vol1/fastq/ERR357/009/ERR3574149/ERR3574149_1.fastq.gz;ftp.sra.ebi.ac.uk/vol1/fastq/ERR357/009/ERR3574149/ERR3574149_2.fastq.gz,ftp.sra.ebi.ac.uk/vol1/run/ERR357/ERR3574149/WTCHG_551514_285152.bam,,WTCHG_551514_285152,WIT-DW-500-WIN
ERR3574150,ERZ2272645,SAMEA5989477,PRJEB45055,SEQUENCE_ASSEMBLY,749907,sediment metagenome,ftp.sra.ebi.ac.uk/vol1/ERZ227/ERZ2272645/ERR3574150.fasta.gz,PRJEB34634,ERX3572388,ftp.sra.ebi.ac.uk/vol1/fastq/ERR357/000/ERR3574150/ERR3574150_1.fastq.gz;ftp.sra.ebi.ac.uk/vol1/fastq/ERR357/000/ERR3574150/ERR3574150_2.fastq.gz,ftp.sra.ebi.ac.uk/vol1/run/ERR357/ERR3574150/WTCHG_554366_285152.bam,,WTCHG_554366_285152,WIT-DW-500-WIN
ERR3574151,ERZ2227969,SAMEA5989477,PRJEB45055,SEQUENCE_ASSEMBLY,749907,sediment metagenome,ftp.sra.ebi.ac.uk/vol1/ERZ222/ERZ2227969/ERR3574151.fasta.gz,PRJEB34634,ERX3572389,ftp.sra.ebi.ac.uk/vol1/fastq/ERR357/001/ERR3574151/ERR3574151_1.fastq.gz;ftp.sra.ebi.ac.uk/vol1/fastq/ERR357/001/ERR3574151/ERR3574151_2.fastq.gz,ftp.sra.ebi.ac.uk/vol1/run/ERR357/ERR3574151/WTCHG_554367_285152.bam,,WTCHG_554367_285152,WIT-DW-500-WIN
ERR3574152,ERZ2271965,SAMEA5989477,PRJEB45055,SEQUENCE_ASSEMBLY,749907,sediment metagenome,ftp.sra.ebi.ac.uk/vol1/ERZ227/ERZ2271965/ERR3574152.fasta.gz,PRJEB34634,ERX3572390,ftp.sra.ebi.ac.uk/vol1/fastq/ERR357/002/ERR3574152/ERR3574152_1.fastq.gz;ftp.sra.ebi.ac.uk/vol1/fastq/ERR357/002/ERR3574152/ERR3574152_2.fastq.gz,ftp.sra.ebi.ac.uk/vol1/run/ERR357/ERR3574152/WTCHG_555214_285152.bam,,WTCHG_555214_285152,WIT-DW-500-WIN
ERR3574153,ERZ2226849,SAMEA5989477,PRJEB45055,SEQUENCE_ASSEMBLY,749907,sediment metagenome,ftp.sra.ebi.ac.uk/vol1/ERZ222/ERZ2226849/ERR3574153.fasta.gz,PRJEB34634,ERX3572391,ftp.sra.ebi.ac.uk/vol1/fastq/ERR357/003/ERR3574153/ERR3574153_1.fastq.gz;ftp.sra.ebi.ac.uk/vol1/fastq/ERR357/003/ERR3574153/ERR3574153_2.fastq.gz,ftp.sra.ebi.ac.uk/vol1/run/ERR357/ERR3574153/WTCHG_555221_285152.bam,,WTCHG_555221_285152,WIT-DW-500-WIN
ERR3574154,ERZ2272752,SAMEA5989477,PRJEB45055,SEQUENCE_ASSEMBLY,749907,sediment metagenome,ftp.sra.ebi.ac.uk/vol1/ERZ227/ERZ2272752/ERR3574154.fasta.gz,PRJEB34634,ERX3572392,ftp.sra.ebi.ac.uk/vol1/fastq/ERR357/004/ERR3574154/ERR3574154_1.fastq.gz;ftp.sra.ebi.ac.uk/vol1/fastq/ERR357/004/ERR3574154/ERR3574154_2.fastq.gz,ftp.sra.ebi.ac.uk/vol1/run/ERR357/ERR3574154/WTCHG_555215_285152.bam,,WTCHG_555215_285152,WIT-DW-500-WIN
ERR3574155,ERZ2272234,SAMEA5989477,PRJEB45055,SEQUENCE_ASSEMBLY,749907,sediment metagenome,ftp.sra.ebi.ac.uk/vol1/ERZ227/ERZ2272234/ERR3574155.fasta.gz,PRJEB34634,ERX3572393,ftp.sra.ebi.ac.uk/vol1/fastq/ERR357/005/ERR3574155/ERR3574155_1.fastq.gz;ftp.sra.ebi.ac.uk/vol1/fastq/ERR357/005/ERR3574155/ERR3574155_2.fastq.gz,ftp.sra.ebi.ac.uk/vol1/run/ERR357/ERR3574155/WTCHG_555220_285152.bam,,WTCHG_555220_285152,WIT-DW-500-WIN
ERR3574156,ERZ2272235,SAMEA5989477,PRJEB45055,SEQUENCE_ASSEMBLY,749907,sediment metagenome,ftp.sra.ebi.ac.uk/vol1/ERZ227/ERZ2272235/ERR3574156.fasta.gz,PRJEB34634,ERX3572394,ftp.sra.ebi.ac.uk/vol1/fastq/ERR357/006/ERR3574156/ERR3574156_1.fastq.gz;ftp.sra.ebi.ac.uk/vol1/fastq/ERR357/006/ERR3574156/ERR3574156_2.fastq.gz,ftp.sra.ebi.ac.uk/vol1/run/ERR357/ERR3574156/WTCHG_555217_285152.bam,,WTCHG_555217_285152,WIT-DW-500-WIN
ERR3574157,ERZ2226854,SAMEA5989477,PRJEB45055,SEQUENCE_ASSEMBLY,749907,sediment metagenome,ftp.sra.ebi.ac.uk/vol1/ERZ222/ERZ2226854/ERR3574157.fasta.gz,PRJEB34634,ERX3572395,ftp.sra.ebi.ac.uk/vol1/fastq/ERR357/007/ERR3574157/ERR3574157_1.fastq.gz;ftp.sra.ebi.ac.uk/vol1/fastq/ERR357/007/ERR3574157/ERR3574157_2.fastq.gz,ftp.sra.ebi.ac.uk/vol1/run/ERR357/ERR3574157/WTCHG_555216_285152.bam,,WTCHG_555216_285152,WIT-DW-500-WIN
ERR3574158,ERZ2272038,SAMEA5989477,PRJEB45055,SEQUENCE_ASSEMBLY,749907,sediment metagenome,ftp.sra.ebi.ac.uk/vol1/ERZ227/ERZ2272038/ERR3574158.fasta.gz,PRJEB34634,ERX3572396,ftp.sra.ebi.ac.uk/vol1/fastq/ERR357/008/ERR3574158/ERR3574158_1.fastq.gz;ftp.sra.ebi.ac.uk/vol1/fastq/ERR357/008/ERR3574158/ERR3574158_2.fastq.gz,ftp.sra.ebi.ac.uk/vol1/run/ERR357/ERR3574158/WTCHG_555219_285152.bam,,WTCHG_555219_285152,WIT-DW-500-WIN
ERR3574159,ERZ2271667,SAMEA5989477,PRJEB45055,SEQUENCE_ASSEMBLY,749907,sediment metagenome,ftp.sra.ebi.ac.uk/vol1/ERZ227/ERZ2271667/ERR3574159.fasta.gz,PRJEB34634,ERX3572397,ftp.sra.ebi.ac.uk/vol1/fastq/ERR357/009/ERR3574159/ERR3574159_1.fastq.gz;ftp.sra.ebi.ac.uk/vol1/fastq/ERR357/009/ERR3574159/ERR3574159_2.fastq.gz,ftp.sra.ebi.ac.uk/vol1/run/ERR357/ERR3574159/WTCHG_555218_285152.bam,,WTCHG_555218_285152,WIT-DW-500-WIN
ERR3574160,ERZ2270406,SAMEA5989477,PRJEB45055,SEQUENCE_ASSEMBLY,749907,sediment metagenome,ftp.sra.ebi.ac.uk/vol1/ERZ227/ERZ2270406/ERR3574160.fasta.gz,PRJEB34634,ERX3572398,ftp.sra.ebi.ac.uk/vol1/fastq/ERR357/000/ERR3574160/ERR3574160_1.fastq.gz;ftp.sra.ebi.ac.uk/vol1/fastq/ERR357/000/ERR3574160/ERR3574160_2.fastq.gz,ftp.sra.ebi.ac.uk/vol1/run/ERR357/ERR3574160/WTCHG_559243_285152.bam,,WTCHG_559243_285152,WIT-DW-500-WIN
ERR3574161,ERZ2272483,SAMEA5989477,PRJEB45055,SEQUENCE_ASSEMBLY,749907,sediment metagenome,ftp.sra.ebi.ac.uk/vol1/ERZ227/ERZ2272483/ERR3574161.fasta.gz,PRJEB34634,ERX3572399,ftp.sra.ebi.ac.uk/vol1/fastq/ERR357/001/ERR3574161/ERR3574161_1.fastq.gz;ftp.sra.ebi.ac.uk/vol1/fastq/ERR357/001/ERR3574161/ERR3574161_2.fastq.gz,ftp.sra.ebi.ac.uk/vol1/run/ERR357/ERR3574161/WTCHG_559240_285152.bam,,WTCHG_559240_285152,WIT-DW-500-WIN
ERR3574162,ERZ2270501,SAMEA5989477,PRJEB45055,SEQUENCE_ASSEMBLY,749907,sediment metagenome,ftp.sra.ebi.ac.uk/vol1/ERZ227/ERZ2270501/ERR3574162.fasta.gz,PRJEB34634,ERX3572400,ftp.sra.ebi.ac.uk/vol1/fastq/ERR357/002/ERR3574162/ERR3574162_1.fastq.gz;ftp.sra.ebi.ac.uk/vol1/fastq/ERR357/002/ERR3574162/ERR3574162_2.fastq.gz,ftp.sra.ebi.ac.uk/vol1/run/ERR357/ERR3574162/WTCHG_559244_285152.bam,,WTCHG_559244_285152,WIT-DW-500-WIN
ERR3574163,ERZ2272069,SAMEA5989477,PRJEB45055,SEQUENCE_ASSEMBLY,749907,sediment metagenome,ftp.sra.ebi.ac.uk/vol1/ERZ227/ERZ2272069/ERR3574163.fasta.gz,PRJEB34634,ERX3572401,ftp.sra.ebi.ac.uk/vol1/fastq/ERR357/003/ERR3574163/ERR3574163_1.fastq.gz;ftp.sra.ebi.ac.uk/vol1/fastq/ERR357/003/ERR3574163/ERR3574163_2.fastq.gz,ftp.sra.ebi.ac.uk/vol1/run/ERR357/ERR3574163/WTCHG_559242_285152.bam,,WTCHG_559242_285152,WIT-DW-500-WIN
ERR3574164,ERZ2227768,SAMEA5989477,PRJEB45055,SEQUENCE_ASSEMBLY,749907,sediment metagenome,ftp.sra.ebi.ac.uk/vol1/ERZ222/ERZ2227768/ERR3574164.fasta.gz,PRJEB34634,ERX3572402,ftp.sra.ebi.ac.uk/vol1/fastq/ERR357/004/ERR3574164/ERR3574164_1.fastq.gz;ftp.sra.ebi.ac.uk/vol1/fastq/ERR357/004/ERR3574164/ERR3574164_2.fastq.gz,ftp.sra.ebi.ac.uk/vol1/run/ERR357/ERR3574164/WTCHG_559241_285152.bam,,WTCHG_559241_285152,WIT-DW-500-WIN
ERR3574165,ERZ2272472,SAMEA5989477,PRJEB45055,SEQUENCE_ASSEMBLY,749907,sediment metagenome,ftp.sra.ebi.ac.uk/vol1/ERZ227/ERZ2272472/ERR3574165.fasta.gz,PRJEB34634,ERX3572403,ftp.sra.ebi.ac.uk/vol1/fastq/ERR357/005/ERR3574165/ERR3574165_1.fastq.gz;ftp.sra.ebi.ac.uk/vol1/fastq/ERR357/005/ERR3574165/ERR3574165_2.fastq.gz,ftp.sra.ebi.ac.uk/vol1/run/ERR357/ERR3574165/WTCHG_550636_208190.bam,,WTCHG_550636_208190,WIT-EFF-AUT
ERR3574166,ERZ2272747,SAMEA5989477,PRJEB45055,SEQUENCE_ASSEMBLY,749907,sediment metagenome,ftp.sra.ebi.ac.uk/vol1/ERZ227/ERZ2272747/ERR3574166.fasta.gz,PRJEB34634,ERX3572404,ftp.sra.ebi.ac.uk/vol1/fastq/ERR357/006/ERR3574166/ERR3574166_1.fastq.gz;ftp.sra.ebi.ac.uk/vol1/fastq/ERR357/006/ERR3574166/ERR3574166_2.fastq.gz,ftp.sra.ebi.ac.uk/vol1/run/ERR357/ERR3574166/WTCHG_551515_208190.bam,,WTCHG_551515_208190,WIT-EFF-AUT
ERR3574167,ERZ2272296,SAMEA5989477,PRJEB45055,SEQUENCE_ASSEMBLY,749907,sediment metagenome,ftp.sra.ebi.ac.uk/vol1/ERZ227/ERZ2272296/ERR3574167.fasta.gz,PRJEB34634,ERX3572405,ftp.sra.ebi.ac.uk/vol1/fastq/ERR357/007/ERR3574167/ERR3574167_1.fastq.gz;ftp.sra.ebi.ac.uk/vol1/fastq/ERR357/007/ERR3574167/ERR3574167_2.fastq.gz,ftp.sra.ebi.ac.uk/vol1/run/ERR357/ERR3574167/WTCHG_551514_208190.bam,,WTCHG_551514_208190,WIT-EFF-AUT
ERR3574168,ERZ2272560,SAMEA5989477,PRJEB45055,SEQUENCE_ASSEMBLY,749907,sediment metagenome,ftp.sra.ebi.ac.uk/vol1/ERZ227/ERZ2272560/ERR3574168.fasta.gz,PRJEB34634,ERX3572406,ftp.sra.ebi.ac.uk/vol1/fastq/ERR357/008/ERR3574168/ERR3574168_1.fastq.gz;ftp.sra.ebi.ac.uk/vol1/fastq/ERR357/008/ERR3574168/ERR3574168_2.fastq.gz,ftp.sra.ebi.ac.uk/vol1/run/ERR357/ERR3574168/WTCHG_554367_208190.bam,,WTCHG_554367_208190,WIT-EFF-AUT
ERR3574169,ERZ2272203,SAMEA5989477,PRJEB45055,SEQUENCE_ASSEMBLY,749907,sediment metagenome,ftp.sra.ebi.ac.uk/vol1/ERZ227/ERZ2272203/ERR3574169.fasta.gz,PRJEB34634,ERX3572407,ftp.sra.ebi.ac.uk/vol1/fastq/ERR357/009/ERR3574169/ERR3574169_1.fastq.gz;ftp.sra.ebi.ac.uk/vol1/fastq/ERR357/009/ERR3574169/ERR3574169_2.fastq.gz,ftp.sra.ebi.ac.uk/vol1/run/ERR357/ERR3574169/WTCHG_554366_208190.bam,,WTCHG_554366_208190,WIT-EFF-AUT
ERR3574170,ERZ2271167,SAMEA5989477,PRJEB45055,SEQUENCE_ASSEMBLY,749907,sediment metagenome,ftp.sra.ebi.ac.uk/vol1/ERZ227/ERZ2271167/ERR3574170.fasta.gz,PRJEB34634,ERX3572408,ftp.sra.ebi.ac.uk/vol1/fastq/ERR357/000/ERR3574170/ERR3574170_1.fastq.gz;ftp.sra.ebi.ac.uk/vol1/fastq/ERR357/000/ERR3574170/ERR3574170_2.fastq.gz,ftp.sra.ebi.ac.uk/vol1/run/ERR357/ERR3574170/WTCHG_555221_208190.bam,,WTCHG_555221_208190,WIT-EFF-AUT
ERR3574171,ERZ2271983,SAMEA5989477,PRJEB45055,SEQUENCE_ASSEMBLY,749907,sediment metagenome,ftp.sra.ebi.ac.uk/vol1/ERZ227/ERZ2271983/ERR3574171.fasta.gz,PRJEB34634,ERX3572409,ftp.sra.ebi.ac.uk/vol1/fastq/ERR357/001/ERR3574171/ERR3574171_1.fastq.gz;ftp.sra.ebi.ac.uk/vol1/fastq/ERR357/001/ERR3574171/ERR3574171_2.fastq.gz,ftp.sra.ebi.ac.uk/vol1/run/ERR357/ERR3574171/WTCHG_555215_208190.bam,,WTCHG_555215_208190,WIT-EFF-AUT
ERR3574172,ERZ2272726,SAMEA5989477,PRJEB45055,SEQUENCE_ASSEMBLY,749907,sediment metagenome,ftp.sra.ebi.ac.uk/vol1/ERZ227/ERZ2272726/ERR3574172.fasta.gz,PRJEB34634,ERX3572410,ftp.sra.ebi.ac.uk/vol1/fastq/ERR357/002/ERR3574172/ERR3574172_1.fastq.gz;ftp.sra.ebi.ac.uk/vol1/fastq/ERR357/002/ERR3574172/ERR3574172_2.fastq.gz,ftp.sra.ebi.ac.uk/vol1/run/ERR357/ERR3574172/WTCHG_555216_208190.bam,,WTCHG_555216_208190,WIT-EFF-AUT
ERR3574173,ERZ2272111,SAMEA5989477,PRJEB45055,SEQUENCE_ASSEMBLY,749907,sediment metagenome,ftp.sra.ebi.ac.uk/vol1/ERZ227/ERZ2272111/ERR3574173.fasta.gz,PRJEB34634,ERX3572411,ftp.sra.ebi.ac.uk/vol1/fastq/ERR357/003/ERR3574173/ERR3574173_1.fastq.gz;ftp.sra.ebi.ac.uk/vol1/fastq/ERR357/003/ERR3574173/ERR3574173_2.fastq.gz,ftp.sra.ebi.ac.uk/vol1/run/ERR357/ERR3574173/WTCHG_555217_208190.bam,,WTCHG_555217_208190,WIT-EFF-AUT
ERR3574174,ERZ2227100,SAMEA5989477,PRJEB45055,SEQUENCE_ASSEMBLY,749907,sediment metagenome,ftp.sra.ebi.ac.uk/vol1/ERZ222/ERZ2227100/ERR3574174.fasta.gz,PRJEB34634,ERX3572412,ftp.sra.ebi.ac.uk/vol1/fastq/ERR357/004/ERR3574174/ERR3574174_1.fastq.gz;ftp.sra.ebi.ac.uk/vol1/fastq/ERR357/004/ERR3574174/ERR3574174_2.fastq.gz,ftp.sra.ebi.ac.uk/vol1/run/ERR357/ERR3574174/WTCHG_555220_208190.bam,,WTCHG_555220_208190,WIT-EFF-AUT
ERR3574175,ERZ2272819,SAMEA5989477,PRJEB45055,SEQUENCE_ASSEMBLY,749907,sediment metagenome,ftp.sra.ebi.ac.uk/vol1/ERZ227/ERZ2272819/ERR3574175.fasta.gz,PRJEB34634,ERX3572413,ftp.sra.ebi.ac.uk/vol1/fastq/ERR357/005/ERR3574175/ERR3574175_1.fastq.gz;ftp.sra.ebi.ac.uk/vol1/fastq/ERR357/005/ERR3574175/ERR3574175_2.fastq.gz,ftp.sra.ebi.ac.uk/vol1/run/ERR357/ERR3574175/WTCHG_555218_208190.bam,,WTCHG_555218_208190,WIT-EFF-AUT
ERR3574176,ERZ2272443,SAMEA5989477,PRJEB45055,SEQUENCE_ASSEMBLY,749907,sediment metagenome,ftp.sra.ebi.ac.uk/vol1/ERZ227/ERZ2272443/ERR3574176.fasta.gz,PRJEB34634,ERX3572414,ftp.sra.ebi.ac.uk/vol1/fastq/ERR357/006/ERR3574176/ERR3574176_1.fastq.gz;ftp.sra.ebi.ac.uk/vol1/fastq/ERR357/006/ERR3574176/ERR3574176_2.fastq.gz,ftp.sra.ebi.ac.uk/vol1/run/ERR357/ERR3574176/WTCHG_555214_208190.bam,,WTCHG_555214_208190,WIT-EFF-AUT
ERR3574177,ERZ2227285,SAMEA5989477,PRJEB45055,SEQUENCE_ASSEMBLY,749907,sediment metagenome,ftp.sra.ebi.ac.uk/vol1/ERZ222/ERZ2227285/ERR3574177.fasta.gz,PRJEB34634,ERX3572415,ftp.sra.ebi.ac.uk/vol1/fastq/ERR357/007/ERR3574177/ERR3574177_1.fastq.gz;ftp.sra.ebi.ac.uk/vol1/fastq/ERR357/007/ERR3574177/ERR3574177_2.fastq.gz,ftp.sra.ebi.ac.uk/vol1/run/ERR357/ERR3574177/WTCHG_555219_208190.bam,,WTCHG_555219_208190,WIT-EFF-AUT
ERR3574178,ERZ2226958,SAMEA5989477,PRJEB45055,SEQUENCE_ASSEMBLY,749907,sediment metagenome,ftp.sra.ebi.ac.uk/vol1/ERZ222/ERZ2226958/ERR3574178.fasta.gz,PRJEB34634,ERX3572416,ftp.sra.ebi.ac.uk/vol1/fastq/ERR357/008/ERR3574178/ERR3574178_1.fastq.gz;ftp.sra.ebi.ac.uk/vol1/fastq/ERR357/008/ERR3574178/ERR3574178_2.fastq.gz,ftp.sra.ebi.ac.uk/vol1/run/ERR357/ERR3574178/WTCHG_559243_208190.bam,,WTCHG_559243_208190,WIT-EFF-AUT
ERR3574179,ERZ2270261,SAMEA5989477,PRJEB45055,SEQUENCE_ASSEMBLY,749907,sediment metagenome,ftp.sra.ebi.ac.uk/vol1/ERZ227/ERZ2270261/ERR3574179.fasta.gz,PRJEB34634,ERX3572417,ftp.sra.ebi.ac.uk/vol1/fastq/ERR357/009/ERR3574179/ERR3574179_1.fastq.gz;ftp.sra.ebi.ac.uk/vol1/fastq/ERR357/009/ERR3574179/ERR3574179_2.fastq.gz,ftp.sra.ebi.ac.uk/vol1/run/ERR357/ERR3574179/WTCHG_559240_208190.bam,,WTCHG_559240_208190,WIT-EFF-AUT
ERR3574180,ERZ2271875,SAMEA5989477,PRJEB45055,SEQUENCE_ASSEMBLY,749907,sediment metagenome,ftp.sra.ebi.ac.uk/vol1/ERZ227/ERZ2271875/ERR3574180.fasta.gz,PRJEB34634,ERX3572418,ftp.sra.ebi.ac.uk/vol1/fastq/ERR357/000/ERR3574180/ERR3574180_1.fastq.gz;ftp.sra.ebi.ac.uk/vol1/fastq/ERR357/000/ERR3574180/ERR3574180_2.fastq.gz,ftp.sra.ebi.ac.uk/vol1/run/ERR357/ERR3574180/WTCHG_559242_208190.bam,,WTCHG_559242_208190,WIT-EFF-AUT
ERR3574181,ERZ2271133,SAMEA5989477,PRJEB45055,SEQUENCE_ASSEMBLY,749907,sediment metagenome,ftp.sra.ebi.ac.uk/vol1/ERZ227/ERZ2271133/ERR3574181.fasta.gz,PRJEB34634,ERX3572419,ftp.sra.ebi.ac.uk/vol1/fastq/ERR357/001/ERR3574181/ERR3574181_1.fastq.gz;ftp.sra.ebi.ac.uk/vol1/fastq/ERR357/001/ERR3574181/ERR3574181_2.fastq.gz,ftp.sra.ebi.ac.uk/vol1/run/ERR357/ERR3574181/WTCHG_559244_208190.bam,,WTCHG_559244_208190,WIT-EFF-AUT
ERR3574182,ERZ2271246,SAMEA5989477,PRJEB45055,SEQUENCE_ASSEMBLY,749907,sediment metagenome,ftp.sra.ebi.ac.uk/vol1/ERZ227/ERZ2271246/ERR3574182.fasta.gz,PRJEB34634,ERX3572420,ftp.sra.ebi.ac.uk/vol1/fastq/ERR357/002/ERR3574182/ERR3574182_1.fastq.gz;ftp.sra.ebi.ac.uk/vol1/fastq/ERR357/002/ERR3574182/ERR3574182_2.fastq.gz,ftp.sra.ebi.ac.uk/vol1/run/ERR357/ERR3574182/WTCHG_559241_208190.bam,,WTCHG_559241_208190,WIT-EFF-AUT
ERR3574183,ERZ2271464,SAMEA5989477,PRJEB45055,SEQUENCE_ASSEMBLY,749907,sediment metagenome,ftp.sra.ebi.ac.uk/vol1/ERZ227/ERZ2271464/ERR3574183.fasta.gz,PRJEB34634,ERX3572421,ftp.sra.ebi.ac.uk/vol1/fastq/ERR357/003/ERR3574183/ERR3574183_1.fastq.gz;ftp.sra.ebi.ac.uk/vol1/fastq/ERR357/003/ERR3574183/ERR3574183_2.fastq.gz,ftp.sra.ebi.ac.uk/vol1/run/ERR357/ERR3574183/WTCHG_455360_256112.bam,,WTCHG_455360_256112,WIT-EFF-SUM
ERR3574184,ERZ2272734,SAMEA5989477,PRJEB45055,SEQUENCE_ASSEMBLY,749907,sediment metagenome,ftp.sra.ebi.ac.uk/vol1/ERZ227/ERZ2272734/ERR3574184.fasta.gz,PRJEB34634,ERX3572422,ftp.sra.ebi.ac.uk/vol1/fastq/ERR357/004/ERR3574184/ERR3574184_1.fastq.gz;ftp.sra.ebi.ac.uk/vol1/fastq/ERR357/004/ERR3574184/ERR3574184_2.fastq.gz,ftp.sra.ebi.ac.uk/vol1/run/ERR357/ERR3574184/WTCHG_456624_256112.bam,,WTCHG_456624_256112,WIT-EFF-SUM
ERR3574185,ERZ2271726,SAMEA5989477,PRJEB45055,SEQUENCE_ASSEMBLY,749907,sediment metagenome,ftp.sra.ebi.ac.uk/vol1/ERZ227/ERZ2271726/ERR3574185.fasta.gz,PRJEB34634,ERX3572423,ftp.sra.ebi.ac.uk/vol1/fastq/ERR357/005/ERR3574185/ERR3574185_1.fastq.gz;ftp.sra.ebi.ac.uk/vol1/fastq/ERR357/005/ERR3574185/ERR3574185_2.fastq.gz,ftp.sra.ebi.ac.uk/vol1/run/ERR357/ERR3574185/WTCHG_457295_256112.bam,,WTCHG_457295_256112,WIT-EFF-SUM
ERR3574186,ERZ2270386,SAMEA5989477,PRJEB45055,SEQUENCE_ASSEMBLY,749907,sediment metagenome,ftp.sra.ebi.ac.uk/vol1/ERZ227/ERZ2270386/ERR3574186.fasta.gz,PRJEB34634,ERX3572424,ftp.sra.ebi.ac.uk/vol1/fastq/ERR357/006/ERR3574186/ERR3574186_1.fastq.gz;ftp.sra.ebi.ac.uk/vol1/fastq/ERR357/006/ERR3574186/ERR3574186_2.fastq.gz,ftp.sra.ebi.ac.uk/vol1/run/ERR357/ERR3574186/WTCHG_457296_256112.bam,,WTCHG_457296_256112,WIT-EFF-SUM
ERR3574187,ERZ2270793,SAMEA5989477,PRJEB45055,SEQUENCE_ASSEMBLY,749907,sediment metagenome,ftp.sra.ebi.ac.uk/vol1/ERZ227/ERZ2270793/ERR3574187.fasta.gz,PRJEB34634,ERX3572425,ftp.sra.ebi.ac.uk/vol1/fastq/ERR357/007/ERR3574187/ERR3574187_1.fastq.gz;ftp.sra.ebi.ac.uk/vol1/fastq/ERR357/007/ERR3574187/ERR3574187_2.fastq.gz,ftp.sra.ebi.ac.uk/vol1/run/ERR357/ERR3574187/WTCHG_457297_256112.bam,,WTCHG_457297_256112,WIT-EFF-SUM
ERR3574188,ERZ2272596,SAMEA5989477,PRJEB45055,SEQUENCE_ASSEMBLY,749907,sediment metagenome,ftp.sra.ebi.ac.uk/vol1/ERZ227/ERZ2272596/ERR3574188.fasta.gz,PRJEB34634,ERX3572426,ftp.sra.ebi.ac.uk/vol1/fastq/ERR357/008/ERR3574188/ERR3574188_1.fastq.gz;ftp.sra.ebi.ac.uk/vol1/fastq/ERR357/008/ERR3574188/ERR3574188_2.fastq.gz,ftp.sra.ebi.ac.uk/vol1/run/ERR357/ERR3574188/WTCHG_457298_256112.bam,,WTCHG_457298_256112,WIT-EFF-SUM
ERR3574189,ERZ2271340,SAMEA5989477,PRJEB45055,SEQUENCE_ASSEMBLY,749907,sediment metagenome,ftp.sra.ebi.ac.uk/vol1/ERZ227/ERZ2271340/ERR3574189.fasta.gz,PRJEB34634,ERX3572427,ftp.sra.ebi.ac.uk/vol1/fastq/ERR357/009/ERR3574189/ERR3574189_1.fastq.gz;ftp.sra.ebi.ac.uk/vol1/fastq/ERR357/009/ERR3574189/ERR3574189_2.fastq.gz,ftp.sra.ebi.ac.uk/vol1/run/ERR357/ERR3574189/WTCHG_457710_256112.bam,,WTCHG_457710_256112,WIT-EFF-SUM
ERR3574190,ERZ2272263,SAMEA5989477,PRJEB45055,SEQUENCE_ASSEMBLY,749907,sediment metagenome,ftp.sra.ebi.ac.uk/vol1/ERZ227/ERZ2272263/ERR3574190.fasta.gz,PRJEB34634,ERX3572428,ftp.sra.ebi.ac.uk/vol1/fastq/ERR357/000/ERR3574190/ERR3574190_1.fastq.gz;ftp.sra.ebi.ac.uk/vol1/fastq/ERR357/000/ERR3574190/ERR3574190_2.fastq.gz,ftp.sra.ebi.ac.uk/vol1/run/ERR357/ERR3574190/WTCHG_457711_256112.bam,,WTCHG_457711_256112,WIT-EFF-SUM
ERR3574191,ERZ2227954,SAMEA5989477,PRJEB45055,SEQUENCE_ASSEMBLY,749907,sediment metagenome,ftp.sra.ebi.ac.uk/vol1/ERZ222/ERZ2227954/ERR3574191.fasta.gz,PRJEB34634,ERX3572429,ftp.sra.ebi.ac.uk/vol1/fastq/ERR357/001/ERR3574191/ERR3574191_1.fastq.gz;ftp.sra.ebi.ac.uk/vol1/fastq/ERR357/001/ERR3574191/ERR3574191_2.fastq.gz,ftp.sra.ebi.ac.uk/vol1/run/ERR357/ERR3574191/WTCHG_457712_256112.bam,,WTCHG_457712_256112,WIT-EFF-SUM
ERR3574192,ERZ2271710,SAMEA5989477,PRJEB45055,SEQUENCE_ASSEMBLY,749907,sediment metagenome,ftp.sra.ebi.ac.uk/vol1/ERZ227/ERZ2271710/ERR3574192.fasta.gz,PRJEB34634,ERX3572430,ftp.sra.ebi.ac.uk/vol1/fastq/ERR357/002/ERR3574192/ERR3574192_1.fastq.gz;ftp.sra.ebi.ac.uk/vol1/fastq/ERR357/002/ERR3574192/ERR3574192_2.fastq.gz,ftp.sra.ebi.ac.uk/vol1/run/ERR357/ERR3574192/WTCHG_457713_256112.bam,,WTCHG_457713_256112,WIT-EFF-SUM
ERR3574193,ERZ2272274,SAMEA5989477,PRJEB45055,SEQUENCE_ASSEMBLY,749907,sediment metagenome,ftp.sra.ebi.ac.uk/vol1/ERZ227/ERZ2272274/ERR3574193.fasta.gz,PRJEB34634,ERX3572431,ftp.sra.ebi.ac.uk/vol1/fastq/ERR357/003/ERR3574193/ERR3574193_1.fastq.gz;ftp.sra.ebi.ac.uk/vol1/fastq/ERR357/003/ERR3574193/ERR3574193_2.fastq.gz,ftp.sra.ebi.ac.uk/vol1/run/ERR357/ERR3574193/WTCHG_457714_256112.bam,,WTCHG_457714_256112,WIT-EFF-SUM
ERR3574194,ERZ2271310,SAMEA5989477,PRJEB45055,SEQUENCE_ASSEMBLY,749907,sediment metagenome,ftp.sra.ebi.ac.uk/vol1/ERZ227/ERZ2271310/ERR3574194.fasta.gz,PRJEB34634,ERX3572432,ftp.sra.ebi.ac.uk/vol1/fastq/ERR357/004/ERR3574194/ERR3574194_1.fastq.gz;ftp.sra.ebi.ac.uk/vol1/fastq/ERR357/004/ERR3574194/ERR3574194_2.fastq.gz,ftp.sra.ebi.ac.uk/vol1/run/ERR357/ERR3574194/WTCHG_461227_256112.bam,,WTCHG_461227_256112,WIT-EFF-SUM
ERR3574195,ERZ2272344,SAMEA5989477,PRJEB45055,SEQUENCE_ASSEMBLY,749907,sediment metagenome,ftp.sra.ebi.ac.uk/vol1/ERZ227/ERZ2272344/ERR3574195.fasta.gz,PRJEB34634,ERX3572433,ftp.sra.ebi.ac.uk/vol1/fastq/ERR357/005/ERR3574195/ERR3574195_1.fastq.gz;ftp.sra.ebi.ac.uk/vol1/fastq/ERR357/005/ERR3574195/ERR3574195_2.fastq.gz,ftp.sra.ebi.ac.uk/vol1/run/ERR357/ERR3574195/WTCHG_461228_256112.bam,,WTCHG_461228_256112,WIT-EFF-SUM
ERR3574196,ERZ2271547,SAMEA5989477,PRJEB45055,SEQUENCE_ASSEMBLY,749907,sediment metagenome,ftp.sra.ebi.ac.uk/vol1/ERZ227/ERZ2271547/ERR3574196.fasta.gz,PRJEB34634,ERX3572434,ftp.sra.ebi.ac.uk/vol1/fastq/ERR357/006/ERR3574196/ERR3574196_1.fastq.gz;ftp.sra.ebi.ac.uk/vol1/fastq/ERR357/006/ERR3574196/ERR3574196_2.fastq.gz,ftp.sra.ebi.ac.uk/vol1/run/ERR357/ERR3574196/WTCHG_455360_251172.bam,,WTCHG_455360_251172,WIT-EFF-WIN
ERR3574197,ERZ2270629,SAMEA5989477,PRJEB45055,SEQUENCE_ASSEMBLY,749907,sediment metagenome,ftp.sra.ebi.ac.uk/vol1/ERZ227/ERZ2270629/ERR3574197.fasta.gz,PRJEB34634,ERX3572435,ftp.sra.ebi.ac.uk/vol1/fastq/ERR357/007/ERR3574197/ERR3574197_1.fastq.gz;ftp.sra.ebi.ac.uk/vol1/fastq/ERR357/007/ERR3574197/ERR3574197_2.fastq.gz,ftp.sra.ebi.ac.uk/vol1/run/ERR357/ERR3574197/WTCHG_456624_251172.bam,,WTCHG_456624_251172,WIT-EFF-WIN
ERR3574198,ERZ2271846,SAMEA5989477,PRJEB45055,SEQUENCE_ASSEMBLY,749907,sediment metagenome,ftp.sra.ebi.ac.uk/vol1/ERZ227/ERZ2271846/ERR3574198.fasta.gz,PRJEB34634,ERX3572436,ftp.sra.ebi.ac.uk/vol1/fastq/ERR357/008/ERR3574198/ERR3574198_1.fastq.gz;ftp.sra.ebi.ac.uk/vol1/fastq/ERR357/008/ERR3574198/ERR3574198_2.fastq.gz,ftp.sra.ebi.ac.uk/vol1/run/ERR357/ERR3574198/WTCHG_457295_251172.bam,,WTCHG_457295_251172,WIT-EFF-WIN
ERR3574199,ERZ2272034,SAMEA5989477,PRJEB45055,SEQUENCE_ASSEMBLY,749907,sediment metagenome,ftp.sra.ebi.ac.uk/vol1/ERZ227/ERZ2272034/ERR3574199.fasta.gz,PRJEB34634,ERX3572437,ftp.sra.ebi.ac.uk/vol1/fastq/ERR357/009/ERR3574199/ERR3574199_1.fastq.gz;ftp.sra.ebi.ac.uk/vol1/fastq/ERR357/009/ERR3574199/ERR3574199_2.fastq.gz,ftp.sra.ebi.ac.uk/vol1/run/ERR357/ERR3574199/WTCHG_457296_251172.bam,,WTCHG_457296_251172,WIT-EFF-WIN
ERR3574200,ERZ2270693,SAMEA5989477,PRJEB45055,SEQUENCE_ASSEMBLY,749907,sediment metagenome,ftp.sra.ebi.ac.uk/vol1/ERZ227/ERZ2270693/ERR3574200.fasta.gz,PRJEB34634,ERX3572438,ftp.sra.ebi.ac.uk/vol1/fastq/ERR357/000/ERR3574200/ERR3574200_1.fastq.gz;ftp.sra.ebi.ac.uk/vol1/fastq/ERR357/000/ERR3574200/ERR3574200_2.fastq.gz,ftp.sra.ebi.ac.uk/vol1/run/ERR357/ERR3574200/WTCHG_457297_251172.bam,,WTCHG_457297_251172,WIT-EFF-WIN
ERR3574201,ERZ10760107,SAMEA5989477,PRJEB45055,SEQUENCE_ASSEMBLY,749907,sediment metagenome,ftp.sra.ebi.ac.uk/vol1/ERZ107/ERZ10760107/ERR3574201.fasta.gz,PRJEB34634,ERX3572439,ftp.sra.ebi.ac.uk/vol1/fastq/ERR357/001/ERR3574201/ERR3574201_1.fastq.gz;ftp.sra.ebi.ac.uk/vol1/fastq/ERR357/001/ERR3574201/ERR3574201_2.fastq.gz,ftp.sra.ebi.ac.uk/vol1/run/ERR357/ERR3574201/WTCHG_457298_251172.bam,,WTCHG_457298_251172,WIT-EFF-WIN
ERR3574202,ERZ2272313,SAMEA5989477,PRJEB45055,SEQUENCE_ASSEMBLY,749907,sediment metagenome,ftp.sra.ebi.ac.uk/vol1/ERZ227/ERZ2272313/ERR3574202.fasta.gz,PRJEB34634,ERX3572440,ftp.sra.ebi.ac.uk/vol1/fastq/ERR357/002/ERR3574202/ERR3574202_1.fastq.gz;ftp.sra.ebi.ac.uk/vol1/fastq/ERR357/002/ERR3574202/ERR3574202_2.fastq.gz,ftp.sra.ebi.ac.uk/vol1/run/ERR357/ERR3574202/WTCHG_457710_251172.bam,,WTCHG_457710_251172,WIT-EFF-WIN
ERR3574203,ERZ10760108,SAMEA5989477,PRJEB45055,SEQUENCE_ASSEMBLY,749907,sediment metagenome,ftp.sra.ebi.ac.uk/vol1/ERZ107/ERZ10760108/ERR3574203.fasta.gz,PRJEB34634,ERX3572441,ftp.sra.ebi.ac.uk/vol1/fastq/ERR357/003/ERR3574203/ERR3574203_1.fastq.gz;ftp.sra.ebi.ac.uk/vol1/fastq/ERR357/003/ERR3574203/ERR3574203_2.fastq.gz,ftp.sra.ebi.ac.uk/vol1/run/ERR357/ERR3574203/WTCHG_457711_251172.bam,,WTCHG_457711_251172,WIT-EFF-WIN
ERR3574204,ERZ2271563,SAMEA5989477,PRJEB45055,SEQUENCE_ASSEMBLY,749907,sediment metagenome,ftp.sra.ebi.ac.uk/vol1/ERZ227/ERZ2271563/ERR3574204.fasta.gz,PRJEB34634,ERX3572442,ftp.sra.ebi.ac.uk/vol1/fastq/ERR357/004/ERR3574204/ERR3574204_1.fastq.gz;ftp.sra.ebi.ac.uk/vol1/fastq/ERR357/004/ERR3574204/ERR3574204_2.fastq.gz,ftp.sra.ebi.ac.uk/vol1/run/ERR357/ERR3574204/WTCHG_457712_251172.bam,,WTCHG_457712_251172,WIT-EFF-WIN
ERR3574205,ERZ2272359,SAMEA5989477,PRJEB45055,SEQUENCE_ASSEMBLY,749907,sediment metagenome,ftp.sra.ebi.ac.uk/vol1/ERZ227/ERZ2272359/ERR3574205.fasta.gz,PRJEB34634,ERX3572443,ftp.sra.ebi.ac.uk/vol1/fastq/ERR357/005/ERR3574205/ERR3574205_1.fastq.gz;ftp.sra.ebi.ac.uk/vol1/fastq/ERR357/005/ERR3574205/ERR3574205_2.fastq.gz,ftp.sra.ebi.ac.uk/vol1/run/ERR357/ERR3574205/WTCHG_457713_251172.bam,,WTCHG_457713_251172,WIT-EFF-WIN
ERR3574206,ERZ2272097,SAMEA5989477,PRJEB45055,SEQUENCE_ASSEMBLY,749907,sediment metagenome,ftp.sra.ebi.ac.uk/vol1/ERZ227/ERZ2272097/ERR3574206.fasta.gz,PRJEB34634,ERX3572444,ftp.sra.ebi.ac.uk/vol1/fastq/ERR357/006/ERR3574206/ERR3574206_1.fastq.gz;ftp.sra.ebi.ac.uk/vol1/fastq/ERR357/006/ERR3574206/ERR3574206_2.fastq.gz,ftp.sra.ebi.ac.uk/vol1/run/ERR357/ERR3574206/WTCHG_457714_251172.bam,,WTCHG_457714_251172,WIT-EFF-WIN
ERR3574207,ERZ2272611,SAMEA5989477,PRJEB45055,SEQUENCE_ASSEMBLY,749907,sediment metagenome,ftp.sra.ebi.ac.uk/vol1/ERZ227/ERZ2272611/ERR3574207.fasta.gz,PRJEB34634,ERX3572445,ftp.sra.ebi.ac.uk/vol1/fastq/ERR357/007/ERR3574207/ERR3574207_1.fastq.gz;ftp.sra.ebi.ac.uk/vol1/fastq/ERR357/007/ERR3574207/ERR3574207_2.fastq.gz,ftp.sra.ebi.ac.uk/vol1/run/ERR357/ERR3574207/WTCHG_461227_251172.bam,,WTCHG_461227_251172,WIT-EFF-WIN
ERR3574208,ERZ2226705,SAMEA5989477,PRJEB45055,SEQUENCE_ASSEMBLY,749907,sediment metagenome,ftp.sra.ebi.ac.uk/vol1/ERZ222/ERZ2226705/ERR3574208.fasta.gz,PRJEB34634,ERX3572446,ftp.sra.ebi.ac.uk/vol1/fastq/ERR357/008/ERR3574208/ERR3574208_1.fastq.gz;ftp.sra.ebi.ac.uk/vol1/fastq/ERR357/008/ERR3574208/ERR3574208_2.fastq.gz,ftp.sra.ebi.ac.uk/vol1/run/ERR357/ERR3574208/WTCHG_461228_251172.bam,,WTCHG_461228_251172,WIT-EFF-WIN
ERR3574209,ERZ2227114,SAMEA5989477,PRJEB45055,SEQUENCE_ASSEMBLY,749907,sediment metagenome,ftp.sra.ebi.ac.uk/vol1/ERZ222/ERZ2227114/ERR3574209.fasta.gz,PRJEB34634,ERX3572447,ftp.sra.ebi.ac.uk/vol1/fastq/ERR357/009/ERR3574209/ERR3574209_1.fastq.gz;ftp.sra.ebi.ac.uk/vol1/fastq/ERR357/009/ERR3574209/ERR3574209_2.fastq.gz,ftp.sra.ebi.ac.uk/vol1/run/ERR357/ERR3574209/WTCHG_550636_209107.bam,,WTCHG_550636_209107,WIT-INF-AUT
ERR3574210,ERZ2271178,SAMEA5989477,PRJEB45055,SEQUENCE_ASSEMBLY,749907,sediment metagenome,ftp.sra.ebi.ac.uk/vol1/ERZ227/ERZ2271178/ERR3574210.fasta.gz,PRJEB34634,ERX3572448,ftp.sra.ebi.ac.uk/vol1/fastq/ERR357/000/ERR3574210/ERR3574210_1.fastq.gz;ftp.sra.ebi.ac.uk/vol1/fastq/ERR357/000/ERR3574210/ERR3574210_2.fastq.gz,ftp.sra.ebi.ac.uk/vol1/run/ERR357/ERR3574210/WTCHG_551514_209107.bam,,WTCHG_551514_209107,WIT-INF-AUT
ERR3574211,ERZ2271606,SAMEA5989477,PRJEB45055,SEQUENCE_ASSEMBLY,749907,sediment metagenome,ftp.sra.ebi.ac.uk/vol1/ERZ227/ERZ2271606/ERR3574211.fasta.gz,PRJEB34634,ERX3572449,ftp.sra.ebi.ac.uk/vol1/fastq/ERR357/001/ERR3574211/ERR3574211_1.fastq.gz;ftp.sra.ebi.ac.uk/vol1/fastq/ERR357/001/ERR3574211/ERR3574211_2.fastq.gz,ftp.sra.ebi.ac.uk/vol1/run/ERR357/ERR3574211/WTCHG_551515_209107.bam,,WTCHG_551515_209107,WIT-INF-AUT
ERR3574212,ERZ2271639,SAMEA5989477,PRJEB45055,SEQUENCE_ASSEMBLY,749907,sediment metagenome,ftp.sra.ebi.ac.uk/vol1/ERZ227/ERZ2271639/ERR3574212.fasta.gz,PRJEB34634,ERX3572450,ftp.sra.ebi.ac.uk/vol1/fastq/ERR357/002/ERR3574212/ERR3574212_1.fastq.gz;ftp.sra.ebi.ac.uk/vol1/fastq/ERR357/002/ERR3574212/ERR3574212_2.fastq.gz,ftp.sra.ebi.ac.uk/vol1/run/ERR357/ERR3574212/WTCHG_554366_209107.bam,,WTCHG_554366_209107,WIT-INF-AUT
ERR3574213,ERZ2272322,SAMEA5989477,PRJEB45055,SEQUENCE_ASSEMBLY,749907,sediment metagenome,ftp.sra.ebi.ac.uk/vol1/ERZ227/ERZ2272322/ERR3574213.fasta.gz,PRJEB34634,ERX3572451,ftp.sra.ebi.ac.uk/vol1/fastq/ERR357/003/ERR3574213/ERR3574213_1.fastq.gz;ftp.sra.ebi.ac.uk/vol1/fastq/ERR357/003/ERR3574213/ERR3574213_2.fastq.gz,ftp.sra.ebi.ac.uk/vol1/run/ERR357/ERR3574213/WTCHG_554367_209107.bam,,WTCHG_554367_209107,WIT-INF-AUT
ERR3574214,ERZ2271633,SAMEA5989477,PRJEB45055,SEQUENCE_ASSEMBLY,749907,sediment metagenome,ftp.sra.ebi.ac.uk/vol1/ERZ227/ERZ2271633/ERR3574214.fasta.gz,PRJEB34634,ERX3572452,ftp.sra.ebi.ac.uk/vol1/fastq/ERR357/004/ERR3574214/ERR3574214_1.fastq.gz;ftp.sra.ebi.ac.uk/vol1/fastq/ERR357/004/ERR3574214/ERR3574214_2.fastq.gz,ftp.sra.ebi.ac.uk/vol1/run/ERR357/ERR3574214/WTCHG_555219_209107.bam,,WTCHG_555219_209107,WIT-INF-AUT
ERR3574215,ERZ2270952,SAMEA5989477,PRJEB45055,SEQUENCE_ASSEMBLY,749907,sediment metagenome,ftp.sra.ebi.ac.uk/vol1/ERZ227/ERZ2270952/ERR3574215.fasta.gz,PRJEB34634,ERX3572453,ftp.sra.ebi.ac.uk/vol1/fastq/ERR357/005/ERR3574215/ERR3574215_1.fastq.gz;ftp.sra.ebi.ac.uk/vol1/fastq/ERR357/005/ERR3574215/ERR3574215_2.fastq.gz,ftp.sra.ebi.ac.uk/vol1/run/ERR357/ERR3574215/WTCHG_555218_209107.bam,,WTCHG_555218_209107,WIT-INF-AUT
ERR3574216,ERZ2227106,SAMEA5989477,PRJEB45055,SEQUENCE_ASSEMBLY,749907,sediment metagenome,ftp.sra.ebi.ac.uk/vol1/ERZ222/ERZ2227106/ERR3574216.fasta.gz,PRJEB34634,ERX3572454,ftp.sra.ebi.ac.uk/vol1/fastq/ERR357/006/ERR3574216/ERR3574216_1.fastq.gz;ftp.sra.ebi.ac.uk/vol1/fastq/ERR357/006/ERR3574216/ERR3574216_2.fastq.gz,ftp.sra.ebi.ac.uk/vol1/run/ERR357/ERR3574216/WTCHG_555216_209107.bam,,WTCHG_555216_209107,WIT-INF-AUT
ERR3574217,ERZ2272204,SAMEA5989477,PRJEB45055,SEQUENCE_ASSEMBLY,749907,sediment metagenome,ftp.sra.ebi.ac.uk/vol1/ERZ227/ERZ2272204/ERR3574217.fasta.gz,PRJEB34634,ERX3572455,ftp.sra.ebi.ac.uk/vol1/fastq/ERR357/007/ERR3574217/ERR3574217_1.fastq.gz;ftp.sra.ebi.ac.uk/vol1/fastq/ERR357/007/ERR3574217/ERR3574217_2.fastq.gz,ftp.sra.ebi.ac.uk/vol1/run/ERR357/ERR3574217/WTCHG_555214_209107.bam,,WTCHG_555214_209107,WIT-INF-AUT
ERR3574218,ERZ2227332,SAMEA5989477,PRJEB45055,SEQUENCE_ASSEMBLY,749907,sediment metagenome,ftp.sra.ebi.ac.uk/vol1/ERZ222/ERZ2227332/ERR3574218.fasta.gz,PRJEB34634,ERX3572456,ftp.sra.ebi.ac.uk/vol1/fastq/ERR357/008/ERR3574218/ERR3574218_1.fastq.gz;ftp.sra.ebi.ac.uk/vol1/fastq/ERR357/008/ERR3574218/ERR3574218_2.fastq.gz,ftp.sra.ebi.ac.uk/vol1/run/ERR357/ERR3574218/WTCHG_555215_209107.bam,,WTCHG_555215_209107,WIT-INF-AUT
ERR3574219,ERZ2271764,SAMEA5989477,PRJEB45055,SEQUENCE_ASSEMBLY,749907,sediment metagenome,ftp.sra.ebi.ac.uk/vol1/ERZ227/ERZ2271764/ERR3574219.fasta.gz,PRJEB34634,ERX3572457,ftp.sra.ebi.ac.uk/vol1/fastq/ERR357/009/ERR3574219/ERR3574219_1.fastq.gz;ftp.sra.ebi.ac.uk/vol1/fastq/ERR357/009/ERR3574219/ERR3574219_2.fastq.gz,ftp.sra.ebi.ac.uk/vol1/run/ERR357/ERR3574219/WTCHG_555220_209107.bam,,WTCHG_555220_209107,WIT-INF-AUT
ERR3574220,ERZ2268716,SAMEA5989477,PRJEB45055,SEQUENCE_ASSEMBLY,749907,sediment metagenome,ftp.sra.ebi.ac.uk/vol1/ERZ226/ERZ2268716/ERR3574220.fasta.gz,PRJEB34634,ERX3572458,ftp.sra.ebi.ac.uk/vol1/fastq/ERR357/000/ERR3574220/ERR3574220_1.fastq.gz;ftp.sra.ebi.ac.uk/vol1/fastq/ERR357/000/ERR3574220/ERR3574220_2.fastq.gz,ftp.sra.ebi.ac.uk/vol1/run/ERR357/ERR3574220/WTCHG_555217_209107.bam,,WTCHG_555217_209107,WIT-INF-AUT
ERR3574221,ERZ2226720,SAMEA5989477,PRJEB45055,SEQUENCE_ASSEMBLY,749907,sediment metagenome,ftp.sra.ebi.ac.uk/vol1/ERZ222/ERZ2226720/ERR3574221.fasta.gz,PRJEB34634,ERX3572459,ftp.sra.ebi.ac.uk/vol1/fastq/ERR357/001/ERR3574221/ERR3574221_1.fastq.gz;ftp.sra.ebi.ac.uk/vol1/fastq/ERR357/001/ERR3574221/ERR3574221_2.fastq.gz,ftp.sra.ebi.ac.uk/vol1/run/ERR357/ERR3574221/WTCHG_555221_209107.bam,,WTCHG_555221_209107,WIT-INF-AUT
ERR3574222,ERZ2272705,SAMEA5989477,PRJEB45055,SEQUENCE_ASSEMBLY,749907,sediment metagenome,ftp.sra.ebi.ac.uk/vol1/ERZ227/ERZ2272705/ERR3574222.fasta.gz,PRJEB34634,ERX3572460,ftp.sra.ebi.ac.uk/vol1/fastq/ERR357/002/ERR3574222/ERR3574222_1.fastq.gz;ftp.sra.ebi.ac.uk/vol1/fastq/ERR357/002/ERR3574222/ERR3574222_2.fastq.gz,ftp.sra.ebi.ac.uk/vol1/run/ERR357/ERR3574222/WTCHG_559240_209107.bam,,WTCHG_559240_209107,WIT-INF-AUT
ERR3574223,ERZ2272337,SAMEA5989477,PRJEB45055,SEQUENCE_ASSEMBLY,749907,sediment metagenome,ftp.sra.ebi.ac.uk/vol1/ERZ227/ERZ2272337/ERR3574223.fasta.gz,PRJEB34634,ERX3572461,ftp.sra.ebi.ac.uk/vol1/fastq/ERR357/003/ERR3574223/ERR3574223_1.fastq.gz;ftp.sra.ebi.ac.uk/vol1/fastq/ERR357/003/ERR3574223/ERR3574223_2.fastq.gz,ftp.sra.ebi.ac.uk/vol1/run/ERR357/ERR3574223/WTCHG_559243_209107.bam,,WTCHG_559243_209107,WIT-INF-AUT
ERR3574224,ERZ2270382,SAMEA5989477,PRJEB45055,SEQUENCE_ASSEMBLY,749907,sediment metagenome,ftp.sra.ebi.ac.uk/vol1/ERZ227/ERZ2270382/ERR3574224.fasta.gz,PRJEB34634,ERX3572462,ftp.sra.ebi.ac.uk/vol1/fastq/ERR357/004/ERR3574224/ERR3574224_1.fastq.gz;ftp.sra.ebi.ac.uk/vol1/fastq/ERR357/004/ERR3574224/ERR3574224_2.fastq.gz,ftp.sra.ebi.ac.uk/vol1/run/ERR357/ERR3574224/WTCHG_559244_209107.bam,,WTCHG_559244_209107,WIT-INF-AUT
ERR3574225,ERZ2272541,SAMEA5989477,PRJEB45055,SEQUENCE_ASSEMBLY,749907,sediment metagenome,ftp.sra.ebi.ac.uk/vol1/ERZ227/ERZ2272541/ERR3574225.fasta.gz,PRJEB34634,ERX3572463,ftp.sra.ebi.ac.uk/vol1/fastq/ERR357/005/ERR3574225/ERR3574225_1.fastq.gz;ftp.sra.ebi.ac.uk/vol1/fastq/ERR357/005/ERR3574225/ERR3574225_2.fastq.gz,ftp.sra.ebi.ac.uk/vol1/run/ERR357/ERR3574225/WTCHG_559242_209107.bam,,WTCHG_559242_209107,WIT-INF-AUT
ERR3574226,ERZ2272499,SAMEA5989477,PRJEB45055,SEQUENCE_ASSEMBLY,749907,sediment metagenome,ftp.sra.ebi.ac.uk/vol1/ERZ227/ERZ2272499/ERR3574226.fasta.gz,PRJEB34634,ERX3572464,ftp.sra.ebi.ac.uk/vol1/fastq/ERR357/006/ERR3574226/ERR3574226_1.fastq.gz;ftp.sra.ebi.ac.uk/vol1/fastq/ERR357/006/ERR3574226/ERR3574226_2.fastq.gz,ftp.sra.ebi.ac.uk/vol1/run/ERR357/ERR3574226/WTCHG_559241_209107.bam,,WTCHG_559241_209107,WIT-INF-AUT
ERR3574227,ERZ2272311,SAMEA5989477,PRJEB45055,SEQUENCE_ASSEMBLY,749907,sediment metagenome,ftp.sra.ebi.ac.uk/vol1/ERZ227/ERZ2272311/ERR3574227.fasta.gz,PRJEB34634,ERX3572465,ftp.sra.ebi.ac.uk/vol1/fastq/ERR357/007/ERR3574227/ERR3574227_1.fastq.gz;ftp.sra.ebi.ac.uk/vol1/fastq/ERR357/007/ERR3574227/ERR3574227_2.fastq.gz,ftp.sra.ebi.ac.uk/vol1/run/ERR357/ERR3574227/WTCHG_455360_244148.bam,,WTCHG_455360_244148,WIT-INF-SUM
ERR3574228,ERZ2272563,SAMEA5989477,PRJEB45055,SEQUENCE_ASSEMBLY,749907,sediment metagenome,ftp.sra.ebi.ac.uk/vol1/ERZ227/ERZ2272563/ERR3574228.fasta.gz,PRJEB34634,ERX3572466,ftp.sra.ebi.ac.uk/vol1/fastq/ERR357/008/ERR3574228/ERR3574228_1.fastq.gz;ftp.sra.ebi.ac.uk/vol1/fastq/ERR357/008/ERR3574228/ERR3574228_2.fastq.gz,ftp.sra.ebi.ac.uk/vol1/run/ERR357/ERR3574228/WTCHG_456624_244148.bam,,WTCHG_456624_244148,WIT-INF-SUM
ERR3574229,ERZ2227749,SAMEA5989477,PRJEB45055,SEQUENCE_ASSEMBLY,749907,sediment metagenome,ftp.sra.ebi.ac.uk/vol1/ERZ222/ERZ2227749/ERR3574229.fasta.gz,PRJEB34634,ERX3572467,ftp.sra.ebi.ac.uk/vol1/fastq/ERR357/009/ERR3574229/ERR3574229_1.fastq.gz;ftp.sra.ebi.ac.uk/vol1/fastq/ERR357/009/ERR3574229/ERR3574229_2.fastq.gz,ftp.sra.ebi.ac.uk/vol1/run/ERR357/ERR3574229/WTCHG_457295_244148.bam,,WTCHG_457295_244148,WIT-INF-SUM
ERR3574230,ERZ2272484,SAMEA5989477,PRJEB45055,SEQUENCE_ASSEMBLY,749907,sediment metagenome,ftp.sra.ebi.ac.uk/vol1/ERZ227/ERZ2272484/ERR3574230.fasta.gz,PRJEB34634,ERX3572468,ftp.sra.ebi.ac.uk/vol1/fastq/ERR357/000/ERR3574230/ERR3574230_1.fastq.gz;ftp.sra.ebi.ac.uk/vol1/fastq/ERR357/000/ERR3574230/ERR3574230_2.fastq.gz,ftp.sra.ebi.ac.uk/vol1/run/ERR357/ERR3574230/WTCHG_457296_244148.bam,,WTCHG_457296_244148,WIT-INF-SUM
ERR3574231,ERZ2271842,SAMEA5989477,PRJEB45055,SEQUENCE_ASSEMBLY,749907,sediment metagenome,ftp.sra.ebi.ac.uk/vol1/ERZ227/ERZ2271842/ERR3574231.fasta.gz,PRJEB34634,ERX3572469,ftp.sra.ebi.ac.uk/vol1/fastq/ERR357/001/ERR3574231/ERR3574231_1.fastq.gz;ftp.sra.ebi.ac.uk/vol1/fastq/ERR357/001/ERR3574231/ERR3574231_2.fastq.gz,ftp.sra.ebi.ac.uk/vol1/run/ERR357/ERR3574231/WTCHG_457297_244148.bam,,WTCHG_457297_244148,WIT-INF-SUM
ERR3574232,ERZ2270581,SAMEA5989477,PRJEB45055,SEQUENCE_ASSEMBLY,749907,sediment metagenome,ftp.sra.ebi.ac.uk/vol1/ERZ227/ERZ2270581/ERR3574232.fasta.gz,PRJEB34634,ERX3572470,ftp.sra.ebi.ac.uk/vol1/fastq/ERR357/002/ERR3574232/ERR3574232_1.fastq.gz;ftp.sra.ebi.ac.uk/vol1/fastq/ERR357/002/ERR3574232/ERR3574232_2.fastq.gz,ftp.sra.ebi.ac.uk/vol1/run/ERR357/ERR3574232/WTCHG_457298_244148.bam,,WTCHG_457298_244148,WIT-INF-SUM
ERR3574233,ERZ2271359,SAMEA5989477,PRJEB45055,SEQUENCE_ASSEMBLY,749907,sediment metagenome,ftp.sra.ebi.ac.uk/vol1/ERZ227/ERZ2271359/ERR3574233.fasta.gz,PRJEB34634,ERX3572471,ftp.sra.ebi.ac.uk/vol1/fastq/ERR357/003/ERR3574233/ERR3574233_1.fastq.gz;ftp.sra.ebi.ac.uk/vol1/fastq/ERR357/003/ERR3574233/ERR3574233_2.fastq.gz,ftp.sra.ebi.ac.uk/vol1/run/ERR357/ERR3574233/WTCHG_457710_244148.bam,,WTCHG_457710_244148,WIT-INF-SUM
ERR3574234,ERZ2272444,SAMEA5989477,PRJEB45055,SEQUENCE_ASSEMBLY,749907,sediment metagenome,ftp.sra.ebi.ac.uk/vol1/ERZ227/ERZ2272444/ERR3574234.fasta.gz,PRJEB34634,ERX3572472,ftp.sra.ebi.ac.uk/vol1/fastq/ERR357/004/ERR3574234/ERR3574234_1.fastq.gz;ftp.sra.ebi.ac.uk/vol1/fastq/ERR357/004/ERR3574234/ERR3574234_2.fastq.gz,ftp.sra.ebi.ac.uk/vol1/run/ERR357/ERR3574234/WTCHG_457711_244148.bam,,WTCHG_457711_244148,WIT-INF-SUM
ERR3574235,ERZ2271131,SAMEA5989477,PRJEB45055,SEQUENCE_ASSEMBLY,749907,sediment metagenome,ftp.sra.ebi.ac.uk/vol1/ERZ227/ERZ2271131/ERR3574235.fasta.gz,PRJEB34634,ERX3572473,ftp.sra.ebi.ac.uk/vol1/fastq/ERR357/005/ERR3574235/ERR3574235_1.fastq.gz;ftp.sra.ebi.ac.uk/vol1/fastq/ERR357/005/ERR3574235/ERR3574235_2.fastq.gz,ftp.sra.ebi.ac.uk/vol1/run/ERR357/ERR3574235/WTCHG_457712_244148.bam,,WTCHG_457712_244148,WIT-INF-SUM
ERR3574236,ERZ2272242,SAMEA5989477,PRJEB45055,SEQUENCE_ASSEMBLY,749907,sediment metagenome,ftp.sra.ebi.ac.uk/vol1/ERZ227/ERZ2272242/ERR3574236.fasta.gz,PRJEB34634,ERX3572474,ftp.sra.ebi.ac.uk/vol1/fastq/ERR357/006/ERR3574236/ERR3574236_1.fastq.gz;ftp.sra.ebi.ac.uk/vol1/fastq/ERR357/006/ERR3574236/ERR3574236_2.fastq.gz,ftp.sra.ebi.ac.uk/vol1/run/ERR357/ERR3574236/WTCHG_457713_244148.bam,,WTCHG_457713_244148,WIT-INF-SUM
ERR3574237,ERZ2271201,SAMEA5989477,PRJEB45055,SEQUENCE_ASSEMBLY,749907,sediment metagenome,ftp.sra.ebi.ac.uk/vol1/ERZ227/ERZ2271201/ERR3574237.fasta.gz,PRJEB34634,ERX3572475,ftp.sra.ebi.ac.uk/vol1/fastq/ERR357/007/ERR3574237/ERR3574237_1.fastq.gz;ftp.sra.ebi.ac.uk/vol1/fastq/ERR357/007/ERR3574237/ERR3574237_2.fastq.gz,ftp.sra.ebi.ac.uk/vol1/run/ERR357/ERR3574237/WTCHG_457714_244148.bam,,WTCHG_457714_244148,WIT-INF-SUM
ERR3574238,ERZ2227353,SAMEA5989477,PRJEB45055,SEQUENCE_ASSEMBLY,749907,sediment metagenome,ftp.sra.ebi.ac.uk/vol1/ERZ222/ERZ2227353/ERR3574238.fasta.gz,PRJEB34634,ERX3572476,ftp.sra.ebi.ac.uk/vol1/fastq/ERR357/008/ERR3574238/ERR3574238_1.fastq.gz;ftp.sra.ebi.ac.uk/vol1/fastq/ERR357/008/ERR3574238/ERR3574238_2.fastq.gz,ftp.sra.ebi.ac.uk/vol1/run/ERR357/ERR3574238/WTCHG_461227_244148.bam,,WTCHG_461227_244148,WIT-INF-SUM
ERR3574239,ERZ2271682,SAMEA5989477,PRJEB45055,SEQUENCE_ASSEMBLY,749907,sediment metagenome,ftp.sra.ebi.ac.uk/vol1/ERZ227/ERZ2271682/ERR3574239.fasta.gz,PRJEB34634,ERX3572477,ftp.sra.ebi.ac.uk/vol1/fastq/ERR357/009/ERR3574239/ERR3574239_1.fastq.gz;ftp.sra.ebi.ac.uk/vol1/fastq/ERR357/009/ERR3574239/ERR3574239_2.fastq.gz,ftp.sra.ebi.ac.uk/vol1/run/ERR357/ERR3574239/WTCHG_461228_244148.bam,,WTCHG_461228_244148,WIT-INF-SUM
ERR3574240,ERZ2270578,SAMEA5989477,PRJEB45055,SEQUENCE_ASSEMBLY,749907,sediment metagenome,ftp.sra.ebi.ac.uk/vol1/ERZ227/ERZ2270578/ERR3574240.fasta.gz,PRJEB34634,ERX3572478,ftp.sra.ebi.ac.uk/vol1/fastq/ERR357/000/ERR3574240/ERR3574240_1.fastq.gz;ftp.sra.ebi.ac.uk/vol1/fastq/ERR357/000/ERR3574240/ERR3574240_2.fastq.gz,ftp.sra.ebi.ac.uk/vol1/run/ERR357/ERR3574240/WTCHG_455360_239183.bam,,WTCHG_455360_239183,WIT-INF-WIN
ERR3574241,ERZ2272578,SAMEA5989477,PRJEB45055,SEQUENCE_ASSEMBLY,749907,sediment metagenome,ftp.sra.ebi.ac.uk/vol1/ERZ227/ERZ2272578/ERR3574241.fasta.gz,PRJEB34634,ERX3572479,ftp.sra.ebi.ac.uk/vol1/fastq/ERR357/001/ERR3574241/ERR3574241_1.fastq.gz;ftp.sra.ebi.ac.uk/vol1/fastq/ERR357/001/ERR3574241/ERR3574241_2.fastq.gz,ftp.sra.ebi.ac.uk/vol1/run/ERR357/ERR3574241/WTCHG_456624_239183.bam,,WTCHG_456624_239183,WIT-INF-WIN
ERR3574242,ERZ2271872,SAMEA5989477,PRJEB45055,SEQUENCE_ASSEMBLY,749907,sediment metagenome,ftp.sra.ebi.ac.uk/vol1/ERZ227/ERZ2271872/ERR3574242.fasta.gz,PRJEB34634,ERX3572480,ftp.sra.ebi.ac.uk/vol1/fastq/ERR357/002/ERR3574242/ERR3574242_1.fastq.gz;ftp.sra.ebi.ac.uk/vol1/fastq/ERR357/002/ERR3574242/ERR3574242_2.fastq.gz,ftp.sra.ebi.ac.uk/vol1/run/ERR357/ERR3574242/WTCHG_457295_239183.bam,,WTCHG_457295_239183,WIT-INF-WIN
ERR3574243,ERZ2270878,SAMEA5989477,PRJEB45055,SEQUENCE_ASSEMBLY,749907,sediment metagenome,ftp.sra.ebi.ac.uk/vol1/ERZ227/ERZ2270878/ERR3574243.fasta.gz,PRJEB34634,ERX3572481,ftp.sra.ebi.ac.uk/vol1/fastq/ERR357/003/ERR3574243/ERR3574243_1.fastq.gz;ftp.sra.ebi.ac.uk/vol1/fastq/ERR357/003/ERR3574243/ERR3574243_2.fastq.gz,ftp.sra.ebi.ac.uk/vol1/run/ERR357/ERR3574243/WTCHG_457296_239183.bam,,WTCHG_457296_239183,WIT-INF-WIN
ERR3574244,ERZ2272139,SAMEA5989477,PRJEB45055,SEQUENCE_ASSEMBLY,749907,sediment metagenome,ftp.sra.ebi.ac.uk/vol1/ERZ227/ERZ2272139/ERR3574244.fasta.gz,PRJEB34634,ERX3572482,ftp.sra.ebi.ac.uk/vol1/fastq/ERR357/004/ERR3574244/ERR3574244_1.fastq.gz;ftp.sra.ebi.ac.uk/vol1/fastq/ERR357/004/ERR3574244/ERR3574244_2.fastq.gz,ftp.sra.ebi.ac.uk/vol1/run/ERR357/ERR3574244/WTCHG_457297_239183.bam,,WTCHG_457297_239183,WIT-INF-WIN
ERR3574245,ERZ2227063,SAMEA5989477,PRJEB45055,SEQUENCE_ASSEMBLY,749907,sediment metagenome,ftp.sra.ebi.ac.uk/vol1/ERZ222/ERZ2227063/ERR3574245.fasta.gz,PRJEB34634,ERX3572483,ftp.sra.ebi.ac.uk/vol1/fastq/ERR357/005/ERR3574245/ERR3574245_1.fastq.gz;ftp.sra.ebi.ac.uk/vol1/fastq/ERR357/005/ERR3574245/ERR3574245_2.fastq.gz,ftp.sra.ebi.ac.uk/vol1/run/ERR357/ERR3574245/WTCHG_457298_239183.bam,,WTCHG_457298_239183,WIT-INF-WIN
ERR3574246,ERZ2271922,SAMEA5989477,PRJEB45055,SEQUENCE_ASSEMBLY,749907,sediment metagenome,ftp.sra.ebi.ac.uk/vol1/ERZ227/ERZ2271922/ERR3574246.fasta.gz,PRJEB34634,ERX3572484,ftp.sra.ebi.ac.uk/vol1/fastq/ERR357/006/ERR3574246/ERR3574246_1.fastq.gz;ftp.sra.ebi.ac.uk/vol1/fastq/ERR357/006/ERR3574246/ERR3574246_2.fastq.gz,ftp.sra.ebi.ac.uk/vol1/run/ERR357/ERR3574246/WTCHG_457710_239183.bam,,WTCHG_457710_239183,WIT-INF-WIN
ERR3574247,ERZ2272345,SAMEA5989477,PRJEB45055,SEQUENCE_ASSEMBLY,749907,sediment metagenome,ftp.sra.ebi.ac.uk/vol1/ERZ227/ERZ2272345/ERR3574247.fasta.gz,PRJEB34634,ERX3572485,ftp.sra.ebi.ac.uk/vol1/fastq/ERR357/007/ERR3574247/ERR3574247_1.fastq.gz;ftp.sra.ebi.ac.uk/vol1/fastq/ERR357/007/ERR3574247/ERR3574247_2.fastq.gz,ftp.sra.ebi.ac.uk/vol1/run/ERR357/ERR3574247/WTCHG_457711_239183.bam,,WTCHG_457711_239183,WIT-INF-WIN
ERR3574248,ERZ2270803,SAMEA5989477,PRJEB45055,SEQUENCE_ASSEMBLY,749907,sediment metagenome,ftp.sra.ebi.ac.uk/vol1/ERZ227/ERZ2270803/ERR3574248.fasta.gz,PRJEB34634,ERX3572486,ftp.sra.ebi.ac.uk/vol1/fastq/ERR357/008/ERR3574248/ERR3574248_1.fastq.gz;ftp.sra.ebi.ac.uk/vol1/fastq/ERR357/008/ERR3574248/ERR3574248_2.fastq.gz,ftp.sra.ebi.ac.uk/vol1/run/ERR357/ERR3574248/WTCHG_457712_239183.bam,,WTCHG_457712_239183,WIT-INF-WIN
ERR3574249,ERZ2271129,SAMEA5989477,PRJEB45055,SEQUENCE_ASSEMBLY,749907,sediment metagenome,ftp.sra.ebi.ac.uk/vol1/ERZ227/ERZ2271129/ERR3574249.fasta.gz,PRJEB34634,ERX3572487,ftp.sra.ebi.ac.uk/vol1/fastq/ERR357/009/ERR3574249/ERR3574249_1.fastq.gz;ftp.sra.ebi.ac.uk/vol1/fastq/ERR357/009/ERR3574249/ERR3574249_2.fastq.gz,ftp.sra.ebi.ac.uk/vol1/run/ERR357/ERR3574249/WTCHG_457713_239183.bam,,WTCHG_457713_239183,WIT-INF-WIN
ERR3574250,ERZ2272298,SAMEA5989477,PRJEB45055,SEQUENCE_ASSEMBLY,749907,sediment metagenome,ftp.sra.ebi.ac.uk/vol1/ERZ227/ERZ2272298/ERR3574250.fasta.gz,PRJEB34634,ERX3572488,ftp.sra.ebi.ac.uk/vol1/fastq/ERR357/000/ERR3574250/ERR3574250_1.fastq.gz;ftp.sra.ebi.ac.uk/vol1/fastq/ERR357/000/ERR3574250/ERR3574250_2.fastq.gz,ftp.sra.ebi.ac.uk/vol1/run/ERR357/ERR3574250/WTCHG_457714_239183.bam,,WTCHG_457714_239183,WIT-INF-WIN
ERR3574251,ERZ2272642,SAMEA5989477,PRJEB45055,SEQUENCE_ASSEMBLY,749907,sediment metagenome,ftp.sra.ebi.ac.uk/vol1/ERZ227/ERZ2272642/ERR3574251.fasta.gz,PRJEB34634,ERX3572489,ftp.sra.ebi.ac.uk/vol1/fastq/ERR357/001/ERR3574251/ERR3574251_1.fastq.gz;ftp.sra.ebi.ac.uk/vol1/fastq/ERR357/001/ERR3574251/ERR3574251_2.fastq.gz,ftp.sra.ebi.ac.uk/vol1/run/ERR357/ERR3574251/WTCHG_461227_239183.bam,,WTCHG_461227_239183,WIT-INF-WIN
ERR3574252,ERZ2272666,SAMEA5989477,PRJEB45055,SEQUENCE_ASSEMBLY,749907,sediment metagenome,ftp.sra.ebi.ac.uk/vol1/ERZ227/ERZ2272666/ERR3574252.fasta.gz,PRJEB34634,ERX3572490,ftp.sra.ebi.ac.uk/vol1/fastq/ERR357/002/ERR3574252/ERR3574252_1.fastq.gz;ftp.sra.ebi.ac.uk/vol1/fastq/ERR357/002/ERR3574252/ERR3574252_2.fastq.gz,ftp.sra.ebi.ac.uk/vol1/run/ERR357/ERR3574252/WTCHG_461228_239183.bam,,WTCHG_461228_239183,WIT-INF-WIN
ERR3574253,ERZ2272761,SAMEA5989477,PRJEB45055,SEQUENCE_ASSEMBLY,749907,sediment metagenome,ftp.sra.ebi.ac.uk/vol1/ERZ227/ERZ2272761/ERR3574253.fasta.gz,PRJEB34634,ERX3572491,ftp.sra.ebi.ac.uk/vol1/fastq/ERR357/003/ERR3574253/ERR3574253_1.fastq.gz;ftp.sra.ebi.ac.uk/vol1/fastq/ERR357/003/ERR3574253/ERR3574253_2.fastq.gz,ftp.sra.ebi.ac.uk/vol1/run/ERR357/ERR3574253/WTCHG_550636_277151.bam,,WTCHG_550636_277151,WIT-UP-100-AUT
ERR3574254,ERZ2272582,SAMEA5989477,PRJEB45055,SEQUENCE_ASSEMBLY,749907,sediment metagenome,ftp.sra.ebi.ac.uk/vol1/ERZ227/ERZ2272582/ERR3574254.fasta.gz,PRJEB34634,ERX3572492,ftp.sra.ebi.ac.uk/vol1/fastq/ERR357/004/ERR3574254/ERR3574254_1.fastq.gz;ftp.sra.ebi.ac.uk/vol1/fastq/ERR357/004/ERR3574254/ERR3574254_2.fastq.gz,ftp.sra.ebi.ac.uk/vol1/run/ERR357/ERR3574254/WTCHG_551514_277151.bam,,WTCHG_551514_277151,WIT-UP-100-AUT
ERR3574255,ERZ2270810,SAMEA5989477,PRJEB45055,SEQUENCE_ASSEMBLY,749907,sediment metagenome,ftp.sra.ebi.ac.uk/vol1/ERZ227/ERZ2270810/ERR3574255.fasta.gz,PRJEB34634,ERX3572493,ftp.sra.ebi.ac.uk/vol1/fastq/ERR357/005/ERR3574255/ERR3574255_1.fastq.gz;ftp.sra.ebi.ac.uk/vol1/fastq/ERR357/005/ERR3574255/ERR3574255_2.fastq.gz,ftp.sra.ebi.ac.uk/vol1/run/ERR357/ERR3574255/WTCHG_551515_277151.bam,,WTCHG_551515_277151,WIT-UP-100-AUT
ERR3574256,ERZ2272568,SAMEA5989477,PRJEB45055,SEQUENCE_ASSEMBLY,749907,sediment metagenome,ftp.sra.ebi.ac.uk/vol1/ERZ227/ERZ2272568/ERR3574256.fasta.gz,PRJEB34634,ERX3572494,ftp.sra.ebi.ac.uk/vol1/fastq/ERR357/006/ERR3574256/ERR3574256_1.fastq.gz;ftp.sra.ebi.ac.uk/vol1/fastq/ERR357/006/ERR3574256/ERR3574256_2.fastq.gz,ftp.sra.ebi.ac.uk/vol1/run/ERR357/ERR3574256/WTCHG_554366_277151.bam,,WTCHG_554366_277151,WIT-UP-100-AUT
ERR3574257,ERZ2272183,SAMEA5989477,PRJEB45055,SEQUENCE_ASSEMBLY,749907,sediment metagenome,ftp.sra.ebi.ac.uk/vol1/ERZ227/ERZ2272183/ERR3574257.fasta.gz,PRJEB34634,ERX3572495,ftp.sra.ebi.ac.uk/vol1/fastq/ERR357/007/ERR3574257/ERR3574257_1.fastq.gz;ftp.sra.ebi.ac.uk/vol1/fastq/ERR357/007/ERR3574257/ERR3574257_2.fastq.gz,ftp.sra.ebi.ac.uk/vol1/run/ERR357/ERR3574257/WTCHG_554367_277151.bam,,WTCHG_554367_277151,WIT-UP-100-AUT
ERR3574258,ERZ2272437,SAMEA5989477,PRJEB45055,SEQUENCE_ASSEMBLY,749907,sediment metagenome,ftp.sra.ebi.ac.uk/vol1/ERZ227/ERZ2272437/ERR3574258.fasta.gz,PRJEB34634,ERX3572496,ftp.sra.ebi.ac.uk/vol1/fastq/ERR357/008/ERR3574258/ERR3574258_1.fastq.gz;ftp.sra.ebi.ac.uk/vol1/fastq/ERR357/008/ERR3574258/ERR3574258_2.fastq.gz,ftp.sra.ebi.ac.uk/vol1/run/ERR357/ERR3574258/WTCHG_555215_277151.bam,,WTCHG_555215_277151,WIT-UP-100-AUT
ERR3574259,ERZ2271656,SAMEA5989477,PRJEB45055,SEQUENCE_ASSEMBLY,749907,sediment metagenome,ftp.sra.ebi.ac.uk/vol1/ERZ227/ERZ2271656/ERR3574259.fasta.gz,PRJEB34634,ERX3572497,ftp.sra.ebi.ac.uk/vol1/fastq/ERR357/009/ERR3574259/ERR3574259_1.fastq.gz;ftp.sra.ebi.ac.uk/vol1/fastq/ERR357/009/ERR3574259/ERR3574259_2.fastq.gz,ftp.sra.ebi.ac.uk/vol1/run/ERR357/ERR3574259/WTCHG_555219_277151.bam,,WTCHG_555219_277151,WIT-UP-100-AUT
ERR3574260,ERZ2227316,SAMEA5989477,PRJEB45055,SEQUENCE_ASSEMBLY,749907,sediment metagenome,ftp.sra.ebi.ac.uk/vol1/ERZ222/ERZ2227316/ERR3574260.fasta.gz,PRJEB34634,ERX3572498,ftp.sra.ebi.ac.uk/vol1/fastq/ERR357/000/ERR3574260/ERR3574260_1.fastq.gz;ftp.sra.ebi.ac.uk/vol1/fastq/ERR357/000/ERR3574260/ERR3574260_2.fastq.gz,ftp.sra.ebi.ac.uk/vol1/run/ERR357/ERR3574260/WTCHG_555216_277151.bam,,WTCHG_555216_277151,WIT-UP-100-AUT
ERR3574261,ERZ2271177,SAMEA5989477,PRJEB45055,SEQUENCE_ASSEMBLY,749907,sediment metagenome,ftp.sra.ebi.ac.uk/vol1/ERZ227/ERZ2271177/ERR3574261.fasta.gz,PRJEB34634,ERX3572499,ftp.sra.ebi.ac.uk/vol1/fastq/ERR357/001/ERR3574261/ERR3574261_1.fastq.gz;ftp.sra.ebi.ac.uk/vol1/fastq/ERR357/001/ERR3574261/ERR3574261_2.fastq.gz,ftp.sra.ebi.ac.uk/vol1/run/ERR357/ERR3574261/WTCHG_555214_277151.bam,,WTCHG_555214_277151,WIT-UP-100-AUT
ERR3574262,ERZ2272448,SAMEA5989477,PRJEB45055,SEQUENCE_ASSEMBLY,749907,sediment metagenome,ftp.sra.ebi.ac.uk/vol1/ERZ227/ERZ2272448/ERR3574262.fasta.gz,PRJEB34634,ERX3572500,ftp.sra.ebi.ac.uk/vol1/fastq/ERR357/002/ERR3574262/ERR3574262_1.fastq.gz;ftp.sra.ebi.ac.uk/vol1/fastq/ERR357/002/ERR3574262/ERR3574262_2.fastq.gz,ftp.sra.ebi.ac.uk/vol1/run/ERR357/ERR3574262/WTCHG_555220_277151.bam,,WTCHG_555220_277151,WIT-UP-100-AUT
ERR3574263,ERZ2227305,SAMEA5989477,PRJEB45055,SEQUENCE_ASSEMBLY,749907,sediment metagenome,ftp.sra.ebi.ac.uk/vol1/ERZ222/ERZ2227305/ERR3574263.fasta.gz,PRJEB34634,ERX3572501,ftp.sra.ebi.ac.uk/vol1/fastq/ERR357/003/ERR3574263/ERR3574263_1.fastq.gz;ftp.sra.ebi.ac.uk/vol1/fastq/ERR357/003/ERR3574263/ERR3574263_2.fastq.gz,ftp.sra.ebi.ac.uk/vol1/run/ERR357/ERR3574263/WTCHG_555221_277151.bam,,WTCHG_555221_277151,WIT-UP-100-AUT
ERR3574264,ERZ2272124,SAMEA5989477,PRJEB45055,SEQUENCE_ASSEMBLY,749907,sediment metagenome,ftp.sra.ebi.ac.uk/vol1/ERZ227/ERZ2272124/ERR3574264.fasta.gz,PRJEB34634,ERX3572502,ftp.sra.ebi.ac.uk/vol1/fastq/ERR357/004/ERR3574264/ERR3574264_1.fastq.gz;ftp.sra.ebi.ac.uk/vol1/fastq/ERR357/004/ERR3574264/ERR3574264_2.fastq.gz,ftp.sra.ebi.ac.uk/vol1/run/ERR357/ERR3574264/WTCHG_555218_277151.bam,,WTCHG_555218_277151,WIT-UP-100-AUT
ERR3574265,ERZ2272812,SAMEA5989477,PRJEB45055,SEQUENCE_ASSEMBLY,749907,sediment metagenome,ftp.sra.ebi.ac.uk/vol1/ERZ227/ERZ2272812/ERR3574265.fasta.gz,PRJEB34634,ERX3572503,ftp.sra.ebi.ac.uk/vol1/fastq/ERR357/005/ERR3574265/ERR3574265_1.fastq.gz;ftp.sra.ebi.ac.uk/vol1/fastq/ERR357/005/ERR3574265/ERR3574265_2.fastq.gz,ftp.sra.ebi.ac.uk/vol1/run/ERR357/ERR3574265/WTCHG_555217_277151.bam,,WTCHG_555217_277151,WIT-UP-100-AUT
ERR3574266,ERZ2272265,SAMEA5989477,PRJEB45055,SEQUENCE_ASSEMBLY,749907,sediment metagenome,ftp.sra.ebi.ac.uk/vol1/ERZ227/ERZ2272265/ERR3574266.fasta.gz,PRJEB34634,ERX3572504,ftp.sra.ebi.ac.uk/vol1/fastq/ERR357/006/ERR3574266/ERR3574266_1.fastq.gz;ftp.sra.ebi.ac.uk/vol1/fastq/ERR357/006/ERR3574266/ERR3574266_2.fastq.gz,ftp.sra.ebi.ac.uk/vol1/run/ERR357/ERR3574266/WTCHG_559241_277151.bam,,WTCHG_559241_277151,WIT-UP-100-AUT
ERR3574267,ERZ2227329,SAMEA5989477,PRJEB45055,SEQUENCE_ASSEMBLY,749907,sediment metagenome,ftp.sra.ebi.ac.uk/vol1/ERZ222/ERZ2227329/ERR3574267.fasta.gz,PRJEB34634,ERX3572505,ftp.sra.ebi.ac.uk/vol1/fastq/ERR357/007/ERR3574267/ERR3574267_1.fastq.gz;ftp.sra.ebi.ac.uk/vol1/fastq/ERR357/007/ERR3574267/ERR3574267_2.fastq.gz,ftp.sra.ebi.ac.uk/vol1/run/ERR357/ERR3574267/WTCHG_559244_277151.bam,,WTCHG_559244_277151,WIT-UP-100-AUT
ERR3574268,ERZ2227437,SAMEA5989477,PRJEB45055,SEQUENCE_ASSEMBLY,749907,sediment metagenome,ftp.sra.ebi.ac.uk/vol1/ERZ222/ERZ2227437/ERR3574268.fasta.gz,PRJEB34634,ERX3572506,ftp.sra.ebi.ac.uk/vol1/fastq/ERR357/008/ERR3574268/ERR3574268_1.fastq.gz;ftp.sra.ebi.ac.uk/vol1/fastq/ERR357/008/ERR3574268/ERR3574268_2.fastq.gz,ftp.sra.ebi.ac.uk/vol1/run/ERR357/ERR3574268/WTCHG_559242_277151.bam,,WTCHG_559242_277151,WIT-UP-100-AUT
ERR3574269,ERZ2270876,SAMEA5989477,PRJEB45055,SEQUENCE_ASSEMBLY,749907,sediment metagenome,ftp.sra.ebi.ac.uk/vol1/ERZ227/ERZ2270876/ERR3574269.fasta.gz,PRJEB34634,ERX3572507,ftp.sra.ebi.ac.uk/vol1/fastq/ERR357/009/ERR3574269/ERR3574269_1.fastq.gz;ftp.sra.ebi.ac.uk/vol1/fastq/ERR357/009/ERR3574269/ERR3574269_2.fastq.gz,ftp.sra.ebi.ac.uk/vol1/run/ERR357/ERR3574269/WTCHG_559240_277151.bam,,WTCHG_559240_277151,WIT-UP-100-AUT
ERR3574270,ERZ2272379,SAMEA5989477,PRJEB45055,SEQUENCE_ASSEMBLY,749907,sediment metagenome,ftp.sra.ebi.ac.uk/vol1/ERZ227/ERZ2272379/ERR3574270.fasta.gz,PRJEB34634,ERX3572508,ftp.sra.ebi.ac.uk/vol1/fastq/ERR357/000/ERR3574270/ERR3574270_1.fastq.gz;ftp.sra.ebi.ac.uk/vol1/fastq/ERR357/000/ERR3574270/ERR3574270_2.fastq.gz,ftp.sra.ebi.ac.uk/vol1/run/ERR357/ERR3574270/WTCHG_559243_277151.bam,,WTCHG_559243_277151,WIT-UP-100-AUT
ERR3574271,ERZ2271978,SAMEA5989477,PRJEB45055,SEQUENCE_ASSEMBLY,749907,sediment metagenome,ftp.sra.ebi.ac.uk/vol1/ERZ227/ERZ2271978/ERR3574271.fasta.gz,PRJEB34634,ERX3572509,ftp.sra.ebi.ac.uk/vol1/fastq/ERR357/001/ERR3574271/ERR3574271_1.fastq.gz;ftp.sra.ebi.ac.uk/vol1/fastq/ERR357/001/ERR3574271/ERR3574271_2.fastq.gz,ftp.sra.ebi.ac.uk/vol1/run/ERR357/ERR3574271/WTCHG_550636_272186.bam,,WTCHG_550636_272186,WIT-UP-100-SUM
ERR3574272,ERZ10760100,SAMEA5989477,PRJEB45055,SEQUENCE_ASSEMBLY,749907,sediment metagenome,ftp.sra.ebi.ac.uk/vol1/ERZ107/ERZ10760100/ERR3574272.fasta.gz,PRJEB34634,ERX3572510,ftp.sra.ebi.ac.uk/vol1/fastq/ERR357/002/ERR3574272/ERR3574272_1.fastq.gz;ftp.sra.ebi.ac.uk/vol1/fastq/ERR357/002/ERR3574272/ERR3574272_2.fastq.gz,ftp.sra.ebi.ac.uk/vol1/run/ERR357/ERR3574272/WTCHG_551515_272186.bam,,WTCHG_551515_272186,WIT-UP-100-SUM
ERR3574273,ERZ2272607,SAMEA5989477,PRJEB45055,SEQUENCE_ASSEMBLY,749907,sediment metagenome,ftp.sra.ebi.ac.uk/vol1/ERZ227/ERZ2272607/ERR3574273.fasta.gz,PRJEB34634,ERX3572511,ftp.sra.ebi.ac.uk/vol1/fastq/ERR357/003/ERR3574273/ERR3574273_1.fastq.gz;ftp.sra.ebi.ac.uk/vol1/fastq/ERR357/003/ERR3574273/ERR3574273_2.fastq.gz,ftp.sra.ebi.ac.uk/vol1/run/ERR357/ERR3574273/WTCHG_551514_272186.bam,,WTCHG_551514_272186,WIT-UP-100-SUM
ERR3574274,ERZ2272656,SAMEA5989477,PRJEB45055,SEQUENCE_ASSEMBLY,749907,sediment metagenome,ftp.sra.ebi.ac.uk/vol1/ERZ227/ERZ2272656/ERR3574274.fasta.gz,PRJEB34634,ERX3572512,ftp.sra.ebi.ac.uk/vol1/fastq/ERR357/004/ERR3574274/ERR3574274_1.fastq.gz;ftp.sra.ebi.ac.uk/vol1/fastq/ERR357/004/ERR3574274/ERR3574274_2.fastq.gz,ftp.sra.ebi.ac.uk/vol1/run/ERR357/ERR3574274/WTCHG_554367_272186.bam,,WTCHG_554367_272186,WIT-UP-100-SUM
ERR3574275,ERZ2271723,SAMEA5989477,PRJEB45055,SEQUENCE_ASSEMBLY,749907,sediment metagenome,ftp.sra.ebi.ac.uk/vol1/ERZ227/ERZ2271723/ERR3574275.fasta.gz,PRJEB34634,ERX3572513,ftp.sra.ebi.ac.uk/vol1/fastq/ERR357/005/ERR3574275/ERR3574275_1.fastq.gz;ftp.sra.ebi.ac.uk/vol1/fastq/ERR357/005/ERR3574275/ERR3574275_2.fastq.gz,ftp.sra.ebi.ac.uk/vol1/run/ERR357/ERR3574275/WTCHG_554366_272186.bam,,WTCHG_554366_272186,WIT-UP-100-SUM
ERR3574276,ERZ2272100,SAMEA5989477,PRJEB45055,SEQUENCE_ASSEMBLY,749907,sediment metagenome,ftp.sra.ebi.ac.uk/vol1/ERZ227/ERZ2272100/ERR3574276.fasta.gz,PRJEB34634,ERX3572514,ftp.sra.ebi.ac.uk/vol1/fastq/ERR357/006/ERR3574276/ERR3574276_1.fastq.gz;ftp.sra.ebi.ac.uk/vol1/fastq/ERR357/006/ERR3574276/ERR3574276_2.fastq.gz,ftp.sra.ebi.ac.uk/vol1/run/ERR357/ERR3574276/WTCHG_555216_272186.bam,,WTCHG_555216_272186,WIT-UP-100-SUM
ERR3574277,ERZ2271938,SAMEA5989477,PRJEB45055,SEQUENCE_ASSEMBLY,749907,sediment metagenome,ftp.sra.ebi.ac.uk/vol1/ERZ227/ERZ2271938/ERR3574277.fasta.gz,PRJEB34634,ERX3572515,ftp.sra.ebi.ac.uk/vol1/fastq/ERR357/007/ERR3574277/ERR3574277_1.fastq.gz;ftp.sra.ebi.ac.uk/vol1/fastq/ERR357/007/ERR3574277/ERR3574277_2.fastq.gz,ftp.sra.ebi.ac.uk/vol1/run/ERR357/ERR3574277/WTCHG_555221_272186.bam,,WTCHG_555221_272186,WIT-UP-100-SUM
ERR3574278,ERZ10760102,SAMEA5989477,PRJEB45055,SEQUENCE_ASSEMBLY,749907,sediment metagenome,ftp.sra.ebi.ac.uk/vol1/ERZ107/ERZ10760102/ERR3574278.fasta.gz,PRJEB34634,ERX3572516,ftp.sra.ebi.ac.uk/vol1/fastq/ERR357/008/ERR3574278/ERR3574278_1.fastq.gz;ftp.sra.ebi.ac.uk/vol1/fastq/ERR357/008/ERR3574278/ERR3574278_2.fastq.gz,ftp.sra.ebi.ac.uk/vol1/run/ERR357/ERR3574278/WTCHG_555218_272186.bam,,WTCHG_555218_272186,WIT-UP-100-SUM
ERR3574279,ERZ2272551,SAMEA5989477,PRJEB45055,SEQUENCE_ASSEMBLY,749907,sediment metagenome,ftp.sra.ebi.ac.uk/vol1/ERZ227/ERZ2272551/ERR3574279.fasta.gz,PRJEB34634,ERX3572517,ftp.sra.ebi.ac.uk/vol1/fastq/ERR357/009/ERR3574279/ERR3574279_1.fastq.gz;ftp.sra.ebi.ac.uk/vol1/fastq/ERR357/009/ERR3574279/ERR3574279_2.fastq.gz,ftp.sra.ebi.ac.uk/vol1/run/ERR357/ERR3574279/WTCHG_555219_272186.bam,,WTCHG_555219_272186,WIT-UP-100-SUM
ERR3574280,ERZ2270974,SAMEA5989477,PRJEB45055,SEQUENCE_ASSEMBLY,749907,sediment metagenome,ftp.sra.ebi.ac.uk/vol1/ERZ227/ERZ2270974/ERR3574280.fasta.gz,PRJEB34634,ERX3572518,ftp.sra.ebi.ac.uk/vol1/fastq/ERR357/000/ERR3574280/ERR3574280_1.fastq.gz;ftp.sra.ebi.ac.uk/vol1/fastq/ERR357/000/ERR3574280/ERR3574280_2.fastq.gz,ftp.sra.ebi.ac.uk/vol1/run/ERR357/ERR3574280/WTCHG_555215_272186.bam,,WTCHG_555215_272186,WIT-UP-100-SUM
ERR3574281,ERZ2268950,SAMEA5989477,PRJEB45055,SEQUENCE_ASSEMBLY,749907,sediment metagenome,ftp.sra.ebi.ac.uk/vol1/ERZ226/ERZ2268950/ERR3574281.fasta.gz,PRJEB34634,ERX3572519,ftp.sra.ebi.ac.uk/vol1/fastq/ERR357/001/ERR3574281/ERR3574281_1.fastq.gz;ftp.sra.ebi.ac.uk/vol1/fastq/ERR357/001/ERR3574281/ERR3574281_2.fastq.gz,ftp.sra.ebi.ac.uk/vol1/run/ERR357/ERR3574281/WTCHG_555214_272186.bam,,WTCHG_555214_272186,WIT-UP-100-SUM
ERR3574282,ERZ2271864,SAMEA5989477,PRJEB45055,SEQUENCE_ASSEMBLY,749907,sediment metagenome,ftp.sra.ebi.ac.uk/vol1/ERZ227/ERZ2271864/ERR3574282.fasta.gz,PRJEB34634,ERX3572520,ftp.sra.ebi.ac.uk/vol1/fastq/ERR357/002/ERR3574282/ERR3574282_1.fastq.gz;ftp.sra.ebi.ac.uk/vol1/fastq/ERR357/002/ERR3574282/ERR3574282_2.fastq.gz,ftp.sra.ebi.ac.uk/vol1/run/ERR357/ERR3574282/WTCHG_555217_272186.bam,,WTCHG_555217_272186,WIT-UP-100-SUM
ERR3574283,ERZ2271613,SAMEA5989477,PRJEB45055,SEQUENCE_ASSEMBLY,749907,sediment metagenome,ftp.sra.ebi.ac.uk/vol1/ERZ227/ERZ2271613/ERR3574283.fasta.gz,PRJEB34634,ERX3572521,ftp.sra.ebi.ac.uk/vol1/fastq/ERR357/003/ERR3574283/ERR3574283_1.fastq.gz;ftp.sra.ebi.ac.uk/vol1/fastq/ERR357/003/ERR3574283/ERR3574283_2.fastq.gz,ftp.sra.ebi.ac.uk/vol1/run/ERR357/ERR3574283/WTCHG_555220_272186.bam,,WTCHG_555220_272186,WIT-UP-100-SUM
ERR3574284,ERZ2227990,SAMEA5989477,PRJEB45055,SEQUENCE_ASSEMBLY,749907,sediment metagenome,ftp.sra.ebi.ac.uk/vol1/ERZ222/ERZ2227990/ERR3574284.fasta.gz,PRJEB34634,ERX3572522,ftp.sra.ebi.ac.uk/vol1/fastq/ERR357/004/ERR3574284/ERR3574284_1.fastq.gz;ftp.sra.ebi.ac.uk/vol1/fastq/ERR357/004/ERR3574284/ERR3574284_2.fastq.gz,ftp.sra.ebi.ac.uk/vol1/run/ERR357/ERR3574284/WTCHG_559244_272186.bam,,WTCHG_559244_272186,WIT-UP-100-SUM
ERR3574285,ERZ2270306,SAMEA5989477,PRJEB45055,SEQUENCE_ASSEMBLY,749907,sediment metagenome,ftp.sra.ebi.ac.uk/vol1/ERZ227/ERZ2270306/ERR3574285.fasta.gz,PRJEB34634,ERX3572523,ftp.sra.ebi.ac.uk/vol1/fastq/ERR357/005/ERR3574285/ERR3574285_1.fastq.gz;ftp.sra.ebi.ac.uk/vol1/fastq/ERR357/005/ERR3574285/ERR3574285_2.fastq.gz,ftp.sra.ebi.ac.uk/vol1/run/ERR357/ERR3574285/WTCHG_559241_272186.bam,,WTCHG_559241_272186,WIT-UP-100-SUM
ERR3574286,ERZ2272098,SAMEA5989477,PRJEB45055,SEQUENCE_ASSEMBLY,749907,sediment metagenome,ftp.sra.ebi.ac.uk/vol1/ERZ227/ERZ2272098/ERR3574286.fasta.gz,PRJEB34634,ERX3572524,ftp.sra.ebi.ac.uk/vol1/fastq/ERR357/006/ERR3574286/ERR3574286_1.fastq.gz;ftp.sra.ebi.ac.uk/vol1/fastq/ERR357/006/ERR3574286/ERR3574286_2.fastq.gz,ftp.sra.ebi.ac.uk/vol1/run/ERR357/ERR3574286/WTCHG_559242_272186.bam,,WTCHG_559242_272186,WIT-UP-100-SUM
ERR3574287,ERZ2271748,SAMEA5989477,PRJEB45055,SEQUENCE_ASSEMBLY,749907,sediment metagenome,ftp.sra.ebi.ac.uk/vol1/ERZ227/ERZ2271748/ERR3574287.fasta.gz,PRJEB34634,ERX3572525,ftp.sra.ebi.ac.uk/vol1/fastq/ERR357/007/ERR3574287/ERR3574287_1.fastq.gz;ftp.sra.ebi.ac.uk/vol1/fastq/ERR357/007/ERR3574287/ERR3574287_2.fastq.gz,ftp.sra.ebi.ac.uk/vol1/run/ERR357/ERR3574287/WTCHG_559240_272186.bam,,WTCHG_559240_272186,WIT-UP-100-SUM
ERR3574288,ERZ2271760,SAMEA5989477,PRJEB45055,SEQUENCE_ASSEMBLY,749907,sediment metagenome,ftp.sra.ebi.ac.uk/vol1/ERZ227/ERZ2271760/ERR3574288.fasta.gz,PRJEB34634,ERX3572526,ftp.sra.ebi.ac.uk/vol1/fastq/ERR357/008/ERR3574288/ERR3574288_1.fastq.gz;ftp.sra.ebi.ac.uk/vol1/fastq/ERR357/008/ERR3574288/ERR3574288_2.fastq.gz,ftp.sra.ebi.ac.uk/vol1/run/ERR357/ERR3574288/WTCHG_559243_272186.bam,,WTCHG_559243_272186,WIT-UP-100-SUM
ERR3574289,ERZ2226855,SAMEA5989477,PRJEB45055,SEQUENCE_ASSEMBLY,749907,sediment metagenome,ftp.sra.ebi.ac.uk/vol1/ERZ222/ERZ2226855/ERR3574289.fasta.gz,PRJEB34634,ERX3572527,ftp.sra.ebi.ac.uk/vol1/fastq/ERR357/009/ERR3574289/ERR3574289_1.fastq.gz;ftp.sra.ebi.ac.uk/vol1/fastq/ERR357/009/ERR3574289/ERR3574289_2.fastq.gz,ftp.sra.ebi.ac.uk/vol1/run/ERR357/ERR3574289/WTCHG_550636_282116.bam,,WTCHG_550636_282116,WIT-UP-100-WIN
ERR3574290,ERZ2270863,SAMEA5989477,PRJEB45055,SEQUENCE_ASSEMBLY,749907,sediment metagenome,ftp.sra.ebi.ac.uk/vol1/ERZ227/ERZ2270863/ERR3574290.fasta.gz,PRJEB34634,ERX3572528,ftp.sra.ebi.ac.uk/vol1/fastq/ERR357/000/ERR3574290/ERR3574290_1.fastq.gz;ftp.sra.ebi.ac.uk/vol1/fastq/ERR357/000/ERR3574290/ERR3574290_2.fastq.gz,ftp.sra.ebi.ac.uk/vol1/run/ERR357/ERR3574290/WTCHG_551514_282116.bam,,WTCHG_551514_282116,WIT-UP-100-WIN
ERR3574291,ERZ2272524,SAMEA5989477,PRJEB45055,SEQUENCE_ASSEMBLY,749907,sediment metagenome,ftp.sra.ebi.ac.uk/vol1/ERZ227/ERZ2272524/ERR3574291.fasta.gz,PRJEB34634,ERX3572529,ftp.sra.ebi.ac.uk/vol1/fastq/ERR357/001/ERR3574291/ERR3574291_1.fastq.gz;ftp.sra.ebi.ac.uk/vol1/fastq/ERR357/001/ERR3574291/ERR3574291_2.fastq.gz,ftp.sra.ebi.ac.uk/vol1/run/ERR357/ERR3574291/WTCHG_551515_282116.bam,,WTCHG_551515_282116,WIT-UP-100-WIN
ERR3574292,ERZ2271645,SAMEA5989477,PRJEB45055,SEQUENCE_ASSEMBLY,749907,sediment metagenome,ftp.sra.ebi.ac.uk/vol1/ERZ227/ERZ2271645/ERR3574292.fasta.gz,PRJEB34634,ERX3572530,ftp.sra.ebi.ac.uk/vol1/fastq/ERR357/002/ERR3574292/ERR3574292_1.fastq.gz;ftp.sra.ebi.ac.uk/vol1/fastq/ERR357/002/ERR3574292/ERR3574292_2.fastq.gz,ftp.sra.ebi.ac.uk/vol1/run/ERR357/ERR3574292/WTCHG_554367_282116.bam,,WTCHG_554367_282116,WIT-UP-100-WIN
ERR3574293,ERZ2272020,SAMEA5989477,PRJEB45055,SEQUENCE_ASSEMBLY,749907,sediment metagenome,ftp.sra.ebi.ac.uk/vol1/ERZ227/ERZ2272020/ERR3574293.fasta.gz,PRJEB34634,ERX3572531,ftp.sra.ebi.ac.uk/vol1/fastq/ERR357/003/ERR3574293/ERR3574293_1.fastq.gz;ftp.sra.ebi.ac.uk/vol1/fastq/ERR357/003/ERR3574293/ERR3574293_2.fastq.gz,ftp.sra.ebi.ac.uk/vol1/run/ERR357/ERR3574293/WTCHG_554366_282116.bam,,WTCHG_554366_282116,WIT-UP-100-WIN
ERR3574294,ERZ2272557,SAMEA5989477,PRJEB45055,SEQUENCE_ASSEMBLY,749907,sediment metagenome,ftp.sra.ebi.ac.uk/vol1/ERZ227/ERZ2272557/ERR3574294.fasta.gz,PRJEB34634,ERX3572532,ftp.sra.ebi.ac.uk/vol1/fastq/ERR357/004/ERR3574294/ERR3574294_1.fastq.gz;ftp.sra.ebi.ac.uk/vol1/fastq/ERR357/004/ERR3574294/ERR3574294_2.fastq.gz,ftp.sra.ebi.ac.uk/vol1/run/ERR357/ERR3574294/WTCHG_555215_282116.bam,,WTCHG_555215_282116,WIT-UP-100-WIN
ERR3574295,ERZ2270649,SAMEA5989477,PRJEB45055,SEQUENCE_ASSEMBLY,749907,sediment metagenome,ftp.sra.ebi.ac.uk/vol1/ERZ227/ERZ2270649/ERR3574295.fasta.gz,PRJEB34634,ERX3572533,ftp.sra.ebi.ac.uk/vol1/fastq/ERR357/005/ERR3574295/ERR3574295_1.fastq.gz;ftp.sra.ebi.ac.uk/vol1/fastq/ERR357/005/ERR3574295/ERR3574295_2.fastq.gz,ftp.sra.ebi.ac.uk/vol1/run/ERR357/ERR3574295/WTCHG_555221_282116.bam,,WTCHG_555221_282116,WIT-UP-100-WIN
ERR3574296,ERZ2272724,SAMEA5989477,PRJEB45055,SEQUENCE_ASSEMBLY,749907,sediment metagenome,ftp.sra.ebi.ac.uk/vol1/ERZ227/ERZ2272724/ERR3574296.fasta.gz,PRJEB34634,ERX3572534,ftp.sra.ebi.ac.uk/vol1/fastq/ERR357/006/ERR3574296/ERR3574296_1.fastq.gz;ftp.sra.ebi.ac.uk/vol1/fastq/ERR357/006/ERR3574296/ERR3574296_2.fastq.gz,ftp.sra.ebi.ac.uk/vol1/run/ERR357/ERR3574296/WTCHG_555220_282116.bam,,WTCHG_555220_282116,WIT-UP-100-WIN
ERR3574297,ERZ2272085,SAMEA5989477,PRJEB45055,SEQUENCE_ASSEMBLY,749907,sediment metagenome,ftp.sra.ebi.ac.uk/vol1/ERZ227/ERZ2272085/ERR3574297.fasta.gz,PRJEB34634,ERX3572535,ftp.sra.ebi.ac.uk/vol1/fastq/ERR357/007/ERR3574297/ERR3574297_1.fastq.gz;ftp.sra.ebi.ac.uk/vol1/fastq/ERR357/007/ERR3574297/ERR3574297_2.fastq.gz,ftp.sra.ebi.ac.uk/vol1/run/ERR357/ERR3574297/WTCHG_555217_282116.bam,,WTCHG_555217_282116,WIT-UP-100-WIN
ERR3574298,ERZ2272138,SAMEA5989477,PRJEB45055,SEQUENCE_ASSEMBLY,749907,sediment metagenome,ftp.sra.ebi.ac.uk/vol1/ERZ227/ERZ2272138/ERR3574298.fasta.gz,PRJEB34634,ERX3572536,ftp.sra.ebi.ac.uk/vol1/fastq/ERR357/008/ERR3574298/ERR3574298_1.fastq.gz;ftp.sra.ebi.ac.uk/vol1/fastq/ERR357/008/ERR3574298/ERR3574298_2.fastq.gz,ftp.sra.ebi.ac.uk/vol1/run/ERR357/ERR3574298/WTCHG_555216_282116.bam,,WTCHG_555216_282116,WIT-UP-100-WIN
ERR3574299,ERZ2272716,SAMEA5989477,PRJEB45055,SEQUENCE_ASSEMBLY,749907,sediment metagenome,ftp.sra.ebi.ac.uk/vol1/ERZ227/ERZ2272716/ERR3574299.fasta.gz,PRJEB34634,ERX3572537,ftp.sra.ebi.ac.uk/vol1/fastq/ERR357/009/ERR3574299/ERR3574299_1.fastq.gz;ftp.sra.ebi.ac.uk/vol1/fastq/ERR357/009/ERR3574299/ERR3574299_2.fastq.gz,ftp.sra.ebi.ac.uk/vol1/run/ERR357/ERR3574299/WTCHG_555219_282116.bam,,WTCHG_555219_282116,WIT-UP-100-WIN
ERR3574300,ERZ2227504,SAMEA5989477,PRJEB45055,SEQUENCE_ASSEMBLY,749907,sediment metagenome,ftp.sra.ebi.ac.uk/vol1/ERZ222/ERZ2227504/ERR3574300.fasta.gz,PRJEB34634,ERX3572538,ftp.sra.ebi.ac.uk/vol1/fastq/ERR357/000/ERR3574300/ERR3574300_1.fastq.gz;ftp.sra.ebi.ac.uk/vol1/fastq/ERR357/000/ERR3574300/ERR3574300_2.fastq.gz,ftp.sra.ebi.ac.uk/vol1/run/ERR357/ERR3574300/WTCHG_555214_282116.bam,,WTCHG_555214_282116,WIT-UP-100-WIN
ERR3574301,ERZ2271082,SAMEA5989477,PRJEB45055,SEQUENCE_ASSEMBLY,749907,sediment metagenome,ftp.sra.ebi.ac.uk/vol1/ERZ227/ERZ2271082/ERR3574301.fasta.gz,PRJEB34634,ERX3572539,ftp.sra.ebi.ac.uk/vol1/fastq/ERR357/001/ERR3574301/ERR3574301_1.fastq.gz;ftp.sra.ebi.ac.uk/vol1/fastq/ERR357/001/ERR3574301/ERR3574301_2.fastq.gz,ftp.sra.ebi.ac.uk/vol1/run/ERR357/ERR3574301/WTCHG_555218_282116.bam,,WTCHG_555218_282116,WIT-UP-100-WIN
ERR3574302,ERZ2271585,SAMEA5989477,PRJEB45055,SEQUENCE_ASSEMBLY,749907,sediment metagenome,ftp.sra.ebi.ac.uk/vol1/ERZ227/ERZ2271585/ERR3574302.fasta.gz,PRJEB34634,ERX3572540,ftp.sra.ebi.ac.uk/vol1/fastq/ERR357/002/ERR3574302/ERR3574302_1.fastq.gz;ftp.sra.ebi.ac.uk/vol1/fastq/ERR357/002/ERR3574302/ERR3574302_2.fastq.gz,ftp.sra.ebi.ac.uk/vol1/run/ERR357/ERR3574302/WTCHG_559241_282116.bam,,WTCHG_559241_282116,WIT-UP-100-WIN
ERR3574303,ERZ2272123,SAMEA5989477,PRJEB45055,SEQUENCE_ASSEMBLY,749907,sediment metagenome,ftp.sra.ebi.ac.uk/vol1/ERZ227/ERZ2272123/ERR3574303.fasta.gz,PRJEB34634,ERX3572541,ftp.sra.ebi.ac.uk/vol1/fastq/ERR357/003/ERR3574303/ERR3574303_1.fastq.gz;ftp.sra.ebi.ac.uk/vol1/fastq/ERR357/003/ERR3574303/ERR3574303_2.fastq.gz,ftp.sra.ebi.ac.uk/vol1/run/ERR357/ERR3574303/WTCHG_559244_282116.bam,,WTCHG_559244_282116,WIT-UP-100-WIN
ERR3574304,ERZ2271630,SAMEA5989477,PRJEB45055,SEQUENCE_ASSEMBLY,749907,sediment metagenome,ftp.sra.ebi.ac.uk/vol1/ERZ227/ERZ2271630/ERR3574304.fasta.gz,PRJEB34634,ERX3572542,ftp.sra.ebi.ac.uk/vol1/fastq/ERR357/004/ERR3574304/ERR3574304_1.fastq.gz;ftp.sra.ebi.ac.uk/vol1/fastq/ERR357/004/ERR3574304/ERR3574304_2.fastq.gz,ftp.sra.ebi.ac.uk/vol1/run/ERR357/ERR3574304/WTCHG_559243_282116.bam,,WTCHG_559243_282116,WIT-UP-100-WIN
ERR3574305,ERZ2227959,SAMEA5989477,PRJEB45055,SEQUENCE_ASSEMBLY,749907,sediment metagenome,ftp.sra.ebi.ac.uk/vol1/ERZ222/ERZ2227959/ERR3574305.fasta.gz,PRJEB34634,ERX3572543,ftp.sra.ebi.ac.uk/vol1/fastq/ERR357/005/ERR3574305/ERR3574305_1.fastq.gz;ftp.sra.ebi.ac.uk/vol1/fastq/ERR357/005/ERR3574305/ERR3574305_2.fastq.gz,ftp.sra.ebi.ac.uk/vol1/run/ERR357/ERR3574305/WTCHG_559242_282116.bam,,WTCHG_559242_282116,WIT-UP-100-WIN
ERR3574306,ERZ2272130,SAMEA5989477,PRJEB45055,SEQUENCE_ASSEMBLY,749907,sediment metagenome,ftp.sra.ebi.ac.uk/vol1/ERZ227/ERZ2272130/ERR3574306.fasta.gz,PRJEB34634,ERX3572544,ftp.sra.ebi.ac.uk/vol1/fastq/ERR357/006/ERR3574306/ERR3574306_1.fastq.gz;ftp.sra.ebi.ac.uk/vol1/fastq/ERR357/006/ERR3574306/ERR3574306_2.fastq.gz,ftp.sra.ebi.ac.uk/vol1/run/ERR357/ERR3574306/WTCHG_559240_282116.bam,,WTCHG_559240_282116,WIT-UP-100-WIN