study_accession,sample_accession,experiment_accession,run_accession,tax_id,scientific_name,fastq_ftp,submitted_ftp,sra_ftp,bam_match,samplename
PRJEB34634,SAMEA5989477,ERX3571085,ERR3572847,749907,sediment metagenome,ftp.sra.ebi.ac.uk/vol1/fastq/ERR357/007/ERR3572847/ERR3572847_1.fastq.gz;ftp.sra.ebi.ac.uk/vol1/fastq/ERR357/007/ERR3572847/ERR3572847_2.fastq.gz,ftp.sra.ebi.ac.uk/vol1/run/ERR357/ERR3572847/WTCHG_670348_242184.bam,,WTCHG_670348_242184,DID-DW-100-AUT
PRJEB34634,SAMEA5989477,ERX3571086,ERR3572848,749907,sediment metagenome,ftp.sra.ebi.ac.uk/vol1/fastq/ERR357/008/ERR3572848/ERR3572848_1.fastq.gz;ftp.sra.ebi.ac.uk/vol1/fastq/ERR357/008/ERR3572848/ERR3572848_2.fastq.gz,ftp.sra.ebi.ac.uk/vol1/run/ERR357/ERR3572848/WTCHG_670345_242184.bam,,WTCHG_670345_242184,DID-DW-100-AUT
PRJEB34634,SAMEA5989477,ERX3571087,ERR3572849,749907,sediment metagenome,ftp.sra.ebi.ac.uk/vol1/fastq/ERR357/009/ERR3572849/ERR3572849_1.fastq.gz;ftp.sra.ebi.ac.uk/vol1/fastq/ERR357/009/ERR3572849/ERR3572849_2.fastq.gz,ftp.sra.ebi.ac.uk/vol1/run/ERR357/ERR3572849/WTCHG_670346_242184.bam,,WTCHG_670346_242184,DID-DW-100-AUT
PRJEB34634,SAMEA5989477,ERX3571088,ERR3572850,749907,sediment metagenome,ftp.sra.ebi.ac.uk/vol1/fastq/ERR357/000/ERR3572850/ERR3572850_1.fastq.gz;ftp.sra.ebi.ac.uk/vol1/fastq/ERR357/000/ERR3572850/ERR3572850_2.fastq.gz,ftp.sra.ebi.ac.uk/vol1/run/ERR357/ERR3572850/WTCHG_670349_242184.bam,,WTCHG_670349_242184,DID-DW-100-AUT
PRJEB34634,SAMEA5989477,ERX3571089,ERR3572851,749907,sediment metagenome,ftp.sra.ebi.ac.uk/vol1/fastq/ERR357/001/ERR3572851/ERR3572851_1.fastq.gz;ftp.sra.ebi.ac.uk/vol1/fastq/ERR357/001/ERR3572851/ERR3572851_2.fastq.gz,ftp.sra.ebi.ac.uk/vol1/run/ERR357/ERR3572851/WTCHG_670344_242184.bam,,WTCHG_670344_242184,DID-DW-100-AUT
PRJEB34634,SAMEA5989477,ERX3571090,ERR3572852,749907,sediment metagenome,ftp.sra.ebi.ac.uk/vol1/fastq/ERR357/002/ERR3572852/ERR3572852_1.fastq.gz;ftp.sra.ebi.ac.uk/vol1/fastq/ERR357/002/ERR3572852/ERR3572852_2.fastq.gz,ftp.sra.ebi.ac.uk/vol1/run/ERR357/ERR3572852/WTCHG_670347_242184.bam,,WTCHG_670347_242184,DID-DW-100-AUT
PRJEB34634,SAMEA5989477,ERX3571091,ERR3572853,749907,sediment metagenome,ftp.sra.ebi.ac.uk/vol1/fastq/ERR357/003/ERR3572853/ERR3572853_1.fastq.gz;ftp.sra.ebi.ac.uk/vol1/fastq/ERR357/003/ERR3572853/ERR3572853_2.fastq.gz,ftp.sra.ebi.ac.uk/vol1/run/ERR357/ERR3572853/WTCHG_664453_242184.bam,,WTCHG_664453_242184,DID-DW-100-AUT
PRJEB34634,SAMEA5989477,ERX3571092,ERR3572854,749907,sediment metagenome,ftp.sra.ebi.ac.uk/vol1/fastq/ERR357/004/ERR3572854/ERR3572854_1.fastq.gz;ftp.sra.ebi.ac.uk/vol1/fastq/ERR357/004/ERR3572854/ERR3572854_2.fastq.gz,ftp.sra.ebi.ac.uk/vol1/run/ERR357/ERR3572854/WTCHG_670349_252159.bam,,WTCHG_670349_252159,DID-DW-100-SUM
PRJEB34634,SAMEA5989477,ERX3571093,ERR3572855,749907,sediment metagenome,ftp.sra.ebi.ac.uk/vol1/fastq/ERR357/005/ERR3572855/ERR3572855_1.fastq.gz;ftp.sra.ebi.ac.uk/vol1/fastq/ERR357/005/ERR3572855/ERR3572855_2.fastq.gz,ftp.sra.ebi.ac.uk/vol1/run/ERR357/ERR3572855/WTCHG_670344_252159.bam,,WTCHG_670344_252159,DID-DW-100-SUM
PRJEB34634,SAMEA5989477,ERX3571094,ERR3572856,749907,sediment metagenome,ftp.sra.ebi.ac.uk/vol1/fastq/ERR357/006/ERR3572856/ERR3572856_1.fastq.gz;ftp.sra.ebi.ac.uk/vol1/fastq/ERR357/006/ERR3572856/ERR3572856_2.fastq.gz,ftp.sra.ebi.ac.uk/vol1/run/ERR357/ERR3572856/WTCHG_670347_252159.bam,,WTCHG_670347_252159,DID-DW-100-SUM
PRJEB34634,SAMEA5989477,ERX3571095,ERR3572857,749907,sediment metagenome,ftp.sra.ebi.ac.uk/vol1/fastq/ERR357/007/ERR3572857/ERR3572857_1.fastq.gz;ftp.sra.ebi.ac.uk/vol1/fastq/ERR357/007/ERR3572857/ERR3572857_2.fastq.gz,ftp.sra.ebi.ac.uk/vol1/run/ERR357/ERR3572857/WTCHG_670345_252159.bam,,WTCHG_670345_252159,DID-DW-100-SUM
PRJEB34634,SAMEA5989477,ERX3571096,ERR3572858,749907,sediment metagenome,ftp.sra.ebi.ac.uk/vol1/fastq/ERR357/008/ERR3572858/ERR3572858_1.fastq.gz;ftp.sra.ebi.ac.uk/vol1/fastq/ERR357/008/ERR3572858/ERR3572858_2.fastq.gz,ftp.sra.ebi.ac.uk/vol1/run/ERR357/ERR3572858/WTCHG_670346_252159.bam,,WTCHG_670346_252159,DID-DW-100-SUM
PRJEB34634,SAMEA5989477,ERX3571097,ERR3572859,749907,sediment metagenome,ftp.sra.ebi.ac.uk/vol1/fastq/ERR357/009/ERR3572859/ERR3572859_1.fastq.gz;ftp.sra.ebi.ac.uk/vol1/fastq/ERR357/009/ERR3572859/ERR3572859_2.fastq.gz,ftp.sra.ebi.ac.uk/vol1/run/ERR357/ERR3572859/WTCHG_670348_252159.bam,,WTCHG_670348_252159,DID-DW-100-SUM
PRJEB34634,SAMEA5989477,ERX3571098,ERR3572860,749907,sediment metagenome,ftp.sra.ebi.ac.uk/vol1/fastq/ERR357/000/ERR3572860/ERR3572860_1.fastq.gz;ftp.sra.ebi.ac.uk/vol1/fastq/ERR357/000/ERR3572860/ERR3572860_2.fastq.gz,ftp.sra.ebi.ac.uk/vol1/run/ERR357/ERR3572860/WTCHG_664453_252159.bam,,WTCHG_664453_252159,DID-DW-100-SUM
PRJEB34634,SAMEA5989477,ERX3571099,ERR3572861,749907,sediment metagenome,ftp.sra.ebi.ac.uk/vol1/fastq/ERR357/001/ERR3572861/ERR3572861_1.fastq.gz;ftp.sra.ebi.ac.uk/vol1/fastq/ERR357/001/ERR3572861/ERR3572861_2.fastq.gz,ftp.sra.ebi.ac.uk/vol1/run/ERR357/ERR3572861/WTCHG_670345_247124.bam,,WTCHG_670345_247124,DID-DW-100-WIN
PRJEB34634,SAMEA5989477,ERX3571100,ERR3572862,749907,sediment metagenome,ftp.sra.ebi.ac.uk/vol1/fastq/ERR357/002/ERR3572862/ERR3572862_1.fastq.gz;ftp.sra.ebi.ac.uk/vol1/fastq/ERR357/002/ERR3572862/ERR3572862_2.fastq.gz,ftp.sra.ebi.ac.uk/vol1/run/ERR357/ERR3572862/WTCHG_670348_247124.bam,,WTCHG_670348_247124,DID-DW-100-WIN
PRJEB34634,SAMEA5989477,ERX3571101,ERR3572863,749907,sediment metagenome,ftp.sra.ebi.ac.uk/vol1/fastq/ERR357/003/ERR3572863/ERR3572863_1.fastq.gz;ftp.sra.ebi.ac.uk/vol1/fastq/ERR357/003/ERR3572863/ERR3572863_2.fastq.gz,ftp.sra.ebi.ac.uk/vol1/run/ERR357/ERR3572863/WTCHG_670347_247124.bam,,WTCHG_670347_247124,DID-DW-100-WIN
PRJEB34634,SAMEA5989477,ERX3571102,ERR3572864,749907,sediment metagenome,ftp.sra.ebi.ac.uk/vol1/fastq/ERR357/004/ERR3572864/ERR3572864_1.fastq.gz;ftp.sra.ebi.ac.uk/vol1/fastq/ERR357/004/ERR3572864/ERR3572864_2.fastq.gz,ftp.sra.ebi.ac.uk/vol1/run/ERR357/ERR3572864/WTCHG_670346_247124.bam,,WTCHG_670346_247124,DID-DW-100-WIN
PRJEB34634,SAMEA5989477,ERX3571103,ERR3572865,749907,sediment metagenome,ftp.sra.ebi.ac.uk/vol1/fastq/ERR357/005/ERR3572865/ERR3572865_1.fastq.gz;ftp.sra.ebi.ac.uk/vol1/fastq/ERR357/005/ERR3572865/ERR3572865_2.fastq.gz,ftp.sra.ebi.ac.uk/vol1/run/ERR357/ERR3572865/WTCHG_670349_247124.bam,,WTCHG_670349_247124,DID-DW-100-WIN
PRJEB34634,SAMEA5989477,ERX3571104,ERR3572866,749907,sediment metagenome,ftp.sra.ebi.ac.uk/vol1/fastq/ERR357/006/ERR3572866/ERR3572866_1.fastq.gz;ftp.sra.ebi.ac.uk/vol1/fastq/ERR357/006/ERR3572866/ERR3572866_2.fastq.gz,ftp.sra.ebi.ac.uk/vol1/run/ERR357/ERR3572866/WTCHG_670344_247124.bam,,WTCHG_670344_247124,DID-DW-100-WIN
PRJEB34634,SAMEA5989477,ERX3571105,ERR3572867,749907,sediment metagenome,ftp.sra.ebi.ac.uk/vol1/fastq/ERR357/007/ERR3572867/ERR3572867_1.fastq.gz;ftp.sra.ebi.ac.uk/vol1/fastq/ERR357/007/ERR3572867/ERR3572867_2.fastq.gz,ftp.sra.ebi.ac.uk/vol1/run/ERR357/ERR3572867/WTCHG_664453_247124.bam,,WTCHG_664453_247124,DID-DW-100-WIN
PRJEB34634,SAMEA5989477,ERX3571106,ERR3572868,749907,sediment metagenome,ftp.sra.ebi.ac.uk/vol1/fastq/ERR357/008/ERR3572868/ERR3572868_1.fastq.gz;ftp.sra.ebi.ac.uk/vol1/fastq/ERR357/008/ERR3572868/ERR3572868_2.fastq.gz,ftp.sra.ebi.ac.uk/vol1/run/ERR357/ERR3572868/WTCHG_670348_245148.bam,,WTCHG_670348_245148,DID-DW-1000-AUT
PRJEB34634,SAMEA5989477,ERX3571107,ERR3572869,749907,sediment metagenome,ftp.sra.ebi.ac.uk/vol1/fastq/ERR357/009/ERR3572869/ERR3572869_1.fastq.gz;ftp.sra.ebi.ac.uk/vol1/fastq/ERR357/009/ERR3572869/ERR3572869_2.fastq.gz,ftp.sra.ebi.ac.uk/vol1/run/ERR357/ERR3572869/WTCHG_670349_245148.bam,,WTCHG_670349_245148,DID-DW-1000-AUT
PRJEB34634,SAMEA5989477,ERX3571108,ERR3572870,749907,sediment metagenome,ftp.sra.ebi.ac.uk/vol1/fastq/ERR357/000/ERR3572870/ERR3572870_1.fastq.gz;ftp.sra.ebi.ac.uk/vol1/fastq/ERR357/000/ERR3572870/ERR3572870_2.fastq.gz,ftp.sra.ebi.ac.uk/vol1/run/ERR357/ERR3572870/WTCHG_670345_245148.bam,,WTCHG_670345_245148,DID-DW-1000-AUT
PRJEB34634,SAMEA5989477,ERX3571109,ERR3572871,749907,sediment metagenome,ftp.sra.ebi.ac.uk/vol1/fastq/ERR357/001/ERR3572871/ERR3572871_1.fastq.gz;ftp.sra.ebi.ac.uk/vol1/fastq/ERR357/001/ERR3572871/ERR3572871_2.fastq.gz,ftp.sra.ebi.ac.uk/vol1/run/ERR357/ERR3572871/WTCHG_670347_245148.bam,,WTCHG_670347_245148,DID-DW-1000-AUT
PRJEB34634,SAMEA5989477,ERX3571110,ERR3572872,749907,sediment metagenome,ftp.sra.ebi.ac.uk/vol1/fastq/ERR357/002/ERR3572872/ERR3572872_1.fastq.gz;ftp.sra.ebi.ac.uk/vol1/fastq/ERR357/002/ERR3572872/ERR3572872_2.fastq.gz,ftp.sra.ebi.ac.uk/vol1/run/ERR357/ERR3572872/WTCHG_670346_245148.bam,,WTCHG_670346_245148,DID-DW-1000-AUT
PRJEB34634,SAMEA5989477,ERX3571111,ERR3572873,749907,sediment metagenome,ftp.sra.ebi.ac.uk/vol1/fastq/ERR357/003/ERR3572873/ERR3572873_1.fastq.gz;ftp.sra.ebi.ac.uk/vol1/fastq/ERR357/003/ERR3572873/ERR3572873_2.fastq.gz,ftp.sra.ebi.ac.uk/vol1/run/ERR357/ERR3572873/WTCHG_670344_245148.bam,,WTCHG_670344_245148,DID-DW-1000-AUT
PRJEB34634,SAMEA5989477,ERX3571112,ERR3572874,749907,sediment metagenome,ftp.sra.ebi.ac.uk/vol1/fastq/ERR357/004/ERR3572874/ERR3572874_1.fastq.gz;ftp.sra.ebi.ac.uk/vol1/fastq/ERR357/004/ERR3572874/ERR3572874_2.fastq.gz,ftp.sra.ebi.ac.uk/vol1/run/ERR357/ERR3572874/WTCHG_664453_245148.bam,,WTCHG_664453_245148,DID-DW-1000-AUT
PRJEB34634,SAMEA5989477,ERX3571113,ERR3572875,749907,sediment metagenome,ftp.sra.ebi.ac.uk/vol1/fastq/ERR357/005/ERR3572875/ERR3572875_1.fastq.gz;ftp.sra.ebi.ac.uk/vol1/fastq/ERR357/005/ERR3572875/ERR3572875_2.fastq.gz,ftp.sra.ebi.ac.uk/vol1/run/ERR357/ERR3572875/WTCHG_670348_255123.bam,,WTCHG_670348_255123,DID-DW-1000-SUM
PRJEB34634,SAMEA5989477,ERX3571114,ERR3572876,749907,sediment metagenome,ftp.sra.ebi.ac.uk/vol1/fastq/ERR357/006/ERR3572876/ERR3572876_1.fastq.gz;ftp.sra.ebi.ac.uk/vol1/fastq/ERR357/006/ERR3572876/ERR3572876_2.fastq.gz,ftp.sra.ebi.ac.uk/vol1/run/ERR357/ERR3572876/WTCHG_670346_255123.bam,,WTCHG_670346_255123,DID-DW-1000-SUM
PRJEB34634,SAMEA5989477,ERX3571115,ERR3572877,749907,sediment metagenome,ftp.sra.ebi.ac.uk/vol1/fastq/ERR357/007/ERR3572877/ERR3572877_1.fastq.gz;ftp.sra.ebi.ac.uk/vol1/fastq/ERR357/007/ERR3572877/ERR3572877_2.fastq.gz,ftp.sra.ebi.ac.uk/vol1/run/ERR357/ERR3572877/WTCHG_670349_255123.bam,,WTCHG_670349_255123,DID-DW-1000-SUM
PRJEB34634,SAMEA5989477,ERX3571116,ERR3572878,749907,sediment metagenome,ftp.sra.ebi.ac.uk/vol1/fastq/ERR357/008/ERR3572878/ERR3572878_1.fastq.gz;ftp.sra.ebi.ac.uk/vol1/fastq/ERR357/008/ERR3572878/ERR3572878_2.fastq.gz,ftp.sra.ebi.ac.uk/vol1/run/ERR357/ERR3572878/WTCHG_670347_255123.bam,,WTCHG_670347_255123,DID-DW-1000-SUM
PRJEB34634,SAMEA5989477,ERX3571117,ERR3572879,749907,sediment metagenome,ftp.sra.ebi.ac.uk/vol1/fastq/ERR357/009/ERR3572879/ERR3572879_1.fastq.gz;ftp.sra.ebi.ac.uk/vol1/fastq/ERR357/009/ERR3572879/ERR3572879_2.fastq.gz,ftp.sra.ebi.ac.uk/vol1/run/ERR357/ERR3572879/WTCHG_670345_255123.bam,,WTCHG_670345_255123,DID-DW-1000-SUM
PRJEB34634,SAMEA5989477,ERX3571118,ERR3572880,749907,sediment metagenome,ftp.sra.ebi.ac.uk/vol1/fastq/ERR357/000/ERR3572880/ERR3572880_1.fastq.gz;ftp.sra.ebi.ac.uk/vol1/fastq/ERR357/000/ERR3572880/ERR3572880_2.fastq.gz,ftp.sra.ebi.ac.uk/vol1/run/ERR357/ERR3572880/WTCHG_670344_255123.bam,,WTCHG_670344_255123,DID-DW-1000-SUM
PRJEB34634,SAMEA5989477,ERX3571119,ERR3572881,749907,sediment metagenome,ftp.sra.ebi.ac.uk/vol1/fastq/ERR357/001/ERR3572881/ERR3572881_1.fastq.gz;ftp.sra.ebi.ac.uk/vol1/fastq/ERR357/001/ERR3572881/ERR3572881_2.fastq.gz,ftp.sra.ebi.ac.uk/vol1/run/ERR357/ERR3572881/WTCHG_664453_255123.bam,,WTCHG_664453_255123,DID-DW-1000-SUM
PRJEB34634,SAMEA5989477,ERX3571120,ERR3572882,749907,sediment metagenome,ftp.sra.ebi.ac.uk/vol1/fastq/ERR357/002/ERR3572882/ERR3572882_1.fastq.gz;ftp.sra.ebi.ac.uk/vol1/fastq/ERR357/002/ERR3572882/ERR3572882_2.fastq.gz,ftp.sra.ebi.ac.uk/vol1/run/ERR357/ERR3572882/WTCHG_670348_250183.bam,,WTCHG_670348_250183,DID-DW-1000-WIN
PRJEB34634,SAMEA5989477,ERX3571121,ERR3572883,749907,sediment metagenome,ftp.sra.ebi.ac.uk/vol1/fastq/ERR357/003/ERR3572883/ERR3572883_1.fastq.gz;ftp.sra.ebi.ac.uk/vol1/fastq/ERR357/003/ERR3572883/ERR3572883_2.fastq.gz,ftp.sra.ebi.ac.uk/vol1/run/ERR357/ERR3572883/WTCHG_670347_250183.bam,,WTCHG_670347_250183,DID-DW-1000-WIN
PRJEB34634,SAMEA5989477,ERX3571122,ERR3572884,749907,sediment metagenome,ftp.sra.ebi.ac.uk/vol1/fastq/ERR357/004/ERR3572884/ERR3572884_1.fastq.gz;ftp.sra.ebi.ac.uk/vol1/fastq/ERR357/004/ERR3572884/ERR3572884_2.fastq.gz,ftp.sra.ebi.ac.uk/vol1/run/ERR357/ERR3572884/WTCHG_670349_250183.bam,,WTCHG_670349_250183,DID-DW-1000-WIN
PRJEB34634,SAMEA5989477,ERX3571123,ERR3572885,749907,sediment metagenome,ftp.sra.ebi.ac.uk/vol1/fastq/ERR357/005/ERR3572885/ERR3572885_1.fastq.gz;ftp.sra.ebi.ac.uk/vol1/fastq/ERR357/005/ERR3572885/ERR3572885_2.fastq.gz,ftp.sra.ebi.ac.uk/vol1/run/ERR357/ERR3572885/WTCHG_670346_250183.bam,,WTCHG_670346_250183,DID-DW-1000-WIN
PRJEB34634,SAMEA5989477,ERX3571124,ERR3572886,749907,sediment metagenome,ftp.sra.ebi.ac.uk/vol1/fastq/ERR357/006/ERR3572886/ERR3572886_1.fastq.gz;ftp.sra.ebi.ac.uk/vol1/fastq/ERR357/006/ERR3572886/ERR3572886_2.fastq.gz,ftp.sra.ebi.ac.uk/vol1/run/ERR357/ERR3572886/WTCHG_670344_250183.bam,,WTCHG_670344_250183,DID-DW-1000-WIN
PRJEB34634,SAMEA5989477,ERX3571125,ERR3572887,749907,sediment metagenome,ftp.sra.ebi.ac.uk/vol1/fastq/ERR357/007/ERR3572887/ERR3572887_1.fastq.gz;ftp.sra.ebi.ac.uk/vol1/fastq/ERR357/007/ERR3572887/ERR3572887_2.fastq.gz,ftp.sra.ebi.ac.uk/vol1/run/ERR357/ERR3572887/WTCHG_670345_250183.bam,,WTCHG_670345_250183,DID-DW-1000-WIN
PRJEB34634,SAMEA5989477,ERX3571126,ERR3572888,749907,sediment metagenome,ftp.sra.ebi.ac.uk/vol1/fastq/ERR357/008/ERR3572888/ERR3572888_1.fastq.gz;ftp.sra.ebi.ac.uk/vol1/fastq/ERR357/008/ERR3572888/ERR3572888_2.fastq.gz,ftp.sra.ebi.ac.uk/vol1/run/ERR357/ERR3572888/WTCHG_664453_250183.bam,,WTCHG_664453_250183,DID-DW-1000-WIN
PRJEB34634,SAMEA5989477,ERX3571127,ERR3572889,749907,sediment metagenome,ftp.sra.ebi.ac.uk/vol1/fastq/ERR357/009/ERR3572889/ERR3572889_1.fastq.gz;ftp.sra.ebi.ac.uk/vol1/fastq/ERR357/009/ERR3572889/ERR3572889_2.fastq.gz,ftp.sra.ebi.ac.uk/vol1/run/ERR357/ERR3572889/WTCHG_670347_243172.bam,,WTCHG_670347_243172,DID-DW-250-AUT
PRJEB34634,SAMEA5989477,ERX3571128,ERR3572890,749907,sediment metagenome,ftp.sra.ebi.ac.uk/vol1/fastq/ERR357/000/ERR3572890/ERR3572890_1.fastq.gz;ftp.sra.ebi.ac.uk/vol1/fastq/ERR357/000/ERR3572890/ERR3572890_2.fastq.gz,ftp.sra.ebi.ac.uk/vol1/run/ERR357/ERR3572890/WTCHG_670344_243172.bam,,WTCHG_670344_243172,DID-DW-250-AUT
PRJEB34634,SAMEA5989477,ERX3571129,ERR3572891,749907,sediment metagenome,ftp.sra.ebi.ac.uk/vol1/fastq/ERR357/001/ERR3572891/ERR3572891_1.fastq.gz;ftp.sra.ebi.ac.uk/vol1/fastq/ERR357/001/ERR3572891/ERR3572891_2.fastq.gz,ftp.sra.ebi.ac.uk/vol1/run/ERR357/ERR3572891/WTCHG_670345_243172.bam,,WTCHG_670345_243172,DID-DW-250-AUT
PRJEB34634,SAMEA5989477,ERX3571130,ERR3572892,749907,sediment metagenome,ftp.sra.ebi.ac.uk/vol1/fastq/ERR357/002/ERR3572892/ERR3572892_1.fastq.gz;ftp.sra.ebi.ac.uk/vol1/fastq/ERR357/002/ERR3572892/ERR3572892_2.fastq.gz,ftp.sra.ebi.ac.uk/vol1/run/ERR357/ERR3572892/WTCHG_670348_243172.bam,,WTCHG_670348_243172,DID-DW-250-AUT
PRJEB34634,SAMEA5989477,ERX3571131,ERR3572893,749907,sediment metagenome,ftp.sra.ebi.ac.uk/vol1/fastq/ERR357/003/ERR3572893/ERR3572893_1.fastq.gz;ftp.sra.ebi.ac.uk/vol1/fastq/ERR357/003/ERR3572893/ERR3572893_2.fastq.gz,ftp.sra.ebi.ac.uk/vol1/run/ERR357/ERR3572893/WTCHG_670349_243172.bam,,WTCHG_670349_243172,DID-DW-250-AUT
PRJEB34634,SAMEA5989477,ERX3571132,ERR3572894,749907,sediment metagenome,ftp.sra.ebi.ac.uk/vol1/fastq/ERR357/004/ERR3572894/ERR3572894_1.fastq.gz;ftp.sra.ebi.ac.uk/vol1/fastq/ERR357/004/ERR3572894/ERR3572894_2.fastq.gz,ftp.sra.ebi.ac.uk/vol1/run/ERR357/ERR3572894/WTCHG_670346_243172.bam,,WTCHG_670346_243172,DID-DW-250-AUT
PRJEB34634,SAMEA5989477,ERX3571133,ERR3572895,749907,sediment metagenome,ftp.sra.ebi.ac.uk/vol1/fastq/ERR357/005/ERR3572895/ERR3572895_1.fastq.gz;ftp.sra.ebi.ac.uk/vol1/fastq/ERR357/005/ERR3572895/ERR3572895_2.fastq.gz,ftp.sra.ebi.ac.uk/vol1/run/ERR357/ERR3572895/WTCHG_664453_243172.bam,,WTCHG_664453_243172,DID-DW-250-AUT
PRJEB34634,SAMEA5989477,ERX3571134,ERR3572896,749907,sediment metagenome,ftp.sra.ebi.ac.uk/vol1/fastq/ERR357/006/ERR3572896/ERR3572896_1.fastq.gz;ftp.sra.ebi.ac.uk/vol1/fastq/ERR357/006/ERR3572896/ERR3572896_2.fastq.gz,ftp.sra.ebi.ac.uk/vol1/run/ERR357/ERR3572896/WTCHG_670346_253147.bam,,WTCHG_670346_253147,DID-DW-250-SUM
PRJEB34634,SAMEA5989477,ERX3571135,ERR3572897,749907,sediment metagenome,ftp.sra.ebi.ac.uk/vol1/fastq/ERR357/007/ERR3572897/ERR3572897_1.fastq.gz;ftp.sra.ebi.ac.uk/vol1/fastq/ERR357/007/ERR3572897/ERR3572897_2.fastq.gz,ftp.sra.ebi.ac.uk/vol1/run/ERR357/ERR3572897/WTCHG_670349_253147.bam,,WTCHG_670349_253147,DID-DW-250-SUM
PRJEB34634,SAMEA5989477,ERX3571136,ERR3572898,749907,sediment metagenome,ftp.sra.ebi.ac.uk/vol1/fastq/ERR357/008/ERR3572898/ERR3572898_1.fastq.gz;ftp.sra.ebi.ac.uk/vol1/fastq/ERR357/008/ERR3572898/ERR3572898_2.fastq.gz,ftp.sra.ebi.ac.uk/vol1/run/ERR357/ERR3572898/WTCHG_670347_253147.bam,,WTCHG_670347_253147,DID-DW-250-SUM
PRJEB34634,SAMEA5989477,ERX3571137,ERR3572899,749907,sediment metagenome,ftp.sra.ebi.ac.uk/vol1/fastq/ERR357/009/ERR3572899/ERR3572899_1.fastq.gz;ftp.sra.ebi.ac.uk/vol1/fastq/ERR357/009/ERR3572899/ERR3572899_2.fastq.gz,ftp.sra.ebi.ac.uk/vol1/run/ERR357/ERR3572899/WTCHG_670348_253147.bam,,WTCHG_670348_253147,DID-DW-250-SUM
PRJEB34634,SAMEA5989477,ERX3571138,ERR3572900,749907,sediment metagenome,ftp.sra.ebi.ac.uk/vol1/fastq/ERR357/000/ERR3572900/ERR3572900_1.fastq.gz;ftp.sra.ebi.ac.uk/vol1/fastq/ERR357/000/ERR3572900/ERR3572900_2.fastq.gz,ftp.sra.ebi.ac.uk/vol1/run/ERR357/ERR3572900/WTCHG_670345_253147.bam,,WTCHG_670345_253147,DID-DW-250-SUM
PRJEB34634,SAMEA5989477,ERX3571139,ERR3572901,749907,sediment metagenome,ftp.sra.ebi.ac.uk/vol1/fastq/ERR357/001/ERR3572901/ERR3572901_1.fastq.gz;ftp.sra.ebi.ac.uk/vol1/fastq/ERR357/001/ERR3572901/ERR3572901_2.fastq.gz,ftp.sra.ebi.ac.uk/vol1/run/ERR357/ERR3572901/WTCHG_670344_253147.bam,,WTCHG_670344_253147,DID-DW-250-SUM
PRJEB34634,SAMEA5989477,ERX3571140,ERR3572902,749907,sediment metagenome,ftp.sra.ebi.ac.uk/vol1/fastq/ERR357/002/ERR3572902/ERR3572902_1.fastq.gz;ftp.sra.ebi.ac.uk/vol1/fastq/ERR357/002/ERR3572902/ERR3572902_2.fastq.gz,ftp.sra.ebi.ac.uk/vol1/run/ERR357/ERR3572902/WTCHG_664453_253147.bam,,WTCHG_664453_253147,DID-DW-250-SUM
PRJEB34634,SAMEA5989477,ERX3571141,ERR3572903,749907,sediment metagenome,ftp.sra.ebi.ac.uk/vol1/fastq/ERR357/003/ERR3572903/ERR3572903_1.fastq.gz;ftp.sra.ebi.ac.uk/vol1/fastq/ERR357/003/ERR3572903/ERR3572903_2.fastq.gz,ftp.sra.ebi.ac.uk/vol1/run/ERR357/ERR3572903/WTCHG_670347_248112.bam,,WTCHG_670347_248112,DID-DW-250-WIN
PRJEB34634,SAMEA5989477,ERX3571142,ERR3572904,749907,sediment metagenome,ftp.sra.ebi.ac.uk/vol1/fastq/ERR357/004/ERR3572904/ERR3572904_1.fastq.gz;ftp.sra.ebi.ac.uk/vol1/fastq/ERR357/004/ERR3572904/ERR3572904_2.fastq.gz,ftp.sra.ebi.ac.uk/vol1/run/ERR357/ERR3572904/WTCHG_670346_248112.bam,,WTCHG_670346_248112,DID-DW-250-WIN
PRJEB34634,SAMEA5989477,ERX3571143,ERR3572905,749907,sediment metagenome,ftp.sra.ebi.ac.uk/vol1/fastq/ERR357/005/ERR3572905/ERR3572905_1.fastq.gz;ftp.sra.ebi.ac.uk/vol1/fastq/ERR357/005/ERR3572905/ERR3572905_2.fastq.gz,ftp.sra.ebi.ac.uk/vol1/run/ERR357/ERR3572905/WTCHG_670345_248112.bam,,WTCHG_670345_248112,DID-DW-250-WIN
PRJEB34634,SAMEA5989477,ERX3571144,ERR3572906,749907,sediment metagenome,ftp.sra.ebi.ac.uk/vol1/fastq/ERR357/006/ERR3572906/ERR3572906_1.fastq.gz;ftp.sra.ebi.ac.uk/vol1/fastq/ERR357/006/ERR3572906/ERR3572906_2.fastq.gz,ftp.sra.ebi.ac.uk/vol1/run/ERR357/ERR3572906/WTCHG_670348_248112.bam,,WTCHG_670348_248112,DID-DW-250-WIN
PRJEB34634,SAMEA5989477,ERX3571145,ERR3572907,749907,sediment metagenome,ftp.sra.ebi.ac.uk/vol1/fastq/ERR357/007/ERR3572907/ERR3572907_1.fastq.gz;ftp.sra.ebi.ac.uk/vol1/fastq/ERR357/007/ERR3572907/ERR3572907_2.fastq.gz,ftp.sra.ebi.ac.uk/vol1/run/ERR357/ERR3572907/WTCHG_670349_248112.bam,,WTCHG_670349_248112,DID-DW-250-WIN
PRJEB34634,SAMEA5989477,ERX3571146,ERR3572908,749907,sediment metagenome,ftp.sra.ebi.ac.uk/vol1/fastq/ERR357/008/ERR3572908/ERR3572908_1.fastq.gz;ftp.sra.ebi.ac.uk/vol1/fastq/ERR357/008/ERR3572908/ERR3572908_2.fastq.gz,ftp.sra.ebi.ac.uk/vol1/run/ERR357/ERR3572908/WTCHG_670344_248112.bam,,WTCHG_670344_248112,DID-DW-250-WIN
PRJEB34634,SAMEA5989477,ERX3571147,ERR3572909,749907,sediment metagenome,ftp.sra.ebi.ac.uk/vol1/fastq/ERR357/009/ERR3572909/ERR3572909_1.fastq.gz;ftp.sra.ebi.ac.uk/vol1/fastq/ERR357/009/ERR3572909/ERR3572909_2.fastq.gz,ftp.sra.ebi.ac.uk/vol1/run/ERR357/ERR3572909/WTCHG_664453_248112.bam,,WTCHG_664453_248112,DID-DW-250-WIN
PRJEB34634,SAMEA5989477,ERX3571148,ERR3572910,749907,sediment metagenome,ftp.sra.ebi.ac.uk/vol1/fastq/ERR357/000/ERR3572910/ERR3572910_1.fastq.gz;ftp.sra.ebi.ac.uk/vol1/fastq/ERR357/000/ERR3572910/ERR3572910_2.fastq.gz,ftp.sra.ebi.ac.uk/vol1/run/ERR357/ERR3572910/WTCHG_670348_244160.bam,,WTCHG_670348_244160,DID-DW-500-AUT
PRJEB34634,SAMEA5989477,ERX3571149,ERR3572911,749907,sediment metagenome,ftp.sra.ebi.ac.uk/vol1/fastq/ERR357/001/ERR3572911/ERR3572911_1.fastq.gz;ftp.sra.ebi.ac.uk/vol1/fastq/ERR357/001/ERR3572911/ERR3572911_2.fastq.gz,ftp.sra.ebi.ac.uk/vol1/run/ERR357/ERR3572911/WTCHG_670344_244160.bam,,WTCHG_670344_244160,DID-DW-500-AUT
PRJEB34634,SAMEA5989477,ERX3571150,ERR3572912,749907,sediment metagenome,ftp.sra.ebi.ac.uk/vol1/fastq/ERR357/002/ERR3572912/ERR3572912_1.fastq.gz;ftp.sra.ebi.ac.uk/vol1/fastq/ERR357/002/ERR3572912/ERR3572912_2.fastq.gz,ftp.sra.ebi.ac.uk/vol1/run/ERR357/ERR3572912/WTCHG_670347_244160.bam,,WTCHG_670347_244160,DID-DW-500-AUT
PRJEB34634,SAMEA5989477,ERX3571151,ERR3572913,749907,sediment metagenome,ftp.sra.ebi.ac.uk/vol1/fastq/ERR357/003/ERR3572913/ERR3572913_1.fastq.gz;ftp.sra.ebi.ac.uk/vol1/fastq/ERR357/003/ERR3572913/ERR3572913_2.fastq.gz,ftp.sra.ebi.ac.uk/vol1/run/ERR357/ERR3572913/WTCHG_670346_244160.bam,,WTCHG_670346_244160,DID-DW-500-AUT
PRJEB34634,SAMEA5989477,ERX3571152,ERR3572914,749907,sediment metagenome,ftp.sra.ebi.ac.uk/vol1/fastq/ERR357/004/ERR3572914/ERR3572914_1.fastq.gz;ftp.sra.ebi.ac.uk/vol1/fastq/ERR357/004/ERR3572914/ERR3572914_2.fastq.gz,ftp.sra.ebi.ac.uk/vol1/run/ERR357/ERR3572914/WTCHG_670345_244160.bam,,WTCHG_670345_244160,DID-DW-500-AUT
PRJEB34634,SAMEA5989477,ERX3571153,ERR3572915,749907,sediment metagenome,ftp.sra.ebi.ac.uk/vol1/fastq/ERR357/005/ERR3572915/ERR3572915_1.fastq.gz;ftp.sra.ebi.ac.uk/vol1/fastq/ERR357/005/ERR3572915/ERR3572915_2.fastq.gz,ftp.sra.ebi.ac.uk/vol1/run/ERR357/ERR3572915/WTCHG_670349_244160.bam,,WTCHG_670349_244160,DID-DW-500-AUT
PRJEB34634,SAMEA5989477,ERX3571154,ERR3572916,749907,sediment metagenome,ftp.sra.ebi.ac.uk/vol1/fastq/ERR357/006/ERR3572916/ERR3572916_1.fastq.gz;ftp.sra.ebi.ac.uk/vol1/fastq/ERR357/006/ERR3572916/ERR3572916_2.fastq.gz,ftp.sra.ebi.ac.uk/vol1/run/ERR357/ERR3572916/WTCHG_664453_244160.bam,,WTCHG_664453_244160,DID-DW-500-AUT
PRJEB34634,SAMEA5989477,ERX3571155,ERR3572917,749907,sediment metagenome,ftp.sra.ebi.ac.uk/vol1/fastq/ERR357/007/ERR3572917/ERR3572917_1.fastq.gz;ftp.sra.ebi.ac.uk/vol1/fastq/ERR357/007/ERR3572917/ERR3572917_2.fastq.gz,ftp.sra.ebi.ac.uk/vol1/run/ERR357/ERR3572917/WTCHG_670348_254135.bam,,WTCHG_670348_254135,DID-DW-500-SUM
PRJEB34634,SAMEA5989477,ERX3571156,ERR3572918,749907,sediment metagenome,ftp.sra.ebi.ac.uk/vol1/fastq/ERR357/008/ERR3572918/ERR3572918_1.fastq.gz;ftp.sra.ebi.ac.uk/vol1/fastq/ERR357/008/ERR3572918/ERR3572918_2.fastq.gz,ftp.sra.ebi.ac.uk/vol1/run/ERR357/ERR3572918/WTCHG_670349_254135.bam,,WTCHG_670349_254135,DID-DW-500-SUM
PRJEB34634,SAMEA5989477,ERX3571157,ERR3572919,749907,sediment metagenome,ftp.sra.ebi.ac.uk/vol1/fastq/ERR357/009/ERR3572919/ERR3572919_1.fastq.gz;ftp.sra.ebi.ac.uk/vol1/fastq/ERR357/009/ERR3572919/ERR3572919_2.fastq.gz,ftp.sra.ebi.ac.uk/vol1/run/ERR357/ERR3572919/WTCHG_670346_254135.bam,,WTCHG_670346_254135,DID-DW-500-SUM
PRJEB34634,SAMEA5989477,ERX3571158,ERR3572920,749907,sediment metagenome,ftp.sra.ebi.ac.uk/vol1/fastq/ERR357/000/ERR3572920/ERR3572920_1.fastq.gz;ftp.sra.ebi.ac.uk/vol1/fastq/ERR357/000/ERR3572920/ERR3572920_2.fastq.gz,ftp.sra.ebi.ac.uk/vol1/run/ERR357/ERR3572920/WTCHG_670344_254135.bam,,WTCHG_670344_254135,DID-DW-500-SUM
PRJEB34634,SAMEA5989477,ERX3571159,ERR3572921,749907,sediment metagenome,ftp.sra.ebi.ac.uk/vol1/fastq/ERR357/001/ERR3572921/ERR3572921_1.fastq.gz;ftp.sra.ebi.ac.uk/vol1/fastq/ERR357/001/ERR3572921/ERR3572921_2.fastq.gz,ftp.sra.ebi.ac.uk/vol1/run/ERR357/ERR3572921/WTCHG_670347_254135.bam,,WTCHG_670347_254135,DID-DW-500-SUM
PRJEB34634,SAMEA5989477,ERX3571160,ERR3572922,749907,sediment metagenome,ftp.sra.ebi.ac.uk/vol1/fastq/ERR357/002/ERR3572922/ERR3572922_1.fastq.gz;ftp.sra.ebi.ac.uk/vol1/fastq/ERR357/002/ERR3572922/ERR3572922_2.fastq.gz,ftp.sra.ebi.ac.uk/vol1/run/ERR357/ERR3572922/WTCHG_670345_254135.bam,,WTCHG_670345_254135,DID-DW-500-SUM
PRJEB34634,SAMEA5989477,ERX3571161,ERR3572923,749907,sediment metagenome,ftp.sra.ebi.ac.uk/vol1/fastq/ERR357/003/ERR3572923/ERR3572923_1.fastq.gz;ftp.sra.ebi.ac.uk/vol1/fastq/ERR357/003/ERR3572923/ERR3572923_2.fastq.gz,ftp.sra.ebi.ac.uk/vol1/run/ERR357/ERR3572923/WTCHG_664453_254135.bam,,WTCHG_664453_254135,DID-DW-500-SUM
PRJEB34634,SAMEA5989477,ERX3571162,ERR3572924,749907,sediment metagenome,ftp.sra.ebi.ac.uk/vol1/fastq/ERR357/004/ERR3572924/ERR3572924_1.fastq.gz;ftp.sra.ebi.ac.uk/vol1/fastq/ERR357/004/ERR3572924/ERR3572924_2.fastq.gz,ftp.sra.ebi.ac.uk/vol1/run/ERR357/ERR3572924/WTCHG_670345_249195.bam,,WTCHG_670345_249195,DID-DW-500-WIN
PRJEB34634,SAMEA5989477,ERX3571163,ERR3572925,749907,sediment metagenome,ftp.sra.ebi.ac.uk/vol1/fastq/ERR357/005/ERR3572925/ERR3572925_1.fastq.gz;ftp.sra.ebi.ac.uk/vol1/fastq/ERR357/005/ERR3572925/ERR3572925_2.fastq.gz,ftp.sra.ebi.ac.uk/vol1/run/ERR357/ERR3572925/WTCHG_670346_249195.bam,,WTCHG_670346_249195,DID-DW-500-WIN
PRJEB34634,SAMEA5989477,ERX3571164,ERR3572926,749907,sediment metagenome,ftp.sra.ebi.ac.uk/vol1/fastq/ERR357/006/ERR3572926/ERR3572926_1.fastq.gz;ftp.sra.ebi.ac.uk/vol1/fastq/ERR357/006/ERR3572926/ERR3572926_2.fastq.gz,ftp.sra.ebi.ac.uk/vol1/run/ERR357/ERR3572926/WTCHG_670348_249195.bam,,WTCHG_670348_249195,DID-DW-500-WIN
PRJEB34634,SAMEA5989477,ERX3571165,ERR3572927,749907,sediment metagenome,ftp.sra.ebi.ac.uk/vol1/fastq/ERR357/007/ERR3572927/ERR3572927_1.fastq.gz;ftp.sra.ebi.ac.uk/vol1/fastq/ERR357/007/ERR3572927/ERR3572927_2.fastq.gz,ftp.sra.ebi.ac.uk/vol1/run/ERR357/ERR3572927/WTCHG_670347_249195.bam,,WTCHG_670347_249195,DID-DW-500-WIN
PRJEB34634,SAMEA5989477,ERX3571166,ERR3572928,749907,sediment metagenome,ftp.sra.ebi.ac.uk/vol1/fastq/ERR357/008/ERR3572928/ERR3572928_1.fastq.gz;ftp.sra.ebi.ac.uk/vol1/fastq/ERR357/008/ERR3572928/ERR3572928_2.fastq.gz,ftp.sra.ebi.ac.uk/vol1/run/ERR357/ERR3572928/WTCHG_670349_249195.bam,,WTCHG_670349_249195,DID-DW-500-WIN
PRJEB34634,SAMEA5989477,ERX3571167,ERR3572929,749907,sediment metagenome,ftp.sra.ebi.ac.uk/vol1/fastq/ERR357/009/ERR3572929/ERR3572929_1.fastq.gz;ftp.sra.ebi.ac.uk/vol1/fastq/ERR357/009/ERR3572929/ERR3572929_2.fastq.gz,ftp.sra.ebi.ac.uk/vol1/run/ERR357/ERR3572929/WTCHG_670344_249195.bam,,WTCHG_670344_249195,DID-DW-500-WIN
PRJEB34634,SAMEA5989477,ERX3571168,ERR3572930,749907,sediment metagenome,ftp.sra.ebi.ac.uk/vol1/fastq/ERR357/000/ERR3572930/ERR3572930_1.fastq.gz;ftp.sra.ebi.ac.uk/vol1/fastq/ERR357/000/ERR3572930/ERR3572930_2.fastq.gz,ftp.sra.ebi.ac.uk/vol1/run/ERR357/ERR3572930/WTCHG_664453_249195.bam,,WTCHG_664453_249195,DID-DW-500-WIN
PRJEB34634,SAMEA5989477,ERX3571169,ERR3572931,749907,sediment metagenome,ftp.sra.ebi.ac.uk/vol1/fastq/ERR357/001/ERR3572931/ERR3572931_1.fastq.gz;ftp.sra.ebi.ac.uk/vol1/fastq/ERR357/001/ERR3572931/ERR3572931_2.fastq.gz,ftp.sra.ebi.ac.uk/vol1/run/ERR357/ERR3572931/WTCHG_550636_210119.bam,,WTCHG_550636_210119,DID-EFF-AUT
PRJEB34634,SAMEA5989477,ERX3571170,ERR3572932,749907,sediment metagenome,ftp.sra.ebi.ac.uk/vol1/fastq/ERR357/002/ERR3572932/ERR3572932_1.fastq.gz;ftp.sra.ebi.ac.uk/vol1/fastq/ERR357/002/ERR3572932/ERR3572932_2.fastq.gz,ftp.sra.ebi.ac.uk/vol1/run/ERR357/ERR3572932/WTCHG_551515_210119.bam,,WTCHG_551515_210119,DID-EFF-AUT
PRJEB34634,SAMEA5989477,ERX3571171,ERR3572933,749907,sediment metagenome,ftp.sra.ebi.ac.uk/vol1/fastq/ERR357/003/ERR3572933/ERR3572933_1.fastq.gz;ftp.sra.ebi.ac.uk/vol1/fastq/ERR357/003/ERR3572933/ERR3572933_2.fastq.gz,ftp.sra.ebi.ac.uk/vol1/run/ERR357/ERR3572933/WTCHG_551514_210119.bam,,WTCHG_551514_210119,DID-EFF-AUT
PRJEB34634,SAMEA5989477,ERX3571172,ERR3572934,749907,sediment metagenome,ftp.sra.ebi.ac.uk/vol1/fastq/ERR357/004/ERR3572934/ERR3572934_1.fastq.gz;ftp.sra.ebi.ac.uk/vol1/fastq/ERR357/004/ERR3572934/ERR3572934_2.fastq.gz,ftp.sra.ebi.ac.uk/vol1/run/ERR357/ERR3572934/WTCHG_554366_210119.bam,,WTCHG_554366_210119,DID-EFF-AUT
PRJEB34634,SAMEA5989477,ERX3571173,ERR3572935,749907,sediment metagenome,ftp.sra.ebi.ac.uk/vol1/fastq/ERR357/005/ERR3572935/ERR3572935_1.fastq.gz;ftp.sra.ebi.ac.uk/vol1/fastq/ERR357/005/ERR3572935/ERR3572935_2.fastq.gz,ftp.sra.ebi.ac.uk/vol1/run/ERR357/ERR3572935/WTCHG_554367_210119.bam,,WTCHG_554367_210119,DID-EFF-AUT
PRJEB34634,SAMEA5989477,ERX3571174,ERR3572936,749907,sediment metagenome,ftp.sra.ebi.ac.uk/vol1/fastq/ERR357/006/ERR3572936/ERR3572936_1.fastq.gz;ftp.sra.ebi.ac.uk/vol1/fastq/ERR357/006/ERR3572936/ERR3572936_2.fastq.gz,ftp.sra.ebi.ac.uk/vol1/run/ERR357/ERR3572936/WTCHG_555217_210119.bam,,WTCHG_555217_210119,DID-EFF-AUT
PRJEB34634,SAMEA5989477,ERX3571175,ERR3572937,749907,sediment metagenome,ftp.sra.ebi.ac.uk/vol1/fastq/ERR357/007/ERR3572937/ERR3572937_1.fastq.gz;ftp.sra.ebi.ac.uk/vol1/fastq/ERR357/007/ERR3572937/ERR3572937_2.fastq.gz,ftp.sra.ebi.ac.uk/vol1/run/ERR357/ERR3572937/WTCHG_555216_210119.bam,,WTCHG_555216_210119,DID-EFF-AUT
PRJEB34634,SAMEA5989477,ERX3571176,ERR3572938,749907,sediment metagenome,ftp.sra.ebi.ac.uk/vol1/fastq/ERR357/008/ERR3572938/ERR3572938_1.fastq.gz;ftp.sra.ebi.ac.uk/vol1/fastq/ERR357/008/ERR3572938/ERR3572938_2.fastq.gz,ftp.sra.ebi.ac.uk/vol1/run/ERR357/ERR3572938/WTCHG_555215_210119.bam,,WTCHG_555215_210119,DID-EFF-AUT
PRJEB34634,SAMEA5989477,ERX3571177,ERR3572939,749907,sediment metagenome,ftp.sra.ebi.ac.uk/vol1/fastq/ERR357/009/ERR3572939/ERR3572939_1.fastq.gz;ftp.sra.ebi.ac.uk/vol1/fastq/ERR357/009/ERR3572939/ERR3572939_2.fastq.gz,ftp.sra.ebi.ac.uk/vol1/run/ERR357/ERR3572939/WTCHG_555220_210119.bam,,WTCHG_555220_210119,DID-EFF-AUT
PRJEB34634,SAMEA5989477,ERX3571178,ERR3572940,749907,sediment metagenome,ftp.sra.ebi.ac.uk/vol1/fastq/ERR357/000/ERR3572940/ERR3572940_1.fastq.gz;ftp.sra.ebi.ac.uk/vol1/fastq/ERR357/000/ERR3572940/ERR3572940_2.fastq.gz,ftp.sra.ebi.ac.uk/vol1/run/ERR357/ERR3572940/WTCHG_555218_210119.bam,,WTCHG_555218_210119,DID-EFF-AUT
PRJEB34634,SAMEA5989477,ERX3571179,ERR3572941,749907,sediment metagenome,ftp.sra.ebi.ac.uk/vol1/fastq/ERR357/001/ERR3572941/ERR3572941_1.fastq.gz;ftp.sra.ebi.ac.uk/vol1/fastq/ERR357/001/ERR3572941/ERR3572941_2.fastq.gz,ftp.sra.ebi.ac.uk/vol1/run/ERR357/ERR3572941/WTCHG_555214_210119.bam,,WTCHG_555214_210119,DID-EFF-AUT
PRJEB34634,SAMEA5989477,ERX3571180,ERR3572942,749907,sediment metagenome,ftp.sra.ebi.ac.uk/vol1/fastq/ERR357/002/ERR3572942/ERR3572942_1.fastq.gz;ftp.sra.ebi.ac.uk/vol1/fastq/ERR357/002/ERR3572942/ERR3572942_2.fastq.gz,ftp.sra.ebi.ac.uk/vol1/run/ERR357/ERR3572942/WTCHG_555221_210119.bam,,WTCHG_555221_210119,DID-EFF-AUT
PRJEB34634,SAMEA5989477,ERX3571181,ERR3572943,749907,sediment metagenome,ftp.sra.ebi.ac.uk/vol1/fastq/ERR357/003/ERR3572943/ERR3572943_1.fastq.gz;ftp.sra.ebi.ac.uk/vol1/fastq/ERR357/003/ERR3572943/ERR3572943_2.fastq.gz,ftp.sra.ebi.ac.uk/vol1/run/ERR357/ERR3572943/WTCHG_555219_210119.bam,,WTCHG_555219_210119,DID-EFF-AUT
PRJEB34634,SAMEA5989477,ERX3571182,ERR3572944,749907,sediment metagenome,ftp.sra.ebi.ac.uk/vol1/fastq/ERR357/004/ERR3572944/ERR3572944_1.fastq.gz;ftp.sra.ebi.ac.uk/vol1/fastq/ERR357/004/ERR3572944/ERR3572944_2.fastq.gz,ftp.sra.ebi.ac.uk/vol1/run/ERR357/ERR3572944/WTCHG_559243_210119.bam,,WTCHG_559243_210119,DID-EFF-AUT
PRJEB34634,SAMEA5989477,ERX3571183,ERR3572945,749907,sediment metagenome,ftp.sra.ebi.ac.uk/vol1/fastq/ERR357/005/ERR3572945/ERR3572945_1.fastq.gz;ftp.sra.ebi.ac.uk/vol1/fastq/ERR357/005/ERR3572945/ERR3572945_2.fastq.gz,ftp.sra.ebi.ac.uk/vol1/run/ERR357/ERR3572945/WTCHG_559242_210119.bam,,WTCHG_559242_210119,DID-EFF-AUT
PRJEB34634,SAMEA5989477,ERX3571184,ERR3572946,749907,sediment metagenome,ftp.sra.ebi.ac.uk/vol1/fastq/ERR357/006/ERR3572946/ERR3572946_1.fastq.gz;ftp.sra.ebi.ac.uk/vol1/fastq/ERR357/006/ERR3572946/ERR3572946_2.fastq.gz,ftp.sra.ebi.ac.uk/vol1/run/ERR357/ERR3572946/WTCHG_559240_210119.bam,,WTCHG_559240_210119,DID-EFF-AUT
PRJEB34634,SAMEA5989477,ERX3571185,ERR3572947,749907,sediment metagenome,ftp.sra.ebi.ac.uk/vol1/fastq/ERR357/007/ERR3572947/ERR3572947_1.fastq.gz;ftp.sra.ebi.ac.uk/vol1/fastq/ERR357/007/ERR3572947/ERR3572947_2.fastq.gz,ftp.sra.ebi.ac.uk/vol1/run/ERR357/ERR3572947/WTCHG_559244_210119.bam,,WTCHG_559244_210119,DID-EFF-AUT
PRJEB34634,SAMEA5989477,ERX3571186,ERR3572948,749907,sediment metagenome,ftp.sra.ebi.ac.uk/vol1/fastq/ERR357/008/ERR3572948/ERR3572948_1.fastq.gz;ftp.sra.ebi.ac.uk/vol1/fastq/ERR357/008/ERR3572948/ERR3572948_2.fastq.gz,ftp.sra.ebi.ac.uk/vol1/run/ERR357/ERR3572948/WTCHG_559241_210119.bam,,WTCHG_559241_210119,DID-EFF-AUT
PRJEB34634,SAMEA5989477,ERX3571187,ERR3572949,749907,sediment metagenome,ftp.sra.ebi.ac.uk/vol1/fastq/ERR357/009/ERR3572949/ERR3572949_1.fastq.gz;ftp.sra.ebi.ac.uk/vol1/fastq/ERR357/009/ERR3572949/ERR3572949_2.fastq.gz,ftp.sra.ebi.ac.uk/vol1/run/ERR357/ERR3572949/WTCHG_455360_253148.bam,,WTCHG_455360_253148,DID-EFF-SUM
PRJEB34634,SAMEA5989477,ERX3571188,ERR3572950,749907,sediment metagenome,ftp.sra.ebi.ac.uk/vol1/fastq/ERR357/000/ERR3572950/ERR3572950_1.fastq.gz;ftp.sra.ebi.ac.uk/vol1/fastq/ERR357/000/ERR3572950/ERR3572950_2.fastq.gz,ftp.sra.ebi.ac.uk/vol1/run/ERR357/ERR3572950/WTCHG_456624_253148.bam,,WTCHG_456624_253148,DID-EFF-SUM
PRJEB34634,SAMEA5989477,ERX3571189,ERR3572951,749907,sediment metagenome,ftp.sra.ebi.ac.uk/vol1/fastq/ERR357/001/ERR3572951/ERR3572951_1.fastq.gz;ftp.sra.ebi.ac.uk/vol1/fastq/ERR357/001/ERR3572951/ERR3572951_2.fastq.gz,ftp.sra.ebi.ac.uk/vol1/run/ERR357/ERR3572951/WTCHG_457295_253148.bam,,WTCHG_457295_253148,DID-EFF-SUM
PRJEB34634,SAMEA5989477,ERX3571190,ERR3572952,749907,sediment metagenome,ftp.sra.ebi.ac.uk/vol1/fastq/ERR357/002/ERR3572952/ERR3572952_1.fastq.gz;ftp.sra.ebi.ac.uk/vol1/fastq/ERR357/002/ERR3572952/ERR3572952_2.fastq.gz,ftp.sra.ebi.ac.uk/vol1/run/ERR357/ERR3572952/WTCHG_457296_253148.bam,,WTCHG_457296_253148,DID-EFF-SUM
PRJEB34634,SAMEA5989477,ERX3571191,ERR3572953,749907,sediment metagenome,ftp.sra.ebi.ac.uk/vol1/fastq/ERR357/003/ERR3572953/ERR3572953_1.fastq.gz;ftp.sra.ebi.ac.uk/vol1/fastq/ERR357/003/ERR3572953/ERR3572953_2.fastq.gz,ftp.sra.ebi.ac.uk/vol1/run/ERR357/ERR3572953/WTCHG_457297_253148.bam,,WTCHG_457297_253148,DID-EFF-SUM
PRJEB34634,SAMEA5989477,ERX3571192,ERR3572954,749907,sediment metagenome,ftp.sra.ebi.ac.uk/vol1/fastq/ERR357/004/ERR3572954/ERR3572954_1.fastq.gz;ftp.sra.ebi.ac.uk/vol1/fastq/ERR357/004/ERR3572954/ERR3572954_2.fastq.gz,ftp.sra.ebi.ac.uk/vol1/run/ERR357/ERR3572954/WTCHG_457298_253148.bam,,WTCHG_457298_253148,DID-EFF-SUM
PRJEB34634,SAMEA5989477,ERX3571193,ERR3572955,749907,sediment metagenome,ftp.sra.ebi.ac.uk/vol1/fastq/ERR357/005/ERR3572955/ERR3572955_1.fastq.gz;ftp.sra.ebi.ac.uk/vol1/fastq/ERR357/005/ERR3572955/ERR3572955_2.fastq.gz,ftp.sra.ebi.ac.uk/vol1/run/ERR357/ERR3572955/WTCHG_457710_253148.bam,,WTCHG_457710_253148,DID-EFF-SUM
PRJEB34634,SAMEA5989477,ERX3571194,ERR3572956,749907,sediment metagenome,ftp.sra.ebi.ac.uk/vol1/fastq/ERR357/006/ERR3572956/ERR3572956_1.fastq.gz;ftp.sra.ebi.ac.uk/vol1/fastq/ERR357/006/ERR3572956/ERR3572956_2.fastq.gz,ftp.sra.ebi.ac.uk/vol1/run/ERR357/ERR3572956/WTCHG_457711_253148.bam,,WTCHG_457711_253148,DID-EFF-SUM
PRJEB34634,SAMEA5989477,ERX3571195,ERR3572957,749907,sediment metagenome,ftp.sra.ebi.ac.uk/vol1/fastq/ERR357/007/ERR3572957/ERR3572957_1.fastq.gz;ftp.sra.ebi.ac.uk/vol1/fastq/ERR357/007/ERR3572957/ERR3572957_2.fastq.gz,ftp.sra.ebi.ac.uk/vol1/run/ERR357/ERR3572957/WTCHG_457712_253148.bam,,WTCHG_457712_253148,DID-EFF-SUM
PRJEB34634,SAMEA5989477,ERX3571196,ERR3572958,749907,sediment metagenome,ftp.sra.ebi.ac.uk/vol1/fastq/ERR357/008/ERR3572958/ERR3572958_1.fastq.gz;ftp.sra.ebi.ac.uk/vol1/fastq/ERR357/008/ERR3572958/ERR3572958_2.fastq.gz,ftp.sra.ebi.ac.uk/vol1/run/ERR357/ERR3572958/WTCHG_457713_253148.bam,,WTCHG_457713_253148,DID-EFF-SUM
PRJEB34634,SAMEA5989477,ERX3571197,ERR3572959,749907,sediment metagenome,ftp.sra.ebi.ac.uk/vol1/fastq/ERR357/009/ERR3572959/ERR3572959_1.fastq.gz;ftp.sra.ebi.ac.uk/vol1/fastq/ERR357/009/ERR3572959/ERR3572959_2.fastq.gz,ftp.sra.ebi.ac.uk/vol1/run/ERR357/ERR3572959/WTCHG_457714_253148.bam,,WTCHG_457714_253148,DID-EFF-SUM
PRJEB34634,SAMEA5989477,ERX3571198,ERR3572960,749907,sediment metagenome,ftp.sra.ebi.ac.uk/vol1/fastq/ERR357/000/ERR3572960/ERR3572960_1.fastq.gz;ftp.sra.ebi.ac.uk/vol1/fastq/ERR357/000/ERR3572960/ERR3572960_2.fastq.gz,ftp.sra.ebi.ac.uk/vol1/run/ERR357/ERR3572960/WTCHG_461227_253148.bam,,WTCHG_461227_253148,DID-EFF-SUM
PRJEB34634,SAMEA5989477,ERX3571199,ERR3572961,749907,sediment metagenome,ftp.sra.ebi.ac.uk/vol1/fastq/ERR357/001/ERR3572961/ERR3572961_1.fastq.gz;ftp.sra.ebi.ac.uk/vol1/fastq/ERR357/001/ERR3572961/ERR3572961_2.fastq.gz,ftp.sra.ebi.ac.uk/vol1/run/ERR357/ERR3572961/WTCHG_461228_253148.bam,,WTCHG_461228_253148,DID-EFF-SUM
PRJEB34634,SAMEA5989477,ERX3571200,ERR3572962,749907,sediment metagenome,ftp.sra.ebi.ac.uk/vol1/fastq/ERR357/002/ERR3572962/ERR3572962_1.fastq.gz;ftp.sra.ebi.ac.uk/vol1/fastq/ERR357/002/ERR3572962/ERR3572962_2.fastq.gz,ftp.sra.ebi.ac.uk/vol1/run/ERR357/ERR3572962/WTCHG_455360_248196.bam,,WTCHG_455360_248196,DID-EFF-WIN
PRJEB34634,SAMEA5989477,ERX3571201,ERR3572963,749907,sediment metagenome,ftp.sra.ebi.ac.uk/vol1/fastq/ERR357/003/ERR3572963/ERR3572963_1.fastq.gz;ftp.sra.ebi.ac.uk/vol1/fastq/ERR357/003/ERR3572963/ERR3572963_2.fastq.gz,ftp.sra.ebi.ac.uk/vol1/run/ERR357/ERR3572963/WTCHG_456624_248196.bam,,WTCHG_456624_248196,DID-EFF-WIN
PRJEB34634,SAMEA5989477,ERX3571202,ERR3572964,749907,sediment metagenome,ftp.sra.ebi.ac.uk/vol1/fastq/ERR357/004/ERR3572964/ERR3572964_1.fastq.gz;ftp.sra.ebi.ac.uk/vol1/fastq/ERR357/004/ERR3572964/ERR3572964_2.fastq.gz,ftp.sra.ebi.ac.uk/vol1/run/ERR357/ERR3572964/WTCHG_457295_248196.bam,,WTCHG_457295_248196,DID-EFF-WIN
PRJEB34634,SAMEA5989477,ERX3571203,ERR3572965,749907,sediment metagenome,ftp.sra.ebi.ac.uk/vol1/fastq/ERR357/005/ERR3572965/ERR3572965_1.fastq.gz;ftp.sra.ebi.ac.uk/vol1/fastq/ERR357/005/ERR3572965/ERR3572965_2.fastq.gz,ftp.sra.ebi.ac.uk/vol1/run/ERR357/ERR3572965/WTCHG_457296_248196.bam,,WTCHG_457296_248196,DID-EFF-WIN
PRJEB34634,SAMEA5989477,ERX3571204,ERR3572966,749907,sediment metagenome,ftp.sra.ebi.ac.uk/vol1/fastq/ERR357/006/ERR3572966/ERR3572966_1.fastq.gz;ftp.sra.ebi.ac.uk/vol1/fastq/ERR357/006/ERR3572966/ERR3572966_2.fastq.gz,ftp.sra.ebi.ac.uk/vol1/run/ERR357/ERR3572966/WTCHG_457297_248196.bam,,WTCHG_457297_248196,DID-EFF-WIN
PRJEB34634,SAMEA5989477,ERX3571205,ERR3572967,749907,sediment metagenome,ftp.sra.ebi.ac.uk/vol1/fastq/ERR357/007/ERR3572967/ERR3572967_1.fastq.gz;ftp.sra.ebi.ac.uk/vol1/fastq/ERR357/007/ERR3572967/ERR3572967_2.fastq.gz,ftp.sra.ebi.ac.uk/vol1/run/ERR357/ERR3572967/WTCHG_457298_248196.bam,,WTCHG_457298_248196,DID-EFF-WIN
PRJEB34634,SAMEA5989477,ERX3571206,ERR3572968,749907,sediment metagenome,ftp.sra.ebi.ac.uk/vol1/fastq/ERR357/008/ERR3572968/ERR3572968_1.fastq.gz;ftp.sra.ebi.ac.uk/vol1/fastq/ERR357/008/ERR3572968/ERR3572968_2.fastq.gz,ftp.sra.ebi.ac.uk/vol1/run/ERR357/ERR3572968/WTCHG_457710_248196.bam,,WTCHG_457710_248196,DID-EFF-WIN
PRJEB34634,SAMEA5989477,ERX3571207,ERR3572969,749907,sediment metagenome,ftp.sra.ebi.ac.uk/vol1/fastq/ERR357/009/ERR3572969/ERR3572969_1.fastq.gz;ftp.sra.ebi.ac.uk/vol1/fastq/ERR357/009/ERR3572969/ERR3572969_2.fastq.gz,ftp.sra.ebi.ac.uk/vol1/run/ERR357/ERR3572969/WTCHG_457711_248196.bam,,WTCHG_457711_248196,DID-EFF-WIN
PRJEB34634,SAMEA5989477,ERX3571208,ERR3572970,749907,sediment metagenome,ftp.sra.ebi.ac.uk/vol1/fastq/ERR357/000/ERR3572970/ERR3572970_1.fastq.gz;ftp.sra.ebi.ac.uk/vol1/fastq/ERR357/000/ERR3572970/ERR3572970_2.fastq.gz,ftp.sra.ebi.ac.uk/vol1/run/ERR357/ERR3572970/WTCHG_457712_248196.bam,,WTCHG_457712_248196,DID-EFF-WIN
PRJEB34634,SAMEA5989477,ERX3571209,ERR3572971,749907,sediment metagenome,ftp.sra.ebi.ac.uk/vol1/fastq/ERR357/001/ERR3572971/ERR3572971_1.fastq.gz;ftp.sra.ebi.ac.uk/vol1/fastq/ERR357/001/ERR3572971/ERR3572971_2.fastq.gz,ftp.sra.ebi.ac.uk/vol1/run/ERR357/ERR3572971/WTCHG_457713_248196.bam,,WTCHG_457713_248196,DID-EFF-WIN
PRJEB34634,SAMEA5989477,ERX3571210,ERR3572972,749907,sediment metagenome,ftp.sra.ebi.ac.uk/vol1/fastq/ERR357/002/ERR3572972/ERR3572972_1.fastq.gz;ftp.sra.ebi.ac.uk/vol1/fastq/ERR357/002/ERR3572972/ERR3572972_2.fastq.gz,ftp.sra.ebi.ac.uk/vol1/run/ERR357/ERR3572972/WTCHG_457714_248196.bam,,WTCHG_457714_248196,DID-EFF-WIN
PRJEB34634,SAMEA5989477,ERX3571211,ERR3572973,749907,sediment metagenome,ftp.sra.ebi.ac.uk/vol1/fastq/ERR357/003/ERR3572973/ERR3572973_1.fastq.gz;ftp.sra.ebi.ac.uk/vol1/fastq/ERR357/003/ERR3572973/ERR3572973_2.fastq.gz,ftp.sra.ebi.ac.uk/vol1/run/ERR357/ERR3572973/WTCHG_461227_248196.bam,,WTCHG_461227_248196,DID-EFF-WIN
PRJEB34634,SAMEA5989477,ERX3571212,ERR3572974,749907,sediment metagenome,ftp.sra.ebi.ac.uk/vol1/fastq/ERR357/004/ERR3572974/ERR3572974_1.fastq.gz;ftp.sra.ebi.ac.uk/vol1/fastq/ERR357/004/ERR3572974/ERR3572974_2.fastq.gz,ftp.sra.ebi.ac.uk/vol1/run/ERR357/ERR3572974/WTCHG_461228_248196.bam,,WTCHG_461228_248196,DID-EFF-WIN
PRJEB34634,SAMEA5989477,ERX3571213,ERR3572975,749907,sediment metagenome,ftp.sra.ebi.ac.uk/vol1/fastq/ERR357/005/ERR3572975/ERR3572975_1.fastq.gz;ftp.sra.ebi.ac.uk/vol1/fastq/ERR357/005/ERR3572975/ERR3572975_2.fastq.gz,ftp.sra.ebi.ac.uk/vol1/run/ERR357/ERR3572975/WTCHG_550636_211131.bam,,WTCHG_550636_211131,DID-INF-AUT
PRJEB34634,SAMEA5989477,ERX3571214,ERR3572976,749907,sediment metagenome,ftp.sra.ebi.ac.uk/vol1/fastq/ERR357/006/ERR3572976/ERR3572976_1.fastq.gz;ftp.sra.ebi.ac.uk/vol1/fastq/ERR357/006/ERR3572976/ERR3572976_2.fastq.gz,ftp.sra.ebi.ac.uk/vol1/run/ERR357/ERR3572976/WTCHG_551515_211131.bam,,WTCHG_551515_211131,DID-INF-AUT
PRJEB34634,SAMEA5989477,ERX3571215,ERR3572977,749907,sediment metagenome,ftp.sra.ebi.ac.uk/vol1/fastq/ERR357/007/ERR3572977/ERR3572977_1.fastq.gz;ftp.sra.ebi.ac.uk/vol1/fastq/ERR357/007/ERR3572977/ERR3572977_2.fastq.gz,ftp.sra.ebi.ac.uk/vol1/run/ERR357/ERR3572977/WTCHG_551514_211131.bam,,WTCHG_551514_211131,DID-INF-AUT
PRJEB34634,SAMEA5989477,ERX3571216,ERR3572978,749907,sediment metagenome,ftp.sra.ebi.ac.uk/vol1/fastq/ERR357/008/ERR3572978/ERR3572978_1.fastq.gz;ftp.sra.ebi.ac.uk/vol1/fastq/ERR357/008/ERR3572978/ERR3572978_2.fastq.gz,ftp.sra.ebi.ac.uk/vol1/run/ERR357/ERR3572978/WTCHG_554366_211131.bam,,WTCHG_554366_211131,DID-INF-AUT
PRJEB34634,SAMEA5989477,ERX3571217,ERR3572979,749907,sediment metagenome,ftp.sra.ebi.ac.uk/vol1/fastq/ERR357/009/ERR3572979/ERR3572979_1.fastq.gz;ftp.sra.ebi.ac.uk/vol1/fastq/ERR357/009/ERR3572979/ERR3572979_2.fastq.gz,ftp.sra.ebi.ac.uk/vol1/run/ERR357/ERR3572979/WTCHG_554367_211131.bam,,WTCHG_554367_211131,DID-INF-AUT
PRJEB34634,SAMEA5989477,ERX3571218,ERR3572980,749907,sediment metagenome,ftp.sra.ebi.ac.uk/vol1/fastq/ERR357/000/ERR3572980/ERR3572980_1.fastq.gz;ftp.sra.ebi.ac.uk/vol1/fastq/ERR357/000/ERR3572980/ERR3572980_2.fastq.gz,ftp.sra.ebi.ac.uk/vol1/run/ERR357/ERR3572980/WTCHG_555218_211131.bam,,WTCHG_555218_211131,DID-INF-AUT
PRJEB34634,SAMEA5989477,ERX3571219,ERR3572981,749907,sediment metagenome,ftp.sra.ebi.ac.uk/vol1/fastq/ERR357/001/ERR3572981/ERR3572981_1.fastq.gz;ftp.sra.ebi.ac.uk/vol1/fastq/ERR357/001/ERR3572981/ERR3572981_2.fastq.gz,ftp.sra.ebi.ac.uk/vol1/run/ERR357/ERR3572981/WTCHG_555221_211131.bam,,WTCHG_555221_211131,DID-INF-AUT
PRJEB34634,SAMEA5989477,ERX3571220,ERR3572982,749907,sediment metagenome,ftp.sra.ebi.ac.uk/vol1/fastq/ERR357/002/ERR3572982/ERR3572982_1.fastq.gz;ftp.sra.ebi.ac.uk/vol1/fastq/ERR357/002/ERR3572982/ERR3572982_2.fastq.gz,ftp.sra.ebi.ac.uk/vol1/run/ERR357/ERR3572982/WTCHG_555214_211131.bam,,WTCHG_555214_211131,DID-INF-AUT
PRJEB34634,SAMEA5989477,ERX3571221,ERR3572983,749907,sediment metagenome,ftp.sra.ebi.ac.uk/vol1/fastq/ERR357/003/ERR3572983/ERR3572983_1.fastq.gz;ftp.sra.ebi.ac.uk/vol1/fastq/ERR357/003/ERR3572983/ERR3572983_2.fastq.gz,ftp.sra.ebi.ac.uk/vol1/run/ERR357/ERR3572983/WTCHG_555215_211131.bam,,WTCHG_555215_211131,DID-INF-AUT
PRJEB34634,SAMEA5989477,ERX3571222,ERR3572984,749907,sediment metagenome,ftp.sra.ebi.ac.uk/vol1/fastq/ERR357/004/ERR3572984/ERR3572984_1.fastq.gz;ftp.sra.ebi.ac.uk/vol1/fastq/ERR357/004/ERR3572984/ERR3572984_2.fastq.gz,ftp.sra.ebi.ac.uk/vol1/run/ERR357/ERR3572984/WTCHG_555217_211131.bam,,WTCHG_555217_211131,DID-INF-AUT
PRJEB34634,SAMEA5989477,ERX3571223,ERR3572985,749907,sediment metagenome,ftp.sra.ebi.ac.uk/vol1/fastq/ERR357/005/ERR3572985/ERR3572985_1.fastq.gz;ftp.sra.ebi.ac.uk/vol1/fastq/ERR357/005/ERR3572985/ERR3572985_2.fastq.gz,ftp.sra.ebi.ac.uk/vol1/run/ERR357/ERR3572985/WTCHG_555220_211131.bam,,WTCHG_555220_211131,DID-INF-AUT
PRJEB34634,SAMEA5989477,ERX3571224,ERR3572986,749907,sediment metagenome,ftp.sra.ebi.ac.uk/vol1/fastq/ERR357/006/ERR3572986/ERR3572986_1.fastq.gz;ftp.sra.ebi.ac.uk/vol1/fastq/ERR357/006/ERR3572986/ERR3572986_2.fastq.gz,ftp.sra.ebi.ac.uk/vol1/run/ERR357/ERR3572986/WTCHG_555216_211131.bam,,WTCHG_555216_211131,DID-INF-AUT
PRJEB34634,SAMEA5989477,ERX3571225,ERR3572987,749907,sediment metagenome,ftp.sra.ebi.ac.uk/vol1/fastq/ERR357/007/ERR3572987/ERR3572987_1.fastq.gz;ftp.sra.ebi.ac.uk/vol1/fastq/ERR357/007/ERR3572987/ERR3572987_2.fastq.gz,ftp.sra.ebi.ac.uk/vol1/run/ERR357/ERR3572987/WTCHG_555219_211131.bam,,WTCHG_555219_211131,DID-INF-AUT
PRJEB34634,SAMEA5989477,ERX3571226,ERR3572988,749907,sediment metagenome,ftp.sra.ebi.ac.uk/vol1/fastq/ERR357/008/ERR3572988/ERR3572988_1.fastq.gz;ftp.sra.ebi.ac.uk/vol1/fastq/ERR357/008/ERR3572988/ERR3572988_2.fastq.gz,ftp.sra.ebi.ac.uk/vol1/run/ERR357/ERR3572988/WTCHG_559242_211131.bam,,WTCHG_559242_211131,DID-INF-AUT
PRJEB34634,SAMEA5989477,ERX3571227,ERR3572989,749907,sediment metagenome,ftp.sra.ebi.ac.uk/vol1/fastq/ERR357/009/ERR3572989/ERR3572989_1.fastq.gz;ftp.sra.ebi.ac.uk/vol1/fastq/ERR357/009/ERR3572989/ERR3572989_2.fastq.gz,ftp.sra.ebi.ac.uk/vol1/run/ERR357/ERR3572989/WTCHG_559240_211131.bam,,WTCHG_559240_211131,DID-INF-AUT
PRJEB34634,SAMEA5989477,ERX3571228,ERR3572990,749907,sediment metagenome,ftp.sra.ebi.ac.uk/vol1/fastq/ERR357/000/ERR3572990/ERR3572990_1.fastq.gz;ftp.sra.ebi.ac.uk/vol1/fastq/ERR357/000/ERR3572990/ERR3572990_2.fastq.gz,ftp.sra.ebi.ac.uk/vol1/run/ERR357/ERR3572990/WTCHG_559243_211131.bam,,WTCHG_559243_211131,DID-INF-AUT
PRJEB34634,SAMEA5989477,ERX3571229,ERR3572991,749907,sediment metagenome,ftp.sra.ebi.ac.uk/vol1/fastq/ERR357/001/ERR3572991/ERR3572991_1.fastq.gz;ftp.sra.ebi.ac.uk/vol1/fastq/ERR357/001/ERR3572991/ERR3572991_2.fastq.gz,ftp.sra.ebi.ac.uk/vol1/run/ERR357/ERR3572991/WTCHG_559241_211131.bam,,WTCHG_559241_211131,DID-INF-AUT
PRJEB34634,SAMEA5989477,ERX3571230,ERR3572992,749907,sediment metagenome,ftp.sra.ebi.ac.uk/vol1/fastq/ERR357/002/ERR3572992/ERR3572992_1.fastq.gz;ftp.sra.ebi.ac.uk/vol1/fastq/ERR357/002/ERR3572992/ERR3572992_2.fastq.gz,ftp.sra.ebi.ac.uk/vol1/run/ERR357/ERR3572992/WTCHG_559244_211131.bam,,WTCHG_559244_211131,DID-INF-AUT
PRJEB34634,SAMEA5989477,ERX3571231,ERR3572993,749907,sediment metagenome,ftp.sra.ebi.ac.uk/vol1/fastq/ERR357/003/ERR3572993/ERR3572993_1.fastq.gz;ftp.sra.ebi.ac.uk/vol1/fastq/ERR357/003/ERR3572993/ERR3572993_2.fastq.gz,ftp.sra.ebi.ac.uk/vol1/run/ERR357/ERR3572993/WTCHG_455360_241112.bam,,WTCHG_455360_241112,DID-INF-SUM
PRJEB34634,SAMEA5989477,ERX3571232,ERR3572994,749907,sediment metagenome,ftp.sra.ebi.ac.uk/vol1/fastq/ERR357/004/ERR3572994/ERR3572994_1.fastq.gz;ftp.sra.ebi.ac.uk/vol1/fastq/ERR357/004/ERR3572994/ERR3572994_2.fastq.gz,ftp.sra.ebi.ac.uk/vol1/run/ERR357/ERR3572994/WTCHG_456624_241112.bam,,WTCHG_456624_241112,DID-INF-SUM
PRJEB34634,SAMEA5989477,ERX3571233,ERR3572995,749907,sediment metagenome,ftp.sra.ebi.ac.uk/vol1/fastq/ERR357/005/ERR3572995/ERR3572995_1.fastq.gz;ftp.sra.ebi.ac.uk/vol1/fastq/ERR357/005/ERR3572995/ERR3572995_2.fastq.gz,ftp.sra.ebi.ac.uk/vol1/run/ERR357/ERR3572995/WTCHG_457295_241112.bam,,WTCHG_457295_241112,DID-INF-SUM
PRJEB34634,SAMEA5989477,ERX3571234,ERR3572996,749907,sediment metagenome,ftp.sra.ebi.ac.uk/vol1/fastq/ERR357/006/ERR3572996/ERR3572996_1.fastq.gz;ftp.sra.ebi.ac.uk/vol1/fastq/ERR357/006/ERR3572996/ERR3572996_2.fastq.gz,ftp.sra.ebi.ac.uk/vol1/run/ERR357/ERR3572996/WTCHG_457296_241112.bam,,WTCHG_457296_241112,DID-INF-SUM
PRJEB34634,SAMEA5989477,ERX3571235,ERR3572997,749907,sediment metagenome,ftp.sra.ebi.ac.uk/vol1/fastq/ERR357/007/ERR3572997/ERR3572997_1.fastq.gz;ftp.sra.ebi.ac.uk/vol1/fastq/ERR357/007/ERR3572997/ERR3572997_2.fastq.gz,ftp.sra.ebi.ac.uk/vol1/run/ERR357/ERR3572997/WTCHG_457297_241112.bam,,WTCHG_457297_241112,DID-INF-SUM
PRJEB34634,SAMEA5989477,ERX3571236,ERR3572998,749907,sediment metagenome,ftp.sra.ebi.ac.uk/vol1/fastq/ERR357/008/ERR3572998/ERR3572998_1.fastq.gz;ftp.sra.ebi.ac.uk/vol1/fastq/ERR357/008/ERR3572998/ERR3572998_2.fastq.gz,ftp.sra.ebi.ac.uk/vol1/run/ERR357/ERR3572998/WTCHG_457298_241112.bam,,WTCHG_457298_241112,DID-INF-SUM
PRJEB34634,SAMEA5989477,ERX3571237,ERR3572999,749907,sediment metagenome,ftp.sra.ebi.ac.uk/vol1/fastq/ERR357/009/ERR3572999/ERR3572999_1.fastq.gz;ftp.sra.ebi.ac.uk/vol1/fastq/ERR357/009/ERR3572999/ERR3572999_2.fastq.gz,ftp.sra.ebi.ac.uk/vol1/run/ERR357/ERR3572999/WTCHG_457710_241112.bam,,WTCHG_457710_241112,DID-INF-SUM
PRJEB34634,SAMEA5989477,ERX3571238,ERR3573000,749907,sediment metagenome,ftp.sra.ebi.ac.uk/vol1/fastq/ERR357/000/ERR3573000/ERR3573000_1.fastq.gz;ftp.sra.ebi.ac.uk/vol1/fastq/ERR357/000/ERR3573000/ERR3573000_2.fastq.gz,ftp.sra.ebi.ac.uk/vol1/run/ERR357/ERR3573000/WTCHG_457711_241112.bam,,WTCHG_457711_241112,DID-INF-SUM
PRJEB34634,SAMEA5989477,ERX3571239,ERR3573001,749907,sediment metagenome,ftp.sra.ebi.ac.uk/vol1/fastq/ERR357/001/ERR3573001/ERR3573001_1.fastq.gz;ftp.sra.ebi.ac.uk/vol1/fastq/ERR357/001/ERR3573001/ERR3573001_2.fastq.gz,ftp.sra.ebi.ac.uk/vol1/run/ERR357/ERR3573001/WTCHG_457712_241112.bam,,WTCHG_457712_241112,DID-INF-SUM
PRJEB34634,SAMEA5989477,ERX3571240,ERR3573002,749907,sediment metagenome,ftp.sra.ebi.ac.uk/vol1/fastq/ERR357/002/ERR3573002/ERR3573002_1.fastq.gz;ftp.sra.ebi.ac.uk/vol1/fastq/ERR357/002/ERR3573002/ERR3573002_2.fastq.gz,ftp.sra.ebi.ac.uk/vol1/run/ERR357/ERR3573002/WTCHG_457713_241112.bam,,WTCHG_457713_241112,DID-INF-SUM
PRJEB34634,SAMEA5989477,ERX3571241,ERR3573003,749907,sediment metagenome,ftp.sra.ebi.ac.uk/vol1/fastq/ERR357/003/ERR3573003/ERR3573003_1.fastq.gz;ftp.sra.ebi.ac.uk/vol1/fastq/ERR357/003/ERR3573003/ERR3573003_2.fastq.gz,ftp.sra.ebi.ac.uk/vol1/run/ERR357/ERR3573003/WTCHG_457714_241112.bam,,WTCHG_457714_241112,DID-INF-SUM
PRJEB34634,SAMEA5989477,ERX3571242,ERR3573004,749907,sediment metagenome,ftp.sra.ebi.ac.uk/vol1/fastq/ERR357/004/ERR3573004/ERR3573004_1.fastq.gz;ftp.sra.ebi.ac.uk/vol1/fastq/ERR357/004/ERR3573004/ERR3573004_2.fastq.gz,ftp.sra.ebi.ac.uk/vol1/run/ERR357/ERR3573004/WTCHG_461227_241112.bam,,WTCHG_461227_241112,DID-INF-SUM
PRJEB34634,SAMEA5989477,ERX3571243,ERR3573005,749907,sediment metagenome,ftp.sra.ebi.ac.uk/vol1/fastq/ERR357/005/ERR3573005/ERR3573005_1.fastq.gz;ftp.sra.ebi.ac.uk/vol1/fastq/ERR357/005/ERR3573005/ERR3573005_2.fastq.gz,ftp.sra.ebi.ac.uk/vol1/run/ERR357/ERR3573005/WTCHG_461228_241112.bam,,WTCHG_461228_241112,DID-INF-SUM
PRJEB34634,SAMEA5989477,ERX3571244,ERR3573006,749907,sediment metagenome,ftp.sra.ebi.ac.uk/vol1/fastq/ERR357/006/ERR3573006/ERR3573006_1.fastq.gz;ftp.sra.ebi.ac.uk/vol1/fastq/ERR357/006/ERR3573006/ERR3573006_2.fastq.gz,ftp.sra.ebi.ac.uk/vol1/run/ERR357/ERR3573006/WTCHG_455360_236147.bam,,WTCHG_455360_236147,DID-INF-WIN
PRJEB34634,SAMEA5989477,ERX3571245,ERR3573007,749907,sediment metagenome,ftp.sra.ebi.ac.uk/vol1/fastq/ERR357/007/ERR3573007/ERR3573007_1.fastq.gz;ftp.sra.ebi.ac.uk/vol1/fastq/ERR357/007/ERR3573007/ERR3573007_2.fastq.gz,ftp.sra.ebi.ac.uk/vol1/run/ERR357/ERR3573007/WTCHG_456624_236147.bam,,WTCHG_456624_236147,DID-INF-WIN
PRJEB34634,SAMEA5989477,ERX3571246,ERR3573008,749907,sediment metagenome,ftp.sra.ebi.ac.uk/vol1/fastq/ERR357/008/ERR3573008/ERR3573008_1.fastq.gz;ftp.sra.ebi.ac.uk/vol1/fastq/ERR357/008/ERR3573008/ERR3573008_2.fastq.gz,ftp.sra.ebi.ac.uk/vol1/run/ERR357/ERR3573008/WTCHG_457295_236147.bam,,WTCHG_457295_236147,DID-INF-WIN
PRJEB34634,SAMEA5989477,ERX3571247,ERR3573009,749907,sediment metagenome,ftp.sra.ebi.ac.uk/vol1/fastq/ERR357/009/ERR3573009/ERR3573009_1.fastq.gz;ftp.sra.ebi.ac.uk/vol1/fastq/ERR357/009/ERR3573009/ERR3573009_2.fastq.gz,ftp.sra.ebi.ac.uk/vol1/run/ERR357/ERR3573009/WTCHG_457296_236147.bam,,WTCHG_457296_236147,DID-INF-WIN
PRJEB34634,SAMEA5989477,ERX3571248,ERR3573010,749907,sediment metagenome,ftp.sra.ebi.ac.uk/vol1/fastq/ERR357/000/ERR3573010/ERR3573010_1.fastq.gz;ftp.sra.ebi.ac.uk/vol1/fastq/ERR357/000/ERR3573010/ERR3573010_2.fastq.gz,ftp.sra.ebi.ac.uk/vol1/run/ERR357/ERR3573010/WTCHG_457297_236147.bam,,WTCHG_457297_236147,DID-INF-WIN
PRJEB34634,SAMEA5989477,ERX3571249,ERR3573011,749907,sediment metagenome,ftp.sra.ebi.ac.uk/vol1/fastq/ERR357/001/ERR3573011/ERR3573011_1.fastq.gz;ftp.sra.ebi.ac.uk/vol1/fastq/ERR357/001/ERR3573011/ERR3573011_2.fastq.gz,ftp.sra.ebi.ac.uk/vol1/run/ERR357/ERR3573011/WTCHG_457298_236147.bam,,WTCHG_457298_236147,DID-INF-WIN
PRJEB34634,SAMEA5989477,ERX3571250,ERR3573012,749907,sediment metagenome,ftp.sra.ebi.ac.uk/vol1/fastq/ERR357/002/ERR3573012/ERR3573012_1.fastq.gz;ftp.sra.ebi.ac.uk/vol1/fastq/ERR357/002/ERR3573012/ERR3573012_2.fastq.gz,ftp.sra.ebi.ac.uk/vol1/run/ERR357/ERR3573012/WTCHG_457710_236147.bam,,WTCHG_457710_236147,DID-INF-WIN
PRJEB34634,SAMEA5989477,ERX3571251,ERR3573013,749907,sediment metagenome,ftp.sra.ebi.ac.uk/vol1/fastq/ERR357/003/ERR3573013/ERR3573013_1.fastq.gz;ftp.sra.ebi.ac.uk/vol1/fastq/ERR357/003/ERR3573013/ERR3573013_2.fastq.gz,ftp.sra.ebi.ac.uk/vol1/run/ERR357/ERR3573013/WTCHG_457711_236147.bam,,WTCHG_457711_236147,DID-INF-WIN
PRJEB34634,SAMEA5989477,ERX3571252,ERR3573014,749907,sediment metagenome,ftp.sra.ebi.ac.uk/vol1/fastq/ERR357/004/ERR3573014/ERR3573014_1.fastq.gz;ftp.sra.ebi.ac.uk/vol1/fastq/ERR357/004/ERR3573014/ERR3573014_2.fastq.gz,ftp.sra.ebi.ac.uk/vol1/run/ERR357/ERR3573014/WTCHG_457712_236147.bam,,WTCHG_457712_236147,DID-INF-WIN
PRJEB34634,SAMEA5989477,ERX3571253,ERR3573015,749907,sediment metagenome,ftp.sra.ebi.ac.uk/vol1/fastq/ERR357/005/ERR3573015/ERR3573015_1.fastq.gz;ftp.sra.ebi.ac.uk/vol1/fastq/ERR357/005/ERR3573015/ERR3573015_2.fastq.gz,ftp.sra.ebi.ac.uk/vol1/run/ERR357/ERR3573015/WTCHG_457713_236147.bam,,WTCHG_457713_236147,DID-INF-WIN
PRJEB34634,SAMEA5989477,ERX3571254,ERR3573016,749907,sediment metagenome,ftp.sra.ebi.ac.uk/vol1/fastq/ERR357/006/ERR3573016/ERR3573016_1.fastq.gz;ftp.sra.ebi.ac.uk/vol1/fastq/ERR357/006/ERR3573016/ERR3573016_2.fastq.gz,ftp.sra.ebi.ac.uk/vol1/run/ERR357/ERR3573016/WTCHG_457714_236147.bam,,WTCHG_457714_236147,DID-INF-WIN
PRJEB34634,SAMEA5989477,ERX3571255,ERR3573017,749907,sediment metagenome,ftp.sra.ebi.ac.uk/vol1/fastq/ERR357/007/ERR3573017/ERR3573017_1.fastq.gz;ftp.sra.ebi.ac.uk/vol1/fastq/ERR357/007/ERR3573017/ERR3573017_2.fastq.gz,ftp.sra.ebi.ac.uk/vol1/run/ERR357/ERR3573017/WTCHG_461227_236147.bam,,WTCHG_461227_236147,DID-INF-WIN
PRJEB34634,SAMEA5989477,ERX3571256,ERR3573018,749907,sediment metagenome,ftp.sra.ebi.ac.uk/vol1/fastq/ERR357/008/ERR3573018/ERR3573018_1.fastq.gz;ftp.sra.ebi.ac.uk/vol1/fastq/ERR357/008/ERR3573018/ERR3573018_2.fastq.gz,ftp.sra.ebi.ac.uk/vol1/run/ERR357/ERR3573018/WTCHG_461228_236147.bam,,WTCHG_461228_236147,DID-INF-WIN
PRJEB34634,SAMEA5989477,ERX3571257,ERR3573019,749907,sediment metagenome,ftp.sra.ebi.ac.uk/vol1/fastq/ERR357/009/ERR3573019/ERR3573019_1.fastq.gz;ftp.sra.ebi.ac.uk/vol1/fastq/ERR357/009/ERR3573019/ERR3573019_2.fastq.gz,ftp.sra.ebi.ac.uk/vol1/run/ERR357/ERR3573019/WTCHG_670347_241196.bam,,WTCHG_670347_241196,DID-UP-100-AUT
PRJEB34634,SAMEA5989477,ERX3571258,ERR3573020,749907,sediment metagenome,ftp.sra.ebi.ac.uk/vol1/fastq/ERR357/000/ERR3573020/ERR3573020_1.fastq.gz;ftp.sra.ebi.ac.uk/vol1/fastq/ERR357/000/ERR3573020/ERR3573020_2.fastq.gz,ftp.sra.ebi.ac.uk/vol1/run/ERR357/ERR3573020/WTCHG_670349_241196.bam,,WTCHG_670349_241196,DID-UP-100-AUT
PRJEB34634,SAMEA5989477,ERX3571259,ERR3573021,749907,sediment metagenome,ftp.sra.ebi.ac.uk/vol1/fastq/ERR357/001/ERR3573021/ERR3573021_1.fastq.gz;ftp.sra.ebi.ac.uk/vol1/fastq/ERR357/001/ERR3573021/ERR3573021_2.fastq.gz,ftp.sra.ebi.ac.uk/vol1/run/ERR357/ERR3573021/WTCHG_670348_241196.bam,,WTCHG_670348_241196,DID-UP-100-AUT
PRJEB34634,SAMEA5989477,ERX3571260,ERR3573022,749907,sediment metagenome,ftp.sra.ebi.ac.uk/vol1/fastq/ERR357/002/ERR3573022/ERR3573022_1.fastq.gz;ftp.sra.ebi.ac.uk/vol1/fastq/ERR357/002/ERR3573022/ERR3573022_2.fastq.gz,ftp.sra.ebi.ac.uk/vol1/run/ERR357/ERR3573022/WTCHG_670344_241196.bam,,WTCHG_670344_241196,DID-UP-100-AUT
PRJEB34634,SAMEA5989477,ERX3571261,ERR3573023,749907,sediment metagenome,ftp.sra.ebi.ac.uk/vol1/fastq/ERR357/003/ERR3573023/ERR3573023_1.fastq.gz;ftp.sra.ebi.ac.uk/vol1/fastq/ERR357/003/ERR3573023/ERR3573023_2.fastq.gz,ftp.sra.ebi.ac.uk/vol1/run/ERR357/ERR3573023/WTCHG_670345_241196.bam,,WTCHG_670345_241196,DID-UP-100-AUT
PRJEB34634,SAMEA5989477,ERX3571262,ERR3573024,749907,sediment metagenome,ftp.sra.ebi.ac.uk/vol1/fastq/ERR357/004/ERR3573024/ERR3573024_1.fastq.gz;ftp.sra.ebi.ac.uk/vol1/fastq/ERR357/004/ERR3573024/ERR3573024_2.fastq.gz,ftp.sra.ebi.ac.uk/vol1/run/ERR357/ERR3573024/WTCHG_670346_241196.bam,,WTCHG_670346_241196,DID-UP-100-AUT
PRJEB34634,SAMEA5989477,ERX3571263,ERR3573025,749907,sediment metagenome,ftp.sra.ebi.ac.uk/vol1/fastq/ERR357/005/ERR3573025/ERR3573025_1.fastq.gz;ftp.sra.ebi.ac.uk/vol1/fastq/ERR357/005/ERR3573025/ERR3573025_2.fastq.gz,ftp.sra.ebi.ac.uk/vol1/run/ERR357/ERR3573025/WTCHG_664453_241196.bam,,WTCHG_664453_241196,DID-UP-100-AUT
PRJEB34634,SAMEA5989477,ERX3571264,ERR3573026,749907,sediment metagenome,ftp.sra.ebi.ac.uk/vol1/fastq/ERR357/006/ERR3573026/ERR3573026_1.fastq.gz;ftp.sra.ebi.ac.uk/vol1/fastq/ERR357/006/ERR3573026/ERR3573026_2.fastq.gz,ftp.sra.ebi.ac.uk/vol1/run/ERR357/ERR3573026/WTCHG_670348_251171.bam,,WTCHG_670348_251171,DID-UP-100-SUM
PRJEB34634,SAMEA5989477,ERX3571265,ERR3573027,749907,sediment metagenome,ftp.sra.ebi.ac.uk/vol1/fastq/ERR357/007/ERR3573027/ERR3573027_1.fastq.gz;ftp.sra.ebi.ac.uk/vol1/fastq/ERR357/007/ERR3573027/ERR3573027_2.fastq.gz,ftp.sra.ebi.ac.uk/vol1/run/ERR357/ERR3573027/WTCHG_670349_251171.bam,,WTCHG_670349_251171,DID-UP-100-SUM
PRJEB34634,SAMEA5989477,ERX3571266,ERR3573028,749907,sediment metagenome,ftp.sra.ebi.ac.uk/vol1/fastq/ERR357/008/ERR3573028/ERR3573028_1.fastq.gz;ftp.sra.ebi.ac.uk/vol1/fastq/ERR357/008/ERR3573028/ERR3573028_2.fastq.gz,ftp.sra.ebi.ac.uk/vol1/run/ERR357/ERR3573028/WTCHG_670345_251171.bam,,WTCHG_670345_251171,DID-UP-100-SUM
PRJEB34634,SAMEA5989477,ERX3571267,ERR3573029,749907,sediment metagenome,ftp.sra.ebi.ac.uk/vol1/fastq/ERR357/009/ERR3573029/ERR3573029_1.fastq.gz;ftp.sra.ebi.ac.uk/vol1/fastq/ERR357/009/ERR3573029/ERR3573029_2.fastq.gz,ftp.sra.ebi.ac.uk/vol1/run/ERR357/ERR3573029/WTCHG_670347_251171.bam,,WTCHG_670347_251171,DID-UP-100-SUM
PRJEB34634,SAMEA5989477,ERX3571268,ERR3573030,749907,sediment metagenome,ftp.sra.ebi.ac.uk/vol1/fastq/ERR357/000/ERR3573030/ERR3573030_1.fastq.gz;ftp.sra.ebi.ac.uk/vol1/fastq/ERR357/000/ERR3573030/ERR3573030_2.fastq.gz,ftp.sra.ebi.ac.uk/vol1/run/ERR357/ERR3573030/WTCHG_670344_251171.bam,,WTCHG_670344_251171,DID-UP-100-SUM
PRJEB34634,SAMEA5989477,ERX3571269,ERR3573031,749907,sediment metagenome,ftp.sra.ebi.ac.uk/vol1/fastq/ERR357/001/ERR3573031/ERR3573031_1.fastq.gz;ftp.sra.ebi.ac.uk/vol1/fastq/ERR357/001/ERR3573031/ERR3573031_2.fastq.gz,ftp.sra.ebi.ac.uk/vol1/run/ERR357/ERR3573031/WTCHG_670346_251171.bam,,WTCHG_670346_251171,DID-UP-100-SUM
PRJEB34634,SAMEA5989477,ERX3571270,ERR3573032,749907,sediment metagenome,ftp.sra.ebi.ac.uk/vol1/fastq/ERR357/002/ERR3573032/ERR3573032_1.fastq.gz;ftp.sra.ebi.ac.uk/vol1/fastq/ERR357/002/ERR3573032/ERR3573032_2.fastq.gz,ftp.sra.ebi.ac.uk/vol1/run/ERR357/ERR3573032/WTCHG_664453_251171.bam,,WTCHG_664453_251171,DID-UP-100-SUM
PRJEB34634,SAMEA5989477,ERX3571271,ERR3573033,749907,sediment metagenome,ftp.sra.ebi.ac.uk/vol1/fastq/ERR357/003/ERR3573033/ERR3573033_1.fastq.gz;ftp.sra.ebi.ac.uk/vol1/fastq/ERR357/003/ERR3573033/ERR3573033_2.fastq.gz,ftp.sra.ebi.ac.uk/vol1/run/ERR357/ERR3573033/WTCHG_670348_246136.bam,,WTCHG_670348_246136,DID-UP-100-WIN
PRJEB34634,SAMEA5989477,ERX3571272,ERR3573034,749907,sediment metagenome,ftp.sra.ebi.ac.uk/vol1/fastq/ERR357/004/ERR3573034/ERR3573034_1.fastq.gz;ftp.sra.ebi.ac.uk/vol1/fastq/ERR357/004/ERR3573034/ERR3573034_2.fastq.gz,ftp.sra.ebi.ac.uk/vol1/run/ERR357/ERR3573034/WTCHG_670349_246136.bam,,WTCHG_670349_246136,DID-UP-100-WIN
PRJEB34634,SAMEA5989477,ERX3571273,ERR3573035,749907,sediment metagenome,ftp.sra.ebi.ac.uk/vol1/fastq/ERR357/005/ERR3573035/ERR3573035_1.fastq.gz;ftp.sra.ebi.ac.uk/vol1/fastq/ERR357/005/ERR3573035/ERR3573035_2.fastq.gz,ftp.sra.ebi.ac.uk/vol1/run/ERR357/ERR3573035/WTCHG_670347_246136.bam,,WTCHG_670347_246136,DID-UP-100-WIN
PRJEB34634,SAMEA5989477,ERX3571274,ERR3573036,749907,sediment metagenome,ftp.sra.ebi.ac.uk/vol1/fastq/ERR357/006/ERR3573036/ERR3573036_1.fastq.gz;ftp.sra.ebi.ac.uk/vol1/fastq/ERR357/006/ERR3573036/ERR3573036_2.fastq.gz,ftp.sra.ebi.ac.uk/vol1/run/ERR357/ERR3573036/WTCHG_670345_246136.bam,,WTCHG_670345_246136,DID-UP-100-WIN
PRJEB34634,SAMEA5989477,ERX3571275,ERR3573037,749907,sediment metagenome,ftp.sra.ebi.ac.uk/vol1/fastq/ERR357/007/ERR3573037/ERR3573037_1.fastq.gz;ftp.sra.ebi.ac.uk/vol1/fastq/ERR357/007/ERR3573037/ERR3573037_2.fastq.gz,ftp.sra.ebi.ac.uk/vol1/run/ERR357/ERR3573037/WTCHG_670346_246136.bam,,WTCHG_670346_246136,DID-UP-100-WIN
PRJEB34634,SAMEA5989477,ERX3571276,ERR3573038,749907,sediment metagenome,ftp.sra.ebi.ac.uk/vol1/fastq/ERR357/008/ERR3573038/ERR3573038_1.fastq.gz;ftp.sra.ebi.ac.uk/vol1/fastq/ERR357/008/ERR3573038/ERR3573038_2.fastq.gz,ftp.sra.ebi.ac.uk/vol1/run/ERR357/ERR3573038/WTCHG_670344_246136.bam,,WTCHG_670344_246136,DID-UP-100-WIN
PRJEB34634,SAMEA5989477,ERX3571277,ERR3573039,749907,sediment metagenome,ftp.sra.ebi.ac.uk/vol1/fastq/ERR357/009/ERR3573039/ERR3573039_1.fastq.gz;ftp.sra.ebi.ac.uk/vol1/fastq/ERR357/009/ERR3573039/ERR3573039_2.fastq.gz,ftp.sra.ebi.ac.uk/vol1/run/ERR357/ERR3573039/WTCHG_664453_246136.bam,,WTCHG_664453_246136,DID-UP-100-WIN
PRJEB34634,SAMEA5989477,ERX3571278,ERR3573040,749907,sediment metagenome,ftp.sra.ebi.ac.uk/vol1/fastq/ERR357/000/ERR3573040/ERR3573040_1.fastq.gz;ftp.sra.ebi.ac.uk/vol1/fastq/ERR357/000/ERR3573040/ERR3573040_2.fastq.gz,ftp.sra.ebi.ac.uk/vol1/run/ERR357/ERR3573040/WTCHG_550636_263173.bam,,WTCHG_550636_263173,OXF-DW-100-AUT
PRJEB34634,SAMEA5989477,ERX3571279,ERR3573041,749907,sediment metagenome,ftp.sra.ebi.ac.uk/vol1/fastq/ERR357/001/ERR3573041/ERR3573041_1.fastq.gz;ftp.sra.ebi.ac.uk/vol1/fastq/ERR357/001/ERR3573041/ERR3573041_2.fastq.gz,ftp.sra.ebi.ac.uk/vol1/run/ERR357/ERR3573041/WTCHG_551514_263173.bam,,WTCHG_551514_263173,OXF-DW-100-AUT
PRJEB34634,SAMEA5989477,ERX3571280,ERR3573042,749907,sediment metagenome,ftp.sra.ebi.ac.uk/vol1/fastq/ERR357/002/ERR3573042/ERR3573042_1.fastq.gz;ftp.sra.ebi.ac.uk/vol1/fastq/ERR357/002/ERR3573042/ERR3573042_2.fastq.gz,ftp.sra.ebi.ac.uk/vol1/run/ERR357/ERR3573042/WTCHG_551515_263173.bam,,WTCHG_551515_263173,OXF-DW-100-AUT
PRJEB34634,SAMEA5989477,ERX3571281,ERR3573043,749907,sediment metagenome,ftp.sra.ebi.ac.uk/vol1/fastq/ERR357/003/ERR3573043/ERR3573043_1.fastq.gz;ftp.sra.ebi.ac.uk/vol1/fastq/ERR357/003/ERR3573043/ERR3573043_2.fastq.gz,ftp.sra.ebi.ac.uk/vol1/run/ERR357/ERR3573043/WTCHG_554367_263173.bam,,WTCHG_554367_263173,OXF-DW-100-AUT
PRJEB34634,SAMEA5989477,ERX3571282,ERR3573044,749907,sediment metagenome,ftp.sra.ebi.ac.uk/vol1/fastq/ERR357/004/ERR3573044/ERR3573044_1.fastq.gz;ftp.sra.ebi.ac.uk/vol1/fastq/ERR357/004/ERR3573044/ERR3573044_2.fastq.gz,ftp.sra.ebi.ac.uk/vol1/run/ERR357/ERR3573044/WTCHG_554366_263173.bam,,WTCHG_554366_263173,OXF-DW-100-AUT
PRJEB34634,SAMEA5989477,ERX3571283,ERR3573045,749907,sediment metagenome,ftp.sra.ebi.ac.uk/vol1/fastq/ERR357/005/ERR3573045/ERR3573045_1.fastq.gz;ftp.sra.ebi.ac.uk/vol1/fastq/ERR357/005/ERR3573045/ERR3573045_2.fastq.gz,ftp.sra.ebi.ac.uk/vol1/run/ERR357/ERR3573045/WTCHG_555218_263173.bam,,WTCHG_555218_263173,OXF-DW-100-AUT
PRJEB34634,SAMEA5989477,ERX3571284,ERR3573046,749907,sediment metagenome,ftp.sra.ebi.ac.uk/vol1/fastq/ERR357/006/ERR3573046/ERR3573046_1.fastq.gz;ftp.sra.ebi.ac.uk/vol1/fastq/ERR357/006/ERR3573046/ERR3573046_2.fastq.gz,ftp.sra.ebi.ac.uk/vol1/run/ERR357/ERR3573046/WTCHG_555215_263173.bam,,WTCHG_555215_263173,OXF-DW-100-AUT
PRJEB34634,SAMEA5989477,ERX3571285,ERR3573047,749907,sediment metagenome,ftp.sra.ebi.ac.uk/vol1/fastq/ERR357/007/ERR3573047/ERR3573047_1.fastq.gz;ftp.sra.ebi.ac.uk/vol1/fastq/ERR357/007/ERR3573047/ERR3573047_2.fastq.gz,ftp.sra.ebi.ac.uk/vol1/run/ERR357/ERR3573047/WTCHG_555217_263173.bam,,WTCHG_555217_263173,OXF-DW-100-AUT
PRJEB34634,SAMEA5989477,ERX3571286,ERR3573048,749907,sediment metagenome,ftp.sra.ebi.ac.uk/vol1/fastq/ERR357/008/ERR3573048/ERR3573048_1.fastq.gz;ftp.sra.ebi.ac.uk/vol1/fastq/ERR357/008/ERR3573048/ERR3573048_2.fastq.gz,ftp.sra.ebi.ac.uk/vol1/run/ERR357/ERR3573048/WTCHG_555216_263173.bam,,WTCHG_555216_263173,OXF-DW-100-AUT
PRJEB34634,SAMEA5989477,ERX3571287,ERR3573049,749907,sediment metagenome,ftp.sra.ebi.ac.uk/vol1/fastq/ERR357/009/ERR3573049/ERR3573049_1.fastq.gz;ftp.sra.ebi.ac.uk/vol1/fastq/ERR357/009/ERR3573049/ERR3573049_2.fastq.gz,ftp.sra.ebi.ac.uk/vol1/run/ERR357/ERR3573049/WTCHG_555219_263173.bam,,WTCHG_555219_263173,OXF-DW-100-AUT
PRJEB34634,SAMEA5989477,ERX3571288,ERR3573050,749907,sediment metagenome,ftp.sra.ebi.ac.uk/vol1/fastq/ERR357/000/ERR3573050/ERR3573050_1.fastq.gz;ftp.sra.ebi.ac.uk/vol1/fastq/ERR357/000/ERR3573050/ERR3573050_2.fastq.gz,ftp.sra.ebi.ac.uk/vol1/run/ERR357/ERR3573050/WTCHG_555221_263173.bam,,WTCHG_555221_263173,OXF-DW-100-AUT
PRJEB34634,SAMEA5989477,ERX3571289,ERR3573051,749907,sediment metagenome,ftp.sra.ebi.ac.uk/vol1/fastq/ERR357/001/ERR3573051/ERR3573051_1.fastq.gz;ftp.sra.ebi.ac.uk/vol1/fastq/ERR357/001/ERR3573051/ERR3573051_2.fastq.gz,ftp.sra.ebi.ac.uk/vol1/run/ERR357/ERR3573051/WTCHG_555220_263173.bam,,WTCHG_555220_263173,OXF-DW-100-AUT
PRJEB34634,SAMEA5989477,ERX3571290,ERR3573052,749907,sediment metagenome,ftp.sra.ebi.ac.uk/vol1/fastq/ERR357/002/ERR3573052/ERR3573052_1.fastq.gz;ftp.sra.ebi.ac.uk/vol1/fastq/ERR357/002/ERR3573052/ERR3573052_2.fastq.gz,ftp.sra.ebi.ac.uk/vol1/run/ERR357/ERR3573052/WTCHG_555214_263173.bam,,WTCHG_555214_263173,OXF-DW-100-AUT
PRJEB34634,SAMEA5989477,ERX3571291,ERR3573053,749907,sediment metagenome,ftp.sra.ebi.ac.uk/vol1/fastq/ERR357/003/ERR3573053/ERR3573053_1.fastq.gz;ftp.sra.ebi.ac.uk/vol1/fastq/ERR357/003/ERR3573053/ERR3573053_2.fastq.gz,ftp.sra.ebi.ac.uk/vol1/run/ERR357/ERR3573053/WTCHG_559240_263173.bam,,WTCHG_559240_263173,OXF-DW-100-AUT
PRJEB34634,SAMEA5989477,ERX3571292,ERR3573054,749907,sediment metagenome,ftp.sra.ebi.ac.uk/vol1/fastq/ERR357/004/ERR3573054/ERR3573054_1.fastq.gz;ftp.sra.ebi.ac.uk/vol1/fastq/ERR357/004/ERR3573054/ERR3573054_2.fastq.gz,ftp.sra.ebi.ac.uk/vol1/run/ERR357/ERR3573054/WTCHG_559243_263173.bam,,WTCHG_559243_263173,OXF-DW-100-AUT
PRJEB34634,SAMEA5989477,ERX3571293,ERR3573055,749907,sediment metagenome,ftp.sra.ebi.ac.uk/vol1/fastq/ERR357/005/ERR3573055/ERR3573055_1.fastq.gz;ftp.sra.ebi.ac.uk/vol1/fastq/ERR357/005/ERR3573055/ERR3573055_2.fastq.gz,ftp.sra.ebi.ac.uk/vol1/run/ERR357/ERR3573055/WTCHG_559244_263173.bam,,WTCHG_559244_263173,OXF-DW-100-AUT
PRJEB34634,SAMEA5989477,ERX3571294,ERR3573056,749907,sediment metagenome,ftp.sra.ebi.ac.uk/vol1/fastq/ERR357/006/ERR3573056/ERR3573056_1.fastq.gz;ftp.sra.ebi.ac.uk/vol1/fastq/ERR357/006/ERR3573056/ERR3573056_2.fastq.gz,ftp.sra.ebi.ac.uk/vol1/run/ERR357/ERR3573056/WTCHG_559241_263173.bam,,WTCHG_559241_263173,OXF-DW-100-AUT
PRJEB34634,SAMEA5989477,ERX3571295,ERR3573057,749907,sediment metagenome,ftp.sra.ebi.ac.uk/vol1/fastq/ERR357/007/ERR3573057/ERR3573057_1.fastq.gz;ftp.sra.ebi.ac.uk/vol1/fastq/ERR357/007/ERR3573057/ERR3573057_2.fastq.gz,ftp.sra.ebi.ac.uk/vol1/run/ERR357/ERR3573057/WTCHG_559242_263173.bam,,WTCHG_559242_263173,OXF-DW-100-AUT
PRJEB34634,SAMEA5989477,ERX3571296,ERR3573058,749907,sediment metagenome,ftp.sra.ebi.ac.uk/vol1/fastq/ERR357/008/ERR3573058/ERR3573058_1.fastq.gz;ftp.sra.ebi.ac.uk/vol1/fastq/ERR357/008/ERR3573058/ERR3573058_2.fastq.gz,ftp.sra.ebi.ac.uk/vol1/run/ERR357/ERR3573058/WTCHG_550636_258113.bam,,WTCHG_550636_258113,OXF-DW-100-SUM
PRJEB34634,SAMEA5989477,ERX3571297,ERR3573059,749907,sediment metagenome,ftp.sra.ebi.ac.uk/vol1/fastq/ERR357/009/ERR3573059/ERR3573059_1.fastq.gz;ftp.sra.ebi.ac.uk/vol1/fastq/ERR357/009/ERR3573059/ERR3573059_2.fastq.gz,ftp.sra.ebi.ac.uk/vol1/run/ERR357/ERR3573059/WTCHG_551514_258113.bam,,WTCHG_551514_258113,OXF-DW-100-SUM
PRJEB34634,SAMEA5989477,ERX3571298,ERR3573060,749907,sediment metagenome,ftp.sra.ebi.ac.uk/vol1/fastq/ERR357/000/ERR3573060/ERR3573060_1.fastq.gz;ftp.sra.ebi.ac.uk/vol1/fastq/ERR357/000/ERR3573060/ERR3573060_2.fastq.gz,ftp.sra.ebi.ac.uk/vol1/run/ERR357/ERR3573060/WTCHG_551515_258113.bam,,WTCHG_551515_258113,OXF-DW-100-SUM
PRJEB34634,SAMEA5989477,ERX3571299,ERR3573061,749907,sediment metagenome,ftp.sra.ebi.ac.uk/vol1/fastq/ERR357/001/ERR3573061/ERR3573061_1.fastq.gz;ftp.sra.ebi.ac.uk/vol1/fastq/ERR357/001/ERR3573061/ERR3573061_2.fastq.gz,ftp.sra.ebi.ac.uk/vol1/run/ERR357/ERR3573061/WTCHG_554366_258113.bam,,WTCHG_554366_258113,OXF-DW-100-SUM
PRJEB34634,SAMEA5989477,ERX3571300,ERR3573062,749907,sediment metagenome,ftp.sra.ebi.ac.uk/vol1/fastq/ERR357/002/ERR3573062/ERR3573062_1.fastq.gz;ftp.sra.ebi.ac.uk/vol1/fastq/ERR357/002/ERR3573062/ERR3573062_2.fastq.gz,ftp.sra.ebi.ac.uk/vol1/run/ERR357/ERR3573062/WTCHG_554367_258113.bam,,WTCHG_554367_258113,OXF-DW-100-SUM
PRJEB34634,SAMEA5989477,ERX3571301,ERR3573063,749907,sediment metagenome,ftp.sra.ebi.ac.uk/vol1/fastq/ERR357/003/ERR3573063/ERR3573063_1.fastq.gz;ftp.sra.ebi.ac.uk/vol1/fastq/ERR357/003/ERR3573063/ERR3573063_2.fastq.gz,ftp.sra.ebi.ac.uk/vol1/run/ERR357/ERR3573063/WTCHG_555216_258113.bam,,WTCHG_555216_258113,OXF-DW-100-SUM
PRJEB34634,SAMEA5989477,ERX3571302,ERR3573064,749907,sediment metagenome,ftp.sra.ebi.ac.uk/vol1/fastq/ERR357/004/ERR3573064/ERR3573064_1.fastq.gz;ftp.sra.ebi.ac.uk/vol1/fastq/ERR357/004/ERR3573064/ERR3573064_2.fastq.gz,ftp.sra.ebi.ac.uk/vol1/run/ERR357/ERR3573064/WTCHG_555217_258113.bam,,WTCHG_555217_258113,OXF-DW-100-SUM
PRJEB34634,SAMEA5989477,ERX3571303,ERR3573065,749907,sediment metagenome,ftp.sra.ebi.ac.uk/vol1/fastq/ERR357/005/ERR3573065/ERR3573065_1.fastq.gz;ftp.sra.ebi.ac.uk/vol1/fastq/ERR357/005/ERR3573065/ERR3573065_2.fastq.gz,ftp.sra.ebi.ac.uk/vol1/run/ERR357/ERR3573065/WTCHG_555220_258113.bam,,WTCHG_555220_258113,OXF-DW-100-SUM
PRJEB34634,SAMEA5989477,ERX3571304,ERR3573066,749907,sediment metagenome,ftp.sra.ebi.ac.uk/vol1/fastq/ERR357/006/ERR3573066/ERR3573066_1.fastq.gz;ftp.sra.ebi.ac.uk/vol1/fastq/ERR357/006/ERR3573066/ERR3573066_2.fastq.gz,ftp.sra.ebi.ac.uk/vol1/run/ERR357/ERR3573066/WTCHG_555215_258113.bam,,WTCHG_555215_258113,OXF-DW-100-SUM
PRJEB34634,SAMEA5989477,ERX3571305,ERR3573067,749907,sediment metagenome,ftp.sra.ebi.ac.uk/vol1/fastq/ERR357/007/ERR3573067/ERR3573067_1.fastq.gz;ftp.sra.ebi.ac.uk/vol1/fastq/ERR357/007/ERR3573067/ERR3573067_2.fastq.gz,ftp.sra.ebi.ac.uk/vol1/run/ERR357/ERR3573067/WTCHG_555221_258113.bam,,WTCHG_555221_258113,OXF-DW-100-SUM
PRJEB34634,SAMEA5989477,ERX3571306,ERR3573068,749907,sediment metagenome,ftp.sra.ebi.ac.uk/vol1/fastq/ERR357/008/ERR3573068/ERR3573068_1.fastq.gz;ftp.sra.ebi.ac.uk/vol1/fastq/ERR357/008/ERR3573068/ERR3573068_2.fastq.gz,ftp.sra.ebi.ac.uk/vol1/run/ERR357/ERR3573068/WTCHG_555218_258113.bam,,WTCHG_555218_258113,OXF-DW-100-SUM
PRJEB34634,SAMEA5989477,ERX3571307,ERR3573069,749907,sediment metagenome,ftp.sra.ebi.ac.uk/vol1/fastq/ERR357/009/ERR3573069/ERR3573069_1.fastq.gz;ftp.sra.ebi.ac.uk/vol1/fastq/ERR357/009/ERR3573069/ERR3573069_2.fastq.gz,ftp.sra.ebi.ac.uk/vol1/run/ERR357/ERR3573069/WTCHG_555219_258113.bam,,WTCHG_555219_258113,OXF-DW-100-SUM
PRJEB34634,SAMEA5989477,ERX3571308,ERR3573070,749907,sediment metagenome,ftp.sra.ebi.ac.uk/vol1/fastq/ERR357/000/ERR3573070/ERR3573070_1.fastq.gz;ftp.sra.ebi.ac.uk/vol1/fastq/ERR357/000/ERR3573070/ERR3573070_2.fastq.gz,ftp.sra.ebi.ac.uk/vol1/run/ERR357/ERR3573070/WTCHG_555214_258113.bam,,WTCHG_555214_258113,OXF-DW-100-SUM
PRJEB34634,SAMEA5989477,ERX3571309,ERR3573071,749907,sediment metagenome,ftp.sra.ebi.ac.uk/vol1/fastq/ERR357/001/ERR3573071/ERR3573071_1.fastq.gz;ftp.sra.ebi.ac.uk/vol1/fastq/ERR357/001/ERR3573071/ERR3573071_2.fastq.gz,ftp.sra.ebi.ac.uk/vol1/run/ERR357/ERR3573071/WTCHG_559240_258113.bam,,WTCHG_559240_258113,OXF-DW-100-SUM
PRJEB34634,SAMEA5989477,ERX3571310,ERR3573072,749907,sediment metagenome,ftp.sra.ebi.ac.uk/vol1/fastq/ERR357/002/ERR3573072/ERR3573072_1.fastq.gz;ftp.sra.ebi.ac.uk/vol1/fastq/ERR357/002/ERR3573072/ERR3573072_2.fastq.gz,ftp.sra.ebi.ac.uk/vol1/run/ERR357/ERR3573072/WTCHG_559242_258113.bam,,WTCHG_559242_258113,OXF-DW-100-SUM
PRJEB34634,SAMEA5989477,ERX3571311,ERR3573073,749907,sediment metagenome,ftp.sra.ebi.ac.uk/vol1/fastq/ERR357/003/ERR3573073/ERR3573073_1.fastq.gz;ftp.sra.ebi.ac.uk/vol1/fastq/ERR357/003/ERR3573073/ERR3573073_2.fastq.gz,ftp.sra.ebi.ac.uk/vol1/run/ERR357/ERR3573073/WTCHG_559241_258113.bam,,WTCHG_559241_258113,OXF-DW-100-SUM
PRJEB34634,SAMEA5989477,ERX3571312,ERR3573074,749907,sediment metagenome,ftp.sra.ebi.ac.uk/vol1/fastq/ERR357/004/ERR3573074/ERR3573074_1.fastq.gz;ftp.sra.ebi.ac.uk/vol1/fastq/ERR357/004/ERR3573074/ERR3573074_2.fastq.gz,ftp.sra.ebi.ac.uk/vol1/run/ERR357/ERR3573074/WTCHG_559244_258113.bam,,WTCHG_559244_258113,OXF-DW-100-SUM
PRJEB34634,SAMEA5989477,ERX3571313,ERR3573075,749907,sediment metagenome,ftp.sra.ebi.ac.uk/vol1/fastq/ERR357/005/ERR3573075/ERR3573075_1.fastq.gz;ftp.sra.ebi.ac.uk/vol1/fastq/ERR357/005/ERR3573075/ERR3573075_2.fastq.gz,ftp.sra.ebi.ac.uk/vol1/run/ERR357/ERR3573075/WTCHG_559243_258113.bam,,WTCHG_559243_258113,OXF-DW-100-SUM
PRJEB34634,SAMEA5989477,ERX3571314,ERR3573076,749907,sediment metagenome,ftp.sra.ebi.ac.uk/vol1/fastq/ERR357/006/ERR3573076/ERR3573076_1.fastq.gz;ftp.sra.ebi.ac.uk/vol1/fastq/ERR357/006/ERR3573076/ERR3573076_2.fastq.gz,ftp.sra.ebi.ac.uk/vol1/run/ERR357/ERR3573076/WTCHG_550636_268138.bam,,WTCHG_550636_268138,OXF-DW-100-WIN
PRJEB34634,SAMEA5989477,ERX3571315,ERR3573077,749907,sediment metagenome,ftp.sra.ebi.ac.uk/vol1/fastq/ERR357/007/ERR3573077/ERR3573077_1.fastq.gz;ftp.sra.ebi.ac.uk/vol1/fastq/ERR357/007/ERR3573077/ERR3573077_2.fastq.gz,ftp.sra.ebi.ac.uk/vol1/run/ERR357/ERR3573077/WTCHG_551515_268138.bam,,WTCHG_551515_268138,OXF-DW-100-WIN
PRJEB34634,SAMEA5989477,ERX3571316,ERR3573078,749907,sediment metagenome,ftp.sra.ebi.ac.uk/vol1/fastq/ERR357/008/ERR3573078/ERR3573078_1.fastq.gz;ftp.sra.ebi.ac.uk/vol1/fastq/ERR357/008/ERR3573078/ERR3573078_2.fastq.gz,ftp.sra.ebi.ac.uk/vol1/run/ERR357/ERR3573078/WTCHG_551514_268138.bam,,WTCHG_551514_268138,OXF-DW-100-WIN
PRJEB34634,SAMEA5989477,ERX3571317,ERR3573079,749907,sediment metagenome,ftp.sra.ebi.ac.uk/vol1/fastq/ERR357/009/ERR3573079/ERR3573079_1.fastq.gz;ftp.sra.ebi.ac.uk/vol1/fastq/ERR357/009/ERR3573079/ERR3573079_2.fastq.gz,ftp.sra.ebi.ac.uk/vol1/run/ERR357/ERR3573079/WTCHG_554367_268138.bam,,WTCHG_554367_268138,OXF-DW-100-WIN
PRJEB34634,SAMEA5989477,ERX3571318,ERR3573080,749907,sediment metagenome,ftp.sra.ebi.ac.uk/vol1/fastq/ERR357/000/ERR3573080/ERR3573080_1.fastq.gz;ftp.sra.ebi.ac.uk/vol1/fastq/ERR357/000/ERR3573080/ERR3573080_2.fastq.gz,ftp.sra.ebi.ac.uk/vol1/run/ERR357/ERR3573080/WTCHG_554366_268138.bam,,WTCHG_554366_268138,OXF-DW-100-WIN
PRJEB34634,SAMEA5989477,ERX3571319,ERR3573081,749907,sediment metagenome,ftp.sra.ebi.ac.uk/vol1/fastq/ERR357/001/ERR3573081/ERR3573081_1.fastq.gz;ftp.sra.ebi.ac.uk/vol1/fastq/ERR357/001/ERR3573081/ERR3573081_2.fastq.gz,ftp.sra.ebi.ac.uk/vol1/run/ERR357/ERR3573081/WTCHG_555219_268138.bam,,WTCHG_555219_268138,OXF-DW-100-WIN
PRJEB34634,SAMEA5989477,ERX3571320,ERR3573082,749907,sediment metagenome,ftp.sra.ebi.ac.uk/vol1/fastq/ERR357/002/ERR3573082/ERR3573082_1.fastq.gz;ftp.sra.ebi.ac.uk/vol1/fastq/ERR357/002/ERR3573082/ERR3573082_2.fastq.gz,ftp.sra.ebi.ac.uk/vol1/run/ERR357/ERR3573082/WTCHG_555218_268138.bam,,WTCHG_555218_268138,OXF-DW-100-WIN
PRJEB34634,SAMEA5989477,ERX3571321,ERR3573083,749907,sediment metagenome,ftp.sra.ebi.ac.uk/vol1/fastq/ERR357/003/ERR3573083/ERR3573083_1.fastq.gz;ftp.sra.ebi.ac.uk/vol1/fastq/ERR357/003/ERR3573083/ERR3573083_2.fastq.gz,ftp.sra.ebi.ac.uk/vol1/run/ERR357/ERR3573083/WTCHG_555214_268138.bam,,WTCHG_555214_268138,OXF-DW-100-WIN
PRJEB34634,SAMEA5989477,ERX3571322,ERR3573084,749907,sediment metagenome,ftp.sra.ebi.ac.uk/vol1/fastq/ERR357/004/ERR3573084/ERR3573084_1.fastq.gz;ftp.sra.ebi.ac.uk/vol1/fastq/ERR357/004/ERR3573084/ERR3573084_2.fastq.gz,ftp.sra.ebi.ac.uk/vol1/run/ERR357/ERR3573084/WTCHG_555216_268138.bam,,WTCHG_555216_268138,OXF-DW-100-WIN
PRJEB34634,SAMEA5989477,ERX3571323,ERR3573085,749907,sediment metagenome,ftp.sra.ebi.ac.uk/vol1/fastq/ERR357/005/ERR3573085/ERR3573085_1.fastq.gz;ftp.sra.ebi.ac.uk/vol1/fastq/ERR357/005/ERR3573085/ERR3573085_2.fastq.gz,ftp.sra.ebi.ac.uk/vol1/run/ERR357/ERR3573085/WTCHG_555221_268138.bam,,WTCHG_555221_268138,OXF-DW-100-WIN
PRJEB34634,SAMEA5989477,ERX3571324,ERR3573086,749907,sediment metagenome,ftp.sra.ebi.ac.uk/vol1/fastq/ERR357/006/ERR3573086/ERR3573086_1.fastq.gz;ftp.sra.ebi.ac.uk/vol1/fastq/ERR357/006/ERR3573086/ERR3573086_2.fastq.gz,ftp.sra.ebi.ac.uk/vol1/run/ERR357/ERR3573086/WTCHG_555217_268138.bam,,WTCHG_555217_268138,OXF-DW-100-WIN
PRJEB34634,SAMEA5989477,ERX3571325,ERR3573087,749907,sediment metagenome,ftp.sra.ebi.ac.uk/vol1/fastq/ERR357/007/ERR3573087/ERR3573087_1.fastq.gz;ftp.sra.ebi.ac.uk/vol1/fastq/ERR357/007/ERR3573087/ERR3573087_2.fastq.gz,ftp.sra.ebi.ac.uk/vol1/run/ERR357/ERR3573087/WTCHG_555215_268138.bam,,WTCHG_555215_268138,OXF-DW-100-WIN
PRJEB34634,SAMEA5989477,ERX3571326,ERR3573088,749907,sediment metagenome,ftp.sra.ebi.ac.uk/vol1/fastq/ERR357/008/ERR3573088/ERR3573088_1.fastq.gz;ftp.sra.ebi.ac.uk/vol1/fastq/ERR357/008/ERR3573088/ERR3573088_2.fastq.gz,ftp.sra.ebi.ac.uk/vol1/run/ERR357/ERR3573088/WTCHG_555220_268138.bam,,WTCHG_555220_268138,OXF-DW-100-WIN
PRJEB34634,SAMEA5989477,ERX3571327,ERR3573089,749907,sediment metagenome,ftp.sra.ebi.ac.uk/vol1/fastq/ERR357/009/ERR3573089/ERR3573089_1.fastq.gz;ftp.sra.ebi.ac.uk/vol1/fastq/ERR357/009/ERR3573089/ERR3573089_2.fastq.gz,ftp.sra.ebi.ac.uk/vol1/run/ERR357/ERR3573089/WTCHG_559240_268138.bam,,WTCHG_559240_268138,OXF-DW-100-WIN
PRJEB34634,SAMEA5989477,ERX3571328,ERR3573090,749907,sediment metagenome,ftp.sra.ebi.ac.uk/vol1/fastq/ERR357/000/ERR3573090/ERR3573090_1.fastq.gz;ftp.sra.ebi.ac.uk/vol1/fastq/ERR357/000/ERR3573090/ERR3573090_2.fastq.gz,ftp.sra.ebi.ac.uk/vol1/run/ERR357/ERR3573090/WTCHG_559241_268138.bam,,WTCHG_559241_268138,OXF-DW-100-WIN
PRJEB34634,SAMEA5989477,ERX3571329,ERR3573091,749907,sediment metagenome,ftp.sra.ebi.ac.uk/vol1/fastq/ERR357/001/ERR3573091/ERR3573091_1.fastq.gz;ftp.sra.ebi.ac.uk/vol1/fastq/ERR357/001/ERR3573091/ERR3573091_2.fastq.gz,ftp.sra.ebi.ac.uk/vol1/run/ERR357/ERR3573091/WTCHG_559244_268138.bam,,WTCHG_559244_268138,OXF-DW-100-WIN
PRJEB34634,SAMEA5989477,ERX3571330,ERR3573092,749907,sediment metagenome,ftp.sra.ebi.ac.uk/vol1/fastq/ERR357/002/ERR3573092/ERR3573092_1.fastq.gz;ftp.sra.ebi.ac.uk/vol1/fastq/ERR357/002/ERR3573092/ERR3573092_2.fastq.gz,ftp.sra.ebi.ac.uk/vol1/run/ERR357/ERR3573092/WTCHG_559243_268138.bam,,WTCHG_559243_268138,OXF-DW-100-WIN
PRJEB34634,SAMEA5989477,ERX3571331,ERR3573093,749907,sediment metagenome,ftp.sra.ebi.ac.uk/vol1/fastq/ERR357/003/ERR3573093/ERR3573093_1.fastq.gz;ftp.sra.ebi.ac.uk/vol1/fastq/ERR357/003/ERR3573093/ERR3573093_2.fastq.gz,ftp.sra.ebi.ac.uk/vol1/run/ERR357/ERR3573093/WTCHG_559242_268138.bam,,WTCHG_559242_268138,OXF-DW-100-WIN
PRJEB34634,SAMEA5989477,ERX3571332,ERR3573094,749907,sediment metagenome,ftp.sra.ebi.ac.uk/vol1/fastq/ERR357/004/ERR3573094/ERR3573094_1.fastq.gz;ftp.sra.ebi.ac.uk/vol1/fastq/ERR357/004/ERR3573094/ERR3573094_2.fastq.gz,ftp.sra.ebi.ac.uk/vol1/run/ERR357/ERR3573094/WTCHG_550636_266114.bam,,WTCHG_550636_266114,OXF-DW-1000-AUT
PRJEB34634,SAMEA5989477,ERX3571333,ERR3573095,749907,sediment metagenome,ftp.sra.ebi.ac.uk/vol1/fastq/ERR357/005/ERR3573095/ERR3573095_1.fastq.gz;ftp.sra.ebi.ac.uk/vol1/fastq/ERR357/005/ERR3573095/ERR3573095_2.fastq.gz,ftp.sra.ebi.ac.uk/vol1/run/ERR357/ERR3573095/WTCHG_551515_266114.bam,,WTCHG_551515_266114,OXF-DW-1000-AUT
PRJEB34634,SAMEA5989477,ERX3571334,ERR3573096,749907,sediment metagenome,ftp.sra.ebi.ac.uk/vol1/fastq/ERR357/006/ERR3573096/ERR3573096_1.fastq.gz;ftp.sra.ebi.ac.uk/vol1/fastq/ERR357/006/ERR3573096/ERR3573096_2.fastq.gz,ftp.sra.ebi.ac.uk/vol1/run/ERR357/ERR3573096/WTCHG_551514_266114.bam,,WTCHG_551514_266114,OXF-DW-1000-AUT
PRJEB34634,SAMEA5989477,ERX3571335,ERR3573097,749907,sediment metagenome,ftp.sra.ebi.ac.uk/vol1/fastq/ERR357/007/ERR3573097/ERR3573097_1.fastq.gz;ftp.sra.ebi.ac.uk/vol1/fastq/ERR357/007/ERR3573097/ERR3573097_2.fastq.gz,ftp.sra.ebi.ac.uk/vol1/run/ERR357/ERR3573097/WTCHG_554366_266114.bam,,WTCHG_554366_266114,OXF-DW-1000-AUT
PRJEB34634,SAMEA5989477,ERX3571336,ERR3573098,749907,sediment metagenome,ftp.sra.ebi.ac.uk/vol1/fastq/ERR357/008/ERR3573098/ERR3573098_1.fastq.gz;ftp.sra.ebi.ac.uk/vol1/fastq/ERR357/008/ERR3573098/ERR3573098_2.fastq.gz,ftp.sra.ebi.ac.uk/vol1/run/ERR357/ERR3573098/WTCHG_554367_266114.bam,,WTCHG_554367_266114,OXF-DW-1000-AUT
PRJEB34634,SAMEA5989477,ERX3571337,ERR3573099,749907,sediment metagenome,ftp.sra.ebi.ac.uk/vol1/fastq/ERR357/009/ERR3573099/ERR3573099_1.fastq.gz;ftp.sra.ebi.ac.uk/vol1/fastq/ERR357/009/ERR3573099/ERR3573099_2.fastq.gz,ftp.sra.ebi.ac.uk/vol1/run/ERR357/ERR3573099/WTCHG_555220_266114.bam,,WTCHG_555220_266114,OXF-DW-1000-AUT
PRJEB34634,SAMEA5989477,ERX3571338,ERR3573100,749907,sediment metagenome,ftp.sra.ebi.ac.uk/vol1/fastq/ERR357/000/ERR3573100/ERR3573100_1.fastq.gz;ftp.sra.ebi.ac.uk/vol1/fastq/ERR357/000/ERR3573100/ERR3573100_2.fastq.gz,ftp.sra.ebi.ac.uk/vol1/run/ERR357/ERR3573100/WTCHG_555214_266114.bam,,WTCHG_555214_266114,OXF-DW-1000-AUT
PRJEB34634,SAMEA5989477,ERX3571339,ERR3573101,749907,sediment metagenome,ftp.sra.ebi.ac.uk/vol1/fastq/ERR357/001/ERR3573101/ERR3573101_1.fastq.gz;ftp.sra.ebi.ac.uk/vol1/fastq/ERR357/001/ERR3573101/ERR3573101_2.fastq.gz,ftp.sra.ebi.ac.uk/vol1/run/ERR357/ERR3573101/WTCHG_555221_266114.bam,,WTCHG_555221_266114,OXF-DW-1000-AUT
PRJEB34634,SAMEA5989477,ERX3571340,ERR3573102,749907,sediment metagenome,ftp.sra.ebi.ac.uk/vol1/fastq/ERR357/002/ERR3573102/ERR3573102_1.fastq.gz;ftp.sra.ebi.ac.uk/vol1/fastq/ERR357/002/ERR3573102/ERR3573102_2.fastq.gz,ftp.sra.ebi.ac.uk/vol1/run/ERR357/ERR3573102/WTCHG_555219_266114.bam,,WTCHG_555219_266114,OXF-DW-1000-AUT
PRJEB34634,SAMEA5989477,ERX3571341,ERR3573103,749907,sediment metagenome,ftp.sra.ebi.ac.uk/vol1/fastq/ERR357/003/ERR3573103/ERR3573103_1.fastq.gz;ftp.sra.ebi.ac.uk/vol1/fastq/ERR357/003/ERR3573103/ERR3573103_2.fastq.gz,ftp.sra.ebi.ac.uk/vol1/run/ERR357/ERR3573103/WTCHG_555218_266114.bam,,WTCHG_555218_266114,OXF-DW-1000-AUT
PRJEB34634,SAMEA5989477,ERX3571342,ERR3573104,749907,sediment metagenome,ftp.sra.ebi.ac.uk/vol1/fastq/ERR357/004/ERR3573104/ERR3573104_1.fastq.gz;ftp.sra.ebi.ac.uk/vol1/fastq/ERR357/004/ERR3573104/ERR3573104_2.fastq.gz,ftp.sra.ebi.ac.uk/vol1/run/ERR357/ERR3573104/WTCHG_555216_266114.bam,,WTCHG_555216_266114,OXF-DW-1000-AUT
PRJEB34634,SAMEA5989477,ERX3571343,ERR3573105,749907,sediment metagenome,ftp.sra.ebi.ac.uk/vol1/fastq/ERR357/005/ERR3573105/ERR3573105_1.fastq.gz;ftp.sra.ebi.ac.uk/vol1/fastq/ERR357/005/ERR3573105/ERR3573105_2.fastq.gz,ftp.sra.ebi.ac.uk/vol1/run/ERR357/ERR3573105/WTCHG_555217_266114.bam,,WTCHG_555217_266114,OXF-DW-1000-AUT
PRJEB34634,SAMEA5989477,ERX3571344,ERR3573106,749907,sediment metagenome,ftp.sra.ebi.ac.uk/vol1/fastq/ERR357/006/ERR3573106/ERR3573106_1.fastq.gz;ftp.sra.ebi.ac.uk/vol1/fastq/ERR357/006/ERR3573106/ERR3573106_2.fastq.gz,ftp.sra.ebi.ac.uk/vol1/run/ERR357/ERR3573106/WTCHG_555215_266114.bam,,WTCHG_555215_266114,OXF-DW-1000-AUT
PRJEB34634,SAMEA5989477,ERX3571345,ERR3573107,749907,sediment metagenome,ftp.sra.ebi.ac.uk/vol1/fastq/ERR357/007/ERR3573107/ERR3573107_1.fastq.gz;ftp.sra.ebi.ac.uk/vol1/fastq/ERR357/007/ERR3573107/ERR3573107_2.fastq.gz,ftp.sra.ebi.ac.uk/vol1/run/ERR357/ERR3573107/WTCHG_559241_266114.bam,,WTCHG_559241_266114,OXF-DW-1000-AUT
PRJEB34634,SAMEA5989477,ERX3571346,ERR3573108,749907,sediment metagenome,ftp.sra.ebi.ac.uk/vol1/fastq/ERR357/008/ERR3573108/ERR3573108_1.fastq.gz;ftp.sra.ebi.ac.uk/vol1/fastq/ERR357/008/ERR3573108/ERR3573108_2.fastq.gz,ftp.sra.ebi.ac.uk/vol1/run/ERR357/ERR3573108/WTCHG_559244_266114.bam,,WTCHG_559244_266114,OXF-DW-1000-AUT
PRJEB34634,SAMEA5989477,ERX3571347,ERR3573109,749907,sediment metagenome,ftp.sra.ebi.ac.uk/vol1/fastq/ERR357/009/ERR3573109/ERR3573109_1.fastq.gz;ftp.sra.ebi.ac.uk/vol1/fastq/ERR357/009/ERR3573109/ERR3573109_2.fastq.gz,ftp.sra.ebi.ac.uk/vol1/run/ERR357/ERR3573109/WTCHG_559242_266114.bam,,WTCHG_559242_266114,OXF-DW-1000-AUT
PRJEB34634,SAMEA5989477,ERX3571348,ERR3573110,749907,sediment metagenome,ftp.sra.ebi.ac.uk/vol1/fastq/ERR357/000/ERR3573110/ERR3573110_1.fastq.gz;ftp.sra.ebi.ac.uk/vol1/fastq/ERR357/000/ERR3573110/ERR3573110_2.fastq.gz,ftp.sra.ebi.ac.uk/vol1/run/ERR357/ERR3573110/WTCHG_559243_266114.bam,,WTCHG_559243_266114,OXF-DW-1000-AUT
PRJEB34634,SAMEA5989477,ERX3571349,ERR3573111,749907,sediment metagenome,ftp.sra.ebi.ac.uk/vol1/fastq/ERR357/001/ERR3573111/ERR3573111_1.fastq.gz;ftp.sra.ebi.ac.uk/vol1/fastq/ERR357/001/ERR3573111/ERR3573111_2.fastq.gz,ftp.sra.ebi.ac.uk/vol1/run/ERR357/ERR3573111/WTCHG_559240_266114.bam,,WTCHG_559240_266114,OXF-DW-1000-AUT
PRJEB34634,SAMEA5989477,ERX3571350,ERR3573112,749907,sediment metagenome,ftp.sra.ebi.ac.uk/vol1/fastq/ERR357/002/ERR3573112/ERR3573112_1.fastq.gz;ftp.sra.ebi.ac.uk/vol1/fastq/ERR357/002/ERR3573112/ERR3573112_2.fastq.gz,ftp.sra.ebi.ac.uk/vol1/run/ERR357/ERR3573112/WTCHG_550636_261149.bam,,WTCHG_550636_261149,OXF-DW-1000-SUM
PRJEB34634,SAMEA5989477,ERX3571351,ERR3573113,749907,sediment metagenome,ftp.sra.ebi.ac.uk/vol1/fastq/ERR357/003/ERR3573113/ERR3573113_1.fastq.gz;ftp.sra.ebi.ac.uk/vol1/fastq/ERR357/003/ERR3573113/ERR3573113_2.fastq.gz,ftp.sra.ebi.ac.uk/vol1/run/ERR357/ERR3573113/WTCHG_551514_261149.bam,,WTCHG_551514_261149,OXF-DW-1000-SUM
PRJEB34634,SAMEA5989477,ERX3571352,ERR3573114,749907,sediment metagenome,ftp.sra.ebi.ac.uk/vol1/fastq/ERR357/004/ERR3573114/ERR3573114_1.fastq.gz;ftp.sra.ebi.ac.uk/vol1/fastq/ERR357/004/ERR3573114/ERR3573114_2.fastq.gz,ftp.sra.ebi.ac.uk/vol1/run/ERR357/ERR3573114/WTCHG_551515_261149.bam,,WTCHG_551515_261149,OXF-DW-1000-SUM
PRJEB34634,SAMEA5989477,ERX3571353,ERR3573115,749907,sediment metagenome,ftp.sra.ebi.ac.uk/vol1/fastq/ERR357/005/ERR3573115/ERR3573115_1.fastq.gz;ftp.sra.ebi.ac.uk/vol1/fastq/ERR357/005/ERR3573115/ERR3573115_2.fastq.gz,ftp.sra.ebi.ac.uk/vol1/run/ERR357/ERR3573115/WTCHG_554367_261149.bam,,WTCHG_554367_261149,OXF-DW-1000-SUM
PRJEB34634,SAMEA5989477,ERX3571354,ERR3573116,749907,sediment metagenome,ftp.sra.ebi.ac.uk/vol1/fastq/ERR357/006/ERR3573116/ERR3573116_1.fastq.gz;ftp.sra.ebi.ac.uk/vol1/fastq/ERR357/006/ERR3573116/ERR3573116_2.fastq.gz,ftp.sra.ebi.ac.uk/vol1/run/ERR357/ERR3573116/WTCHG_554366_261149.bam,,WTCHG_554366_261149,OXF-DW-1000-SUM
PRJEB34634,SAMEA5989477,ERX3571355,ERR3573117,749907,sediment metagenome,ftp.sra.ebi.ac.uk/vol1/fastq/ERR357/007/ERR3573117/ERR3573117_1.fastq.gz;ftp.sra.ebi.ac.uk/vol1/fastq/ERR357/007/ERR3573117/ERR3573117_2.fastq.gz,ftp.sra.ebi.ac.uk/vol1/run/ERR357/ERR3573117/WTCHG_555217_261149.bam,,WTCHG_555217_261149,OXF-DW-1000-SUM
PRJEB34634,SAMEA5989477,ERX3571356,ERR3573118,749907,sediment metagenome,ftp.sra.ebi.ac.uk/vol1/fastq/ERR357/008/ERR3573118/ERR3573118_1.fastq.gz;ftp.sra.ebi.ac.uk/vol1/fastq/ERR357/008/ERR3573118/ERR3573118_2.fastq.gz,ftp.sra.ebi.ac.uk/vol1/run/ERR357/ERR3573118/WTCHG_555221_261149.bam,,WTCHG_555221_261149,OXF-DW-1000-SUM
PRJEB34634,SAMEA5989477,ERX3571357,ERR3573119,749907,sediment metagenome,ftp.sra.ebi.ac.uk/vol1/fastq/ERR357/009/ERR3573119/ERR3573119_1.fastq.gz;ftp.sra.ebi.ac.uk/vol1/fastq/ERR357/009/ERR3573119/ERR3573119_2.fastq.gz,ftp.sra.ebi.ac.uk/vol1/run/ERR357/ERR3573119/WTCHG_555216_261149.bam,,WTCHG_555216_261149,OXF-DW-1000-SUM
PRJEB34634,SAMEA5989477,ERX3571358,ERR3573120,749907,sediment metagenome,ftp.sra.ebi.ac.uk/vol1/fastq/ERR357/000/ERR3573120/ERR3573120_1.fastq.gz;ftp.sra.ebi.ac.uk/vol1/fastq/ERR357/000/ERR3573120/ERR3573120_2.fastq.gz,ftp.sra.ebi.ac.uk/vol1/run/ERR357/ERR3573120/WTCHG_555214_261149.bam,,WTCHG_555214_261149,OXF-DW-1000-SUM
PRJEB34634,SAMEA5989477,ERX3571359,ERR3573121,749907,sediment metagenome,ftp.sra.ebi.ac.uk/vol1/fastq/ERR357/001/ERR3573121/ERR3573121_1.fastq.gz;ftp.sra.ebi.ac.uk/vol1/fastq/ERR357/001/ERR3573121/ERR3573121_2.fastq.gz,ftp.sra.ebi.ac.uk/vol1/run/ERR357/ERR3573121/WTCHG_555220_261149.bam,,WTCHG_555220_261149,OXF-DW-1000-SUM
PRJEB34634,SAMEA5989477,ERX3571360,ERR3573122,749907,sediment metagenome,ftp.sra.ebi.ac.uk/vol1/fastq/ERR357/002/ERR3573122/ERR3573122_1.fastq.gz;ftp.sra.ebi.ac.uk/vol1/fastq/ERR357/002/ERR3573122/ERR3573122_2.fastq.gz,ftp.sra.ebi.ac.uk/vol1/run/ERR357/ERR3573122/WTCHG_555219_261149.bam,,WTCHG_555219_261149,OXF-DW-1000-SUM
PRJEB34634,SAMEA5989477,ERX3571361,ERR3573123,749907,sediment metagenome,ftp.sra.ebi.ac.uk/vol1/fastq/ERR357/003/ERR3573123/ERR3573123_1.fastq.gz;ftp.sra.ebi.ac.uk/vol1/fastq/ERR357/003/ERR3573123/ERR3573123_2.fastq.gz,ftp.sra.ebi.ac.uk/vol1/run/ERR357/ERR3573123/WTCHG_555218_261149.bam,,WTCHG_555218_261149,OXF-DW-1000-SUM
PRJEB34634,SAMEA5989477,ERX3571362,ERR3573124,749907,sediment metagenome,ftp.sra.ebi.ac.uk/vol1/fastq/ERR357/004/ERR3573124/ERR3573124_1.fastq.gz;ftp.sra.ebi.ac.uk/vol1/fastq/ERR357/004/ERR3573124/ERR3573124_2.fastq.gz,ftp.sra.ebi.ac.uk/vol1/run/ERR357/ERR3573124/WTCHG_555215_261149.bam,,WTCHG_555215_261149,OXF-DW-1000-SUM
PRJEB34634,SAMEA5989477,ERX3571363,ERR3573125,749907,sediment metagenome,ftp.sra.ebi.ac.uk/vol1/fastq/ERR357/005/ERR3573125/ERR3573125_1.fastq.gz;ftp.sra.ebi.ac.uk/vol1/fastq/ERR357/005/ERR3573125/ERR3573125_2.fastq.gz,ftp.sra.ebi.ac.uk/vol1/run/ERR357/ERR3573125/WTCHG_559243_261149.bam,,WTCHG_559243_261149,OXF-DW-1000-SUM
PRJEB34634,SAMEA5989477,ERX3571364,ERR3573126,749907,sediment metagenome,ftp.sra.ebi.ac.uk/vol1/fastq/ERR357/006/ERR3573126/ERR3573126_1.fastq.gz;ftp.sra.ebi.ac.uk/vol1/fastq/ERR357/006/ERR3573126/ERR3573126_2.fastq.gz,ftp.sra.ebi.ac.uk/vol1/run/ERR357/ERR3573126/WTCHG_559242_261149.bam,,WTCHG_559242_261149,OXF-DW-1000-SUM
PRJEB34634,SAMEA5989477,ERX3571365,ERR3573127,749907,sediment metagenome,ftp.sra.ebi.ac.uk/vol1/fastq/ERR357/007/ERR3573127/ERR3573127_1.fastq.gz;ftp.sra.ebi.ac.uk/vol1/fastq/ERR357/007/ERR3573127/ERR3573127_2.fastq.gz,ftp.sra.ebi.ac.uk/vol1/run/ERR357/ERR3573127/WTCHG_559240_261149.bam,,WTCHG_559240_261149,OXF-DW-1000-SUM
PRJEB34634,SAMEA5989477,ERX3571366,ERR3573128,749907,sediment metagenome,ftp.sra.ebi.ac.uk/vol1/fastq/ERR357/008/ERR3573128/ERR3573128_1.fastq.gz;ftp.sra.ebi.ac.uk/vol1/fastq/ERR357/008/ERR3573128/ERR3573128_2.fastq.gz,ftp.sra.ebi.ac.uk/vol1/run/ERR357/ERR3573128/WTCHG_559244_261149.bam,,WTCHG_559244_261149,OXF-DW-1000-SUM
PRJEB34634,SAMEA5989477,ERX3571367,ERR3573129,749907,sediment metagenome,ftp.sra.ebi.ac.uk/vol1/fastq/ERR357/009/ERR3573129/ERR3573129_1.fastq.gz;ftp.sra.ebi.ac.uk/vol1/fastq/ERR357/009/ERR3573129/ERR3573129_2.fastq.gz,ftp.sra.ebi.ac.uk/vol1/run/ERR357/ERR3573129/WTCHG_559241_261149.bam,,WTCHG_559241_261149,OXF-DW-1000-SUM
PRJEB34634,SAMEA5989477,ERX3571368,ERR3573130,749907,sediment metagenome,ftp.sra.ebi.ac.uk/vol1/fastq/ERR357/000/ERR3573130/ERR3573130_1.fastq.gz;ftp.sra.ebi.ac.uk/vol1/fastq/ERR357/000/ERR3573130/ERR3573130_2.fastq.gz,ftp.sra.ebi.ac.uk/vol1/run/ERR357/ERR3573130/WTCHG_550636_271174.bam,,WTCHG_550636_271174,OXF-DW-1000-WIN
PRJEB34634,SAMEA5989477,ERX3571369,ERR3573131,749907,sediment metagenome,ftp.sra.ebi.ac.uk/vol1/fastq/ERR357/001/ERR3573131/ERR3573131_1.fastq.gz;ftp.sra.ebi.ac.uk/vol1/fastq/ERR357/001/ERR3573131/ERR3573131_2.fastq.gz,ftp.sra.ebi.ac.uk/vol1/run/ERR357/ERR3573131/WTCHG_551515_271174.bam,,WTCHG_551515_271174,OXF-DW-1000-WIN
PRJEB34634,SAMEA5989477,ERX3571370,ERR3573132,749907,sediment metagenome,ftp.sra.ebi.ac.uk/vol1/fastq/ERR357/002/ERR3573132/ERR3573132_1.fastq.gz;ftp.sra.ebi.ac.uk/vol1/fastq/ERR357/002/ERR3573132/ERR3573132_2.fastq.gz,ftp.sra.ebi.ac.uk/vol1/run/ERR357/ERR3573132/WTCHG_551514_271174.bam,,WTCHG_551514_271174,OXF-DW-1000-WIN
PRJEB34634,SAMEA5989477,ERX3571371,ERR3573133,749907,sediment metagenome,ftp.sra.ebi.ac.uk/vol1/fastq/ERR357/003/ERR3573133/ERR3573133_1.fastq.gz;ftp.sra.ebi.ac.uk/vol1/fastq/ERR357/003/ERR3573133/ERR3573133_2.fastq.gz,ftp.sra.ebi.ac.uk/vol1/run/ERR357/ERR3573133/WTCHG_554366_271174.bam,,WTCHG_554366_271174,OXF-DW-1000-WIN
PRJEB34634,SAMEA5989477,ERX3571372,ERR3573134,749907,sediment metagenome,ftp.sra.ebi.ac.uk/vol1/fastq/ERR357/004/ERR3573134/ERR3573134_1.fastq.gz;ftp.sra.ebi.ac.uk/vol1/fastq/ERR357/004/ERR3573134/ERR3573134_2.fastq.gz,ftp.sra.ebi.ac.uk/vol1/run/ERR357/ERR3573134/WTCHG_554367_271174.bam,,WTCHG_554367_271174,OXF-DW-1000-WIN
PRJEB34634,SAMEA5989477,ERX3571373,ERR3573135,749907,sediment metagenome,ftp.sra.ebi.ac.uk/vol1/fastq/ERR357/005/ERR3573135/ERR3573135_1.fastq.gz;ftp.sra.ebi.ac.uk/vol1/fastq/ERR357/005/ERR3573135/ERR3573135_2.fastq.gz,ftp.sra.ebi.ac.uk/vol1/run/ERR357/ERR3573135/WTCHG_555218_271174.bam,,WTCHG_555218_271174,OXF-DW-1000-WIN
PRJEB34634,SAMEA5989477,ERX3571374,ERR3573136,749907,sediment metagenome,ftp.sra.ebi.ac.uk/vol1/fastq/ERR357/006/ERR3573136/ERR3573136_1.fastq.gz;ftp.sra.ebi.ac.uk/vol1/fastq/ERR357/006/ERR3573136/ERR3573136_2.fastq.gz,ftp.sra.ebi.ac.uk/vol1/run/ERR357/ERR3573136/WTCHG_555220_271174.bam,,WTCHG_555220_271174,OXF-DW-1000-WIN
PRJEB34634,SAMEA5989477,ERX3571375,ERR3573137,749907,sediment metagenome,ftp.sra.ebi.ac.uk/vol1/fastq/ERR357/007/ERR3573137/ERR3573137_1.fastq.gz;ftp.sra.ebi.ac.uk/vol1/fastq/ERR357/007/ERR3573137/ERR3573137_2.fastq.gz,ftp.sra.ebi.ac.uk/vol1/run/ERR357/ERR3573137/WTCHG_555215_271174.bam,,WTCHG_555215_271174,OXF-DW-1000-WIN
PRJEB34634,SAMEA5989477,ERX3571376,ERR3573138,749907,sediment metagenome,ftp.sra.ebi.ac.uk/vol1/fastq/ERR357/008/ERR3573138/ERR3573138_1.fastq.gz;ftp.sra.ebi.ac.uk/vol1/fastq/ERR357/008/ERR3573138/ERR3573138_2.fastq.gz,ftp.sra.ebi.ac.uk/vol1/run/ERR357/ERR3573138/WTCHG_555216_271174.bam,,WTCHG_555216_271174,OXF-DW-1000-WIN
PRJEB34634,SAMEA5989477,ERX3571377,ERR3573139,749907,sediment metagenome,ftp.sra.ebi.ac.uk/vol1/fastq/ERR357/009/ERR3573139/ERR3573139_1.fastq.gz;ftp.sra.ebi.ac.uk/vol1/fastq/ERR357/009/ERR3573139/ERR3573139_2.fastq.gz,ftp.sra.ebi.ac.uk/vol1/run/ERR357/ERR3573139/WTCHG_555217_271174.bam,,WTCHG_555217_271174,OXF-DW-1000-WIN
PRJEB34634,SAMEA5989477,ERX3571378,ERR3573140,749907,sediment metagenome,ftp.sra.ebi.ac.uk/vol1/fastq/ERR357/000/ERR3573140/ERR3573140_1.fastq.gz;ftp.sra.ebi.ac.uk/vol1/fastq/ERR357/000/ERR3573140/ERR3573140_2.fastq.gz,ftp.sra.ebi.ac.uk/vol1/run/ERR357/ERR3573140/WTCHG_555214_271174.bam,,WTCHG_555214_271174,OXF-DW-1000-WIN
PRJEB34634,SAMEA5989477,ERX3571379,ERR3573141,749907,sediment metagenome,ftp.sra.ebi.ac.uk/vol1/fastq/ERR357/001/ERR3573141/ERR3573141_1.fastq.gz;ftp.sra.ebi.ac.uk/vol1/fastq/ERR357/001/ERR3573141/ERR3573141_2.fastq.gz,ftp.sra.ebi.ac.uk/vol1/run/ERR357/ERR3573141/WTCHG_555219_271174.bam,,WTCHG_555219_271174,OXF-DW-1000-WIN
PRJEB34634,SAMEA5989477,ERX3571380,ERR3573142,749907,sediment metagenome,ftp.sra.ebi.ac.uk/vol1/fastq/ERR357/002/ERR3573142/ERR3573142_1.fastq.gz;ftp.sra.ebi.ac.uk/vol1/fastq/ERR357/002/ERR3573142/ERR3573142_2.fastq.gz,ftp.sra.ebi.ac.uk/vol1/run/ERR357/ERR3573142/WTCHG_555221_271174.bam,,WTCHG_555221_271174,OXF-DW-1000-WIN
PRJEB34634,SAMEA5989477,ERX3571381,ERR3573143,749907,sediment metagenome,ftp.sra.ebi.ac.uk/vol1/fastq/ERR357/003/ERR3573143/ERR3573143_1.fastq.gz;ftp.sra.ebi.ac.uk/vol1/fastq/ERR357/003/ERR3573143/ERR3573143_2.fastq.gz,ftp.sra.ebi.ac.uk/vol1/run/ERR357/ERR3573143/WTCHG_559242_271174.bam,,WTCHG_559242_271174,OXF-DW-1000-WIN
PRJEB34634,SAMEA5989477,ERX3571382,ERR3573144,749907,sediment metagenome,ftp.sra.ebi.ac.uk/vol1/fastq/ERR357/004/ERR3573144/ERR3573144_1.fastq.gz;ftp.sra.ebi.ac.uk/vol1/fastq/ERR357/004/ERR3573144/ERR3573144_2.fastq.gz,ftp.sra.ebi.ac.uk/vol1/run/ERR357/ERR3573144/WTCHG_559244_271174.bam,,WTCHG_559244_271174,OXF-DW-1000-WIN
PRJEB34634,SAMEA5989477,ERX3571383,ERR3573145,749907,sediment metagenome,ftp.sra.ebi.ac.uk/vol1/fastq/ERR357/005/ERR3573145/ERR3573145_1.fastq.gz;ftp.sra.ebi.ac.uk/vol1/fastq/ERR357/005/ERR3573145/ERR3573145_2.fastq.gz,ftp.sra.ebi.ac.uk/vol1/run/ERR357/ERR3573145/WTCHG_559240_271174.bam,,WTCHG_559240_271174,OXF-DW-1000-WIN
PRJEB34634,SAMEA5989477,ERX3571384,ERR3573146,749907,sediment metagenome,ftp.sra.ebi.ac.uk/vol1/fastq/ERR357/006/ERR3573146/ERR3573146_1.fastq.gz;ftp.sra.ebi.ac.uk/vol1/fastq/ERR357/006/ERR3573146/ERR3573146_2.fastq.gz,ftp.sra.ebi.ac.uk/vol1/run/ERR357/ERR3573146/WTCHG_559241_271174.bam,,WTCHG_559241_271174,OXF-DW-1000-WIN
PRJEB34634,SAMEA5989477,ERX3571385,ERR3573147,749907,sediment metagenome,ftp.sra.ebi.ac.uk/vol1/fastq/ERR357/007/ERR3573147/ERR3573147_1.fastq.gz;ftp.sra.ebi.ac.uk/vol1/fastq/ERR357/007/ERR3573147/ERR3573147_2.fastq.gz,ftp.sra.ebi.ac.uk/vol1/run/ERR357/ERR3573147/WTCHG_559243_271174.bam,,WTCHG_559243_271174,OXF-DW-1000-WIN
PRJEB34634,SAMEA5989477,ERX3571386,ERR3573148,749907,sediment metagenome,ftp.sra.ebi.ac.uk/vol1/fastq/ERR357/008/ERR3573148/ERR3573148_1.fastq.gz;ftp.sra.ebi.ac.uk/vol1/fastq/ERR357/008/ERR3573148/ERR3573148_2.fastq.gz,ftp.sra.ebi.ac.uk/vol1/run/ERR357/ERR3573148/WTCHG_550636_264185.bam,,WTCHG_550636_264185,OXF-DW-250-AUT
PRJEB34634,SAMEA5989477,ERX3571387,ERR3573149,749907,sediment metagenome,ftp.sra.ebi.ac.uk/vol1/fastq/ERR357/009/ERR3573149/ERR3573149_1.fastq.gz;ftp.sra.ebi.ac.uk/vol1/fastq/ERR357/009/ERR3573149/ERR3573149_2.fastq.gz,ftp.sra.ebi.ac.uk/vol1/run/ERR357/ERR3573149/WTCHG_551515_264185.bam,,WTCHG_551515_264185,OXF-DW-250-AUT
PRJEB34634,SAMEA5989477,ERX3571388,ERR3573150,749907,sediment metagenome,ftp.sra.ebi.ac.uk/vol1/fastq/ERR357/000/ERR3573150/ERR3573150_1.fastq.gz;ftp.sra.ebi.ac.uk/vol1/fastq/ERR357/000/ERR3573150/ERR3573150_2.fastq.gz,ftp.sra.ebi.ac.uk/vol1/run/ERR357/ERR3573150/WTCHG_551514_264185.bam,,WTCHG_551514_264185,OXF-DW-250-AUT
PRJEB34634,SAMEA5989477,ERX3571389,ERR3573151,749907,sediment metagenome,ftp.sra.ebi.ac.uk/vol1/fastq/ERR357/001/ERR3573151/ERR3573151_1.fastq.gz;ftp.sra.ebi.ac.uk/vol1/fastq/ERR357/001/ERR3573151/ERR3573151_2.fastq.gz,ftp.sra.ebi.ac.uk/vol1/run/ERR357/ERR3573151/WTCHG_554367_264185.bam,,WTCHG_554367_264185,OXF-DW-250-AUT
PRJEB34634,SAMEA5989477,ERX3571390,ERR3573152,749907,sediment metagenome,ftp.sra.ebi.ac.uk/vol1/fastq/ERR357/002/ERR3573152/ERR3573152_1.fastq.gz;ftp.sra.ebi.ac.uk/vol1/fastq/ERR357/002/ERR3573152/ERR3573152_2.fastq.gz,ftp.sra.ebi.ac.uk/vol1/run/ERR357/ERR3573152/WTCHG_554366_264185.bam,,WTCHG_554366_264185,OXF-DW-250-AUT
PRJEB34634,SAMEA5989477,ERX3571391,ERR3573153,749907,sediment metagenome,ftp.sra.ebi.ac.uk/vol1/fastq/ERR357/003/ERR3573153/ERR3573153_1.fastq.gz;ftp.sra.ebi.ac.uk/vol1/fastq/ERR357/003/ERR3573153/ERR3573153_2.fastq.gz,ftp.sra.ebi.ac.uk/vol1/run/ERR357/ERR3573153/WTCHG_555218_264185.bam,,WTCHG_555218_264185,OXF-DW-250-AUT
PRJEB34634,SAMEA5989477,ERX3571392,ERR3573154,749907,sediment metagenome,ftp.sra.ebi.ac.uk/vol1/fastq/ERR357/004/ERR3573154/ERR3573154_1.fastq.gz;ftp.sra.ebi.ac.uk/vol1/fastq/ERR357/004/ERR3573154/ERR3573154_2.fastq.gz,ftp.sra.ebi.ac.uk/vol1/run/ERR357/ERR3573154/WTCHG_555220_264185.bam,,WTCHG_555220_264185,OXF-DW-250-AUT
PRJEB34634,SAMEA5989477,ERX3571393,ERR3573155,749907,sediment metagenome,ftp.sra.ebi.ac.uk/vol1/fastq/ERR357/005/ERR3573155/ERR3573155_1.fastq.gz;ftp.sra.ebi.ac.uk/vol1/fastq/ERR357/005/ERR3573155/ERR3573155_2.fastq.gz,ftp.sra.ebi.ac.uk/vol1/run/ERR357/ERR3573155/WTCHG_555215_264185.bam,,WTCHG_555215_264185,OXF-DW-250-AUT
PRJEB34634,SAMEA5989477,ERX3571394,ERR3573156,749907,sediment metagenome,ftp.sra.ebi.ac.uk/vol1/fastq/ERR357/006/ERR3573156/ERR3573156_1.fastq.gz;ftp.sra.ebi.ac.uk/vol1/fastq/ERR357/006/ERR3573156/ERR3573156_2.fastq.gz,ftp.sra.ebi.ac.uk/vol1/run/ERR357/ERR3573156/WTCHG_555219_264185.bam,,WTCHG_555219_264185,OXF-DW-250-AUT
PRJEB34634,SAMEA5989477,ERX3571395,ERR3573157,749907,sediment metagenome,ftp.sra.ebi.ac.uk/vol1/fastq/ERR357/007/ERR3573157/ERR3573157_1.fastq.gz;ftp.sra.ebi.ac.uk/vol1/fastq/ERR357/007/ERR3573157/ERR3573157_2.fastq.gz,ftp.sra.ebi.ac.uk/vol1/run/ERR357/ERR3573157/WTCHG_555216_264185.bam,,WTCHG_555216_264185,OXF-DW-250-AUT
PRJEB34634,SAMEA5989477,ERX3571396,ERR3573158,749907,sediment metagenome,ftp.sra.ebi.ac.uk/vol1/fastq/ERR357/008/ERR3573158/ERR3573158_1.fastq.gz;ftp.sra.ebi.ac.uk/vol1/fastq/ERR357/008/ERR3573158/ERR3573158_2.fastq.gz,ftp.sra.ebi.ac.uk/vol1/run/ERR357/ERR3573158/WTCHG_555217_264185.bam,,WTCHG_555217_264185,OXF-DW-250-AUT
PRJEB34634,SAMEA5989477,ERX3571397,ERR3573159,749907,sediment metagenome,ftp.sra.ebi.ac.uk/vol1/fastq/ERR357/009/ERR3573159/ERR3573159_1.fastq.gz;ftp.sra.ebi.ac.uk/vol1/fastq/ERR357/009/ERR3573159/ERR3573159_2.fastq.gz,ftp.sra.ebi.ac.uk/vol1/run/ERR357/ERR3573159/WTCHG_555214_264185.bam,,WTCHG_555214_264185,OXF-DW-250-AUT
PRJEB34634,SAMEA5989477,ERX3571398,ERR3573160,749907,sediment metagenome,ftp.sra.ebi.ac.uk/vol1/fastq/ERR357/000/ERR3573160/ERR3573160_1.fastq.gz;ftp.sra.ebi.ac.uk/vol1/fastq/ERR357/000/ERR3573160/ERR3573160_2.fastq.gz,ftp.sra.ebi.ac.uk/vol1/run/ERR357/ERR3573160/WTCHG_555221_264185.bam,,WTCHG_555221_264185,OXF-DW-250-AUT
PRJEB34634,SAMEA5989477,ERX3571399,ERR3573161,749907,sediment metagenome,ftp.sra.ebi.ac.uk/vol1/fastq/ERR357/001/ERR3573161/ERR3573161_1.fastq.gz;ftp.sra.ebi.ac.uk/vol1/fastq/ERR357/001/ERR3573161/ERR3573161_2.fastq.gz,ftp.sra.ebi.ac.uk/vol1/run/ERR357/ERR3573161/WTCHG_559240_264185.bam,,WTCHG_559240_264185,OXF-DW-250-AUT
PRJEB34634,SAMEA5989477,ERX3571400,ERR3573162,749907,sediment metagenome,ftp.sra.ebi.ac.uk/vol1/fastq/ERR357/002/ERR3573162/ERR3573162_1.fastq.gz;ftp.sra.ebi.ac.uk/vol1/fastq/ERR357/002/ERR3573162/ERR3573162_2.fastq.gz,ftp.sra.ebi.ac.uk/vol1/run/ERR357/ERR3573162/WTCHG_559243_264185.bam,,WTCHG_559243_264185,OXF-DW-250-AUT
PRJEB34634,SAMEA5989477,ERX3571401,ERR3573163,749907,sediment metagenome,ftp.sra.ebi.ac.uk/vol1/fastq/ERR357/003/ERR3573163/ERR3573163_1.fastq.gz;ftp.sra.ebi.ac.uk/vol1/fastq/ERR357/003/ERR3573163/ERR3573163_2.fastq.gz,ftp.sra.ebi.ac.uk/vol1/run/ERR357/ERR3573163/WTCHG_559244_264185.bam,,WTCHG_559244_264185,OXF-DW-250-AUT
PRJEB34634,SAMEA5989477,ERX3571402,ERR3573164,749907,sediment metagenome,ftp.sra.ebi.ac.uk/vol1/fastq/ERR357/004/ERR3573164/ERR3573164_1.fastq.gz;ftp.sra.ebi.ac.uk/vol1/fastq/ERR357/004/ERR3573164/ERR3573164_2.fastq.gz,ftp.sra.ebi.ac.uk/vol1/run/ERR357/ERR3573164/WTCHG_559242_264185.bam,,WTCHG_559242_264185,OXF-DW-250-AUT
PRJEB34634,SAMEA5989477,ERX3571403,ERR3573165,749907,sediment metagenome,ftp.sra.ebi.ac.uk/vol1/fastq/ERR357/005/ERR3573165/ERR3573165_1.fastq.gz;ftp.sra.ebi.ac.uk/vol1/fastq/ERR357/005/ERR3573165/ERR3573165_2.fastq.gz,ftp.sra.ebi.ac.uk/vol1/run/ERR357/ERR3573165/WTCHG_559241_264185.bam,,WTCHG_559241_264185,OXF-DW-250-AUT
PRJEB34634,SAMEA5989477,ERX3571404,ERR3573166,749907,sediment metagenome,ftp.sra.ebi.ac.uk/vol1/fastq/ERR357/006/ERR3573166/ERR3573166_1.fastq.gz;ftp.sra.ebi.ac.uk/vol1/fastq/ERR357/006/ERR3573166/ERR3573166_2.fastq.gz,ftp.sra.ebi.ac.uk/vol1/run/ERR357/ERR3573166/WTCHG_550636_259125.bam,,WTCHG_550636_259125,OXF-DW-250-SUM
PRJEB34634,SAMEA5989477,ERX3571405,ERR3573167,749907,sediment metagenome,ftp.sra.ebi.ac.uk/vol1/fastq/ERR357/007/ERR3573167/ERR3573167_1.fastq.gz;ftp.sra.ebi.ac.uk/vol1/fastq/ERR357/007/ERR3573167/ERR3573167_2.fastq.gz,ftp.sra.ebi.ac.uk/vol1/run/ERR357/ERR3573167/WTCHG_551515_259125.bam,,WTCHG_551515_259125,OXF-DW-250-SUM
PRJEB34634,SAMEA5989477,ERX3571406,ERR3573168,749907,sediment metagenome,ftp.sra.ebi.ac.uk/vol1/fastq/ERR357/008/ERR3573168/ERR3573168_1.fastq.gz;ftp.sra.ebi.ac.uk/vol1/fastq/ERR357/008/ERR3573168/ERR3573168_2.fastq.gz,ftp.sra.ebi.ac.uk/vol1/run/ERR357/ERR3573168/WTCHG_551514_259125.bam,,WTCHG_551514_259125,OXF-DW-250-SUM
PRJEB34634,SAMEA5989477,ERX3571407,ERR3573169,749907,sediment metagenome,ftp.sra.ebi.ac.uk/vol1/fastq/ERR357/009/ERR3573169/ERR3573169_1.fastq.gz;ftp.sra.ebi.ac.uk/vol1/fastq/ERR357/009/ERR3573169/ERR3573169_2.fastq.gz,ftp.sra.ebi.ac.uk/vol1/run/ERR357/ERR3573169/WTCHG_554367_259125.bam,,WTCHG_554367_259125,OXF-DW-250-SUM
PRJEB34634,SAMEA5989477,ERX3571408,ERR3573170,749907,sediment metagenome,ftp.sra.ebi.ac.uk/vol1/fastq/ERR357/000/ERR3573170/ERR3573170_1.fastq.gz;ftp.sra.ebi.ac.uk/vol1/fastq/ERR357/000/ERR3573170/ERR3573170_2.fastq.gz,ftp.sra.ebi.ac.uk/vol1/run/ERR357/ERR3573170/WTCHG_554366_259125.bam,,WTCHG_554366_259125,OXF-DW-250-SUM
PRJEB34634,SAMEA5989477,ERX3571409,ERR3573171,749907,sediment metagenome,ftp.sra.ebi.ac.uk/vol1/fastq/ERR357/001/ERR3573171/ERR3573171_1.fastq.gz;ftp.sra.ebi.ac.uk/vol1/fastq/ERR357/001/ERR3573171/ERR3573171_2.fastq.gz,ftp.sra.ebi.ac.uk/vol1/run/ERR357/ERR3573171/WTCHG_555221_259125.bam,,WTCHG_555221_259125,OXF-DW-250-SUM
PRJEB34634,SAMEA5989477,ERX3571410,ERR3573172,749907,sediment metagenome,ftp.sra.ebi.ac.uk/vol1/fastq/ERR357/002/ERR3573172/ERR3573172_1.fastq.gz;ftp.sra.ebi.ac.uk/vol1/fastq/ERR357/002/ERR3573172/ERR3573172_2.fastq.gz,ftp.sra.ebi.ac.uk/vol1/run/ERR357/ERR3573172/WTCHG_555217_259125.bam,,WTCHG_555217_259125,OXF-DW-250-SUM
PRJEB34634,SAMEA5989477,ERX3571411,ERR3573173,749907,sediment metagenome,ftp.sra.ebi.ac.uk/vol1/fastq/ERR357/003/ERR3573173/ERR3573173_1.fastq.gz;ftp.sra.ebi.ac.uk/vol1/fastq/ERR357/003/ERR3573173/ERR3573173_2.fastq.gz,ftp.sra.ebi.ac.uk/vol1/run/ERR357/ERR3573173/WTCHG_555216_259125.bam,,WTCHG_555216_259125,OXF-DW-250-SUM
PRJEB34634,SAMEA5989477,ERX3571412,ERR3573174,749907,sediment metagenome,ftp.sra.ebi.ac.uk/vol1/fastq/ERR357/004/ERR3573174/ERR3573174_1.fastq.gz;ftp.sra.ebi.ac.uk/vol1/fastq/ERR357/004/ERR3573174/ERR3573174_2.fastq.gz,ftp.sra.ebi.ac.uk/vol1/run/ERR357/ERR3573174/WTCHG_555220_259125.bam,,WTCHG_555220_259125,OXF-DW-250-SUM
PRJEB34634,SAMEA5989477,ERX3571413,ERR3573175,749907,sediment metagenome,ftp.sra.ebi.ac.uk/vol1/fastq/ERR357/005/ERR3573175/ERR3573175_1.fastq.gz;ftp.sra.ebi.ac.uk/vol1/fastq/ERR357/005/ERR3573175/ERR3573175_2.fastq.gz,ftp.sra.ebi.ac.uk/vol1/run/ERR357/ERR3573175/WTCHG_555215_259125.bam,,WTCHG_555215_259125,OXF-DW-250-SUM
PRJEB34634,SAMEA5989477,ERX3571414,ERR3573176,749907,sediment metagenome,ftp.sra.ebi.ac.uk/vol1/fastq/ERR357/006/ERR3573176/ERR3573176_1.fastq.gz;ftp.sra.ebi.ac.uk/vol1/fastq/ERR357/006/ERR3573176/ERR3573176_2.fastq.gz,ftp.sra.ebi.ac.uk/vol1/run/ERR357/ERR3573176/WTCHG_555214_259125.bam,,WTCHG_555214_259125,OXF-DW-250-SUM
PRJEB34634,SAMEA5989477,ERX3571415,ERR3573177,749907,sediment metagenome,ftp.sra.ebi.ac.uk/vol1/fastq/ERR357/007/ERR3573177/ERR3573177_1.fastq.gz;ftp.sra.ebi.ac.uk/vol1/fastq/ERR357/007/ERR3573177/ERR3573177_2.fastq.gz,ftp.sra.ebi.ac.uk/vol1/run/ERR357/ERR3573177/WTCHG_555219_259125.bam,,WTCHG_555219_259125,OXF-DW-250-SUM
PRJEB34634,SAMEA5989477,ERX3571416,ERR3573178,749907,sediment metagenome,ftp.sra.ebi.ac.uk/vol1/fastq/ERR357/008/ERR3573178/ERR3573178_1.fastq.gz;ftp.sra.ebi.ac.uk/vol1/fastq/ERR357/008/ERR3573178/ERR3573178_2.fastq.gz,ftp.sra.ebi.ac.uk/vol1/run/ERR357/ERR3573178/WTCHG_555218_259125.bam,,WTCHG_555218_259125,OXF-DW-250-SUM
PRJEB34634,SAMEA5989477,ERX3571417,ERR3573179,749907,sediment metagenome,ftp.sra.ebi.ac.uk/vol1/fastq/ERR357/009/ERR3573179/ERR3573179_1.fastq.gz;ftp.sra.ebi.ac.uk/vol1/fastq/ERR357/009/ERR3573179/ERR3573179_2.fastq.gz,ftp.sra.ebi.ac.uk/vol1/run/ERR357/ERR3573179/WTCHG_559241_259125.bam,,WTCHG_559241_259125,OXF-DW-250-SUM
PRJEB34634,SAMEA5989477,ERX3571418,ERR3573180,749907,sediment metagenome,ftp.sra.ebi.ac.uk/vol1/fastq/ERR357/000/ERR3573180/ERR3573180_1.fastq.gz;ftp.sra.ebi.ac.uk/vol1/fastq/ERR357/000/ERR3573180/ERR3573180_2.fastq.gz,ftp.sra.ebi.ac.uk/vol1/run/ERR357/ERR3573180/WTCHG_559243_259125.bam,,WTCHG_559243_259125,OXF-DW-250-SUM
PRJEB34634,SAMEA5989477,ERX3571419,ERR3573181,749907,sediment metagenome,ftp.sra.ebi.ac.uk/vol1/fastq/ERR357/001/ERR3573181/ERR3573181_1.fastq.gz;ftp.sra.ebi.ac.uk/vol1/fastq/ERR357/001/ERR3573181/ERR3573181_2.fastq.gz,ftp.sra.ebi.ac.uk/vol1/run/ERR357/ERR3573181/WTCHG_559240_259125.bam,,WTCHG_559240_259125,OXF-DW-250-SUM
PRJEB34634,SAMEA5989477,ERX3571420,ERR3573182,749907,sediment metagenome,ftp.sra.ebi.ac.uk/vol1/fastq/ERR357/002/ERR3573182/ERR3573182_1.fastq.gz;ftp.sra.ebi.ac.uk/vol1/fastq/ERR357/002/ERR3573182/ERR3573182_2.fastq.gz,ftp.sra.ebi.ac.uk/vol1/run/ERR357/ERR3573182/WTCHG_559242_259125.bam,,WTCHG_559242_259125,OXF-DW-250-SUM
PRJEB34634,SAMEA5989477,ERX3571421,ERR3573183,749907,sediment metagenome,ftp.sra.ebi.ac.uk/vol1/fastq/ERR357/003/ERR3573183/ERR3573183_1.fastq.gz;ftp.sra.ebi.ac.uk/vol1/fastq/ERR357/003/ERR3573183/ERR3573183_2.fastq.gz,ftp.sra.ebi.ac.uk/vol1/run/ERR357/ERR3573183/WTCHG_559244_259125.bam,,WTCHG_559244_259125,OXF-DW-250-SUM
PRJEB34634,SAMEA5989477,ERX3571422,ERR3573184,749907,sediment metagenome,ftp.sra.ebi.ac.uk/vol1/fastq/ERR357/004/ERR3573184/ERR3573184_1.fastq.gz;ftp.sra.ebi.ac.uk/vol1/fastq/ERR357/004/ERR3573184/ERR3573184_2.fastq.gz,ftp.sra.ebi.ac.uk/vol1/run/ERR357/ERR3573184/WTCHG_550636_269150.bam,,WTCHG_550636_269150,OXF-DW-250-WIN
PRJEB34634,SAMEA5989477,ERX3571423,ERR3573185,749907,sediment metagenome,ftp.sra.ebi.ac.uk/vol1/fastq/ERR357/005/ERR3573185/ERR3573185_1.fastq.gz;ftp.sra.ebi.ac.uk/vol1/fastq/ERR357/005/ERR3573185/ERR3573185_2.fastq.gz,ftp.sra.ebi.ac.uk/vol1/run/ERR357/ERR3573185/WTCHG_551514_269150.bam,,WTCHG_551514_269150,OXF-DW-250-WIN
PRJEB34634,SAMEA5989477,ERX3571424,ERR3573186,749907,sediment metagenome,ftp.sra.ebi.ac.uk/vol1/fastq/ERR357/006/ERR3573186/ERR3573186_1.fastq.gz;ftp.sra.ebi.ac.uk/vol1/fastq/ERR357/006/ERR3573186/ERR3573186_2.fastq.gz,ftp.sra.ebi.ac.uk/vol1/run/ERR357/ERR3573186/WTCHG_551515_269150.bam,,WTCHG_551515_269150,OXF-DW-250-WIN
PRJEB34634,SAMEA5989477,ERX3571425,ERR3573187,749907,sediment metagenome,ftp.sra.ebi.ac.uk/vol1/fastq/ERR357/007/ERR3573187/ERR3573187_1.fastq.gz;ftp.sra.ebi.ac.uk/vol1/fastq/ERR357/007/ERR3573187/ERR3573187_2.fastq.gz,ftp.sra.ebi.ac.uk/vol1/run/ERR357/ERR3573187/WTCHG_554367_269150.bam,,WTCHG_554367_269150,OXF-DW-250-WIN
PRJEB34634,SAMEA5989477,ERX3571426,ERR3573188,749907,sediment metagenome,ftp.sra.ebi.ac.uk/vol1/fastq/ERR357/008/ERR3573188/ERR3573188_1.fastq.gz;ftp.sra.ebi.ac.uk/vol1/fastq/ERR357/008/ERR3573188/ERR3573188_2.fastq.gz,ftp.sra.ebi.ac.uk/vol1/run/ERR357/ERR3573188/WTCHG_554366_269150.bam,,WTCHG_554366_269150,OXF-DW-250-WIN
PRJEB34634,SAMEA5989477,ERX3571427,ERR3573189,749907,sediment metagenome,ftp.sra.ebi.ac.uk/vol1/fastq/ERR357/009/ERR3573189/ERR3573189_1.fastq.gz;ftp.sra.ebi.ac.uk/vol1/fastq/ERR357/009/ERR3573189/ERR3573189_2.fastq.gz,ftp.sra.ebi.ac.uk/vol1/run/ERR357/ERR3573189/WTCHG_555217_269150.bam,,WTCHG_555217_269150,OXF-DW-250-WIN
PRJEB34634,SAMEA5989477,ERX3571428,ERR3573190,749907,sediment metagenome,ftp.sra.ebi.ac.uk/vol1/fastq/ERR357/000/ERR3573190/ERR3573190_1.fastq.gz;ftp.sra.ebi.ac.uk/vol1/fastq/ERR357/000/ERR3573190/ERR3573190_2.fastq.gz,ftp.sra.ebi.ac.uk/vol1/run/ERR357/ERR3573190/WTCHG_555220_269150.bam,,WTCHG_555220_269150,OXF-DW-250-WIN
PRJEB34634,SAMEA5989477,ERX3571429,ERR3573191,749907,sediment metagenome,ftp.sra.ebi.ac.uk/vol1/fastq/ERR357/001/ERR3573191/ERR3573191_1.fastq.gz;ftp.sra.ebi.ac.uk/vol1/fastq/ERR357/001/ERR3573191/ERR3573191_2.fastq.gz,ftp.sra.ebi.ac.uk/vol1/run/ERR357/ERR3573191/WTCHG_555221_269150.bam,,WTCHG_555221_269150,OXF-DW-250-WIN
PRJEB34634,SAMEA5989477,ERX3571430,ERR3573192,749907,sediment metagenome,ftp.sra.ebi.ac.uk/vol1/fastq/ERR357/002/ERR3573192/ERR3573192_1.fastq.gz;ftp.sra.ebi.ac.uk/vol1/fastq/ERR357/002/ERR3573192/ERR3573192_2.fastq.gz,ftp.sra.ebi.ac.uk/vol1/run/ERR357/ERR3573192/WTCHG_555218_269150.bam,,WTCHG_555218_269150,OXF-DW-250-WIN
PRJEB34634,SAMEA5989477,ERX3571431,ERR3573193,749907,sediment metagenome,ftp.sra.ebi.ac.uk/vol1/fastq/ERR357/003/ERR3573193/ERR3573193_1.fastq.gz;ftp.sra.ebi.ac.uk/vol1/fastq/ERR357/003/ERR3573193/ERR3573193_2.fastq.gz,ftp.sra.ebi.ac.uk/vol1/run/ERR357/ERR3573193/WTCHG_555219_269150.bam,,WTCHG_555219_269150,OXF-DW-250-WIN
PRJEB34634,SAMEA5989477,ERX3571432,ERR3573194,749907,sediment metagenome,ftp.sra.ebi.ac.uk/vol1/fastq/ERR357/004/ERR3573194/ERR3573194_1.fastq.gz;ftp.sra.ebi.ac.uk/vol1/fastq/ERR357/004/ERR3573194/ERR3573194_2.fastq.gz,ftp.sra.ebi.ac.uk/vol1/run/ERR357/ERR3573194/WTCHG_555214_269150.bam,,WTCHG_555214_269150,OXF-DW-250-WIN
PRJEB34634,SAMEA5989477,ERX3571433,ERR3573195,749907,sediment metagenome,ftp.sra.ebi.ac.uk/vol1/fastq/ERR357/005/ERR3573195/ERR3573195_1.fastq.gz;ftp.sra.ebi.ac.uk/vol1/fastq/ERR357/005/ERR3573195/ERR3573195_2.fastq.gz,ftp.sra.ebi.ac.uk/vol1/run/ERR357/ERR3573195/WTCHG_555216_269150.bam,,WTCHG_555216_269150,OXF-DW-250-WIN
PRJEB34634,SAMEA5989477,ERX3571434,ERR3573196,749907,sediment metagenome,ftp.sra.ebi.ac.uk/vol1/fastq/ERR357/006/ERR3573196/ERR3573196_1.fastq.gz;ftp.sra.ebi.ac.uk/vol1/fastq/ERR357/006/ERR3573196/ERR3573196_2.fastq.gz,ftp.sra.ebi.ac.uk/vol1/run/ERR357/ERR3573196/WTCHG_555215_269150.bam,,WTCHG_555215_269150,OXF-DW-250-WIN
PRJEB34634,SAMEA5989477,ERX3571435,ERR3573197,749907,sediment metagenome,ftp.sra.ebi.ac.uk/vol1/fastq/ERR357/007/ERR3573197/ERR3573197_1.fastq.gz;ftp.sra.ebi.ac.uk/vol1/fastq/ERR357/007/ERR3573197/ERR3573197_2.fastq.gz,ftp.sra.ebi.ac.uk/vol1/run/ERR357/ERR3573197/WTCHG_559244_269150.bam,,WTCHG_559244_269150,OXF-DW-250-WIN
PRJEB34634,SAMEA5989477,ERX3571436,ERR3573198,749907,sediment metagenome,ftp.sra.ebi.ac.uk/vol1/fastq/ERR357/008/ERR3573198/ERR3573198_1.fastq.gz;ftp.sra.ebi.ac.uk/vol1/fastq/ERR357/008/ERR3573198/ERR3573198_2.fastq.gz,ftp.sra.ebi.ac.uk/vol1/run/ERR357/ERR3573198/WTCHG_559240_269150.bam,,WTCHG_559240_269150,OXF-DW-250-WIN
PRJEB34634,SAMEA5989477,ERX3571437,ERR3573199,749907,sediment metagenome,ftp.sra.ebi.ac.uk/vol1/fastq/ERR357/009/ERR3573199/ERR3573199_1.fastq.gz;ftp.sra.ebi.ac.uk/vol1/fastq/ERR357/009/ERR3573199/ERR3573199_2.fastq.gz,ftp.sra.ebi.ac.uk/vol1/run/ERR357/ERR3573199/WTCHG_559241_269150.bam,,WTCHG_559241_269150,OXF-DW-250-WIN
PRJEB34634,SAMEA5989477,ERX3571438,ERR3573200,749907,sediment metagenome,ftp.sra.ebi.ac.uk/vol1/fastq/ERR357/000/ERR3573200/ERR3573200_1.fastq.gz;ftp.sra.ebi.ac.uk/vol1/fastq/ERR357/000/ERR3573200/ERR3573200_2.fastq.gz,ftp.sra.ebi.ac.uk/vol1/run/ERR357/ERR3573200/WTCHG_559243_269150.bam,,WTCHG_559243_269150,OXF-DW-250-WIN
PRJEB34634,SAMEA5989477,ERX3571439,ERR3573201,749907,sediment metagenome,ftp.sra.ebi.ac.uk/vol1/fastq/ERR357/001/ERR3573201/ERR3573201_1.fastq.gz;ftp.sra.ebi.ac.uk/vol1/fastq/ERR357/001/ERR3573201/ERR3573201_2.fastq.gz,ftp.sra.ebi.ac.uk/vol1/run/ERR357/ERR3573201/WTCHG_559242_269150.bam,,WTCHG_559242_269150,OXF-DW-250-WIN
PRJEB34634,SAMEA5989477,ERX3571440,ERR3573202,749907,sediment metagenome,ftp.sra.ebi.ac.uk/vol1/fastq/ERR357/002/ERR3573202/ERR3573202_1.fastq.gz;ftp.sra.ebi.ac.uk/vol1/fastq/ERR357/002/ERR3573202/ERR3573202_2.fastq.gz,ftp.sra.ebi.ac.uk/vol1/run/ERR357/ERR3573202/WTCHG_550636_265102.bam,,WTCHG_550636_265102,OXF-DW-500-AUT
PRJEB34634,SAMEA5989477,ERX3571441,ERR3573203,749907,sediment metagenome,ftp.sra.ebi.ac.uk/vol1/fastq/ERR357/003/ERR3573203/ERR3573203_1.fastq.gz;ftp.sra.ebi.ac.uk/vol1/fastq/ERR357/003/ERR3573203/ERR3573203_2.fastq.gz,ftp.sra.ebi.ac.uk/vol1/run/ERR357/ERR3573203/WTCHG_551515_265102.bam,,WTCHG_551515_265102,OXF-DW-500-AUT
PRJEB34634,SAMEA5989477,ERX3571442,ERR3573204,749907,sediment metagenome,ftp.sra.ebi.ac.uk/vol1/fastq/ERR357/004/ERR3573204/ERR3573204_1.fastq.gz;ftp.sra.ebi.ac.uk/vol1/fastq/ERR357/004/ERR3573204/ERR3573204_2.fastq.gz,ftp.sra.ebi.ac.uk/vol1/run/ERR357/ERR3573204/WTCHG_551514_265102.bam,,WTCHG_551514_265102,OXF-DW-500-AUT
PRJEB34634,SAMEA5989477,ERX3571443,ERR3573205,749907,sediment metagenome,ftp.sra.ebi.ac.uk/vol1/fastq/ERR357/005/ERR3573205/ERR3573205_1.fastq.gz;ftp.sra.ebi.ac.uk/vol1/fastq/ERR357/005/ERR3573205/ERR3573205_2.fastq.gz,ftp.sra.ebi.ac.uk/vol1/run/ERR357/ERR3573205/WTCHG_554366_265102.bam,,WTCHG_554366_265102,OXF-DW-500-AUT
PRJEB34634,SAMEA5989477,ERX3571444,ERR3573206,749907,sediment metagenome,ftp.sra.ebi.ac.uk/vol1/fastq/ERR357/006/ERR3573206/ERR3573206_1.fastq.gz;ftp.sra.ebi.ac.uk/vol1/fastq/ERR357/006/ERR3573206/ERR3573206_2.fastq.gz,ftp.sra.ebi.ac.uk/vol1/run/ERR357/ERR3573206/WTCHG_554367_265102.bam,,WTCHG_554367_265102,OXF-DW-500-AUT
PRJEB34634,SAMEA5989477,ERX3571445,ERR3573207,749907,sediment metagenome,ftp.sra.ebi.ac.uk/vol1/fastq/ERR357/007/ERR3573207/ERR3573207_1.fastq.gz;ftp.sra.ebi.ac.uk/vol1/fastq/ERR357/007/ERR3573207/ERR3573207_2.fastq.gz,ftp.sra.ebi.ac.uk/vol1/run/ERR357/ERR3573207/WTCHG_555215_265102.bam,,WTCHG_555215_265102,OXF-DW-500-AUT
PRJEB34634,SAMEA5989477,ERX3571446,ERR3573208,749907,sediment metagenome,ftp.sra.ebi.ac.uk/vol1/fastq/ERR357/008/ERR3573208/ERR3573208_1.fastq.gz;ftp.sra.ebi.ac.uk/vol1/fastq/ERR357/008/ERR3573208/ERR3573208_2.fastq.gz,ftp.sra.ebi.ac.uk/vol1/run/ERR357/ERR3573208/WTCHG_555219_265102.bam,,WTCHG_555219_265102,OXF-DW-500-AUT
PRJEB34634,SAMEA5989477,ERX3571447,ERR3573209,749907,sediment metagenome,ftp.sra.ebi.ac.uk/vol1/fastq/ERR357/009/ERR3573209/ERR3573209_1.fastq.gz;ftp.sra.ebi.ac.uk/vol1/fastq/ERR357/009/ERR3573209/ERR3573209_2.fastq.gz,ftp.sra.ebi.ac.uk/vol1/run/ERR357/ERR3573209/WTCHG_555221_265102.bam,,WTCHG_555221_265102,OXF-DW-500-AUT
PRJEB34634,SAMEA5989477,ERX3571448,ERR3573210,749907,sediment metagenome,ftp.sra.ebi.ac.uk/vol1/fastq/ERR357/000/ERR3573210/ERR3573210_1.fastq.gz;ftp.sra.ebi.ac.uk/vol1/fastq/ERR357/000/ERR3573210/ERR3573210_2.fastq.gz,ftp.sra.ebi.ac.uk/vol1/run/ERR357/ERR3573210/WTCHG_555216_265102.bam,,WTCHG_555216_265102,OXF-DW-500-AUT
PRJEB34634,SAMEA5989477,ERX3571449,ERR3573211,749907,sediment metagenome,ftp.sra.ebi.ac.uk/vol1/fastq/ERR357/001/ERR3573211/ERR3573211_1.fastq.gz;ftp.sra.ebi.ac.uk/vol1/fastq/ERR357/001/ERR3573211/ERR3573211_2.fastq.gz,ftp.sra.ebi.ac.uk/vol1/run/ERR357/ERR3573211/WTCHG_555214_265102.bam,,WTCHG_555214_265102,OXF-DW-500-AUT
PRJEB34634,SAMEA5989477,ERX3571450,ERR3573212,749907,sediment metagenome,ftp.sra.ebi.ac.uk/vol1/fastq/ERR357/002/ERR3573212/ERR3573212_1.fastq.gz;ftp.sra.ebi.ac.uk/vol1/fastq/ERR357/002/ERR3573212/ERR3573212_2.fastq.gz,ftp.sra.ebi.ac.uk/vol1/run/ERR357/ERR3573212/WTCHG_555218_265102.bam,,WTCHG_555218_265102,OXF-DW-500-AUT
PRJEB34634,SAMEA5989477,ERX3571451,ERR3573213,749907,sediment metagenome,ftp.sra.ebi.ac.uk/vol1/fastq/ERR357/003/ERR3573213/ERR3573213_1.fastq.gz;ftp.sra.ebi.ac.uk/vol1/fastq/ERR357/003/ERR3573213/ERR3573213_2.fastq.gz,ftp.sra.ebi.ac.uk/vol1/run/ERR357/ERR3573213/WTCHG_555220_265102.bam,,WTCHG_555220_265102,OXF-DW-500-AUT
PRJEB34634,SAMEA5989477,ERX3571452,ERR3573214,749907,sediment metagenome,ftp.sra.ebi.ac.uk/vol1/fastq/ERR357/004/ERR3573214/ERR3573214_1.fastq.gz;ftp.sra.ebi.ac.uk/vol1/fastq/ERR357/004/ERR3573214/ERR3573214_2.fastq.gz,ftp.sra.ebi.ac.uk/vol1/run/ERR357/ERR3573214/WTCHG_555217_265102.bam,,WTCHG_555217_265102,OXF-DW-500-AUT
PRJEB34634,SAMEA5989477,ERX3571453,ERR3573215,749907,sediment metagenome,ftp.sra.ebi.ac.uk/vol1/fastq/ERR357/005/ERR3573215/ERR3573215_1.fastq.gz;ftp.sra.ebi.ac.uk/vol1/fastq/ERR357/005/ERR3573215/ERR3573215_2.fastq.gz,ftp.sra.ebi.ac.uk/vol1/run/ERR357/ERR3573215/WTCHG_559243_265102.bam,,WTCHG_559243_265102,OXF-DW-500-AUT
PRJEB34634,SAMEA5989477,ERX3571454,ERR3573216,749907,sediment metagenome,ftp.sra.ebi.ac.uk/vol1/fastq/ERR357/006/ERR3573216/ERR3573216_1.fastq.gz;ftp.sra.ebi.ac.uk/vol1/fastq/ERR357/006/ERR3573216/ERR3573216_2.fastq.gz,ftp.sra.ebi.ac.uk/vol1/run/ERR357/ERR3573216/WTCHG_559242_265102.bam,,WTCHG_559242_265102,OXF-DW-500-AUT
PRJEB34634,SAMEA5989477,ERX3571455,ERR3573217,749907,sediment metagenome,ftp.sra.ebi.ac.uk/vol1/fastq/ERR357/007/ERR3573217/ERR3573217_1.fastq.gz;ftp.sra.ebi.ac.uk/vol1/fastq/ERR357/007/ERR3573217/ERR3573217_2.fastq.gz,ftp.sra.ebi.ac.uk/vol1/run/ERR357/ERR3573217/WTCHG_559241_265102.bam,,WTCHG_559241_265102,OXF-DW-500-AUT
PRJEB34634,SAMEA5989477,ERX3571456,ERR3573218,749907,sediment metagenome,ftp.sra.ebi.ac.uk/vol1/fastq/ERR357/008/ERR3573218/ERR3573218_1.fastq.gz;ftp.sra.ebi.ac.uk/vol1/fastq/ERR357/008/ERR3573218/ERR3573218_2.fastq.gz,ftp.sra.ebi.ac.uk/vol1/run/ERR357/ERR3573218/WTCHG_559244_265102.bam,,WTCHG_559244_265102,OXF-DW-500-AUT
PRJEB34634,SAMEA5989477,ERX3571457,ERR3573219,749907,sediment metagenome,ftp.sra.ebi.ac.uk/vol1/fastq/ERR357/009/ERR3573219/ERR3573219_1.fastq.gz;ftp.sra.ebi.ac.uk/vol1/fastq/ERR357/009/ERR3573219/ERR3573219_2.fastq.gz,ftp.sra.ebi.ac.uk/vol1/run/ERR357/ERR3573219/WTCHG_559240_265102.bam,,WTCHG_559240_265102,OXF-DW-500-AUT
PRJEB34634,SAMEA5989477,ERX3571458,ERR3573220,749907,sediment metagenome,ftp.sra.ebi.ac.uk/vol1/fastq/ERR357/000/ERR3573220/ERR3573220_1.fastq.gz;ftp.sra.ebi.ac.uk/vol1/fastq/ERR357/000/ERR3573220/ERR3573220_2.fastq.gz,ftp.sra.ebi.ac.uk/vol1/run/ERR357/ERR3573220/WTCHG_550636_260137.bam,,WTCHG_550636_260137,OXF-DW-500-SUM
PRJEB34634,SAMEA5989477,ERX3571459,ERR3573221,749907,sediment metagenome,ftp.sra.ebi.ac.uk/vol1/fastq/ERR357/001/ERR3573221/ERR3573221_1.fastq.gz;ftp.sra.ebi.ac.uk/vol1/fastq/ERR357/001/ERR3573221/ERR3573221_2.fastq.gz,ftp.sra.ebi.ac.uk/vol1/run/ERR357/ERR3573221/WTCHG_551515_260137.bam,,WTCHG_551515_260137,OXF-DW-500-SUM
PRJEB34634,SAMEA5989477,ERX3571460,ERR3573222,749907,sediment metagenome,ftp.sra.ebi.ac.uk/vol1/fastq/ERR357/002/ERR3573222/ERR3573222_1.fastq.gz;ftp.sra.ebi.ac.uk/vol1/fastq/ERR357/002/ERR3573222/ERR3573222_2.fastq.gz,ftp.sra.ebi.ac.uk/vol1/run/ERR357/ERR3573222/WTCHG_551514_260137.bam,,WTCHG_551514_260137,OXF-DW-500-SUM
PRJEB34634,SAMEA5989477,ERX3571461,ERR3573223,749907,sediment metagenome,ftp.sra.ebi.ac.uk/vol1/fastq/ERR357/003/ERR3573223/ERR3573223_1.fastq.gz;ftp.sra.ebi.ac.uk/vol1/fastq/ERR357/003/ERR3573223/ERR3573223_2.fastq.gz,ftp.sra.ebi.ac.uk/vol1/run/ERR357/ERR3573223/WTCHG_554367_260137.bam,,WTCHG_554367_260137,OXF-DW-500-SUM
PRJEB34634,SAMEA5989477,ERX3571462,ERR3573224,749907,sediment metagenome,ftp.sra.ebi.ac.uk/vol1/fastq/ERR357/004/ERR3573224/ERR3573224_1.fastq.gz;ftp.sra.ebi.ac.uk/vol1/fastq/ERR357/004/ERR3573224/ERR3573224_2.fastq.gz,ftp.sra.ebi.ac.uk/vol1/run/ERR357/ERR3573224/WTCHG_554366_260137.bam,,WTCHG_554366_260137,OXF-DW-500-SUM
PRJEB34634,SAMEA5989477,ERX3571463,ERR3573225,749907,sediment metagenome,ftp.sra.ebi.ac.uk/vol1/fastq/ERR357/005/ERR3573225/ERR3573225_1.fastq.gz;ftp.sra.ebi.ac.uk/vol1/fastq/ERR357/005/ERR3573225/ERR3573225_2.fastq.gz,ftp.sra.ebi.ac.uk/vol1/run/ERR357/ERR3573225/WTCHG_555219_260137.bam,,WTCHG_555219_260137,OXF-DW-500-SUM
PRJEB34634,SAMEA5989477,ERX3571464,ERR3573226,749907,sediment metagenome,ftp.sra.ebi.ac.uk/vol1/fastq/ERR357/006/ERR3573226/ERR3573226_1.fastq.gz;ftp.sra.ebi.ac.uk/vol1/fastq/ERR357/006/ERR3573226/ERR3573226_2.fastq.gz,ftp.sra.ebi.ac.uk/vol1/run/ERR357/ERR3573226/WTCHG_555215_260137.bam,,WTCHG_555215_260137,OXF-DW-500-SUM
PRJEB34634,SAMEA5989477,ERX3571465,ERR3573227,749907,sediment metagenome,ftp.sra.ebi.ac.uk/vol1/fastq/ERR357/007/ERR3573227/ERR3573227_1.fastq.gz;ftp.sra.ebi.ac.uk/vol1/fastq/ERR357/007/ERR3573227/ERR3573227_2.fastq.gz,ftp.sra.ebi.ac.uk/vol1/run/ERR357/ERR3573227/WTCHG_555218_260137.bam,,WTCHG_555218_260137,OXF-DW-500-SUM
PRJEB34634,SAMEA5989477,ERX3571466,ERR3573228,749907,sediment metagenome,ftp.sra.ebi.ac.uk/vol1/fastq/ERR357/008/ERR3573228/ERR3573228_1.fastq.gz;ftp.sra.ebi.ac.uk/vol1/fastq/ERR357/008/ERR3573228/ERR3573228_2.fastq.gz,ftp.sra.ebi.ac.uk/vol1/run/ERR357/ERR3573228/WTCHG_555216_260137.bam,,WTCHG_555216_260137,OXF-DW-500-SUM
PRJEB34634,SAMEA5989477,ERX3571467,ERR3573229,749907,sediment metagenome,ftp.sra.ebi.ac.uk/vol1/fastq/ERR357/009/ERR3573229/ERR3573229_1.fastq.gz;ftp.sra.ebi.ac.uk/vol1/fastq/ERR357/009/ERR3573229/ERR3573229_2.fastq.gz,ftp.sra.ebi.ac.uk/vol1/run/ERR357/ERR3573229/WTCHG_555220_260137.bam,,WTCHG_555220_260137,OXF-DW-500-SUM
PRJEB34634,SAMEA5989477,ERX3571468,ERR3573230,749907,sediment metagenome,ftp.sra.ebi.ac.uk/vol1/fastq/ERR357/000/ERR3573230/ERR3573230_1.fastq.gz;ftp.sra.ebi.ac.uk/vol1/fastq/ERR357/000/ERR3573230/ERR3573230_2.fastq.gz,ftp.sra.ebi.ac.uk/vol1/run/ERR357/ERR3573230/WTCHG_555221_260137.bam,,WTCHG_555221_260137,OXF-DW-500-SUM
PRJEB34634,SAMEA5989477,ERX3571469,ERR3573231,749907,sediment metagenome,ftp.sra.ebi.ac.uk/vol1/fastq/ERR357/001/ERR3573231/ERR3573231_1.fastq.gz;ftp.sra.ebi.ac.uk/vol1/fastq/ERR357/001/ERR3573231/ERR3573231_2.fastq.gz,ftp.sra.ebi.ac.uk/vol1/run/ERR357/ERR3573231/WTCHG_555217_260137.bam,,WTCHG_555217_260137,OXF-DW-500-SUM
PRJEB34634,SAMEA5989477,ERX3571470,ERR3573232,749907,sediment metagenome,ftp.sra.ebi.ac.uk/vol1/fastq/ERR357/002/ERR3573232/ERR3573232_1.fastq.gz;ftp.sra.ebi.ac.uk/vol1/fastq/ERR357/002/ERR3573232/ERR3573232_2.fastq.gz,ftp.sra.ebi.ac.uk/vol1/run/ERR357/ERR3573232/WTCHG_555214_260137.bam,,WTCHG_555214_260137,OXF-DW-500-SUM
PRJEB34634,SAMEA5989477,ERX3571471,ERR3573233,749907,sediment metagenome,ftp.sra.ebi.ac.uk/vol1/fastq/ERR357/003/ERR3573233/ERR3573233_1.fastq.gz;ftp.sra.ebi.ac.uk/vol1/fastq/ERR357/003/ERR3573233/ERR3573233_2.fastq.gz,ftp.sra.ebi.ac.uk/vol1/run/ERR357/ERR3573233/WTCHG_559243_260137.bam,,WTCHG_559243_260137,OXF-DW-500-SUM
PRJEB34634,SAMEA5989477,ERX3571472,ERR3573234,749907,sediment metagenome,ftp.sra.ebi.ac.uk/vol1/fastq/ERR357/004/ERR3573234/ERR3573234_1.fastq.gz;ftp.sra.ebi.ac.uk/vol1/fastq/ERR357/004/ERR3573234/ERR3573234_2.fastq.gz,ftp.sra.ebi.ac.uk/vol1/run/ERR357/ERR3573234/WTCHG_559244_260137.bam,,WTCHG_559244_260137,OXF-DW-500-SUM
PRJEB34634,SAMEA5989477,ERX3571473,ERR3573235,749907,sediment metagenome,ftp.sra.ebi.ac.uk/vol1/fastq/ERR357/005/ERR3573235/ERR3573235_1.fastq.gz;ftp.sra.ebi.ac.uk/vol1/fastq/ERR357/005/ERR3573235/ERR3573235_2.fastq.gz,ftp.sra.ebi.ac.uk/vol1/run/ERR357/ERR3573235/WTCHG_559240_260137.bam,,WTCHG_559240_260137,OXF-DW-500-SUM
PRJEB34634,SAMEA5989477,ERX3571474,ERR3573236,749907,sediment metagenome,ftp.sra.ebi.ac.uk/vol1/fastq/ERR357/006/ERR3573236/ERR3573236_1.fastq.gz;ftp.sra.ebi.ac.uk/vol1/fastq/ERR357/006/ERR3573236/ERR3573236_2.fastq.gz,ftp.sra.ebi.ac.uk/vol1/run/ERR357/ERR3573236/WTCHG_559242_260137.bam,,WTCHG_559242_260137,OXF-DW-500-SUM
PRJEB34634,SAMEA5989477,ERX3571475,ERR3573237,749907,sediment metagenome,ftp.sra.ebi.ac.uk/vol1/fastq/ERR357/007/ERR3573237/ERR3573237_1.fastq.gz;ftp.sra.ebi.ac.uk/vol1/fastq/ERR357/007/ERR3573237/ERR3573237_2.fastq.gz,ftp.sra.ebi.ac.uk/vol1/run/ERR357/ERR3573237/WTCHG_559241_260137.bam,,WTCHG_559241_260137,OXF-DW-500-SUM
PRJEB34634,SAMEA5989477,ERX3571476,ERR3573238,749907,sediment metagenome,ftp.sra.ebi.ac.uk/vol1/fastq/ERR357/008/ERR3573238/ERR3573238_1.fastq.gz;ftp.sra.ebi.ac.uk/vol1/fastq/ERR357/008/ERR3573238/ERR3573238_2.fastq.gz,ftp.sra.ebi.ac.uk/vol1/run/ERR357/ERR3573238/WTCHG_550636_270162.bam,,WTCHG_550636_270162,OXF-DW-500-WIN
PRJEB34634,SAMEA5989477,ERX3571477,ERR3573239,749907,sediment metagenome,ftp.sra.ebi.ac.uk/vol1/fastq/ERR357/009/ERR3573239/ERR3573239_1.fastq.gz;ftp.sra.ebi.ac.uk/vol1/fastq/ERR357/009/ERR3573239/ERR3573239_2.fastq.gz,ftp.sra.ebi.ac.uk/vol1/run/ERR357/ERR3573239/WTCHG_551515_270162.bam,,WTCHG_551515_270162,OXF-DW-500-WIN
PRJEB34634,SAMEA5989477,ERX3571478,ERR3573240,749907,sediment metagenome,ftp.sra.ebi.ac.uk/vol1/fastq/ERR357/000/ERR3573240/ERR3573240_1.fastq.gz;ftp.sra.ebi.ac.uk/vol1/fastq/ERR357/000/ERR3573240/ERR3573240_2.fastq.gz,ftp.sra.ebi.ac.uk/vol1/run/ERR357/ERR3573240/WTCHG_551514_270162.bam,,WTCHG_551514_270162,OXF-DW-500-WIN
PRJEB34634,SAMEA5989477,ERX3571479,ERR3573241,749907,sediment metagenome,ftp.sra.ebi.ac.uk/vol1/fastq/ERR357/001/ERR3573241/ERR3573241_1.fastq.gz;ftp.sra.ebi.ac.uk/vol1/fastq/ERR357/001/ERR3573241/ERR3573241_2.fastq.gz,ftp.sra.ebi.ac.uk/vol1/run/ERR357/ERR3573241/WTCHG_554367_270162.bam,,WTCHG_554367_270162,OXF-DW-500-WIN
PRJEB34634,SAMEA5989477,ERX3571480,ERR3573242,749907,sediment metagenome,ftp.sra.ebi.ac.uk/vol1/fastq/ERR357/002/ERR3573242/ERR3573242_1.fastq.gz;ftp.sra.ebi.ac.uk/vol1/fastq/ERR357/002/ERR3573242/ERR3573242_2.fastq.gz,ftp.sra.ebi.ac.uk/vol1/run/ERR357/ERR3573242/WTCHG_554366_270162.bam,,WTCHG_554366_270162,OXF-DW-500-WIN
PRJEB34634,SAMEA5989477,ERX3571481,ERR3573243,749907,sediment metagenome,ftp.sra.ebi.ac.uk/vol1/fastq/ERR357/003/ERR3573243/ERR3573243_1.fastq.gz;ftp.sra.ebi.ac.uk/vol1/fastq/ERR357/003/ERR3573243/ERR3573243_2.fastq.gz,ftp.sra.ebi.ac.uk/vol1/run/ERR357/ERR3573243/WTCHG_555214_270162.bam,,WTCHG_555214_270162,OXF-DW-500-WIN
PRJEB34634,SAMEA5989477,ERX3571482,ERR3573244,749907,sediment metagenome,ftp.sra.ebi.ac.uk/vol1/fastq/ERR357/004/ERR3573244/ERR3573244_1.fastq.gz;ftp.sra.ebi.ac.uk/vol1/fastq/ERR357/004/ERR3573244/ERR3573244_2.fastq.gz,ftp.sra.ebi.ac.uk/vol1/run/ERR357/ERR3573244/WTCHG_555221_270162.bam,,WTCHG_555221_270162,OXF-DW-500-WIN
PRJEB34634,SAMEA5989477,ERX3571483,ERR3573245,749907,sediment metagenome,ftp.sra.ebi.ac.uk/vol1/fastq/ERR357/005/ERR3573245/ERR3573245_1.fastq.gz;ftp.sra.ebi.ac.uk/vol1/fastq/ERR357/005/ERR3573245/ERR3573245_2.fastq.gz,ftp.sra.ebi.ac.uk/vol1/run/ERR357/ERR3573245/WTCHG_555216_270162.bam,,WTCHG_555216_270162,OXF-DW-500-WIN
PRJEB34634,SAMEA5989477,ERX3571484,ERR3573246,749907,sediment metagenome,ftp.sra.ebi.ac.uk/vol1/fastq/ERR357/006/ERR3573246/ERR3573246_1.fastq.gz;ftp.sra.ebi.ac.uk/vol1/fastq/ERR357/006/ERR3573246/ERR3573246_2.fastq.gz,ftp.sra.ebi.ac.uk/vol1/run/ERR357/ERR3573246/WTCHG_555215_270162.bam,,WTCHG_555215_270162,OXF-DW-500-WIN
PRJEB34634,SAMEA5989477,ERX3571485,ERR3573247,749907,sediment metagenome,ftp.sra.ebi.ac.uk/vol1/fastq/ERR357/007/ERR3573247/ERR3573247_1.fastq.gz;ftp.sra.ebi.ac.uk/vol1/fastq/ERR357/007/ERR3573247/ERR3573247_2.fastq.gz,ftp.sra.ebi.ac.uk/vol1/run/ERR357/ERR3573247/WTCHG_555218_270162.bam,,WTCHG_555218_270162,OXF-DW-500-WIN
PRJEB34634,SAMEA5989477,ERX3571486,ERR3573248,749907,sediment metagenome,ftp.sra.ebi.ac.uk/vol1/fastq/ERR357/008/ERR3573248/ERR3573248_1.fastq.gz;ftp.sra.ebi.ac.uk/vol1/fastq/ERR357/008/ERR3573248/ERR3573248_2.fastq.gz,ftp.sra.ebi.ac.uk/vol1/run/ERR357/ERR3573248/WTCHG_555219_270162.bam,,WTCHG_555219_270162,OXF-DW-500-WIN
PRJEB34634,SAMEA5989477,ERX3571487,ERR3573249,749907,sediment metagenome,ftp.sra.ebi.ac.uk/vol1/fastq/ERR357/009/ERR3573249/ERR3573249_1.fastq.gz;ftp.sra.ebi.ac.uk/vol1/fastq/ERR357/009/ERR3573249/ERR3573249_2.fastq.gz,ftp.sra.ebi.ac.uk/vol1/run/ERR357/ERR3573249/WTCHG_555220_270162.bam,,WTCHG_555220_270162,OXF-DW-500-WIN
PRJEB34634,SAMEA5989477,ERX3571488,ERR3573250,749907,sediment metagenome,ftp.sra.ebi.ac.uk/vol1/fastq/ERR357/000/ERR3573250/ERR3573250_1.fastq.gz;ftp.sra.ebi.ac.uk/vol1/fastq/ERR357/000/ERR3573250/ERR3573250_2.fastq.gz,ftp.sra.ebi.ac.uk/vol1/run/ERR357/ERR3573250/WTCHG_555217_270162.bam,,WTCHG_555217_270162,OXF-DW-500-WIN
PRJEB34634,SAMEA5989477,ERX3571489,ERR3573251,749907,sediment metagenome,ftp.sra.ebi.ac.uk/vol1/fastq/ERR357/001/ERR3573251/ERR3573251_1.fastq.gz;ftp.sra.ebi.ac.uk/vol1/fastq/ERR357/001/ERR3573251/ERR3573251_2.fastq.gz,ftp.sra.ebi.ac.uk/vol1/run/ERR357/ERR3573251/WTCHG_559242_270162.bam,,WTCHG_559242_270162,OXF-DW-500-WIN
PRJEB34634,SAMEA5989477,ERX3571490,ERR3573252,749907,sediment metagenome,ftp.sra.ebi.ac.uk/vol1/fastq/ERR357/002/ERR3573252/ERR3573252_1.fastq.gz;ftp.sra.ebi.ac.uk/vol1/fastq/ERR357/002/ERR3573252/ERR3573252_2.fastq.gz,ftp.sra.ebi.ac.uk/vol1/run/ERR357/ERR3573252/WTCHG_559244_270162.bam,,WTCHG_559244_270162,OXF-DW-500-WIN
PRJEB34634,SAMEA5989477,ERX3571491,ERR3573253,749907,sediment metagenome,ftp.sra.ebi.ac.uk/vol1/fastq/ERR357/003/ERR3573253/ERR3573253_1.fastq.gz;ftp.sra.ebi.ac.uk/vol1/fastq/ERR357/003/ERR3573253/ERR3573253_2.fastq.gz,ftp.sra.ebi.ac.uk/vol1/run/ERR357/ERR3573253/WTCHG_559243_270162.bam,,WTCHG_559243_270162,OXF-DW-500-WIN
PRJEB34634,SAMEA5989477,ERX3571492,ERR3573254,749907,sediment metagenome,ftp.sra.ebi.ac.uk/vol1/fastq/ERR357/004/ERR3573254/ERR3573254_1.fastq.gz;ftp.sra.ebi.ac.uk/vol1/fastq/ERR357/004/ERR3573254/ERR3573254_2.fastq.gz,ftp.sra.ebi.ac.uk/vol1/run/ERR357/ERR3573254/WTCHG_559240_270162.bam,,WTCHG_559240_270162,OXF-DW-500-WIN
PRJEB34634,SAMEA5989477,ERX3571493,ERR3573255,749907,sediment metagenome,ftp.sra.ebi.ac.uk/vol1/fastq/ERR357/005/ERR3573255/ERR3573255_1.fastq.gz;ftp.sra.ebi.ac.uk/vol1/fastq/ERR357/005/ERR3573255/ERR3573255_2.fastq.gz,ftp.sra.ebi.ac.uk/vol1/run/ERR357/ERR3573255/WTCHG_559241_270162.bam,,WTCHG_559241_270162,OXF-DW-500-WIN
PRJEB34634,SAMEA5989477,ERX3571494,ERR3573256,749907,sediment metagenome,ftp.sra.ebi.ac.uk/vol1/fastq/ERR357/006/ERR3573256/ERR3573256_1.fastq.gz;ftp.sra.ebi.ac.uk/vol1/fastq/ERR357/006/ERR3573256/ERR3573256_2.fastq.gz,ftp.sra.ebi.ac.uk/vol1/run/ERR357/ERR3573256/WTCHG_550636_214167.bam,,WTCHG_550636_214167,OXF-EFF-AUT
PRJEB34634,SAMEA5989477,ERX3571495,ERR3573257,749907,sediment metagenome,ftp.sra.ebi.ac.uk/vol1/fastq/ERR357/007/ERR3573257/ERR3573257_1.fastq.gz;ftp.sra.ebi.ac.uk/vol1/fastq/ERR357/007/ERR3573257/ERR3573257_2.fastq.gz,ftp.sra.ebi.ac.uk/vol1/run/ERR357/ERR3573257/WTCHG_551514_214167.bam,,WTCHG_551514_214167,OXF-EFF-AUT
PRJEB34634,SAMEA5989477,ERX3571496,ERR3573258,749907,sediment metagenome,ftp.sra.ebi.ac.uk/vol1/fastq/ERR357/008/ERR3573258/ERR3573258_1.fastq.gz;ftp.sra.ebi.ac.uk/vol1/fastq/ERR357/008/ERR3573258/ERR3573258_2.fastq.gz,ftp.sra.ebi.ac.uk/vol1/run/ERR357/ERR3573258/WTCHG_551515_214167.bam,,WTCHG_551515_214167,OXF-EFF-AUT
PRJEB34634,SAMEA5989477,ERX3571497,ERR3573259,749907,sediment metagenome,ftp.sra.ebi.ac.uk/vol1/fastq/ERR357/009/ERR3573259/ERR3573259_1.fastq.gz;ftp.sra.ebi.ac.uk/vol1/fastq/ERR357/009/ERR3573259/ERR3573259_2.fastq.gz,ftp.sra.ebi.ac.uk/vol1/run/ERR357/ERR3573259/WTCHG_554367_214167.bam,,WTCHG_554367_214167,OXF-EFF-AUT
PRJEB34634,SAMEA5989477,ERX3571498,ERR3573260,749907,sediment metagenome,ftp.sra.ebi.ac.uk/vol1/fastq/ERR357/000/ERR3573260/ERR3573260_1.fastq.gz;ftp.sra.ebi.ac.uk/vol1/fastq/ERR357/000/ERR3573260/ERR3573260_2.fastq.gz,ftp.sra.ebi.ac.uk/vol1/run/ERR357/ERR3573260/WTCHG_554366_214167.bam,,WTCHG_554366_214167,OXF-EFF-AUT
PRJEB34634,SAMEA5989477,ERX3571499,ERR3573261,749907,sediment metagenome,ftp.sra.ebi.ac.uk/vol1/fastq/ERR357/001/ERR3573261/ERR3573261_1.fastq.gz;ftp.sra.ebi.ac.uk/vol1/fastq/ERR357/001/ERR3573261/ERR3573261_2.fastq.gz,ftp.sra.ebi.ac.uk/vol1/run/ERR357/ERR3573261/WTCHG_555220_214167.bam,,WTCHG_555220_214167,OXF-EFF-AUT
PRJEB34634,SAMEA5989477,ERX3571500,ERR3573262,749907,sediment metagenome,ftp.sra.ebi.ac.uk/vol1/fastq/ERR357/002/ERR3573262/ERR3573262_1.fastq.gz;ftp.sra.ebi.ac.uk/vol1/fastq/ERR357/002/ERR3573262/ERR3573262_2.fastq.gz,ftp.sra.ebi.ac.uk/vol1/run/ERR357/ERR3573262/WTCHG_555216_214167.bam,,WTCHG_555216_214167,OXF-EFF-AUT
PRJEB34634,SAMEA5989477,ERX3571501,ERR3573263,749907,sediment metagenome,ftp.sra.ebi.ac.uk/vol1/fastq/ERR357/003/ERR3573263/ERR3573263_1.fastq.gz;ftp.sra.ebi.ac.uk/vol1/fastq/ERR357/003/ERR3573263/ERR3573263_2.fastq.gz,ftp.sra.ebi.ac.uk/vol1/run/ERR357/ERR3573263/WTCHG_555218_214167.bam,,WTCHG_555218_214167,OXF-EFF-AUT
PRJEB34634,SAMEA5989477,ERX3571502,ERR3573264,749907,sediment metagenome,ftp.sra.ebi.ac.uk/vol1/fastq/ERR357/004/ERR3573264/ERR3573264_1.fastq.gz;ftp.sra.ebi.ac.uk/vol1/fastq/ERR357/004/ERR3573264/ERR3573264_2.fastq.gz,ftp.sra.ebi.ac.uk/vol1/run/ERR357/ERR3573264/WTCHG_555214_214167.bam,,WTCHG_555214_214167,OXF-EFF-AUT
PRJEB34634,SAMEA5989477,ERX3571503,ERR3573265,749907,sediment metagenome,ftp.sra.ebi.ac.uk/vol1/fastq/ERR357/005/ERR3573265/ERR3573265_1.fastq.gz;ftp.sra.ebi.ac.uk/vol1/fastq/ERR357/005/ERR3573265/ERR3573265_2.fastq.gz,ftp.sra.ebi.ac.uk/vol1/run/ERR357/ERR3573265/WTCHG_555219_214167.bam,,WTCHG_555219_214167,OXF-EFF-AUT
PRJEB34634,SAMEA5989477,ERX3571504,ERR3573266,749907,sediment metagenome,ftp.sra.ebi.ac.uk/vol1/fastq/ERR357/006/ERR3573266/ERR3573266_1.fastq.gz;ftp.sra.ebi.ac.uk/vol1/fastq/ERR357/006/ERR3573266/ERR3573266_2.fastq.gz,ftp.sra.ebi.ac.uk/vol1/run/ERR357/ERR3573266/WTCHG_555221_214167.bam,,WTCHG_555221_214167,OXF-EFF-AUT
PRJEB34634,SAMEA5989477,ERX3571505,ERR3573267,749907,sediment metagenome,ftp.sra.ebi.ac.uk/vol1/fastq/ERR357/007/ERR3573267/ERR3573267_1.fastq.gz;ftp.sra.ebi.ac.uk/vol1/fastq/ERR357/007/ERR3573267/ERR3573267_2.fastq.gz,ftp.sra.ebi.ac.uk/vol1/run/ERR357/ERR3573267/WTCHG_555217_214167.bam,,WTCHG_555217_214167,OXF-EFF-AUT
PRJEB34634,SAMEA5989477,ERX3571506,ERR3573268,749907,sediment metagenome,ftp.sra.ebi.ac.uk/vol1/fastq/ERR357/008/ERR3573268/ERR3573268_1.fastq.gz;ftp.sra.ebi.ac.uk/vol1/fastq/ERR357/008/ERR3573268/ERR3573268_2.fastq.gz,ftp.sra.ebi.ac.uk/vol1/run/ERR357/ERR3573268/WTCHG_555215_214167.bam,,WTCHG_555215_214167,OXF-EFF-AUT
PRJEB34634,SAMEA5989477,ERX3571507,ERR3573269,749907,sediment metagenome,ftp.sra.ebi.ac.uk/vol1/fastq/ERR357/009/ERR3573269/ERR3573269_1.fastq.gz;ftp.sra.ebi.ac.uk/vol1/fastq/ERR357/009/ERR3573269/ERR3573269_2.fastq.gz,ftp.sra.ebi.ac.uk/vol1/run/ERR357/ERR3573269/WTCHG_559244_214167.bam,,WTCHG_559244_214167,OXF-EFF-AUT
PRJEB34634,SAMEA5989477,ERX3571508,ERR3573270,749907,sediment metagenome,ftp.sra.ebi.ac.uk/vol1/fastq/ERR357/000/ERR3573270/ERR3573270_1.fastq.gz;ftp.sra.ebi.ac.uk/vol1/fastq/ERR357/000/ERR3573270/ERR3573270_2.fastq.gz,ftp.sra.ebi.ac.uk/vol1/run/ERR357/ERR3573270/WTCHG_559241_214167.bam,,WTCHG_559241_214167,OXF-EFF-AUT
PRJEB34634,SAMEA5989477,ERX3571509,ERR3573271,749907,sediment metagenome,ftp.sra.ebi.ac.uk/vol1/fastq/ERR357/001/ERR3573271/ERR3573271_1.fastq.gz;ftp.sra.ebi.ac.uk/vol1/fastq/ERR357/001/ERR3573271/ERR3573271_2.fastq.gz,ftp.sra.ebi.ac.uk/vol1/run/ERR357/ERR3573271/WTCHG_559243_214167.bam,,WTCHG_559243_214167,OXF-EFF-AUT
PRJEB34634,SAMEA5989477,ERX3571510,ERR3573272,749907,sediment metagenome,ftp.sra.ebi.ac.uk/vol1/fastq/ERR357/002/ERR3573272/ERR3573272_1.fastq.gz;ftp.sra.ebi.ac.uk/vol1/fastq/ERR357/002/ERR3573272/ERR3573272_2.fastq.gz,ftp.sra.ebi.ac.uk/vol1/run/ERR357/ERR3573272/WTCHG_559242_214167.bam,,WTCHG_559242_214167,OXF-EFF-AUT
PRJEB34634,SAMEA5989477,ERX3571511,ERR3573273,749907,sediment metagenome,ftp.sra.ebi.ac.uk/vol1/fastq/ERR357/003/ERR3573273/ERR3573273_1.fastq.gz;ftp.sra.ebi.ac.uk/vol1/fastq/ERR357/003/ERR3573273/ERR3573273_2.fastq.gz,ftp.sra.ebi.ac.uk/vol1/run/ERR357/ERR3573273/WTCHG_559240_214167.bam,,WTCHG_559240_214167,OXF-EFF-AUT
PRJEB34634,SAMEA5989477,ERX3571512,ERR3573274,749907,sediment metagenome,ftp.sra.ebi.ac.uk/vol1/fastq/ERR357/004/ERR3573274/ERR3573274_1.fastq.gz;ftp.sra.ebi.ac.uk/vol1/fastq/ERR357/004/ERR3573274/ERR3573274_2.fastq.gz,ftp.sra.ebi.ac.uk/vol1/run/ERR357/ERR3573274/WTCHG_455360_252160.bam,,WTCHG_455360_252160,OXF-EFF-SUM
PRJEB34634,SAMEA5989477,ERX3571513,ERR3573275,749907,sediment metagenome,ftp.sra.ebi.ac.uk/vol1/fastq/ERR357/005/ERR3573275/ERR3573275_1.fastq.gz;ftp.sra.ebi.ac.uk/vol1/fastq/ERR357/005/ERR3573275/ERR3573275_2.fastq.gz,ftp.sra.ebi.ac.uk/vol1/run/ERR357/ERR3573275/WTCHG_456624_252160.bam,,WTCHG_456624_252160,OXF-EFF-SUM
PRJEB34634,SAMEA5989477,ERX3571514,ERR3573276,749907,sediment metagenome,ftp.sra.ebi.ac.uk/vol1/fastq/ERR357/006/ERR3573276/ERR3573276_1.fastq.gz;ftp.sra.ebi.ac.uk/vol1/fastq/ERR357/006/ERR3573276/ERR3573276_2.fastq.gz,ftp.sra.ebi.ac.uk/vol1/run/ERR357/ERR3573276/WTCHG_457295_252160.bam,,WTCHG_457295_252160,OXF-EFF-SUM
PRJEB34634,SAMEA5989477,ERX3571515,ERR3573277,749907,sediment metagenome,ftp.sra.ebi.ac.uk/vol1/fastq/ERR357/007/ERR3573277/ERR3573277_1.fastq.gz;ftp.sra.ebi.ac.uk/vol1/fastq/ERR357/007/ERR3573277/ERR3573277_2.fastq.gz,ftp.sra.ebi.ac.uk/vol1/run/ERR357/ERR3573277/WTCHG_457296_252160.bam,,WTCHG_457296_252160,OXF-EFF-SUM
PRJEB34634,SAMEA5989477,ERX3571516,ERR3573278,749907,sediment metagenome,ftp.sra.ebi.ac.uk/vol1/fastq/ERR357/008/ERR3573278/ERR3573278_1.fastq.gz;ftp.sra.ebi.ac.uk/vol1/fastq/ERR357/008/ERR3573278/ERR3573278_2.fastq.gz,ftp.sra.ebi.ac.uk/vol1/run/ERR357/ERR3573278/WTCHG_457297_252160.bam,,WTCHG_457297_252160,OXF-EFF-SUM
PRJEB34634,SAMEA5989477,ERX3571517,ERR3573279,749907,sediment metagenome,ftp.sra.ebi.ac.uk/vol1/fastq/ERR357/009/ERR3573279/ERR3573279_1.fastq.gz;ftp.sra.ebi.ac.uk/vol1/fastq/ERR357/009/ERR3573279/ERR3573279_2.fastq.gz,ftp.sra.ebi.ac.uk/vol1/run/ERR357/ERR3573279/WTCHG_457298_252160.bam,,WTCHG_457298_252160,OXF-EFF-SUM
PRJEB34634,SAMEA5989477,ERX3571518,ERR3573280,749907,sediment metagenome,ftp.sra.ebi.ac.uk/vol1/fastq/ERR357/000/ERR3573280/ERR3573280_1.fastq.gz;ftp.sra.ebi.ac.uk/vol1/fastq/ERR357/000/ERR3573280/ERR3573280_2.fastq.gz,ftp.sra.ebi.ac.uk/vol1/run/ERR357/ERR3573280/WTCHG_457710_252160.bam,,WTCHG_457710_252160,OXF-EFF-SUM
PRJEB34634,SAMEA5989477,ERX3571519,ERR3573281,749907,sediment metagenome,ftp.sra.ebi.ac.uk/vol1/fastq/ERR357/001/ERR3573281/ERR3573281_1.fastq.gz;ftp.sra.ebi.ac.uk/vol1/fastq/ERR357/001/ERR3573281/ERR3573281_2.fastq.gz,ftp.sra.ebi.ac.uk/vol1/run/ERR357/ERR3573281/WTCHG_457711_252160.bam,,WTCHG_457711_252160,OXF-EFF-SUM
PRJEB34634,SAMEA5989477,ERX3571520,ERR3573282,749907,sediment metagenome,ftp.sra.ebi.ac.uk/vol1/fastq/ERR357/002/ERR3573282/ERR3573282_1.fastq.gz;ftp.sra.ebi.ac.uk/vol1/fastq/ERR357/002/ERR3573282/ERR3573282_2.fastq.gz,ftp.sra.ebi.ac.uk/vol1/run/ERR357/ERR3573282/WTCHG_457712_252160.bam,,WTCHG_457712_252160,OXF-EFF-SUM
PRJEB34634,SAMEA5989477,ERX3571521,ERR3573283,749907,sediment metagenome,ftp.sra.ebi.ac.uk/vol1/fastq/ERR357/003/ERR3573283/ERR3573283_1.fastq.gz;ftp.sra.ebi.ac.uk/vol1/fastq/ERR357/003/ERR3573283/ERR3573283_2.fastq.gz,ftp.sra.ebi.ac.uk/vol1/run/ERR357/ERR3573283/WTCHG_457713_252160.bam,,WTCHG_457713_252160,OXF-EFF-SUM
PRJEB34634,SAMEA5989477,ERX3571522,ERR3573284,749907,sediment metagenome,ftp.sra.ebi.ac.uk/vol1/fastq/ERR357/004/ERR3573284/ERR3573284_1.fastq.gz;ftp.sra.ebi.ac.uk/vol1/fastq/ERR357/004/ERR3573284/ERR3573284_2.fastq.gz,ftp.sra.ebi.ac.uk/vol1/run/ERR357/ERR3573284/WTCHG_457714_252160.bam,,WTCHG_457714_252160,OXF-EFF-SUM
PRJEB34634,SAMEA5989477,ERX3571523,ERR3573285,749907,sediment metagenome,ftp.sra.ebi.ac.uk/vol1/fastq/ERR357/005/ERR3573285/ERR3573285_1.fastq.gz;ftp.sra.ebi.ac.uk/vol1/fastq/ERR357/005/ERR3573285/ERR3573285_2.fastq.gz,ftp.sra.ebi.ac.uk/vol1/run/ERR357/ERR3573285/WTCHG_461227_252160.bam,,WTCHG_461227_252160,OXF-EFF-SUM
PRJEB34634,SAMEA5989477,ERX3571524,ERR3573286,749907,sediment metagenome,ftp.sra.ebi.ac.uk/vol1/fastq/ERR357/006/ERR3573286/ERR3573286_1.fastq.gz;ftp.sra.ebi.ac.uk/vol1/fastq/ERR357/006/ERR3573286/ERR3573286_2.fastq.gz,ftp.sra.ebi.ac.uk/vol1/run/ERR357/ERR3573286/WTCHG_461228_252160.bam,,WTCHG_461228_252160,OXF-EFF-SUM
PRJEB34634,SAMEA5989477,ERX3571525,ERR3573287,749907,sediment metagenome,ftp.sra.ebi.ac.uk/vol1/fastq/ERR357/007/ERR3573287/ERR3573287_1.fastq.gz;ftp.sra.ebi.ac.uk/vol1/fastq/ERR357/007/ERR3573287/ERR3573287_2.fastq.gz,ftp.sra.ebi.ac.uk/vol1/run/ERR357/ERR3573287/WTCHG_455360_247184.bam,,WTCHG_455360_247184,OXF-EFF-WIN
PRJEB34634,SAMEA5989477,ERX3571526,ERR3573288,749907,sediment metagenome,ftp.sra.ebi.ac.uk/vol1/fastq/ERR357/008/ERR3573288/ERR3573288_1.fastq.gz;ftp.sra.ebi.ac.uk/vol1/fastq/ERR357/008/ERR3573288/ERR3573288_2.fastq.gz,ftp.sra.ebi.ac.uk/vol1/run/ERR357/ERR3573288/WTCHG_456624_247184.bam,,WTCHG_456624_247184,OXF-EFF-WIN
PRJEB34634,SAMEA5989477,ERX3571527,ERR3573289,749907,sediment metagenome,ftp.sra.ebi.ac.uk/vol1/fastq/ERR357/009/ERR3573289/ERR3573289_1.fastq.gz;ftp.sra.ebi.ac.uk/vol1/fastq/ERR357/009/ERR3573289/ERR3573289_2.fastq.gz,ftp.sra.ebi.ac.uk/vol1/run/ERR357/ERR3573289/WTCHG_457295_247184.bam,,WTCHG_457295_247184,OXF-EFF-WIN
PRJEB34634,SAMEA5989477,ERX3571528,ERR3573290,749907,sediment metagenome,ftp.sra.ebi.ac.uk/vol1/fastq/ERR357/000/ERR3573290/ERR3573290_1.fastq.gz;ftp.sra.ebi.ac.uk/vol1/fastq/ERR357/000/ERR3573290/ERR3573290_2.fastq.gz,ftp.sra.ebi.ac.uk/vol1/run/ERR357/ERR3573290/WTCHG_457296_247184.bam,,WTCHG_457296_247184,OXF-EFF-WIN
PRJEB34634,SAMEA5989477,ERX3571529,ERR3573291,749907,sediment metagenome,ftp.sra.ebi.ac.uk/vol1/fastq/ERR357/001/ERR3573291/ERR3573291_1.fastq.gz;ftp.sra.ebi.ac.uk/vol1/fastq/ERR357/001/ERR3573291/ERR3573291_2.fastq.gz,ftp.sra.ebi.ac.uk/vol1/run/ERR357/ERR3573291/WTCHG_457297_247184.bam,,WTCHG_457297_247184,OXF-EFF-WIN
PRJEB34634,SAMEA5989477,ERX3571530,ERR3573292,749907,sediment metagenome,ftp.sra.ebi.ac.uk/vol1/fastq/ERR357/002/ERR3573292/ERR3573292_1.fastq.gz;ftp.sra.ebi.ac.uk/vol1/fastq/ERR357/002/ERR3573292/ERR3573292_2.fastq.gz,ftp.sra.ebi.ac.uk/vol1/run/ERR357/ERR3573292/WTCHG_457298_247184.bam,,WTCHG_457298_247184,OXF-EFF-WIN
PRJEB34634,SAMEA5989477,ERX3571531,ERR3573293,749907,sediment metagenome,ftp.sra.ebi.ac.uk/vol1/fastq/ERR357/003/ERR3573293/ERR3573293_1.fastq.gz;ftp.sra.ebi.ac.uk/vol1/fastq/ERR357/003/ERR3573293/ERR3573293_2.fastq.gz,ftp.sra.ebi.ac.uk/vol1/run/ERR357/ERR3573293/WTCHG_457710_247184.bam,,WTCHG_457710_247184,OXF-EFF-WIN
PRJEB34634,SAMEA5989477,ERX3571532,ERR3573294,749907,sediment metagenome,ftp.sra.ebi.ac.uk/vol1/fastq/ERR357/004/ERR3573294/ERR3573294_1.fastq.gz;ftp.sra.ebi.ac.uk/vol1/fastq/ERR357/004/ERR3573294/ERR3573294_2.fastq.gz,ftp.sra.ebi.ac.uk/vol1/run/ERR357/ERR3573294/WTCHG_457711_247184.bam,,WTCHG_457711_247184,OXF-EFF-WIN
PRJEB34634,SAMEA5989477,ERX3571533,ERR3573295,749907,sediment metagenome,ftp.sra.ebi.ac.uk/vol1/fastq/ERR357/005/ERR3573295/ERR3573295_1.fastq.gz;ftp.sra.ebi.ac.uk/vol1/fastq/ERR357/005/ERR3573295/ERR3573295_2.fastq.gz,ftp.sra.ebi.ac.uk/vol1/run/ERR357/ERR3573295/WTCHG_457712_247184.bam,,WTCHG_457712_247184,OXF-EFF-WIN
PRJEB34634,SAMEA5989477,ERX3571534,ERR3573296,749907,sediment metagenome,ftp.sra.ebi.ac.uk/vol1/fastq/ERR357/006/ERR3573296/ERR3573296_1.fastq.gz;ftp.sra.ebi.ac.uk/vol1/fastq/ERR357/006/ERR3573296/ERR3573296_2.fastq.gz,ftp.sra.ebi.ac.uk/vol1/run/ERR357/ERR3573296/WTCHG_457713_247184.bam,,WTCHG_457713_247184,OXF-EFF-WIN
PRJEB34634,SAMEA5989477,ERX3571535,ERR3573297,749907,sediment metagenome,ftp.sra.ebi.ac.uk/vol1/fastq/ERR357/007/ERR3573297/ERR3573297_1.fastq.gz;ftp.sra.ebi.ac.uk/vol1/fastq/ERR357/007/ERR3573297/ERR3573297_2.fastq.gz,ftp.sra.ebi.ac.uk/vol1/run/ERR357/ERR3573297/WTCHG_457714_247184.bam,,WTCHG_457714_247184,OXF-EFF-WIN
PRJEB34634,SAMEA5989477,ERX3571536,ERR3573298,749907,sediment metagenome,ftp.sra.ebi.ac.uk/vol1/fastq/ERR357/008/ERR3573298/ERR3573298_1.fastq.gz;ftp.sra.ebi.ac.uk/vol1/fastq/ERR357/008/ERR3573298/ERR3573298_2.fastq.gz,ftp.sra.ebi.ac.uk/vol1/run/ERR357/ERR3573298/WTCHG_461227_247184.bam,,WTCHG_461227_247184,OXF-EFF-WIN
PRJEB34634,SAMEA5989477,ERX3571537,ERR3573299,749907,sediment metagenome,ftp.sra.ebi.ac.uk/vol1/fastq/ERR357/009/ERR3573299/ERR3573299_1.fastq.gz;ftp.sra.ebi.ac.uk/vol1/fastq/ERR357/009/ERR3573299/ERR3573299_2.fastq.gz,ftp.sra.ebi.ac.uk/vol1/run/ERR357/ERR3573299/WTCHG_461228_247184.bam,,WTCHG_461228_247184,OXF-EFF-WIN
PRJEB34634,SAMEA5989477,ERX3571538,ERR3573300,749907,sediment metagenome,ftp.sra.ebi.ac.uk/vol1/fastq/ERR357/000/ERR3573300/ERR3573300_1.fastq.gz;ftp.sra.ebi.ac.uk/vol1/fastq/ERR357/000/ERR3573300/ERR3573300_2.fastq.gz,ftp.sra.ebi.ac.uk/vol1/run/ERR357/ERR3573300/WTCHG_550636_215179.bam,,WTCHG_550636_215179,OXF-INF-AUT
PRJEB34634,SAMEA5989477,ERX3571539,ERR3573301,749907,sediment metagenome,ftp.sra.ebi.ac.uk/vol1/fastq/ERR357/001/ERR3573301/ERR3573301_1.fastq.gz;ftp.sra.ebi.ac.uk/vol1/fastq/ERR357/001/ERR3573301/ERR3573301_2.fastq.gz,ftp.sra.ebi.ac.uk/vol1/run/ERR357/ERR3573301/WTCHG_551515_215179.bam,,WTCHG_551515_215179,OXF-INF-AUT
PRJEB34634,SAMEA5989477,ERX3571540,ERR3573302,749907,sediment metagenome,ftp.sra.ebi.ac.uk/vol1/fastq/ERR357/002/ERR3573302/ERR3573302_1.fastq.gz;ftp.sra.ebi.ac.uk/vol1/fastq/ERR357/002/ERR3573302/ERR3573302_2.fastq.gz,ftp.sra.ebi.ac.uk/vol1/run/ERR357/ERR3573302/WTCHG_551514_215179.bam,,WTCHG_551514_215179,OXF-INF-AUT
PRJEB34634,SAMEA5989477,ERX3571541,ERR3573303,749907,sediment metagenome,ftp.sra.ebi.ac.uk/vol1/fastq/ERR357/003/ERR3573303/ERR3573303_1.fastq.gz;ftp.sra.ebi.ac.uk/vol1/fastq/ERR357/003/ERR3573303/ERR3573303_2.fastq.gz,ftp.sra.ebi.ac.uk/vol1/run/ERR357/ERR3573303/WTCHG_554367_215179.bam,,WTCHG_554367_215179,OXF-INF-AUT
PRJEB34634,SAMEA5989477,ERX3571542,ERR3573304,749907,sediment metagenome,ftp.sra.ebi.ac.uk/vol1/fastq/ERR357/004/ERR3573304/ERR3573304_1.fastq.gz;ftp.sra.ebi.ac.uk/vol1/fastq/ERR357/004/ERR3573304/ERR3573304_2.fastq.gz,ftp.sra.ebi.ac.uk/vol1/run/ERR357/ERR3573304/WTCHG_554366_215179.bam,,WTCHG_554366_215179,OXF-INF-AUT
PRJEB34634,SAMEA5989477,ERX3571543,ERR3573305,749907,sediment metagenome,ftp.sra.ebi.ac.uk/vol1/fastq/ERR357/005/ERR3573305/ERR3573305_1.fastq.gz;ftp.sra.ebi.ac.uk/vol1/fastq/ERR357/005/ERR3573305/ERR3573305_2.fastq.gz,ftp.sra.ebi.ac.uk/vol1/run/ERR357/ERR3573305/WTCHG_555219_215179.bam,,WTCHG_555219_215179,OXF-INF-AUT
PRJEB34634,SAMEA5989477,ERX3571544,ERR3573306,749907,sediment metagenome,ftp.sra.ebi.ac.uk/vol1/fastq/ERR357/006/ERR3573306/ERR3573306_1.fastq.gz;ftp.sra.ebi.ac.uk/vol1/fastq/ERR357/006/ERR3573306/ERR3573306_2.fastq.gz,ftp.sra.ebi.ac.uk/vol1/run/ERR357/ERR3573306/WTCHG_555215_215179.bam,,WTCHG_555215_215179,OXF-INF-AUT
PRJEB34634,SAMEA5989477,ERX3571545,ERR3573307,749907,sediment metagenome,ftp.sra.ebi.ac.uk/vol1/fastq/ERR357/007/ERR3573307/ERR3573307_1.fastq.gz;ftp.sra.ebi.ac.uk/vol1/fastq/ERR357/007/ERR3573307/ERR3573307_2.fastq.gz,ftp.sra.ebi.ac.uk/vol1/run/ERR357/ERR3573307/WTCHG_555221_215179.bam,,WTCHG_555221_215179,OXF-INF-AUT
PRJEB34634,SAMEA5989477,ERX3571546,ERR3573308,749907,sediment metagenome,ftp.sra.ebi.ac.uk/vol1/fastq/ERR357/008/ERR3573308/ERR3573308_1.fastq.gz;ftp.sra.ebi.ac.uk/vol1/fastq/ERR357/008/ERR3573308/ERR3573308_2.fastq.gz,ftp.sra.ebi.ac.uk/vol1/run/ERR357/ERR3573308/WTCHG_555217_215179.bam,,WTCHG_555217_215179,OXF-INF-AUT
PRJEB34634,SAMEA5989477,ERX3571547,ERR3573309,749907,sediment metagenome,ftp.sra.ebi.ac.uk/vol1/fastq/ERR357/009/ERR3573309/ERR3573309_1.fastq.gz;ftp.sra.ebi.ac.uk/vol1/fastq/ERR357/009/ERR3573309/ERR3573309_2.fastq.gz,ftp.sra.ebi.ac.uk/vol1/run/ERR357/ERR3573309/WTCHG_555216_215179.bam,,WTCHG_555216_215179,OXF-INF-AUT
PRJEB34634,SAMEA5989477,ERX3571548,ERR3573310,749907,sediment metagenome,ftp.sra.ebi.ac.uk/vol1/fastq/ERR357/000/ERR3573310/ERR3573310_1.fastq.gz;ftp.sra.ebi.ac.uk/vol1/fastq/ERR357/000/ERR3573310/ERR3573310_2.fastq.gz,ftp.sra.ebi.ac.uk/vol1/run/ERR357/ERR3573310/WTCHG_555218_215179.bam,,WTCHG_555218_215179,OXF-INF-AUT
PRJEB34634,SAMEA5989477,ERX3571549,ERR3573311,749907,sediment metagenome,ftp.sra.ebi.ac.uk/vol1/fastq/ERR357/001/ERR3573311/ERR3573311_1.fastq.gz;ftp.sra.ebi.ac.uk/vol1/fastq/ERR357/001/ERR3573311/ERR3573311_2.fastq.gz,ftp.sra.ebi.ac.uk/vol1/run/ERR357/ERR3573311/WTCHG_555220_215179.bam,,WTCHG_555220_215179,OXF-INF-AUT
PRJEB34634,SAMEA5989477,ERX3571550,ERR3573312,749907,sediment metagenome,ftp.sra.ebi.ac.uk/vol1/fastq/ERR357/002/ERR3573312/ERR3573312_1.fastq.gz;ftp.sra.ebi.ac.uk/vol1/fastq/ERR357/002/ERR3573312/ERR3573312_2.fastq.gz,ftp.sra.ebi.ac.uk/vol1/run/ERR357/ERR3573312/WTCHG_555214_215179.bam,,WTCHG_555214_215179,OXF-INF-AUT
PRJEB34634,SAMEA5989477,ERX3571551,ERR3573313,749907,sediment metagenome,ftp.sra.ebi.ac.uk/vol1/fastq/ERR357/003/ERR3573313/ERR3573313_1.fastq.gz;ftp.sra.ebi.ac.uk/vol1/fastq/ERR357/003/ERR3573313/ERR3573313_2.fastq.gz,ftp.sra.ebi.ac.uk/vol1/run/ERR357/ERR3573313/WTCHG_559244_215179.bam,,WTCHG_559244_215179,OXF-INF-AUT
PRJEB34634,SAMEA5989477,ERX3571552,ERR3573314,749907,sediment metagenome,ftp.sra.ebi.ac.uk/vol1/fastq/ERR357/004/ERR3573314/ERR3573314_1.fastq.gz;ftp.sra.ebi.ac.uk/vol1/fastq/ERR357/004/ERR3573314/ERR3573314_2.fastq.gz,ftp.sra.ebi.ac.uk/vol1/run/ERR357/ERR3573314/WTCHG_559242_215179.bam,,WTCHG_559242_215179,OXF-INF-AUT
PRJEB34634,SAMEA5989477,ERX3571553,ERR3573315,749907,sediment metagenome,ftp.sra.ebi.ac.uk/vol1/fastq/ERR357/005/ERR3573315/ERR3573315_1.fastq.gz;ftp.sra.ebi.ac.uk/vol1/fastq/ERR357/005/ERR3573315/ERR3573315_2.fastq.gz,ftp.sra.ebi.ac.uk/vol1/run/ERR357/ERR3573315/WTCHG_559241_215179.bam,,WTCHG_559241_215179,OXF-INF-AUT
PRJEB34634,SAMEA5989477,ERX3571554,ERR3573316,749907,sediment metagenome,ftp.sra.ebi.ac.uk/vol1/fastq/ERR357/006/ERR3573316/ERR3573316_1.fastq.gz;ftp.sra.ebi.ac.uk/vol1/fastq/ERR357/006/ERR3573316/ERR3573316_2.fastq.gz,ftp.sra.ebi.ac.uk/vol1/run/ERR357/ERR3573316/WTCHG_559243_215179.bam,,WTCHG_559243_215179,OXF-INF-AUT
PRJEB34634,SAMEA5989477,ERX3571555,ERR3573317,749907,sediment metagenome,ftp.sra.ebi.ac.uk/vol1/fastq/ERR357/007/ERR3573317/ERR3573317_1.fastq.gz;ftp.sra.ebi.ac.uk/vol1/fastq/ERR357/007/ERR3573317/ERR3573317_2.fastq.gz,ftp.sra.ebi.ac.uk/vol1/run/ERR357/ERR3573317/WTCHG_559240_215179.bam,,WTCHG_559240_215179,OXF-INF-AUT
PRJEB34634,SAMEA5989477,ERX3571556,ERR3573318,749907,sediment metagenome,ftp.sra.ebi.ac.uk/vol1/fastq/ERR357/008/ERR3573318/ERR3573318_1.fastq.gz;ftp.sra.ebi.ac.uk/vol1/fastq/ERR357/008/ERR3573318/ERR3573318_2.fastq.gz,ftp.sra.ebi.ac.uk/vol1/run/ERR357/ERR3573318/WTCHG_455360_240195.bam,,WTCHG_455360_240195,OXF-INF-SUM
PRJEB34634,SAMEA5989477,ERX3571557,ERR3573319,749907,sediment metagenome,ftp.sra.ebi.ac.uk/vol1/fastq/ERR357/009/ERR3573319/ERR3573319_1.fastq.gz;ftp.sra.ebi.ac.uk/vol1/fastq/ERR357/009/ERR3573319/ERR3573319_2.fastq.gz,ftp.sra.ebi.ac.uk/vol1/run/ERR357/ERR3573319/WTCHG_456624_240195.bam,,WTCHG_456624_240195,OXF-INF-SUM
PRJEB34634,SAMEA5989477,ERX3571558,ERR3573320,749907,sediment metagenome,ftp.sra.ebi.ac.uk/vol1/fastq/ERR357/000/ERR3573320/ERR3573320_1.fastq.gz;ftp.sra.ebi.ac.uk/vol1/fastq/ERR357/000/ERR3573320/ERR3573320_2.fastq.gz,ftp.sra.ebi.ac.uk/vol1/run/ERR357/ERR3573320/WTCHG_457295_240195.bam,,WTCHG_457295_240195,OXF-INF-SUM
PRJEB34634,SAMEA5989477,ERX3571559,ERR3573321,749907,sediment metagenome,ftp.sra.ebi.ac.uk/vol1/fastq/ERR357/001/ERR3573321/ERR3573321_1.fastq.gz;ftp.sra.ebi.ac.uk/vol1/fastq/ERR357/001/ERR3573321/ERR3573321_2.fastq.gz,ftp.sra.ebi.ac.uk/vol1/run/ERR357/ERR3573321/WTCHG_457296_240195.bam,,WTCHG_457296_240195,OXF-INF-SUM
PRJEB34634,SAMEA5989477,ERX3571560,ERR3573322,749907,sediment metagenome,ftp.sra.ebi.ac.uk/vol1/fastq/ERR357/002/ERR3573322/ERR3573322_1.fastq.gz;ftp.sra.ebi.ac.uk/vol1/fastq/ERR357/002/ERR3573322/ERR3573322_2.fastq.gz,ftp.sra.ebi.ac.uk/vol1/run/ERR357/ERR3573322/WTCHG_457297_240195.bam,,WTCHG_457297_240195,OXF-INF-SUM
PRJEB34634,SAMEA5989477,ERX3571561,ERR3573323,749907,sediment metagenome,ftp.sra.ebi.ac.uk/vol1/fastq/ERR357/003/ERR3573323/ERR3573323_1.fastq.gz;ftp.sra.ebi.ac.uk/vol1/fastq/ERR357/003/ERR3573323/ERR3573323_2.fastq.gz,ftp.sra.ebi.ac.uk/vol1/run/ERR357/ERR3573323/WTCHG_457298_240195.bam,,WTCHG_457298_240195,OXF-INF-SUM
PRJEB34634,SAMEA5989477,ERX3571562,ERR3573324,749907,sediment metagenome,ftp.sra.ebi.ac.uk/vol1/fastq/ERR357/004/ERR3573324/ERR3573324_1.fastq.gz;ftp.sra.ebi.ac.uk/vol1/fastq/ERR357/004/ERR3573324/ERR3573324_2.fastq.gz,ftp.sra.ebi.ac.uk/vol1/run/ERR357/ERR3573324/WTCHG_457710_240195.bam,,WTCHG_457710_240195,OXF-INF-SUM
PRJEB34634,SAMEA5989477,ERX3571563,ERR3573325,749907,sediment metagenome,ftp.sra.ebi.ac.uk/vol1/fastq/ERR357/005/ERR3573325/ERR3573325_1.fastq.gz;ftp.sra.ebi.ac.uk/vol1/fastq/ERR357/005/ERR3573325/ERR3573325_2.fastq.gz,ftp.sra.ebi.ac.uk/vol1/run/ERR357/ERR3573325/WTCHG_457711_240195.bam,,WTCHG_457711_240195,OXF-INF-SUM
PRJEB34634,SAMEA5989477,ERX3571564,ERR3573326,749907,sediment metagenome,ftp.sra.ebi.ac.uk/vol1/fastq/ERR357/006/ERR3573326/ERR3573326_1.fastq.gz;ftp.sra.ebi.ac.uk/vol1/fastq/ERR357/006/ERR3573326/ERR3573326_2.fastq.gz,ftp.sra.ebi.ac.uk/vol1/run/ERR357/ERR3573326/WTCHG_457712_240195.bam,,WTCHG_457712_240195,OXF-INF-SUM
PRJEB34634,SAMEA5989477,ERX3571565,ERR3573327,749907,sediment metagenome,ftp.sra.ebi.ac.uk/vol1/fastq/ERR357/007/ERR3573327/ERR3573327_1.fastq.gz;ftp.sra.ebi.ac.uk/vol1/fastq/ERR357/007/ERR3573327/ERR3573327_2.fastq.gz,ftp.sra.ebi.ac.uk/vol1/run/ERR357/ERR3573327/WTCHG_457713_240195.bam,,WTCHG_457713_240195,OXF-INF-SUM
PRJEB34634,SAMEA5989477,ERX3571566,ERR3573328,749907,sediment metagenome,ftp.sra.ebi.ac.uk/vol1/fastq/ERR357/008/ERR3573328/ERR3573328_1.fastq.gz;ftp.sra.ebi.ac.uk/vol1/fastq/ERR357/008/ERR3573328/ERR3573328_2.fastq.gz,ftp.sra.ebi.ac.uk/vol1/run/ERR357/ERR3573328/WTCHG_457714_240195.bam,,WTCHG_457714_240195,OXF-INF-SUM
PRJEB34634,SAMEA5989477,ERX3571567,ERR3573329,749907,sediment metagenome,ftp.sra.ebi.ac.uk/vol1/fastq/ERR357/009/ERR3573329/ERR3573329_1.fastq.gz;ftp.sra.ebi.ac.uk/vol1/fastq/ERR357/009/ERR3573329/ERR3573329_2.fastq.gz,ftp.sra.ebi.ac.uk/vol1/run/ERR357/ERR3573329/WTCHG_461227_240195.bam,,WTCHG_461227_240195,OXF-INF-SUM
PRJEB34634,SAMEA5989477,ERX3571568,ERR3573330,749907,sediment metagenome,ftp.sra.ebi.ac.uk/vol1/fastq/ERR357/000/ERR3573330/ERR3573330_1.fastq.gz;ftp.sra.ebi.ac.uk/vol1/fastq/ERR357/000/ERR3573330/ERR3573330_2.fastq.gz,ftp.sra.ebi.ac.uk/vol1/run/ERR357/ERR3573330/WTCHG_461228_240195.bam,,WTCHG_461228_240195,OXF-INF-SUM
PRJEB34634,SAMEA5989477,ERX3571569,ERR3573331,749907,sediment metagenome,ftp.sra.ebi.ac.uk/vol1/fastq/ERR357/001/ERR3573331/ERR3573331_1.fastq.gz;ftp.sra.ebi.ac.uk/vol1/fastq/ERR357/001/ERR3573331/ERR3573331_2.fastq.gz,ftp.sra.ebi.ac.uk/vol1/run/ERR357/ERR3573331/WTCHG_455360_235135.bam,,WTCHG_455360_235135,OXF-INF-WIN
PRJEB34634,SAMEA5989477,ERX3571570,ERR3573332,749907,sediment metagenome,ftp.sra.ebi.ac.uk/vol1/fastq/ERR357/002/ERR3573332/ERR3573332_1.fastq.gz;ftp.sra.ebi.ac.uk/vol1/fastq/ERR357/002/ERR3573332/ERR3573332_2.fastq.gz,ftp.sra.ebi.ac.uk/vol1/run/ERR357/ERR3573332/WTCHG_456624_235135.bam,,WTCHG_456624_235135,OXF-INF-WIN
PRJEB34634,SAMEA5989477,ERX3571571,ERR3573333,749907,sediment metagenome,ftp.sra.ebi.ac.uk/vol1/fastq/ERR357/003/ERR3573333/ERR3573333_1.fastq.gz;ftp.sra.ebi.ac.uk/vol1/fastq/ERR357/003/ERR3573333/ERR3573333_2.fastq.gz,ftp.sra.ebi.ac.uk/vol1/run/ERR357/ERR3573333/WTCHG_457295_235135.bam,,WTCHG_457295_235135,OXF-INF-WIN
PRJEB34634,SAMEA5989477,ERX3571572,ERR3573334,749907,sediment metagenome,ftp.sra.ebi.ac.uk/vol1/fastq/ERR357/004/ERR3573334/ERR3573334_1.fastq.gz;ftp.sra.ebi.ac.uk/vol1/fastq/ERR357/004/ERR3573334/ERR3573334_2.fastq.gz,ftp.sra.ebi.ac.uk/vol1/run/ERR357/ERR3573334/WTCHG_457296_235135.bam,,WTCHG_457296_235135,OXF-INF-WIN
PRJEB34634,SAMEA5989477,ERX3571573,ERR3573335,749907,sediment metagenome,ftp.sra.ebi.ac.uk/vol1/fastq/ERR357/005/ERR3573335/ERR3573335_1.fastq.gz;ftp.sra.ebi.ac.uk/vol1/fastq/ERR357/005/ERR3573335/ERR3573335_2.fastq.gz,ftp.sra.ebi.ac.uk/vol1/run/ERR357/ERR3573335/WTCHG_457297_235135.bam,,WTCHG_457297_235135,OXF-INF-WIN
PRJEB34634,SAMEA5989477,ERX3571574,ERR3573336,749907,sediment metagenome,ftp.sra.ebi.ac.uk/vol1/fastq/ERR357/006/ERR3573336/ERR3573336_1.fastq.gz;ftp.sra.ebi.ac.uk/vol1/fastq/ERR357/006/ERR3573336/ERR3573336_2.fastq.gz,ftp.sra.ebi.ac.uk/vol1/run/ERR357/ERR3573336/WTCHG_457298_235135.bam,,WTCHG_457298_235135,OXF-INF-WIN
PRJEB34634,SAMEA5989477,ERX3571575,ERR3573337,749907,sediment metagenome,ftp.sra.ebi.ac.uk/vol1/fastq/ERR357/007/ERR3573337/ERR3573337_1.fastq.gz;ftp.sra.ebi.ac.uk/vol1/fastq/ERR357/007/ERR3573337/ERR3573337_2.fastq.gz,ftp.sra.ebi.ac.uk/vol1/run/ERR357/ERR3573337/WTCHG_457710_235135.bam,,WTCHG_457710_235135,OXF-INF-WIN
PRJEB34634,SAMEA5989477,ERX3571576,ERR3573338,749907,sediment metagenome,ftp.sra.ebi.ac.uk/vol1/fastq/ERR357/008/ERR3573338/ERR3573338_1.fastq.gz;ftp.sra.ebi.ac.uk/vol1/fastq/ERR357/008/ERR3573338/ERR3573338_2.fastq.gz,ftp.sra.ebi.ac.uk/vol1/run/ERR357/ERR3573338/WTCHG_457711_235135.bam,,WTCHG_457711_235135,OXF-INF-WIN
PRJEB34634,SAMEA5989477,ERX3571577,ERR3573339,749907,sediment metagenome,ftp.sra.ebi.ac.uk/vol1/fastq/ERR357/009/ERR3573339/ERR3573339_1.fastq.gz;ftp.sra.ebi.ac.uk/vol1/fastq/ERR357/009/ERR3573339/ERR3573339_2.fastq.gz,ftp.sra.ebi.ac.uk/vol1/run/ERR357/ERR3573339/WTCHG_457712_235135.bam,,WTCHG_457712_235135,OXF-INF-WIN
PRJEB34634,SAMEA5989477,ERX3571578,ERR3573340,749907,sediment metagenome,ftp.sra.ebi.ac.uk/vol1/fastq/ERR357/000/ERR3573340/ERR3573340_1.fastq.gz;ftp.sra.ebi.ac.uk/vol1/fastq/ERR357/000/ERR3573340/ERR3573340_2.fastq.gz,ftp.sra.ebi.ac.uk/vol1/run/ERR357/ERR3573340/WTCHG_457713_235135.bam,,WTCHG_457713_235135,OXF-INF-WIN
PRJEB34634,SAMEA5989477,ERX3571579,ERR3573341,749907,sediment metagenome,ftp.sra.ebi.ac.uk/vol1/fastq/ERR357/001/ERR3573341/ERR3573341_1.fastq.gz;ftp.sra.ebi.ac.uk/vol1/fastq/ERR357/001/ERR3573341/ERR3573341_2.fastq.gz,ftp.sra.ebi.ac.uk/vol1/run/ERR357/ERR3573341/WTCHG_457714_235135.bam,,WTCHG_457714_235135,OXF-INF-WIN
PRJEB34634,SAMEA5989477,ERX3571580,ERR3573342,749907,sediment metagenome,ftp.sra.ebi.ac.uk/vol1/fastq/ERR357/002/ERR3573342/ERR3573342_1.fastq.gz;ftp.sra.ebi.ac.uk/vol1/fastq/ERR357/002/ERR3573342/ERR3573342_2.fastq.gz,ftp.sra.ebi.ac.uk/vol1/run/ERR357/ERR3573342/WTCHG_461227_235135.bam,,WTCHG_461227_235135,OXF-INF-WIN
PRJEB34634,SAMEA5989477,ERX3571581,ERR3573343,749907,sediment metagenome,ftp.sra.ebi.ac.uk/vol1/fastq/ERR357/003/ERR3573343/ERR3573343_1.fastq.gz;ftp.sra.ebi.ac.uk/vol1/fastq/ERR357/003/ERR3573343/ERR3573343_2.fastq.gz,ftp.sra.ebi.ac.uk/vol1/run/ERR357/ERR3573343/WTCHG_461228_235135.bam,,WTCHG_461228_235135,OXF-INF-WIN
PRJEB34634,SAMEA5989477,ERX3571582,ERR3573344,749907,sediment metagenome,ftp.sra.ebi.ac.uk/vol1/fastq/ERR357/004/ERR3573344/ERR3573344_1.fastq.gz;ftp.sra.ebi.ac.uk/vol1/fastq/ERR357/004/ERR3573344/ERR3573344_2.fastq.gz,ftp.sra.ebi.ac.uk/vol1/run/ERR357/ERR3573344/WTCHG_550636_262161.bam,,WTCHG_550636_262161,OXF-UP-100-AUT
PRJEB34634,SAMEA5989477,ERX3571583,ERR3573345,749907,sediment metagenome,ftp.sra.ebi.ac.uk/vol1/fastq/ERR357/005/ERR3573345/ERR3573345_1.fastq.gz;ftp.sra.ebi.ac.uk/vol1/fastq/ERR357/005/ERR3573345/ERR3573345_2.fastq.gz,ftp.sra.ebi.ac.uk/vol1/run/ERR357/ERR3573345/WTCHG_551515_262161.bam,,WTCHG_551515_262161,OXF-UP-100-AUT
PRJEB34634,SAMEA5989477,ERX3571584,ERR3573346,749907,sediment metagenome,ftp.sra.ebi.ac.uk/vol1/fastq/ERR357/006/ERR3573346/ERR3573346_1.fastq.gz;ftp.sra.ebi.ac.uk/vol1/fastq/ERR357/006/ERR3573346/ERR3573346_2.fastq.gz,ftp.sra.ebi.ac.uk/vol1/run/ERR357/ERR3573346/WTCHG_551514_262161.bam,,WTCHG_551514_262161,OXF-UP-100-AUT
PRJEB34634,SAMEA5989477,ERX3571585,ERR3573347,749907,sediment metagenome,ftp.sra.ebi.ac.uk/vol1/fastq/ERR357/007/ERR3573347/ERR3573347_1.fastq.gz;ftp.sra.ebi.ac.uk/vol1/fastq/ERR357/007/ERR3573347/ERR3573347_2.fastq.gz,ftp.sra.ebi.ac.uk/vol1/run/ERR357/ERR3573347/WTCHG_554367_262161.bam,,WTCHG_554367_262161,OXF-UP-100-AUT
PRJEB34634,SAMEA5989477,ERX3571586,ERR3573348,749907,sediment metagenome,ftp.sra.ebi.ac.uk/vol1/fastq/ERR357/008/ERR3573348/ERR3573348_1.fastq.gz;ftp.sra.ebi.ac.uk/vol1/fastq/ERR357/008/ERR3573348/ERR3573348_2.fastq.gz,ftp.sra.ebi.ac.uk/vol1/run/ERR357/ERR3573348/WTCHG_554366_262161.bam,,WTCHG_554366_262161,OXF-UP-100-AUT
PRJEB34634,SAMEA5989477,ERX3571587,ERR3573349,749907,sediment metagenome,ftp.sra.ebi.ac.uk/vol1/fastq/ERR357/009/ERR3573349/ERR3573349_1.fastq.gz;ftp.sra.ebi.ac.uk/vol1/fastq/ERR357/009/ERR3573349/ERR3573349_2.fastq.gz,ftp.sra.ebi.ac.uk/vol1/run/ERR357/ERR3573349/WTCHG_555220_262161.bam,,WTCHG_555220_262161,OXF-UP-100-AUT
PRJEB34634,SAMEA5989477,ERX3571588,ERR3573350,749907,sediment metagenome,ftp.sra.ebi.ac.uk/vol1/fastq/ERR357/000/ERR3573350/ERR3573350_1.fastq.gz;ftp.sra.ebi.ac.uk/vol1/fastq/ERR357/000/ERR3573350/ERR3573350_2.fastq.gz,ftp.sra.ebi.ac.uk/vol1/run/ERR357/ERR3573350/WTCHG_555215_262161.bam,,WTCHG_555215_262161,OXF-UP-100-AUT
PRJEB34634,SAMEA5989477,ERX3571589,ERR3573351,749907,sediment metagenome,ftp.sra.ebi.ac.uk/vol1/fastq/ERR357/001/ERR3573351/ERR3573351_1.fastq.gz;ftp.sra.ebi.ac.uk/vol1/fastq/ERR357/001/ERR3573351/ERR3573351_2.fastq.gz,ftp.sra.ebi.ac.uk/vol1/run/ERR357/ERR3573351/WTCHG_555214_262161.bam,,WTCHG_555214_262161,OXF-UP-100-AUT
PRJEB34634,SAMEA5989477,ERX3571590,ERR3573352,749907,sediment metagenome,ftp.sra.ebi.ac.uk/vol1/fastq/ERR357/002/ERR3573352/ERR3573352_1.fastq.gz;ftp.sra.ebi.ac.uk/vol1/fastq/ERR357/002/ERR3573352/ERR3573352_2.fastq.gz,ftp.sra.ebi.ac.uk/vol1/run/ERR357/ERR3573352/WTCHG_555217_262161.bam,,WTCHG_555217_262161,OXF-UP-100-AUT
PRJEB34634,SAMEA5989477,ERX3571591,ERR3573353,749907,sediment metagenome,ftp.sra.ebi.ac.uk/vol1/fastq/ERR357/003/ERR3573353/ERR3573353_1.fastq.gz;ftp.sra.ebi.ac.uk/vol1/fastq/ERR357/003/ERR3573353/ERR3573353_2.fastq.gz,ftp.sra.ebi.ac.uk/vol1/run/ERR357/ERR3573353/WTCHG_555221_262161.bam,,WTCHG_555221_262161,OXF-UP-100-AUT
PRJEB34634,SAMEA5989477,ERX3571592,ERR3573354,749907,sediment metagenome,ftp.sra.ebi.ac.uk/vol1/fastq/ERR357/004/ERR3573354/ERR3573354_1.fastq.gz;ftp.sra.ebi.ac.uk/vol1/fastq/ERR357/004/ERR3573354/ERR3573354_2.fastq.gz,ftp.sra.ebi.ac.uk/vol1/run/ERR357/ERR3573354/WTCHG_555216_262161.bam,,WTCHG_555216_262161,OXF-UP-100-AUT
PRJEB34634,SAMEA5989477,ERX3571593,ERR3573355,749907,sediment metagenome,ftp.sra.ebi.ac.uk/vol1/fastq/ERR357/005/ERR3573355/ERR3573355_1.fastq.gz;ftp.sra.ebi.ac.uk/vol1/fastq/ERR357/005/ERR3573355/ERR3573355_2.fastq.gz,ftp.sra.ebi.ac.uk/vol1/run/ERR357/ERR3573355/WTCHG_555219_262161.bam,,WTCHG_555219_262161,OXF-UP-100-AUT
PRJEB34634,SAMEA5989477,ERX3571594,ERR3573356,749907,sediment metagenome,ftp.sra.ebi.ac.uk/vol1/fastq/ERR357/006/ERR3573356/ERR3573356_1.fastq.gz;ftp.sra.ebi.ac.uk/vol1/fastq/ERR357/006/ERR3573356/ERR3573356_2.fastq.gz,ftp.sra.ebi.ac.uk/vol1/run/ERR357/ERR3573356/WTCHG_555218_262161.bam,,WTCHG_555218_262161,OXF-UP-100-AUT
PRJEB34634,SAMEA5989477,ERX3571595,ERR3573357,749907,sediment metagenome,ftp.sra.ebi.ac.uk/vol1/fastq/ERR357/007/ERR3573357/ERR3573357_1.fastq.gz;ftp.sra.ebi.ac.uk/vol1/fastq/ERR357/007/ERR3573357/ERR3573357_2.fastq.gz,ftp.sra.ebi.ac.uk/vol1/run/ERR357/ERR3573357/WTCHG_559241_262161.bam,,WTCHG_559241_262161,OXF-UP-100-AUT
PRJEB34634,SAMEA5989477,ERX3571596,ERR3573358,749907,sediment metagenome,ftp.sra.ebi.ac.uk/vol1/fastq/ERR357/008/ERR3573358/ERR3573358_1.fastq.gz;ftp.sra.ebi.ac.uk/vol1/fastq/ERR357/008/ERR3573358/ERR3573358_2.fastq.gz,ftp.sra.ebi.ac.uk/vol1/run/ERR357/ERR3573358/WTCHG_559243_262161.bam,,WTCHG_559243_262161,OXF-UP-100-AUT
PRJEB34634,SAMEA5989477,ERX3571597,ERR3573359,749907,sediment metagenome,ftp.sra.ebi.ac.uk/vol1/fastq/ERR357/009/ERR3573359/ERR3573359_1.fastq.gz;ftp.sra.ebi.ac.uk/vol1/fastq/ERR357/009/ERR3573359/ERR3573359_2.fastq.gz,ftp.sra.ebi.ac.uk/vol1/run/ERR357/ERR3573359/WTCHG_559240_262161.bam,,WTCHG_559240_262161,OXF-UP-100-AUT
PRJEB34634,SAMEA5989477,ERX3571598,ERR3573360,749907,sediment metagenome,ftp.sra.ebi.ac.uk/vol1/fastq/ERR357/000/ERR3573360/ERR3573360_1.fastq.gz;ftp.sra.ebi.ac.uk/vol1/fastq/ERR357/000/ERR3573360/ERR3573360_2.fastq.gz,ftp.sra.ebi.ac.uk/vol1/run/ERR357/ERR3573360/WTCHG_559244_262161.bam,,WTCHG_559244_262161,OXF-UP-100-AUT
PRJEB34634,SAMEA5989477,ERX3571599,ERR3573361,749907,sediment metagenome,ftp.sra.ebi.ac.uk/vol1/fastq/ERR357/001/ERR3573361/ERR3573361_1.fastq.gz;ftp.sra.ebi.ac.uk/vol1/fastq/ERR357/001/ERR3573361/ERR3573361_2.fastq.gz,ftp.sra.ebi.ac.uk/vol1/run/ERR357/ERR3573361/WTCHG_559242_262161.bam,,WTCHG_559242_262161,OXF-UP-100-AUT
PRJEB34634,SAMEA5989477,ERX3571600,ERR3573362,749907,sediment metagenome,ftp.sra.ebi.ac.uk/vol1/fastq/ERR357/002/ERR3573362/ERR3573362_1.fastq.gz;ftp.sra.ebi.ac.uk/vol1/fastq/ERR357/002/ERR3573362/ERR3573362_2.fastq.gz,ftp.sra.ebi.ac.uk/vol1/run/ERR357/ERR3573362/WTCHG_550636_257101.bam,,WTCHG_550636_257101,OXF-UP-100-SUM
PRJEB34634,SAMEA5989477,ERX3571601,ERR3573363,749907,sediment metagenome,ftp.sra.ebi.ac.uk/vol1/fastq/ERR357/003/ERR3573363/ERR3573363_1.fastq.gz;ftp.sra.ebi.ac.uk/vol1/fastq/ERR357/003/ERR3573363/ERR3573363_2.fastq.gz,ftp.sra.ebi.ac.uk/vol1/run/ERR357/ERR3573363/WTCHG_551514_257101.bam,,WTCHG_551514_257101,OXF-UP-100-SUM
PRJEB34634,SAMEA5989477,ERX3571602,ERR3573364,749907,sediment metagenome,ftp.sra.ebi.ac.uk/vol1/fastq/ERR357/004/ERR3573364/ERR3573364_1.fastq.gz;ftp.sra.ebi.ac.uk/vol1/fastq/ERR357/004/ERR3573364/ERR3573364_2.fastq.gz,ftp.sra.ebi.ac.uk/vol1/run/ERR357/ERR3573364/WTCHG_551515_257101.bam,,WTCHG_551515_257101,OXF-UP-100-SUM
PRJEB34634,SAMEA5989477,ERX3571603,ERR3573365,749907,sediment metagenome,ftp.sra.ebi.ac.uk/vol1/fastq/ERR357/005/ERR3573365/ERR3573365_1.fastq.gz;ftp.sra.ebi.ac.uk/vol1/fastq/ERR357/005/ERR3573365/ERR3573365_2.fastq.gz,ftp.sra.ebi.ac.uk/vol1/run/ERR357/ERR3573365/WTCHG_554367_257101.bam,,WTCHG_554367_257101,OXF-UP-100-SUM
PRJEB34634,SAMEA5989477,ERX3571604,ERR3573366,749907,sediment metagenome,ftp.sra.ebi.ac.uk/vol1/fastq/ERR357/006/ERR3573366/ERR3573366_1.fastq.gz;ftp.sra.ebi.ac.uk/vol1/fastq/ERR357/006/ERR3573366/ERR3573366_2.fastq.gz,ftp.sra.ebi.ac.uk/vol1/run/ERR357/ERR3573366/WTCHG_554366_257101.bam,,WTCHG_554366_257101,OXF-UP-100-SUM
PRJEB34634,SAMEA5989477,ERX3571605,ERR3573367,749907,sediment metagenome,ftp.sra.ebi.ac.uk/vol1/fastq/ERR357/007/ERR3573367/ERR3573367_1.fastq.gz;ftp.sra.ebi.ac.uk/vol1/fastq/ERR357/007/ERR3573367/ERR3573367_2.fastq.gz,ftp.sra.ebi.ac.uk/vol1/run/ERR357/ERR3573367/WTCHG_555218_257101.bam,,WTCHG_555218_257101,OXF-UP-100-SUM
PRJEB34634,SAMEA5989477,ERX3571606,ERR3573368,749907,sediment metagenome,ftp.sra.ebi.ac.uk/vol1/fastq/ERR357/008/ERR3573368/ERR3573368_1.fastq.gz;ftp.sra.ebi.ac.uk/vol1/fastq/ERR357/008/ERR3573368/ERR3573368_2.fastq.gz,ftp.sra.ebi.ac.uk/vol1/run/ERR357/ERR3573368/WTCHG_555217_257101.bam,,WTCHG_555217_257101,OXF-UP-100-SUM
PRJEB34634,SAMEA5989477,ERX3571607,ERR3573369,749907,sediment metagenome,ftp.sra.ebi.ac.uk/vol1/fastq/ERR357/009/ERR3573369/ERR3573369_1.fastq.gz;ftp.sra.ebi.ac.uk/vol1/fastq/ERR357/009/ERR3573369/ERR3573369_2.fastq.gz,ftp.sra.ebi.ac.uk/vol1/run/ERR357/ERR3573369/WTCHG_555216_257101.bam,,WTCHG_555216_257101,OXF-UP-100-SUM
PRJEB34634,SAMEA5989477,ERX3571608,ERR3573370,749907,sediment metagenome,ftp.sra.ebi.ac.uk/vol1/fastq/ERR357/000/ERR3573370/ERR3573370_1.fastq.gz;ftp.sra.ebi.ac.uk/vol1/fastq/ERR357/000/ERR3573370/ERR3573370_2.fastq.gz,ftp.sra.ebi.ac.uk/vol1/run/ERR357/ERR3573370/WTCHG_555220_257101.bam,,WTCHG_555220_257101,OXF-UP-100-SUM
PRJEB34634,SAMEA5989477,ERX3571609,ERR3573371,749907,sediment metagenome,ftp.sra.ebi.ac.uk/vol1/fastq/ERR357/001/ERR3573371/ERR3573371_1.fastq.gz;ftp.sra.ebi.ac.uk/vol1/fastq/ERR357/001/ERR3573371/ERR3573371_2.fastq.gz,ftp.sra.ebi.ac.uk/vol1/run/ERR357/ERR3573371/WTCHG_555221_257101.bam,,WTCHG_555221_257101,OXF-UP-100-SUM
PRJEB34634,SAMEA5989477,ERX3571610,ERR3573372,749907,sediment metagenome,ftp.sra.ebi.ac.uk/vol1/fastq/ERR357/002/ERR3573372/ERR3573372_1.fastq.gz;ftp.sra.ebi.ac.uk/vol1/fastq/ERR357/002/ERR3573372/ERR3573372_2.fastq.gz,ftp.sra.ebi.ac.uk/vol1/run/ERR357/ERR3573372/WTCHG_555215_257101.bam,,WTCHG_555215_257101,OXF-UP-100-SUM
PRJEB34634,SAMEA5989477,ERX3571611,ERR3573373,749907,sediment metagenome,ftp.sra.ebi.ac.uk/vol1/fastq/ERR357/003/ERR3573373/ERR3573373_1.fastq.gz;ftp.sra.ebi.ac.uk/vol1/fastq/ERR357/003/ERR3573373/ERR3573373_2.fastq.gz,ftp.sra.ebi.ac.uk/vol1/run/ERR357/ERR3573373/WTCHG_555214_257101.bam,,WTCHG_555214_257101,OXF-UP-100-SUM
PRJEB34634,SAMEA5989477,ERX3571612,ERR3573374,749907,sediment metagenome,ftp.sra.ebi.ac.uk/vol1/fastq/ERR357/004/ERR3573374/ERR3573374_1.fastq.gz;ftp.sra.ebi.ac.uk/vol1/fastq/ERR357/004/ERR3573374/ERR3573374_2.fastq.gz,ftp.sra.ebi.ac.uk/vol1/run/ERR357/ERR3573374/WTCHG_555219_257101.bam,,WTCHG_555219_257101,OXF-UP-100-SUM
PRJEB34634,SAMEA5989477,ERX3571613,ERR3573375,749907,sediment metagenome,ftp.sra.ebi.ac.uk/vol1/fastq/ERR357/005/ERR3573375/ERR3573375_1.fastq.gz;ftp.sra.ebi.ac.uk/vol1/fastq/ERR357/005/ERR3573375/ERR3573375_2.fastq.gz,ftp.sra.ebi.ac.uk/vol1/run/ERR357/ERR3573375/WTCHG_559241_257101.bam,,WTCHG_559241_257101,OXF-UP-100-SUM
PRJEB34634,SAMEA5989477,ERX3571614,ERR3573376,749907,sediment metagenome,ftp.sra.ebi.ac.uk/vol1/fastq/ERR357/006/ERR3573376/ERR3573376_1.fastq.gz;ftp.sra.ebi.ac.uk/vol1/fastq/ERR357/006/ERR3573376/ERR3573376_2.fastq.gz,ftp.sra.ebi.ac.uk/vol1/run/ERR357/ERR3573376/WTCHG_559242_257101.bam,,WTCHG_559242_257101,OXF-UP-100-SUM
PRJEB34634,SAMEA5989477,ERX3571615,ERR3573377,749907,sediment metagenome,ftp.sra.ebi.ac.uk/vol1/fastq/ERR357/007/ERR3573377/ERR3573377_1.fastq.gz;ftp.sra.ebi.ac.uk/vol1/fastq/ERR357/007/ERR3573377/ERR3573377_2.fastq.gz,ftp.sra.ebi.ac.uk/vol1/run/ERR357/ERR3573377/WTCHG_559244_257101.bam,,WTCHG_559244_257101,OXF-UP-100-SUM
PRJEB34634,SAMEA5989477,ERX3571616,ERR3573378,749907,sediment metagenome,ftp.sra.ebi.ac.uk/vol1/fastq/ERR357/008/ERR3573378/ERR3573378_1.fastq.gz;ftp.sra.ebi.ac.uk/vol1/fastq/ERR357/008/ERR3573378/ERR3573378_2.fastq.gz,ftp.sra.ebi.ac.uk/vol1/run/ERR357/ERR3573378/WTCHG_559240_257101.bam,,WTCHG_559240_257101,OXF-UP-100-SUM
PRJEB34634,SAMEA5989477,ERX3571617,ERR3573379,749907,sediment metagenome,ftp.sra.ebi.ac.uk/vol1/fastq/ERR357/009/ERR3573379/ERR3573379_1.fastq.gz;ftp.sra.ebi.ac.uk/vol1/fastq/ERR357/009/ERR3573379/ERR3573379_2.fastq.gz,ftp.sra.ebi.ac.uk/vol1/run/ERR357/ERR3573379/WTCHG_559243_257101.bam,,WTCHG_559243_257101,OXF-UP-100-SUM
PRJEB34634,SAMEA5989477,ERX3571618,ERR3573380,749907,sediment metagenome,ftp.sra.ebi.ac.uk/vol1/fastq/ERR357/000/ERR3573380/ERR3573380_1.fastq.gz;ftp.sra.ebi.ac.uk/vol1/fastq/ERR357/000/ERR3573380/ERR3573380_2.fastq.gz,ftp.sra.ebi.ac.uk/vol1/run/ERR357/ERR3573380/WTCHG_550636_267126.bam,,WTCHG_550636_267126,OXF-UP-100-WIN
PRJEB34634,SAMEA5989477,ERX3571619,ERR3573381,749907,sediment metagenome,ftp.sra.ebi.ac.uk/vol1/fastq/ERR357/001/ERR3573381/ERR3573381_1.fastq.gz;ftp.sra.ebi.ac.uk/vol1/fastq/ERR357/001/ERR3573381/ERR3573381_2.fastq.gz,ftp.sra.ebi.ac.uk/vol1/run/ERR357/ERR3573381/WTCHG_551514_267126.bam,,WTCHG_551514_267126,OXF-UP-100-WIN
PRJEB34634,SAMEA5989477,ERX3571620,ERR3573382,749907,sediment metagenome,ftp.sra.ebi.ac.uk/vol1/fastq/ERR357/002/ERR3573382/ERR3573382_1.fastq.gz;ftp.sra.ebi.ac.uk/vol1/fastq/ERR357/002/ERR3573382/ERR3573382_2.fastq.gz,ftp.sra.ebi.ac.uk/vol1/run/ERR357/ERR3573382/WTCHG_551515_267126.bam,,WTCHG_551515_267126,OXF-UP-100-WIN
PRJEB34634,SAMEA5989477,ERX3571621,ERR3573383,749907,sediment metagenome,ftp.sra.ebi.ac.uk/vol1/fastq/ERR357/003/ERR3573383/ERR3573383_1.fastq.gz;ftp.sra.ebi.ac.uk/vol1/fastq/ERR357/003/ERR3573383/ERR3573383_2.fastq.gz,ftp.sra.ebi.ac.uk/vol1/run/ERR357/ERR3573383/WTCHG_554366_267126.bam,,WTCHG_554366_267126,OXF-UP-100-WIN
PRJEB34634,SAMEA5989477,ERX3571622,ERR3573384,749907,sediment metagenome,ftp.sra.ebi.ac.uk/vol1/fastq/ERR357/004/ERR3573384/ERR3573384_1.fastq.gz;ftp.sra.ebi.ac.uk/vol1/fastq/ERR357/004/ERR3573384/ERR3573384_2.fastq.gz,ftp.sra.ebi.ac.uk/vol1/run/ERR357/ERR3573384/WTCHG_554367_267126.bam,,WTCHG_554367_267126,OXF-UP-100-WIN
PRJEB34634,SAMEA5989477,ERX3571623,ERR3573385,749907,sediment metagenome,ftp.sra.ebi.ac.uk/vol1/fastq/ERR357/005/ERR3573385/ERR3573385_1.fastq.gz;ftp.sra.ebi.ac.uk/vol1/fastq/ERR357/005/ERR3573385/ERR3573385_2.fastq.gz,ftp.sra.ebi.ac.uk/vol1/run/ERR357/ERR3573385/WTCHG_555218_267126.bam,,WTCHG_555218_267126,OXF-UP-100-WIN
PRJEB34634,SAMEA5989477,ERX3571624,ERR3573386,749907,sediment metagenome,ftp.sra.ebi.ac.uk/vol1/fastq/ERR357/006/ERR3573386/ERR3573386_1.fastq.gz;ftp.sra.ebi.ac.uk/vol1/fastq/ERR357/006/ERR3573386/ERR3573386_2.fastq.gz,ftp.sra.ebi.ac.uk/vol1/run/ERR357/ERR3573386/WTCHG_555216_267126.bam,,WTCHG_555216_267126,OXF-UP-100-WIN
PRJEB34634,SAMEA5989477,ERX3571625,ERR3573387,749907,sediment metagenome,ftp.sra.ebi.ac.uk/vol1/fastq/ERR357/007/ERR3573387/ERR3573387_1.fastq.gz;ftp.sra.ebi.ac.uk/vol1/fastq/ERR357/007/ERR3573387/ERR3573387_2.fastq.gz,ftp.sra.ebi.ac.uk/vol1/run/ERR357/ERR3573387/WTCHG_555214_267126.bam,,WTCHG_555214_267126,OXF-UP-100-WIN
PRJEB34634,SAMEA5989477,ERX3571626,ERR3573388,749907,sediment metagenome,ftp.sra.ebi.ac.uk/vol1/fastq/ERR357/008/ERR3573388/ERR3573388_1.fastq.gz;ftp.sra.ebi.ac.uk/vol1/fastq/ERR357/008/ERR3573388/ERR3573388_2.fastq.gz,ftp.sra.ebi.ac.uk/vol1/run/ERR357/ERR3573388/WTCHG_555220_267126.bam,,WTCHG_555220_267126,OXF-UP-100-WIN
PRJEB34634,SAMEA5989477,ERX3571627,ERR3573389,749907,sediment metagenome,ftp.sra.ebi.ac.uk/vol1/fastq/ERR357/009/ERR3573389/ERR3573389_1.fastq.gz;ftp.sra.ebi.ac.uk/vol1/fastq/ERR357/009/ERR3573389/ERR3573389_2.fastq.gz,ftp.sra.ebi.ac.uk/vol1/run/ERR357/ERR3573389/WTCHG_555219_267126.bam,,WTCHG_555219_267126,OXF-UP-100-WIN
PRJEB34634,SAMEA5989477,ERX3571628,ERR3573390,749907,sediment metagenome,ftp.sra.ebi.ac.uk/vol1/fastq/ERR357/000/ERR3573390/ERR3573390_1.fastq.gz;ftp.sra.ebi.ac.uk/vol1/fastq/ERR357/000/ERR3573390/ERR3573390_2.fastq.gz,ftp.sra.ebi.ac.uk/vol1/run/ERR357/ERR3573390/WTCHG_555215_267126.bam,,WTCHG_555215_267126,OXF-UP-100-WIN
PRJEB34634,SAMEA5989477,ERX3571629,ERR3573391,749907,sediment metagenome,ftp.sra.ebi.ac.uk/vol1/fastq/ERR357/001/ERR3573391/ERR3573391_1.fastq.gz;ftp.sra.ebi.ac.uk/vol1/fastq/ERR357/001/ERR3573391/ERR3573391_2.fastq.gz,ftp.sra.ebi.ac.uk/vol1/run/ERR357/ERR3573391/WTCHG_555217_267126.bam,,WTCHG_555217_267126,OXF-UP-100-WIN
PRJEB34634,SAMEA5989477,ERX3571630,ERR3573392,749907,sediment metagenome,ftp.sra.ebi.ac.uk/vol1/fastq/ERR357/002/ERR3573392/ERR3573392_1.fastq.gz;ftp.sra.ebi.ac.uk/vol1/fastq/ERR357/002/ERR3573392/ERR3573392_2.fastq.gz,ftp.sra.ebi.ac.uk/vol1/run/ERR357/ERR3573392/WTCHG_555221_267126.bam,,WTCHG_555221_267126,OXF-UP-100-WIN
PRJEB34634,SAMEA5989477,ERX3571631,ERR3573393,749907,sediment metagenome,ftp.sra.ebi.ac.uk/vol1/fastq/ERR357/003/ERR3573393/ERR3573393_1.fastq.gz;ftp.sra.ebi.ac.uk/vol1/fastq/ERR357/003/ERR3573393/ERR3573393_2.fastq.gz,ftp.sra.ebi.ac.uk/vol1/run/ERR357/ERR3573393/WTCHG_559243_267126.bam,,WTCHG_559243_267126,OXF-UP-100-WIN
PRJEB34634,SAMEA5989477,ERX3571632,ERR3573394,749907,sediment metagenome,ftp.sra.ebi.ac.uk/vol1/fastq/ERR357/004/ERR3573394/ERR3573394_1.fastq.gz;ftp.sra.ebi.ac.uk/vol1/fastq/ERR357/004/ERR3573394/ERR3573394_2.fastq.gz,ftp.sra.ebi.ac.uk/vol1/run/ERR357/ERR3573394/WTCHG_559242_267126.bam,,WTCHG_559242_267126,OXF-UP-100-WIN
PRJEB34634,SAMEA5989477,ERX3571633,ERR3573395,749907,sediment metagenome,ftp.sra.ebi.ac.uk/vol1/fastq/ERR357/005/ERR3573395/ERR3573395_1.fastq.gz;ftp.sra.ebi.ac.uk/vol1/fastq/ERR357/005/ERR3573395/ERR3573395_2.fastq.gz,ftp.sra.ebi.ac.uk/vol1/run/ERR357/ERR3573395/WTCHG_559244_267126.bam,,WTCHG_559244_267126,OXF-UP-100-WIN
PRJEB34634,SAMEA5989477,ERX3571634,ERR3573396,749907,sediment metagenome,ftp.sra.ebi.ac.uk/vol1/fastq/ERR357/006/ERR3573396/ERR3573396_1.fastq.gz;ftp.sra.ebi.ac.uk/vol1/fastq/ERR357/006/ERR3573396/ERR3573396_2.fastq.gz,ftp.sra.ebi.ac.uk/vol1/run/ERR357/ERR3573396/WTCHG_559240_267126.bam,,WTCHG_559240_267126,OXF-UP-100-WIN
PRJEB34634,SAMEA5989477,ERX3571635,ERR3573397,749907,sediment metagenome,ftp.sra.ebi.ac.uk/vol1/fastq/ERR357/007/ERR3573397/ERR3573397_1.fastq.gz;ftp.sra.ebi.ac.uk/vol1/fastq/ERR357/007/ERR3573397/ERR3573397_2.fastq.gz,ftp.sra.ebi.ac.uk/vol1/run/ERR357/ERR3573397/WTCHG_559241_267126.bam,,WTCHG_559241_267126,OXF-UP-100-WIN
PRJEB34634,SAMEA5989477,ERX3571636,ERR3573398,749907,sediment metagenome,ftp.sra.ebi.ac.uk/vol1/fastq/ERR357/008/ERR3573398/ERR3573398_1.fastq.gz;ftp.sra.ebi.ac.uk/vol1/fastq/ERR357/008/ERR3573398/ERR3573398_2.fastq.gz,ftp.sra.ebi.ac.uk/vol1/run/ERR357/ERR3573398/WTCHG_670349_257194.bam,,WTCHG_670349_257194,WAN-DW-100-AUT
PRJEB34634,SAMEA5989477,ERX3571637,ERR3573399,749907,sediment metagenome,ftp.sra.ebi.ac.uk/vol1/fastq/ERR357/009/ERR3573399/ERR3573399_1.fastq.gz;ftp.sra.ebi.ac.uk/vol1/fastq/ERR357/009/ERR3573399/ERR3573399_2.fastq.gz,ftp.sra.ebi.ac.uk/vol1/run/ERR357/ERR3573399/WTCHG_670347_257194.bam,,WTCHG_670347_257194,WAN-DW-100-AUT
PRJEB34634,SAMEA5989477,ERX3571638,ERR3573400,749907,sediment metagenome,ftp.sra.ebi.ac.uk/vol1/fastq/ERR357/000/ERR3573400/ERR3573400_1.fastq.gz;ftp.sra.ebi.ac.uk/vol1/fastq/ERR357/000/ERR3573400/ERR3573400_2.fastq.gz,ftp.sra.ebi.ac.uk/vol1/run/ERR357/ERR3573400/WTCHG_670344_257194.bam,,WTCHG_670344_257194,WAN-DW-100-AUT
PRJEB34634,SAMEA5989477,ERX3571639,ERR3573401,749907,sediment metagenome,ftp.sra.ebi.ac.uk/vol1/fastq/ERR357/001/ERR3573401/ERR3573401_1.fastq.gz;ftp.sra.ebi.ac.uk/vol1/fastq/ERR357/001/ERR3573401/ERR3573401_2.fastq.gz,ftp.sra.ebi.ac.uk/vol1/run/ERR357/ERR3573401/WTCHG_670348_257194.bam,,WTCHG_670348_257194,WAN-DW-100-AUT
PRJEB34634,SAMEA5989477,ERX3571640,ERR3573402,749907,sediment metagenome,ftp.sra.ebi.ac.uk/vol1/fastq/ERR357/002/ERR3573402/ERR3573402_1.fastq.gz;ftp.sra.ebi.ac.uk/vol1/fastq/ERR357/002/ERR3573402/ERR3573402_2.fastq.gz,ftp.sra.ebi.ac.uk/vol1/run/ERR357/ERR3573402/WTCHG_670346_257194.bam,,WTCHG_670346_257194,WAN-DW-100-AUT
PRJEB34634,SAMEA5989477,ERX3571641,ERR3573403,749907,sediment metagenome,ftp.sra.ebi.ac.uk/vol1/fastq/ERR357/003/ERR3573403/ERR3573403_1.fastq.gz;ftp.sra.ebi.ac.uk/vol1/fastq/ERR357/003/ERR3573403/ERR3573403_2.fastq.gz,ftp.sra.ebi.ac.uk/vol1/run/ERR357/ERR3573403/WTCHG_670345_257194.bam,,WTCHG_670345_257194,WAN-DW-100-AUT
PRJEB34634,SAMEA5989477,ERX3571642,ERR3573404,749907,sediment metagenome,ftp.sra.ebi.ac.uk/vol1/fastq/ERR357/004/ERR3573404/ERR3573404_1.fastq.gz;ftp.sra.ebi.ac.uk/vol1/fastq/ERR357/004/ERR3573404/ERR3573404_2.fastq.gz,ftp.sra.ebi.ac.uk/vol1/run/ERR357/ERR3573404/WTCHG_664453_257194.bam,,WTCHG_664453_257194,WAN-DW-100-AUT
PRJEB34634,SAMEA5989477,ERX3571643,ERR3573405,749907,sediment metagenome,ftp.sra.ebi.ac.uk/vol1/fastq/ERR357/005/ERR3573405/ERR3573405_1.fastq.gz;ftp.sra.ebi.ac.uk/vol1/fastq/ERR357/005/ERR3573405/ERR3573405_2.fastq.gz,ftp.sra.ebi.ac.uk/vol1/run/ERR357/ERR3573405/WTCHG_670347_267169.bam,,WTCHG_670347_267169,WAN-DW-100-SUM
PRJEB34634,SAMEA5989477,ERX3571644,ERR3573406,749907,sediment metagenome,ftp.sra.ebi.ac.uk/vol1/fastq/ERR357/006/ERR3573406/ERR3573406_1.fastq.gz;ftp.sra.ebi.ac.uk/vol1/fastq/ERR357/006/ERR3573406/ERR3573406_2.fastq.gz,ftp.sra.ebi.ac.uk/vol1/run/ERR357/ERR3573406/WTCHG_670349_267169.bam,,WTCHG_670349_267169,WAN-DW-100-SUM
PRJEB34634,SAMEA5989477,ERX3571645,ERR3573407,749907,sediment metagenome,ftp.sra.ebi.ac.uk/vol1/fastq/ERR357/007/ERR3573407/ERR3573407_1.fastq.gz;ftp.sra.ebi.ac.uk/vol1/fastq/ERR357/007/ERR3573407/ERR3573407_2.fastq.gz,ftp.sra.ebi.ac.uk/vol1/run/ERR357/ERR3573407/WTCHG_670346_267169.bam,,WTCHG_670346_267169,WAN-DW-100-SUM
PRJEB34634,SAMEA5989477,ERX3571646,ERR3573408,749907,sediment metagenome,ftp.sra.ebi.ac.uk/vol1/fastq/ERR357/008/ERR3573408/ERR3573408_1.fastq.gz;ftp.sra.ebi.ac.uk/vol1/fastq/ERR357/008/ERR3573408/ERR3573408_2.fastq.gz,ftp.sra.ebi.ac.uk/vol1/run/ERR357/ERR3573408/WTCHG_670345_267169.bam,,WTCHG_670345_267169,WAN-DW-100-SUM
PRJEB34634,SAMEA5989477,ERX3571647,ERR3573409,749907,sediment metagenome,ftp.sra.ebi.ac.uk/vol1/fastq/ERR357/009/ERR3573409/ERR3573409_1.fastq.gz;ftp.sra.ebi.ac.uk/vol1/fastq/ERR357/009/ERR3573409/ERR3573409_2.fastq.gz,ftp.sra.ebi.ac.uk/vol1/run/ERR357/ERR3573409/WTCHG_670348_267169.bam,,WTCHG_670348_267169,WAN-DW-100-SUM
PRJEB34634,SAMEA5989477,ERX3571648,ERR3573410,749907,sediment metagenome,ftp.sra.ebi.ac.uk/vol1/fastq/ERR357/000/ERR3573410/ERR3573410_1.fastq.gz;ftp.sra.ebi.ac.uk/vol1/fastq/ERR357/000/ERR3573410/ERR3573410_2.fastq.gz,ftp.sra.ebi.ac.uk/vol1/run/ERR357/ERR3573410/WTCHG_670344_267169.bam,,WTCHG_670344_267169,WAN-DW-100-SUM
PRJEB34634,SAMEA5989477,ERX3571649,ERR3573411,749907,sediment metagenome,ftp.sra.ebi.ac.uk/vol1/fastq/ERR357/001/ERR3573411/ERR3573411_1.fastq.gz;ftp.sra.ebi.ac.uk/vol1/fastq/ERR357/001/ERR3573411/ERR3573411_2.fastq.gz,ftp.sra.ebi.ac.uk/vol1/run/ERR357/ERR3573411/WTCHG_664453_267169.bam,,WTCHG_664453_267169,WAN-DW-100-SUM
PRJEB34634,SAMEA5989477,ERX3571650,ERR3573412,749907,sediment metagenome,ftp.sra.ebi.ac.uk/vol1/fastq/ERR357/002/ERR3573412/ERR3573412_1.fastq.gz;ftp.sra.ebi.ac.uk/vol1/fastq/ERR357/002/ERR3573412/ERR3573412_2.fastq.gz,ftp.sra.ebi.ac.uk/vol1/run/ERR357/ERR3573412/WTCHG_670345_262134.bam,,WTCHG_670345_262134,WAN-DW-100-WIN
PRJEB34634,SAMEA5989477,ERX3571651,ERR3573413,749907,sediment metagenome,ftp.sra.ebi.ac.uk/vol1/fastq/ERR357/003/ERR3573413/ERR3573413_1.fastq.gz;ftp.sra.ebi.ac.uk/vol1/fastq/ERR357/003/ERR3573413/ERR3573413_2.fastq.gz,ftp.sra.ebi.ac.uk/vol1/run/ERR357/ERR3573413/WTCHG_670348_262134.bam,,WTCHG_670348_262134,WAN-DW-100-WIN
PRJEB34634,SAMEA5989477,ERX3571652,ERR3573414,749907,sediment metagenome,ftp.sra.ebi.ac.uk/vol1/fastq/ERR357/004/ERR3573414/ERR3573414_1.fastq.gz;ftp.sra.ebi.ac.uk/vol1/fastq/ERR357/004/ERR3573414/ERR3573414_2.fastq.gz,ftp.sra.ebi.ac.uk/vol1/run/ERR357/ERR3573414/WTCHG_670344_262134.bam,,WTCHG_670344_262134,WAN-DW-100-WIN
PRJEB34634,SAMEA5989477,ERX3571653,ERR3573415,749907,sediment metagenome,ftp.sra.ebi.ac.uk/vol1/fastq/ERR357/005/ERR3573415/ERR3573415_1.fastq.gz;ftp.sra.ebi.ac.uk/vol1/fastq/ERR357/005/ERR3573415/ERR3573415_2.fastq.gz,ftp.sra.ebi.ac.uk/vol1/run/ERR357/ERR3573415/WTCHG_670346_262134.bam,,WTCHG_670346_262134,WAN-DW-100-WIN
PRJEB34634,SAMEA5989477,ERX3571654,ERR3573416,749907,sediment metagenome,ftp.sra.ebi.ac.uk/vol1/fastq/ERR357/006/ERR3573416/ERR3573416_1.fastq.gz;ftp.sra.ebi.ac.uk/vol1/fastq/ERR357/006/ERR3573416/ERR3573416_2.fastq.gz,ftp.sra.ebi.ac.uk/vol1/run/ERR357/ERR3573416/WTCHG_670347_262134.bam,,WTCHG_670347_262134,WAN-DW-100-WIN
PRJEB34634,SAMEA5989477,ERX3571655,ERR3573417,749907,sediment metagenome,ftp.sra.ebi.ac.uk/vol1/fastq/ERR357/007/ERR3573417/ERR3573417_1.fastq.gz;ftp.sra.ebi.ac.uk/vol1/fastq/ERR357/007/ERR3573417/ERR3573417_2.fastq.gz,ftp.sra.ebi.ac.uk/vol1/run/ERR357/ERR3573417/WTCHG_670349_262134.bam,,WTCHG_670349_262134,WAN-DW-100-WIN
PRJEB34634,SAMEA5989477,ERX3571656,ERR3573418,749907,sediment metagenome,ftp.sra.ebi.ac.uk/vol1/fastq/ERR357/008/ERR3573418/ERR3573418_1.fastq.gz;ftp.sra.ebi.ac.uk/vol1/fastq/ERR357/008/ERR3573418/ERR3573418_2.fastq.gz,ftp.sra.ebi.ac.uk/vol1/run/ERR357/ERR3573418/WTCHG_664453_262134.bam,,WTCHG_664453_262134,WAN-DW-100-WIN
PRJEB34634,SAMEA5989477,ERX3571657,ERR3573419,749907,sediment metagenome,ftp.sra.ebi.ac.uk/vol1/fastq/ERR357/009/ERR3573419/ERR3573419_1.fastq.gz;ftp.sra.ebi.ac.uk/vol1/fastq/ERR357/009/ERR3573419/ERR3573419_2.fastq.gz,ftp.sra.ebi.ac.uk/vol1/run/ERR357/ERR3573419/WTCHG_670345_260158.bam,,WTCHG_670345_260158,WAN-DW-1000-AUT
PRJEB34634,SAMEA5989477,ERX3571658,ERR3573420,749907,sediment metagenome,ftp.sra.ebi.ac.uk/vol1/fastq/ERR357/000/ERR3573420/ERR3573420_1.fastq.gz;ftp.sra.ebi.ac.uk/vol1/fastq/ERR357/000/ERR3573420/ERR3573420_2.fastq.gz,ftp.sra.ebi.ac.uk/vol1/run/ERR357/ERR3573420/WTCHG_670349_260158.bam,,WTCHG_670349_260158,WAN-DW-1000-AUT
PRJEB34634,SAMEA5989477,ERX3571659,ERR3573421,749907,sediment metagenome,ftp.sra.ebi.ac.uk/vol1/fastq/ERR357/001/ERR3573421/ERR3573421_1.fastq.gz;ftp.sra.ebi.ac.uk/vol1/fastq/ERR357/001/ERR3573421/ERR3573421_2.fastq.gz,ftp.sra.ebi.ac.uk/vol1/run/ERR357/ERR3573421/WTCHG_670344_260158.bam,,WTCHG_670344_260158,WAN-DW-1000-AUT
PRJEB34634,SAMEA5989477,ERX3571660,ERR3573422,749907,sediment metagenome,ftp.sra.ebi.ac.uk/vol1/fastq/ERR357/002/ERR3573422/ERR3573422_1.fastq.gz;ftp.sra.ebi.ac.uk/vol1/fastq/ERR357/002/ERR3573422/ERR3573422_2.fastq.gz,ftp.sra.ebi.ac.uk/vol1/run/ERR357/ERR3573422/WTCHG_670348_260158.bam,,WTCHG_670348_260158,WAN-DW-1000-AUT
PRJEB34634,SAMEA5989477,ERX3571661,ERR3573423,749907,sediment metagenome,ftp.sra.ebi.ac.uk/vol1/fastq/ERR357/003/ERR3573423/ERR3573423_1.fastq.gz;ftp.sra.ebi.ac.uk/vol1/fastq/ERR357/003/ERR3573423/ERR3573423_2.fastq.gz,ftp.sra.ebi.ac.uk/vol1/run/ERR357/ERR3573423/WTCHG_670347_260158.bam,,WTCHG_670347_260158,WAN-DW-1000-AUT
PRJEB34634,SAMEA5989477,ERX3571662,ERR3573424,749907,sediment metagenome,ftp.sra.ebi.ac.uk/vol1/fastq/ERR357/004/ERR3573424/ERR3573424_1.fastq.gz;ftp.sra.ebi.ac.uk/vol1/fastq/ERR357/004/ERR3573424/ERR3573424_2.fastq.gz,ftp.sra.ebi.ac.uk/vol1/run/ERR357/ERR3573424/WTCHG_670346_260158.bam,,WTCHG_670346_260158,WAN-DW-1000-AUT
PRJEB34634,SAMEA5989477,ERX3571663,ERR3573425,749907,sediment metagenome,ftp.sra.ebi.ac.uk/vol1/fastq/ERR357/005/ERR3573425/ERR3573425_1.fastq.gz;ftp.sra.ebi.ac.uk/vol1/fastq/ERR357/005/ERR3573425/ERR3573425_2.fastq.gz,ftp.sra.ebi.ac.uk/vol1/run/ERR357/ERR3573425/WTCHG_664453_260158.bam,,WTCHG_664453_260158,WAN-DW-1000-AUT
PRJEB34634,SAMEA5989477,ERX3571664,ERR3573426,749907,sediment metagenome,ftp.sra.ebi.ac.uk/vol1/fastq/ERR357/006/ERR3573426/ERR3573426_1.fastq.gz;ftp.sra.ebi.ac.uk/vol1/fastq/ERR357/006/ERR3573426/ERR3573426_2.fastq.gz,ftp.sra.ebi.ac.uk/vol1/run/ERR357/ERR3573426/WTCHG_670345_270133.bam,,WTCHG_670345_270133,WAN-DW-1000-SUM
PRJEB34634,SAMEA5989477,ERX3571665,ERR3573427,749907,sediment metagenome,ftp.sra.ebi.ac.uk/vol1/fastq/ERR357/007/ERR3573427/ERR3573427_1.fastq.gz;ftp.sra.ebi.ac.uk/vol1/fastq/ERR357/007/ERR3573427/ERR3573427_2.fastq.gz,ftp.sra.ebi.ac.uk/vol1/run/ERR357/ERR3573427/WTCHG_670349_270133.bam,,WTCHG_670349_270133,WAN-DW-1000-SUM
PRJEB34634,SAMEA5989477,ERX3571666,ERR3573428,749907,sediment metagenome,ftp.sra.ebi.ac.uk/vol1/fastq/ERR357/008/ERR3573428/ERR3573428_1.fastq.gz;ftp.sra.ebi.ac.uk/vol1/fastq/ERR357/008/ERR3573428/ERR3573428_2.fastq.gz,ftp.sra.ebi.ac.uk/vol1/run/ERR357/ERR3573428/WTCHG_670346_270133.bam,,WTCHG_670346_270133,WAN-DW-1000-SUM
PRJEB34634,SAMEA5989477,ERX3571667,ERR3573429,749907,sediment metagenome,ftp.sra.ebi.ac.uk/vol1/fastq/ERR357/009/ERR3573429/ERR3573429_1.fastq.gz;ftp.sra.ebi.ac.uk/vol1/fastq/ERR357/009/ERR3573429/ERR3573429_2.fastq.gz,ftp.sra.ebi.ac.uk/vol1/run/ERR357/ERR3573429/WTCHG_670348_270133.bam,,WTCHG_670348_270133,WAN-DW-1000-SUM
PRJEB34634,SAMEA5989477,ERX3571668,ERR3573430,749907,sediment metagenome,ftp.sra.ebi.ac.uk/vol1/fastq/ERR357/000/ERR3573430/ERR3573430_1.fastq.gz;ftp.sra.ebi.ac.uk/vol1/fastq/ERR357/000/ERR3573430/ERR3573430_2.fastq.gz,ftp.sra.ebi.ac.uk/vol1/run/ERR357/ERR3573430/WTCHG_670344_270133.bam,,WTCHG_670344_270133,WAN-DW-1000-SUM
PRJEB34634,SAMEA5989477,ERX3571669,ERR3573431,749907,sediment metagenome,ftp.sra.ebi.ac.uk/vol1/fastq/ERR357/001/ERR3573431/ERR3573431_1.fastq.gz;ftp.sra.ebi.ac.uk/vol1/fastq/ERR357/001/ERR3573431/ERR3573431_2.fastq.gz,ftp.sra.ebi.ac.uk/vol1/run/ERR357/ERR3573431/WTCHG_670347_270133.bam,,WTCHG_670347_270133,WAN-DW-1000-SUM
PRJEB34634,SAMEA5989477,ERX3571670,ERR3573432,749907,sediment metagenome,ftp.sra.ebi.ac.uk/vol1/fastq/ERR357/002/ERR3573432/ERR3573432_1.fastq.gz;ftp.sra.ebi.ac.uk/vol1/fastq/ERR357/002/ERR3573432/ERR3573432_2.fastq.gz,ftp.sra.ebi.ac.uk/vol1/run/ERR357/ERR3573432/WTCHG_664453_270133.bam,,WTCHG_664453_270133,WAN-DW-1000-SUM
PRJEB34634,SAMEA5989477,ERX3571671,ERR3573433,749907,sediment metagenome,ftp.sra.ebi.ac.uk/vol1/fastq/ERR357/003/ERR3573433/ERR3573433_1.fastq.gz;ftp.sra.ebi.ac.uk/vol1/fastq/ERR357/003/ERR3573433/ERR3573433_2.fastq.gz,ftp.sra.ebi.ac.uk/vol1/run/ERR357/ERR3573433/WTCHG_670348_265193.bam,,WTCHG_670348_265193,WAN-DW-1000-WIN
PRJEB34634,SAMEA5989477,ERX3571672,ERR3573434,749907,sediment metagenome,ftp.sra.ebi.ac.uk/vol1/fastq/ERR357/004/ERR3573434/ERR3573434_1.fastq.gz;ftp.sra.ebi.ac.uk/vol1/fastq/ERR357/004/ERR3573434/ERR3573434_2.fastq.gz,ftp.sra.ebi.ac.uk/vol1/run/ERR357/ERR3573434/WTCHG_670346_265193.bam,,WTCHG_670346_265193,WAN-DW-1000-WIN
PRJEB34634,SAMEA5989477,ERX3571673,ERR3573435,749907,sediment metagenome,ftp.sra.ebi.ac.uk/vol1/fastq/ERR357/005/ERR3573435/ERR3573435_1.fastq.gz;ftp.sra.ebi.ac.uk/vol1/fastq/ERR357/005/ERR3573435/ERR3573435_2.fastq.gz,ftp.sra.ebi.ac.uk/vol1/run/ERR357/ERR3573435/WTCHG_670344_265193.bam,,WTCHG_670344_265193,WAN-DW-1000-WIN
PRJEB34634,SAMEA5989477,ERX3571674,ERR3573436,749907,sediment metagenome,ftp.sra.ebi.ac.uk/vol1/fastq/ERR357/006/ERR3573436/ERR3573436_1.fastq.gz;ftp.sra.ebi.ac.uk/vol1/fastq/ERR357/006/ERR3573436/ERR3573436_2.fastq.gz,ftp.sra.ebi.ac.uk/vol1/run/ERR357/ERR3573436/WTCHG_670345_265193.bam,,WTCHG_670345_265193,WAN-DW-1000-WIN
PRJEB34634,SAMEA5989477,ERX3571675,ERR3573437,749907,sediment metagenome,ftp.sra.ebi.ac.uk/vol1/fastq/ERR357/007/ERR3573437/ERR3573437_1.fastq.gz;ftp.sra.ebi.ac.uk/vol1/fastq/ERR357/007/ERR3573437/ERR3573437_2.fastq.gz,ftp.sra.ebi.ac.uk/vol1/run/ERR357/ERR3573437/WTCHG_670347_265193.bam,,WTCHG_670347_265193,WAN-DW-1000-WIN
PRJEB34634,SAMEA5989477,ERX3571676,ERR3573438,749907,sediment metagenome,ftp.sra.ebi.ac.uk/vol1/fastq/ERR357/008/ERR3573438/ERR3573438_1.fastq.gz;ftp.sra.ebi.ac.uk/vol1/fastq/ERR357/008/ERR3573438/ERR3573438_2.fastq.gz,ftp.sra.ebi.ac.uk/vol1/run/ERR357/ERR3573438/WTCHG_670349_265193.bam,,WTCHG_670349_265193,WAN-DW-1000-WIN
PRJEB34634,SAMEA5989477,ERX3571677,ERR3573439,749907,sediment metagenome,ftp.sra.ebi.ac.uk/vol1/fastq/ERR357/009/ERR3573439/ERR3573439_1.fastq.gz;ftp.sra.ebi.ac.uk/vol1/fastq/ERR357/009/ERR3573439/ERR3573439_2.fastq.gz,ftp.sra.ebi.ac.uk/vol1/run/ERR357/ERR3573439/WTCHG_664453_265193.bam,,WTCHG_664453_265193,WAN-DW-1000-WIN
PRJEB34634,SAMEA5989477,ERX3571678,ERR3573440,749907,sediment metagenome,ftp.sra.ebi.ac.uk/vol1/fastq/ERR357/000/ERR3573440/ERR3573440_1.fastq.gz;ftp.sra.ebi.ac.uk/vol1/fastq/ERR357/000/ERR3573440/ERR3573440_2.fastq.gz,ftp.sra.ebi.ac.uk/vol1/run/ERR357/ERR3573440/WTCHG_670349_258182.bam,,WTCHG_670349_258182,WAN-DW-250-AUT
PRJEB34634,SAMEA5989477,ERX3571679,ERR3573441,749907,sediment metagenome,ftp.sra.ebi.ac.uk/vol1/fastq/ERR357/001/ERR3573441/ERR3573441_1.fastq.gz;ftp.sra.ebi.ac.uk/vol1/fastq/ERR357/001/ERR3573441/ERR3573441_2.fastq.gz,ftp.sra.ebi.ac.uk/vol1/run/ERR357/ERR3573441/WTCHG_670345_258182.bam,,WTCHG_670345_258182,WAN-DW-250-AUT
PRJEB34634,SAMEA5989477,ERX3571680,ERR3573442,749907,sediment metagenome,ftp.sra.ebi.ac.uk/vol1/fastq/ERR357/002/ERR3573442/ERR3573442_1.fastq.gz;ftp.sra.ebi.ac.uk/vol1/fastq/ERR357/002/ERR3573442/ERR3573442_2.fastq.gz,ftp.sra.ebi.ac.uk/vol1/run/ERR357/ERR3573442/WTCHG_670344_258182.bam,,WTCHG_670344_258182,WAN-DW-250-AUT
PRJEB34634,SAMEA5989477,ERX3571681,ERR3573443,749907,sediment metagenome,ftp.sra.ebi.ac.uk/vol1/fastq/ERR357/003/ERR3573443/ERR3573443_1.fastq.gz;ftp.sra.ebi.ac.uk/vol1/fastq/ERR357/003/ERR3573443/ERR3573443_2.fastq.gz,ftp.sra.ebi.ac.uk/vol1/run/ERR357/ERR3573443/WTCHG_670348_258182.bam,,WTCHG_670348_258182,WAN-DW-250-AUT
PRJEB34634,SAMEA5989477,ERX3571682,ERR3573444,749907,sediment metagenome,ftp.sra.ebi.ac.uk/vol1/fastq/ERR357/004/ERR3573444/ERR3573444_1.fastq.gz;ftp.sra.ebi.ac.uk/vol1/fastq/ERR357/004/ERR3573444/ERR3573444_2.fastq.gz,ftp.sra.ebi.ac.uk/vol1/run/ERR357/ERR3573444/WTCHG_670347_258182.bam,,WTCHG_670347_258182,WAN-DW-250-AUT
PRJEB34634,SAMEA5989477,ERX3571683,ERR3573445,749907,sediment metagenome,ftp.sra.ebi.ac.uk/vol1/fastq/ERR357/005/ERR3573445/ERR3573445_1.fastq.gz;ftp.sra.ebi.ac.uk/vol1/fastq/ERR357/005/ERR3573445/ERR3573445_2.fastq.gz,ftp.sra.ebi.ac.uk/vol1/run/ERR357/ERR3573445/WTCHG_670346_258182.bam,,WTCHG_670346_258182,WAN-DW-250-AUT
PRJEB34634,SAMEA5989477,ERX3571684,ERR3573446,749907,sediment metagenome,ftp.sra.ebi.ac.uk/vol1/fastq/ERR357/006/ERR3573446/ERR3573446_1.fastq.gz;ftp.sra.ebi.ac.uk/vol1/fastq/ERR357/006/ERR3573446/ERR3573446_2.fastq.gz,ftp.sra.ebi.ac.uk/vol1/run/ERR357/ERR3573446/WTCHG_664453_258182.bam,,WTCHG_664453_258182,WAN-DW-250-AUT
PRJEB34634,SAMEA5989477,ERX3571685,ERR3573447,749907,sediment metagenome,ftp.sra.ebi.ac.uk/vol1/fastq/ERR357/007/ERR3573447/ERR3573447_1.fastq.gz;ftp.sra.ebi.ac.uk/vol1/fastq/ERR357/007/ERR3573447/ERR3573447_2.fastq.gz,ftp.sra.ebi.ac.uk/vol1/run/ERR357/ERR3573447/WTCHG_670348_268157.bam,,WTCHG_670348_268157,WAN-DW-250-SUM
PRJEB34634,SAMEA5989477,ERX3571686,ERR3573448,749907,sediment metagenome,ftp.sra.ebi.ac.uk/vol1/fastq/ERR357/008/ERR3573448/ERR3573448_1.fastq.gz;ftp.sra.ebi.ac.uk/vol1/fastq/ERR357/008/ERR3573448/ERR3573448_2.fastq.gz,ftp.sra.ebi.ac.uk/vol1/run/ERR357/ERR3573448/WTCHG_670345_268157.bam,,WTCHG_670345_268157,WAN-DW-250-SUM
PRJEB34634,SAMEA5989477,ERX3571687,ERR3573449,749907,sediment metagenome,ftp.sra.ebi.ac.uk/vol1/fastq/ERR357/009/ERR3573449/ERR3573449_1.fastq.gz;ftp.sra.ebi.ac.uk/vol1/fastq/ERR357/009/ERR3573449/ERR3573449_2.fastq.gz,ftp.sra.ebi.ac.uk/vol1/run/ERR357/ERR3573449/WTCHG_670349_268157.bam,,WTCHG_670349_268157,WAN-DW-250-SUM
PRJEB34634,SAMEA5989477,ERX3571688,ERR3573450,749907,sediment metagenome,ftp.sra.ebi.ac.uk/vol1/fastq/ERR357/000/ERR3573450/ERR3573450_1.fastq.gz;ftp.sra.ebi.ac.uk/vol1/fastq/ERR357/000/ERR3573450/ERR3573450_2.fastq.gz,ftp.sra.ebi.ac.uk/vol1/run/ERR357/ERR3573450/WTCHG_670347_268157.bam,,WTCHG_670347_268157,WAN-DW-250-SUM
PRJEB34634,SAMEA5989477,ERX3571689,ERR3573451,749907,sediment metagenome,ftp.sra.ebi.ac.uk/vol1/fastq/ERR357/001/ERR3573451/ERR3573451_1.fastq.gz;ftp.sra.ebi.ac.uk/vol1/fastq/ERR357/001/ERR3573451/ERR3573451_2.fastq.gz,ftp.sra.ebi.ac.uk/vol1/run/ERR357/ERR3573451/WTCHG_670346_268157.bam,,WTCHG_670346_268157,WAN-DW-250-SUM
PRJEB34634,SAMEA5989477,ERX3571690,ERR3573452,749907,sediment metagenome,ftp.sra.ebi.ac.uk/vol1/fastq/ERR357/002/ERR3573452/ERR3573452_1.fastq.gz;ftp.sra.ebi.ac.uk/vol1/fastq/ERR357/002/ERR3573452/ERR3573452_2.fastq.gz,ftp.sra.ebi.ac.uk/vol1/run/ERR357/ERR3573452/WTCHG_670344_268157.bam,,WTCHG_670344_268157,WAN-DW-250-SUM
PRJEB34634,SAMEA5989477,ERX3571691,ERR3573453,749907,sediment metagenome,ftp.sra.ebi.ac.uk/vol1/fastq/ERR357/003/ERR3573453/ERR3573453_1.fastq.gz;ftp.sra.ebi.ac.uk/vol1/fastq/ERR357/003/ERR3573453/ERR3573453_2.fastq.gz,ftp.sra.ebi.ac.uk/vol1/run/ERR357/ERR3573453/WTCHG_664453_268157.bam,,WTCHG_664453_268157,WAN-DW-250-SUM
PRJEB34634,SAMEA5989477,ERX3571692,ERR3573454,749907,sediment metagenome,ftp.sra.ebi.ac.uk/vol1/fastq/ERR357/004/ERR3573454/ERR3573454_1.fastq.gz;ftp.sra.ebi.ac.uk/vol1/fastq/ERR357/004/ERR3573454/ERR3573454_2.fastq.gz,ftp.sra.ebi.ac.uk/vol1/run/ERR357/ERR3573454/WTCHG_670349_263122.bam,,WTCHG_670349_263122,WAN-DW-250-WIN
PRJEB34634,SAMEA5989477,ERX3571693,ERR3573455,749907,sediment metagenome,ftp.sra.ebi.ac.uk/vol1/fastq/ERR357/005/ERR3573455/ERR3573455_1.fastq.gz;ftp.sra.ebi.ac.uk/vol1/fastq/ERR357/005/ERR3573455/ERR3573455_2.fastq.gz,ftp.sra.ebi.ac.uk/vol1/run/ERR357/ERR3573455/WTCHG_670347_263122.bam,,WTCHG_670347_263122,WAN-DW-250-WIN
PRJEB34634,SAMEA5989477,ERX3571694,ERR3573456,749907,sediment metagenome,ftp.sra.ebi.ac.uk/vol1/fastq/ERR357/006/ERR3573456/ERR3573456_1.fastq.gz;ftp.sra.ebi.ac.uk/vol1/fastq/ERR357/006/ERR3573456/ERR3573456_2.fastq.gz,ftp.sra.ebi.ac.uk/vol1/run/ERR357/ERR3573456/WTCHG_670344_263122.bam,,WTCHG_670344_263122,WAN-DW-250-WIN
PRJEB34634,SAMEA5989477,ERX3571695,ERR3573457,749907,sediment metagenome,ftp.sra.ebi.ac.uk/vol1/fastq/ERR357/007/ERR3573457/ERR3573457_1.fastq.gz;ftp.sra.ebi.ac.uk/vol1/fastq/ERR357/007/ERR3573457/ERR3573457_2.fastq.gz,ftp.sra.ebi.ac.uk/vol1/run/ERR357/ERR3573457/WTCHG_670346_263122.bam,,WTCHG_670346_263122,WAN-DW-250-WIN
PRJEB34634,SAMEA5989477,ERX3571696,ERR3573458,749907,sediment metagenome,ftp.sra.ebi.ac.uk/vol1/fastq/ERR357/008/ERR3573458/ERR3573458_1.fastq.gz;ftp.sra.ebi.ac.uk/vol1/fastq/ERR357/008/ERR3573458/ERR3573458_2.fastq.gz,ftp.sra.ebi.ac.uk/vol1/run/ERR357/ERR3573458/WTCHG_670345_263122.bam,,WTCHG_670345_263122,WAN-DW-250-WIN
PRJEB34634,SAMEA5989477,ERX3571697,ERR3573459,749907,sediment metagenome,ftp.sra.ebi.ac.uk/vol1/fastq/ERR357/009/ERR3573459/ERR3573459_1.fastq.gz;ftp.sra.ebi.ac.uk/vol1/fastq/ERR357/009/ERR3573459/ERR3573459_2.fastq.gz,ftp.sra.ebi.ac.uk/vol1/run/ERR357/ERR3573459/WTCHG_670348_263122.bam,,WTCHG_670348_263122,WAN-DW-250-WIN
PRJEB34634,SAMEA5989477,ERX3571698,ERR3573460,749907,sediment metagenome,ftp.sra.ebi.ac.uk/vol1/fastq/ERR357/000/ERR3573460/ERR3573460_1.fastq.gz;ftp.sra.ebi.ac.uk/vol1/fastq/ERR357/000/ERR3573460/ERR3573460_2.fastq.gz,ftp.sra.ebi.ac.uk/vol1/run/ERR357/ERR3573460/WTCHG_664453_263122.bam,,WTCHG_664453_263122,WAN-DW-250-WIN
PRJEB34634,SAMEA5989477,ERX3571699,ERR3573461,749907,sediment metagenome,ftp.sra.ebi.ac.uk/vol1/fastq/ERR357/001/ERR3573461/ERR3573461_1.fastq.gz;ftp.sra.ebi.ac.uk/vol1/fastq/ERR357/001/ERR3573461/ERR3573461_2.fastq.gz,ftp.sra.ebi.ac.uk/vol1/run/ERR357/ERR3573461/WTCHG_670346_259170.bam,,WTCHG_670346_259170,WAN-DW-500-AUT
PRJEB34634,SAMEA5989477,ERX3571700,ERR3573462,749907,sediment metagenome,ftp.sra.ebi.ac.uk/vol1/fastq/ERR357/002/ERR3573462/ERR3573462_1.fastq.gz;ftp.sra.ebi.ac.uk/vol1/fastq/ERR357/002/ERR3573462/ERR3573462_2.fastq.gz,ftp.sra.ebi.ac.uk/vol1/run/ERR357/ERR3573462/WTCHG_670347_259170.bam,,WTCHG_670347_259170,WAN-DW-500-AUT
PRJEB34634,SAMEA5989477,ERX3571701,ERR3573463,749907,sediment metagenome,ftp.sra.ebi.ac.uk/vol1/fastq/ERR357/003/ERR3573463/ERR3573463_1.fastq.gz;ftp.sra.ebi.ac.uk/vol1/fastq/ERR357/003/ERR3573463/ERR3573463_2.fastq.gz,ftp.sra.ebi.ac.uk/vol1/run/ERR357/ERR3573463/WTCHG_670348_259170.bam,,WTCHG_670348_259170,WAN-DW-500-AUT
PRJEB34634,SAMEA5989477,ERX3571702,ERR3573464,749907,sediment metagenome,ftp.sra.ebi.ac.uk/vol1/fastq/ERR357/004/ERR3573464/ERR3573464_1.fastq.gz;ftp.sra.ebi.ac.uk/vol1/fastq/ERR357/004/ERR3573464/ERR3573464_2.fastq.gz,ftp.sra.ebi.ac.uk/vol1/run/ERR357/ERR3573464/WTCHG_670349_259170.bam,,WTCHG_670349_259170,WAN-DW-500-AUT
PRJEB34634,SAMEA5989477,ERX3571703,ERR3573465,749907,sediment metagenome,ftp.sra.ebi.ac.uk/vol1/fastq/ERR357/005/ERR3573465/ERR3573465_1.fastq.gz;ftp.sra.ebi.ac.uk/vol1/fastq/ERR357/005/ERR3573465/ERR3573465_2.fastq.gz,ftp.sra.ebi.ac.uk/vol1/run/ERR357/ERR3573465/WTCHG_670345_259170.bam,,WTCHG_670345_259170,WAN-DW-500-AUT
PRJEB34634,SAMEA5989477,ERX3571704,ERR3573466,749907,sediment metagenome,ftp.sra.ebi.ac.uk/vol1/fastq/ERR357/006/ERR3573466/ERR3573466_1.fastq.gz;ftp.sra.ebi.ac.uk/vol1/fastq/ERR357/006/ERR3573466/ERR3573466_2.fastq.gz,ftp.sra.ebi.ac.uk/vol1/run/ERR357/ERR3573466/WTCHG_670344_259170.bam,,WTCHG_670344_259170,WAN-DW-500-AUT
PRJEB34634,SAMEA5989477,ERX3571705,ERR3573467,749907,sediment metagenome,ftp.sra.ebi.ac.uk/vol1/fastq/ERR357/007/ERR3573467/ERR3573467_1.fastq.gz;ftp.sra.ebi.ac.uk/vol1/fastq/ERR357/007/ERR3573467/ERR3573467_2.fastq.gz,ftp.sra.ebi.ac.uk/vol1/run/ERR357/ERR3573467/WTCHG_664453_259170.bam,,WTCHG_664453_259170,WAN-DW-500-AUT
PRJEB34634,SAMEA5989477,ERX3571706,ERR3573468,749907,sediment metagenome,ftp.sra.ebi.ac.uk/vol1/fastq/ERR357/008/ERR3573468/ERR3573468_1.fastq.gz;ftp.sra.ebi.ac.uk/vol1/fastq/ERR357/008/ERR3573468/ERR3573468_2.fastq.gz,ftp.sra.ebi.ac.uk/vol1/run/ERR357/ERR3573468/WTCHG_670348_269145.bam,,WTCHG_670348_269145,WAN-DW-500-SUM
PRJEB34634,SAMEA5989477,ERX3571707,ERR3573469,749907,sediment metagenome,ftp.sra.ebi.ac.uk/vol1/fastq/ERR357/009/ERR3573469/ERR3573469_1.fastq.gz;ftp.sra.ebi.ac.uk/vol1/fastq/ERR357/009/ERR3573469/ERR3573469_2.fastq.gz,ftp.sra.ebi.ac.uk/vol1/run/ERR357/ERR3573469/WTCHG_670346_269145.bam,,WTCHG_670346_269145,WAN-DW-500-SUM
PRJEB34634,SAMEA5989477,ERX3571708,ERR3573470,749907,sediment metagenome,ftp.sra.ebi.ac.uk/vol1/fastq/ERR357/000/ERR3573470/ERR3573470_1.fastq.gz;ftp.sra.ebi.ac.uk/vol1/fastq/ERR357/000/ERR3573470/ERR3573470_2.fastq.gz,ftp.sra.ebi.ac.uk/vol1/run/ERR357/ERR3573470/WTCHG_670347_269145.bam,,WTCHG_670347_269145,WAN-DW-500-SUM
PRJEB34634,SAMEA5989477,ERX3571709,ERR3573471,749907,sediment metagenome,ftp.sra.ebi.ac.uk/vol1/fastq/ERR357/001/ERR3573471/ERR3573471_1.fastq.gz;ftp.sra.ebi.ac.uk/vol1/fastq/ERR357/001/ERR3573471/ERR3573471_2.fastq.gz,ftp.sra.ebi.ac.uk/vol1/run/ERR357/ERR3573471/WTCHG_670345_269145.bam,,WTCHG_670345_269145,WAN-DW-500-SUM
PRJEB34634,SAMEA5989477,ERX3571710,ERR3573472,749907,sediment metagenome,ftp.sra.ebi.ac.uk/vol1/fastq/ERR357/002/ERR3573472/ERR3573472_1.fastq.gz;ftp.sra.ebi.ac.uk/vol1/fastq/ERR357/002/ERR3573472/ERR3573472_2.fastq.gz,ftp.sra.ebi.ac.uk/vol1/run/ERR357/ERR3573472/WTCHG_670349_269145.bam,,WTCHG_670349_269145,WAN-DW-500-SUM
PRJEB34634,SAMEA5989477,ERX3571711,ERR3573473,749907,sediment metagenome,ftp.sra.ebi.ac.uk/vol1/fastq/ERR357/003/ERR3573473/ERR3573473_1.fastq.gz;ftp.sra.ebi.ac.uk/vol1/fastq/ERR357/003/ERR3573473/ERR3573473_2.fastq.gz,ftp.sra.ebi.ac.uk/vol1/run/ERR357/ERR3573473/WTCHG_670344_269145.bam,,WTCHG_670344_269145,WAN-DW-500-SUM
PRJEB34634,SAMEA5989477,ERX3571712,ERR3573474,749907,sediment metagenome,ftp.sra.ebi.ac.uk/vol1/fastq/ERR357/004/ERR3573474/ERR3573474_1.fastq.gz;ftp.sra.ebi.ac.uk/vol1/fastq/ERR357/004/ERR3573474/ERR3573474_2.fastq.gz,ftp.sra.ebi.ac.uk/vol1/run/ERR357/ERR3573474/WTCHG_664453_269145.bam,,WTCHG_664453_269145,WAN-DW-500-SUM
PRJEB34634,SAMEA5989477,ERX3571713,ERR3573475,749907,sediment metagenome,ftp.sra.ebi.ac.uk/vol1/fastq/ERR357/005/ERR3573475/ERR3573475_1.fastq.gz;ftp.sra.ebi.ac.uk/vol1/fastq/ERR357/005/ERR3573475/ERR3573475_2.fastq.gz,ftp.sra.ebi.ac.uk/vol1/run/ERR357/ERR3573475/WTCHG_670345_264110.bam,,WTCHG_670345_264110,WAN-DW-500-WIN
PRJEB34634,SAMEA5989477,ERX3571714,ERR3573476,749907,sediment metagenome,ftp.sra.ebi.ac.uk/vol1/fastq/ERR357/006/ERR3573476/ERR3573476_1.fastq.gz;ftp.sra.ebi.ac.uk/vol1/fastq/ERR357/006/ERR3573476/ERR3573476_2.fastq.gz,ftp.sra.ebi.ac.uk/vol1/run/ERR357/ERR3573476/WTCHG_670349_264110.bam,,WTCHG_670349_264110,WAN-DW-500-WIN
PRJEB34634,SAMEA5989477,ERX3571715,ERR3573477,749907,sediment metagenome,ftp.sra.ebi.ac.uk/vol1/fastq/ERR357/007/ERR3573477/ERR3573477_1.fastq.gz;ftp.sra.ebi.ac.uk/vol1/fastq/ERR357/007/ERR3573477/ERR3573477_2.fastq.gz,ftp.sra.ebi.ac.uk/vol1/run/ERR357/ERR3573477/WTCHG_670347_264110.bam,,WTCHG_670347_264110,WAN-DW-500-WIN
PRJEB34634,SAMEA5989477,ERX3571716,ERR3573478,749907,sediment metagenome,ftp.sra.ebi.ac.uk/vol1/fastq/ERR357/008/ERR3573478/ERR3573478_1.fastq.gz;ftp.sra.ebi.ac.uk/vol1/fastq/ERR357/008/ERR3573478/ERR3573478_2.fastq.gz,ftp.sra.ebi.ac.uk/vol1/run/ERR357/ERR3573478/WTCHG_670346_264110.bam,,WTCHG_670346_264110,WAN-DW-500-WIN
PRJEB34634,SAMEA5989477,ERX3571717,ERR3573479,749907,sediment metagenome,ftp.sra.ebi.ac.uk/vol1/fastq/ERR357/009/ERR3573479/ERR3573479_1.fastq.gz;ftp.sra.ebi.ac.uk/vol1/fastq/ERR357/009/ERR3573479/ERR3573479_2.fastq.gz,ftp.sra.ebi.ac.uk/vol1/run/ERR357/ERR3573479/WTCHG_670344_264110.bam,,WTCHG_670344_264110,WAN-DW-500-WIN
PRJEB34634,SAMEA5989477,ERX3571718,ERR3573480,749907,sediment metagenome,ftp.sra.ebi.ac.uk/vol1/fastq/ERR357/000/ERR3573480/ERR3573480_1.fastq.gz;ftp.sra.ebi.ac.uk/vol1/fastq/ERR357/000/ERR3573480/ERR3573480_2.fastq.gz,ftp.sra.ebi.ac.uk/vol1/run/ERR357/ERR3573480/WTCHG_670348_264110.bam,,WTCHG_670348_264110,WAN-DW-500-WIN
PRJEB34634,SAMEA5989477,ERX3571719,ERR3573481,749907,sediment metagenome,ftp.sra.ebi.ac.uk/vol1/fastq/ERR357/001/ERR3573481/ERR3573481_1.fastq.gz;ftp.sra.ebi.ac.uk/vol1/fastq/ERR357/001/ERR3573481/ERR3573481_2.fastq.gz,ftp.sra.ebi.ac.uk/vol1/run/ERR357/ERR3573481/WTCHG_664453_264110.bam,,WTCHG_664453_264110,WAN-DW-500-WIN
PRJEB34634,SAMEA5989477,ERX3571720,ERR3573482,749907,sediment metagenome,ftp.sra.ebi.ac.uk/vol1/fastq/ERR357/002/ERR3573482/ERR3573482_1.fastq.gz;ftp.sra.ebi.ac.uk/vol1/fastq/ERR357/002/ERR3573482/ERR3573482_2.fastq.gz,ftp.sra.ebi.ac.uk/vol1/run/ERR357/ERR3573482/WTCHG_550636_206166.bam,,WTCHG_550636_206166,WAN-EFF-AUT
PRJEB34634,SAMEA5989477,ERX3571721,ERR3573483,749907,sediment metagenome,ftp.sra.ebi.ac.uk/vol1/fastq/ERR357/003/ERR3573483/ERR3573483_1.fastq.gz;ftp.sra.ebi.ac.uk/vol1/fastq/ERR357/003/ERR3573483/ERR3573483_2.fastq.gz,ftp.sra.ebi.ac.uk/vol1/run/ERR357/ERR3573483/WTCHG_551515_206166.bam,,WTCHG_551515_206166,WAN-EFF-AUT
PRJEB34634,SAMEA5989477,ERX3571722,ERR3573484,749907,sediment metagenome,ftp.sra.ebi.ac.uk/vol1/fastq/ERR357/004/ERR3573484/ERR3573484_1.fastq.gz;ftp.sra.ebi.ac.uk/vol1/fastq/ERR357/004/ERR3573484/ERR3573484_2.fastq.gz,ftp.sra.ebi.ac.uk/vol1/run/ERR357/ERR3573484/WTCHG_551514_206166.bam,,WTCHG_551514_206166,WAN-EFF-AUT
PRJEB34634,SAMEA5989477,ERX3571723,ERR3573485,749907,sediment metagenome,ftp.sra.ebi.ac.uk/vol1/fastq/ERR357/005/ERR3573485/ERR3573485_1.fastq.gz;ftp.sra.ebi.ac.uk/vol1/fastq/ERR357/005/ERR3573485/ERR3573485_2.fastq.gz,ftp.sra.ebi.ac.uk/vol1/run/ERR357/ERR3573485/WTCHG_554366_206166.bam,,WTCHG_554366_206166,WAN-EFF-AUT
PRJEB34634,SAMEA5989477,ERX3571724,ERR3573486,749907,sediment metagenome,ftp.sra.ebi.ac.uk/vol1/fastq/ERR357/006/ERR3573486/ERR3573486_1.fastq.gz;ftp.sra.ebi.ac.uk/vol1/fastq/ERR357/006/ERR3573486/ERR3573486_2.fastq.gz,ftp.sra.ebi.ac.uk/vol1/run/ERR357/ERR3573486/WTCHG_554367_206166.bam,,WTCHG_554367_206166,WAN-EFF-AUT
PRJEB34634,SAMEA5989477,ERX3571725,ERR3573487,749907,sediment metagenome,ftp.sra.ebi.ac.uk/vol1/fastq/ERR357/007/ERR3573487/ERR3573487_1.fastq.gz;ftp.sra.ebi.ac.uk/vol1/fastq/ERR357/007/ERR3573487/ERR3573487_2.fastq.gz,ftp.sra.ebi.ac.uk/vol1/run/ERR357/ERR3573487/WTCHG_555219_206166.bam,,WTCHG_555219_206166,WAN-EFF-AUT
PRJEB34634,SAMEA5989477,ERX3571726,ERR3573488,749907,sediment metagenome,ftp.sra.ebi.ac.uk/vol1/fastq/ERR357/008/ERR3573488/ERR3573488_1.fastq.gz;ftp.sra.ebi.ac.uk/vol1/fastq/ERR357/008/ERR3573488/ERR3573488_2.fastq.gz,ftp.sra.ebi.ac.uk/vol1/run/ERR357/ERR3573488/WTCHG_555217_206166.bam,,WTCHG_555217_206166,WAN-EFF-AUT
PRJEB34634,SAMEA5989477,ERX3571727,ERR3573489,749907,sediment metagenome,ftp.sra.ebi.ac.uk/vol1/fastq/ERR357/009/ERR3573489/ERR3573489_1.fastq.gz;ftp.sra.ebi.ac.uk/vol1/fastq/ERR357/009/ERR3573489/ERR3573489_2.fastq.gz,ftp.sra.ebi.ac.uk/vol1/run/ERR357/ERR3573489/WTCHG_555215_206166.bam,,WTCHG_555215_206166,WAN-EFF-AUT
PRJEB34634,SAMEA5989477,ERX3571728,ERR3573490,749907,sediment metagenome,ftp.sra.ebi.ac.uk/vol1/fastq/ERR357/000/ERR3573490/ERR3573490_1.fastq.gz;ftp.sra.ebi.ac.uk/vol1/fastq/ERR357/000/ERR3573490/ERR3573490_2.fastq.gz,ftp.sra.ebi.ac.uk/vol1/run/ERR357/ERR3573490/WTCHG_555218_206166.bam,,WTCHG_555218_206166,WAN-EFF-AUT
PRJEB34634,SAMEA5989477,ERX3571729,ERR3573491,749907,sediment metagenome,ftp.sra.ebi.ac.uk/vol1/fastq/ERR357/001/ERR3573491/ERR3573491_1.fastq.gz;ftp.sra.ebi.ac.uk/vol1/fastq/ERR357/001/ERR3573491/ERR3573491_2.fastq.gz,ftp.sra.ebi.ac.uk/vol1/run/ERR357/ERR3573491/WTCHG_555214_206166.bam,,WTCHG_555214_206166,WAN-EFF-AUT
PRJEB34634,SAMEA5989477,ERX3571730,ERR3573492,749907,sediment metagenome,ftp.sra.ebi.ac.uk/vol1/fastq/ERR357/002/ERR3573492/ERR3573492_1.fastq.gz;ftp.sra.ebi.ac.uk/vol1/fastq/ERR357/002/ERR3573492/ERR3573492_2.fastq.gz,ftp.sra.ebi.ac.uk/vol1/run/ERR357/ERR3573492/WTCHG_555221_206166.bam,,WTCHG_555221_206166,WAN-EFF-AUT
PRJEB34634,SAMEA5989477,ERX3571731,ERR3573493,749907,sediment metagenome,ftp.sra.ebi.ac.uk/vol1/fastq/ERR357/003/ERR3573493/ERR3573493_1.fastq.gz;ftp.sra.ebi.ac.uk/vol1/fastq/ERR357/003/ERR3573493/ERR3573493_2.fastq.gz,ftp.sra.ebi.ac.uk/vol1/run/ERR357/ERR3573493/WTCHG_555220_206166.bam,,WTCHG_555220_206166,WAN-EFF-AUT
PRJEB34634,SAMEA5989477,ERX3571732,ERR3573494,749907,sediment metagenome,ftp.sra.ebi.ac.uk/vol1/fastq/ERR357/004/ERR3573494/ERR3573494_1.fastq.gz;ftp.sra.ebi.ac.uk/vol1/fastq/ERR357/004/ERR3573494/ERR3573494_2.fastq.gz,ftp.sra.ebi.ac.uk/vol1/run/ERR357/ERR3573494/WTCHG_555216_206166.bam,,WTCHG_555216_206166,WAN-EFF-AUT
PRJEB34634,SAMEA5989477,ERX3571733,ERR3573495,749907,sediment metagenome,ftp.sra.ebi.ac.uk/vol1/fastq/ERR357/005/ERR3573495/ERR3573495_1.fastq.gz;ftp.sra.ebi.ac.uk/vol1/fastq/ERR357/005/ERR3573495/ERR3573495_2.fastq.gz,ftp.sra.ebi.ac.uk/vol1/run/ERR357/ERR3573495/WTCHG_559242_206166.bam,,WTCHG_559242_206166,WAN-EFF-AUT
PRJEB34634,SAMEA5989477,ERX3571734,ERR3573496,749907,sediment metagenome,ftp.sra.ebi.ac.uk/vol1/fastq/ERR357/006/ERR3573496/ERR3573496_1.fastq.gz;ftp.sra.ebi.ac.uk/vol1/fastq/ERR357/006/ERR3573496/ERR3573496_2.fastq.gz,ftp.sra.ebi.ac.uk/vol1/run/ERR357/ERR3573496/WTCHG_559240_206166.bam,,WTCHG_559240_206166,WAN-EFF-AUT
PRJEB34634,SAMEA5989477,ERX3571735,ERR3573497,749907,sediment metagenome,ftp.sra.ebi.ac.uk/vol1/fastq/ERR357/007/ERR3573497/ERR3573497_1.fastq.gz;ftp.sra.ebi.ac.uk/vol1/fastq/ERR357/007/ERR3573497/ERR3573497_2.fastq.gz,ftp.sra.ebi.ac.uk/vol1/run/ERR357/ERR3573497/WTCHG_559241_206166.bam,,WTCHG_559241_206166,WAN-EFF-AUT
PRJEB34634,SAMEA5989477,ERX3571736,ERR3573498,749907,sediment metagenome,ftp.sra.ebi.ac.uk/vol1/fastq/ERR357/008/ERR3573498/ERR3573498_1.fastq.gz;ftp.sra.ebi.ac.uk/vol1/fastq/ERR357/008/ERR3573498/ERR3573498_2.fastq.gz,ftp.sra.ebi.ac.uk/vol1/run/ERR357/ERR3573498/WTCHG_559244_206166.bam,,WTCHG_559244_206166,WAN-EFF-AUT
PRJEB34634,SAMEA5989477,ERX3571737,ERR3573499,749907,sediment metagenome,ftp.sra.ebi.ac.uk/vol1/fastq/ERR357/009/ERR3573499/ERR3573499_1.fastq.gz;ftp.sra.ebi.ac.uk/vol1/fastq/ERR357/009/ERR3573499/ERR3573499_2.fastq.gz,ftp.sra.ebi.ac.uk/vol1/run/ERR357/ERR3573499/WTCHG_559243_206166.bam,,WTCHG_559243_206166,WAN-EFF-AUT
PRJEB34634,SAMEA5989477,ERX3571738,ERR3573500,749907,sediment metagenome,ftp.sra.ebi.ac.uk/vol1/fastq/ERR357/000/ERR3573500/ERR3573500_1.fastq.gz;ftp.sra.ebi.ac.uk/vol1/fastq/ERR357/000/ERR3573500/ERR3573500_2.fastq.gz,ftp.sra.ebi.ac.uk/vol1/run/ERR357/ERR3573500/WTCHG_455360_254136.bam,,WTCHG_455360_254136,WAN-EFF-SUM
PRJEB34634,SAMEA5989477,ERX3571739,ERR3573501,749907,sediment metagenome,ftp.sra.ebi.ac.uk/vol1/fastq/ERR357/001/ERR3573501/ERR3573501_1.fastq.gz;ftp.sra.ebi.ac.uk/vol1/fastq/ERR357/001/ERR3573501/ERR3573501_2.fastq.gz,ftp.sra.ebi.ac.uk/vol1/run/ERR357/ERR3573501/WTCHG_456624_254136.bam,,WTCHG_456624_254136,WAN-EFF-SUM
PRJEB34634,SAMEA5989477,ERX3571740,ERR3573502,749907,sediment metagenome,ftp.sra.ebi.ac.uk/vol1/fastq/ERR357/002/ERR3573502/ERR3573502_1.fastq.gz;ftp.sra.ebi.ac.uk/vol1/fastq/ERR357/002/ERR3573502/ERR3573502_2.fastq.gz,ftp.sra.ebi.ac.uk/vol1/run/ERR357/ERR3573502/WTCHG_457295_254136.bam,,WTCHG_457295_254136,WAN-EFF-SUM
PRJEB34634,SAMEA5989477,ERX3571741,ERR3573503,749907,sediment metagenome,ftp.sra.ebi.ac.uk/vol1/fastq/ERR357/003/ERR3573503/ERR3573503_1.fastq.gz;ftp.sra.ebi.ac.uk/vol1/fastq/ERR357/003/ERR3573503/ERR3573503_2.fastq.gz,ftp.sra.ebi.ac.uk/vol1/run/ERR357/ERR3573503/WTCHG_457296_254136.bam,,WTCHG_457296_254136,WAN-EFF-SUM
PRJEB34634,SAMEA5989477,ERX3571742,ERR3573504,749907,sediment metagenome,ftp.sra.ebi.ac.uk/vol1/fastq/ERR357/004/ERR3573504/ERR3573504_1.fastq.gz;ftp.sra.ebi.ac.uk/vol1/fastq/ERR357/004/ERR3573504/ERR3573504_2.fastq.gz,ftp.sra.ebi.ac.uk/vol1/run/ERR357/ERR3573504/WTCHG_457297_254136.bam,,WTCHG_457297_254136,WAN-EFF-SUM
PRJEB34634,SAMEA5989477,ERX3571743,ERR3573505,749907,sediment metagenome,ftp.sra.ebi.ac.uk/vol1/fastq/ERR357/005/ERR3573505/ERR3573505_1.fastq.gz;ftp.sra.ebi.ac.uk/vol1/fastq/ERR357/005/ERR3573505/ERR3573505_2.fastq.gz,ftp.sra.ebi.ac.uk/vol1/run/ERR357/ERR3573505/WTCHG_457298_254136.bam,,WTCHG_457298_254136,WAN-EFF-SUM
PRJEB34634,SAMEA5989477,ERX3571744,ERR3573506,749907,sediment metagenome,ftp.sra.ebi.ac.uk/vol1/fastq/ERR357/006/ERR3573506/ERR3573506_1.fastq.gz;ftp.sra.ebi.ac.uk/vol1/fastq/ERR357/006/ERR3573506/ERR3573506_2.fastq.gz,ftp.sra.ebi.ac.uk/vol1/run/ERR357/ERR3573506/WTCHG_457710_254136.bam,,WTCHG_457710_254136,WAN-EFF-SUM
PRJEB34634,SAMEA5989477,ERX3571745,ERR3573507,749907,sediment metagenome,ftp.sra.ebi.ac.uk/vol1/fastq/ERR357/007/ERR3573507/ERR3573507_1.fastq.gz;ftp.sra.ebi.ac.uk/vol1/fastq/ERR357/007/ERR3573507/ERR3573507_2.fastq.gz,ftp.sra.ebi.ac.uk/vol1/run/ERR357/ERR3573507/WTCHG_457711_254136.bam,,WTCHG_457711_254136,WAN-EFF-SUM
PRJEB34634,SAMEA5989477,ERX3571746,ERR3573508,749907,sediment metagenome,ftp.sra.ebi.ac.uk/vol1/fastq/ERR357/008/ERR3573508/ERR3573508_1.fastq.gz;ftp.sra.ebi.ac.uk/vol1/fastq/ERR357/008/ERR3573508/ERR3573508_2.fastq.gz,ftp.sra.ebi.ac.uk/vol1/run/ERR357/ERR3573508/WTCHG_457712_254136.bam,,WTCHG_457712_254136,WAN-EFF-SUM
PRJEB34634,SAMEA5989477,ERX3571747,ERR3573509,749907,sediment metagenome,ftp.sra.ebi.ac.uk/vol1/fastq/ERR357/009/ERR3573509/ERR3573509_1.fastq.gz;ftp.sra.ebi.ac.uk/vol1/fastq/ERR357/009/ERR3573509/ERR3573509_2.fastq.gz,ftp.sra.ebi.ac.uk/vol1/run/ERR357/ERR3573509/WTCHG_457713_254136.bam,,WTCHG_457713_254136,WAN-EFF-SUM
PRJEB34634,SAMEA5989477,ERX3571748,ERR3573510,749907,sediment metagenome,ftp.sra.ebi.ac.uk/vol1/fastq/ERR357/000/ERR3573510/ERR3573510_1.fastq.gz;ftp.sra.ebi.ac.uk/vol1/fastq/ERR357/000/ERR3573510/ERR3573510_2.fastq.gz,ftp.sra.ebi.ac.uk/vol1/run/ERR357/ERR3573510/WTCHG_457714_254136.bam,,WTCHG_457714_254136,WAN-EFF-SUM
PRJEB34634,SAMEA5989477,ERX3571749,ERR3573511,749907,sediment metagenome,ftp.sra.ebi.ac.uk/vol1/fastq/ERR357/001/ERR3573511/ERR3573511_1.fastq.gz;ftp.sra.ebi.ac.uk/vol1/fastq/ERR357/001/ERR3573511/ERR3573511_2.fastq.gz,ftp.sra.ebi.ac.uk/vol1/run/ERR357/ERR3573511/WTCHG_461227_254136.bam,,WTCHG_461227_254136,WAN-EFF-SUM
PRJEB34634,SAMEA5989477,ERX3571750,ERR3573512,749907,sediment metagenome,ftp.sra.ebi.ac.uk/vol1/fastq/ERR357/002/ERR3573512/ERR3573512_1.fastq.gz;ftp.sra.ebi.ac.uk/vol1/fastq/ERR357/002/ERR3573512/ERR3573512_2.fastq.gz,ftp.sra.ebi.ac.uk/vol1/run/ERR357/ERR3573512/WTCHG_461228_254136.bam,,WTCHG_461228_254136,WAN-EFF-SUM
PRJEB34634,SAMEA5989477,ERX3571751,ERR3573513,749907,sediment metagenome,ftp.sra.ebi.ac.uk/vol1/fastq/ERR357/003/ERR3573513/ERR3573513_1.fastq.gz;ftp.sra.ebi.ac.uk/vol1/fastq/ERR357/003/ERR3573513/ERR3573513_2.fastq.gz,ftp.sra.ebi.ac.uk/vol1/run/ERR357/ERR3573513/WTCHG_455360_260137.bam,,WTCHG_455360_260137,WAN-EFF-WIN
PRJEB34634,SAMEA5989477,ERX3571752,ERR3573514,749907,sediment metagenome,ftp.sra.ebi.ac.uk/vol1/fastq/ERR357/004/ERR3573514/ERR3573514_1.fastq.gz;ftp.sra.ebi.ac.uk/vol1/fastq/ERR357/004/ERR3573514/ERR3573514_2.fastq.gz,ftp.sra.ebi.ac.uk/vol1/run/ERR357/ERR3573514/WTCHG_456624_260137.bam,,WTCHG_456624_260137,WAN-EFF-WIN
PRJEB34634,SAMEA5989477,ERX3571753,ERR3573515,749907,sediment metagenome,ftp.sra.ebi.ac.uk/vol1/fastq/ERR357/005/ERR3573515/ERR3573515_1.fastq.gz;ftp.sra.ebi.ac.uk/vol1/fastq/ERR357/005/ERR3573515/ERR3573515_2.fastq.gz,ftp.sra.ebi.ac.uk/vol1/run/ERR357/ERR3573515/WTCHG_457295_260137.bam,,WTCHG_457295_260137,WAN-EFF-WIN
PRJEB34634,SAMEA5989477,ERX3571754,ERR3573516,749907,sediment metagenome,ftp.sra.ebi.ac.uk/vol1/fastq/ERR357/006/ERR3573516/ERR3573516_1.fastq.gz;ftp.sra.ebi.ac.uk/vol1/fastq/ERR357/006/ERR3573516/ERR3573516_2.fastq.gz,ftp.sra.ebi.ac.uk/vol1/run/ERR357/ERR3573516/WTCHG_457296_260137.bam,,WTCHG_457296_260137,WAN-EFF-WIN
PRJEB34634,SAMEA5989477,ERX3571755,ERR3573517,749907,sediment metagenome,ftp.sra.ebi.ac.uk/vol1/fastq/ERR357/007/ERR3573517/ERR3573517_1.fastq.gz;ftp.sra.ebi.ac.uk/vol1/fastq/ERR357/007/ERR3573517/ERR3573517_2.fastq.gz,ftp.sra.ebi.ac.uk/vol1/run/ERR357/ERR3573517/WTCHG_457297_260137.bam,,WTCHG_457297_260137,WAN-EFF-WIN
PRJEB34634,SAMEA5989477,ERX3571756,ERR3573518,749907,sediment metagenome,ftp.sra.ebi.ac.uk/vol1/fastq/ERR357/008/ERR3573518/ERR3573518_1.fastq.gz;ftp.sra.ebi.ac.uk/vol1/fastq/ERR357/008/ERR3573518/ERR3573518_2.fastq.gz,ftp.sra.ebi.ac.uk/vol1/run/ERR357/ERR3573518/WTCHG_457298_260137.bam,,WTCHG_457298_260137,WAN-EFF-WIN
PRJEB34634,SAMEA5989477,ERX3571757,ERR3573519,749907,sediment metagenome,ftp.sra.ebi.ac.uk/vol1/fastq/ERR357/009/ERR3573519/ERR3573519_1.fastq.gz;ftp.sra.ebi.ac.uk/vol1/fastq/ERR357/009/ERR3573519/ERR3573519_2.fastq.gz,ftp.sra.ebi.ac.uk/vol1/run/ERR357/ERR3573519/WTCHG_457710_260137.bam,,WTCHG_457710_260137,WAN-EFF-WIN
PRJEB34634,SAMEA5989477,ERX3571758,ERR3573520,749907,sediment metagenome,ftp.sra.ebi.ac.uk/vol1/fastq/ERR357/000/ERR3573520/ERR3573520_1.fastq.gz;ftp.sra.ebi.ac.uk/vol1/fastq/ERR357/000/ERR3573520/ERR3573520_2.fastq.gz,ftp.sra.ebi.ac.uk/vol1/run/ERR357/ERR3573520/WTCHG_457711_260137.bam,,WTCHG_457711_260137,WAN-EFF-WIN
PRJEB34634,SAMEA5989477,ERX3571759,ERR3573521,749907,sediment metagenome,ftp.sra.ebi.ac.uk/vol1/fastq/ERR357/001/ERR3573521/ERR3573521_1.fastq.gz;ftp.sra.ebi.ac.uk/vol1/fastq/ERR357/001/ERR3573521/ERR3573521_2.fastq.gz,ftp.sra.ebi.ac.uk/vol1/run/ERR357/ERR3573521/WTCHG_457712_260137.bam,,WTCHG_457712_260137,WAN-EFF-WIN
PRJEB34634,SAMEA5989477,ERX3571760,ERR3573522,749907,sediment metagenome,ftp.sra.ebi.ac.uk/vol1/fastq/ERR357/002/ERR3573522/ERR3573522_1.fastq.gz;ftp.sra.ebi.ac.uk/vol1/fastq/ERR357/002/ERR3573522/ERR3573522_2.fastq.gz,ftp.sra.ebi.ac.uk/vol1/run/ERR357/ERR3573522/WTCHG_457713_260137.bam,,WTCHG_457713_260137,WAN-EFF-WIN
PRJEB34634,SAMEA5989477,ERX3571761,ERR3573523,749907,sediment metagenome,ftp.sra.ebi.ac.uk/vol1/fastq/ERR357/003/ERR3573523/ERR3573523_1.fastq.gz;ftp.sra.ebi.ac.uk/vol1/fastq/ERR357/003/ERR3573523/ERR3573523_2.fastq.gz,ftp.sra.ebi.ac.uk/vol1/run/ERR357/ERR3573523/WTCHG_457714_260137.bam,,WTCHG_457714_260137,WAN-EFF-WIN
PRJEB34634,SAMEA5989477,ERX3571762,ERR3573524,749907,sediment metagenome,ftp.sra.ebi.ac.uk/vol1/fastq/ERR357/004/ERR3573524/ERR3573524_1.fastq.gz;ftp.sra.ebi.ac.uk/vol1/fastq/ERR357/004/ERR3573524/ERR3573524_2.fastq.gz,ftp.sra.ebi.ac.uk/vol1/run/ERR357/ERR3573524/WTCHG_461227_260137.bam,,WTCHG_461227_260137,WAN-EFF-WIN
PRJEB34634,SAMEA5989477,ERX3571763,ERR3573525,749907,sediment metagenome,ftp.sra.ebi.ac.uk/vol1/fastq/ERR357/005/ERR3573525/ERR3573525_1.fastq.gz;ftp.sra.ebi.ac.uk/vol1/fastq/ERR357/005/ERR3573525/ERR3573525_2.fastq.gz,ftp.sra.ebi.ac.uk/vol1/run/ERR357/ERR3573525/WTCHG_461228_260137.bam,,WTCHG_461228_260137,WAN-EFF-WIN
PRJEB34634,SAMEA5989477,ERX3571764,ERR3573526,749907,sediment metagenome,ftp.sra.ebi.ac.uk/vol1/fastq/ERR357/006/ERR3573526/ERR3573526_1.fastq.gz;ftp.sra.ebi.ac.uk/vol1/fastq/ERR357/006/ERR3573526/ERR3573526_2.fastq.gz,ftp.sra.ebi.ac.uk/vol1/run/ERR357/ERR3573526/WTCHG_550636_207178.bam,,WTCHG_550636_207178,WAN-INF-AUT
PRJEB34634,SAMEA5989477,ERX3571765,ERR3573527,749907,sediment metagenome,ftp.sra.ebi.ac.uk/vol1/fastq/ERR357/007/ERR3573527/ERR3573527_1.fastq.gz;ftp.sra.ebi.ac.uk/vol1/fastq/ERR357/007/ERR3573527/ERR3573527_2.fastq.gz,ftp.sra.ebi.ac.uk/vol1/run/ERR357/ERR3573527/WTCHG_551514_207178.bam,,WTCHG_551514_207178,WAN-INF-AUT
PRJEB34634,SAMEA5989477,ERX3571766,ERR3573528,749907,sediment metagenome,ftp.sra.ebi.ac.uk/vol1/fastq/ERR357/008/ERR3573528/ERR3573528_1.fastq.gz;ftp.sra.ebi.ac.uk/vol1/fastq/ERR357/008/ERR3573528/ERR3573528_2.fastq.gz,ftp.sra.ebi.ac.uk/vol1/run/ERR357/ERR3573528/WTCHG_551515_207178.bam,,WTCHG_551515_207178,WAN-INF-AUT
PRJEB34634,SAMEA5989477,ERX3571767,ERR3573529,749907,sediment metagenome,ftp.sra.ebi.ac.uk/vol1/fastq/ERR357/009/ERR3573529/ERR3573529_1.fastq.gz;ftp.sra.ebi.ac.uk/vol1/fastq/ERR357/009/ERR3573529/ERR3573529_2.fastq.gz,ftp.sra.ebi.ac.uk/vol1/run/ERR357/ERR3573529/WTCHG_554367_207178.bam,,WTCHG_554367_207178,WAN-INF-AUT
PRJEB34634,SAMEA5989477,ERX3571768,ERR3573530,749907,sediment metagenome,ftp.sra.ebi.ac.uk/vol1/fastq/ERR357/000/ERR3573530/ERR3573530_1.fastq.gz;ftp.sra.ebi.ac.uk/vol1/fastq/ERR357/000/ERR3573530/ERR3573530_2.fastq.gz,ftp.sra.ebi.ac.uk/vol1/run/ERR357/ERR3573530/WTCHG_554366_207178.bam,,WTCHG_554366_207178,WAN-INF-AUT
PRJEB34634,SAMEA5989477,ERX3571769,ERR3573531,749907,sediment metagenome,ftp.sra.ebi.ac.uk/vol1/fastq/ERR357/001/ERR3573531/ERR3573531_1.fastq.gz;ftp.sra.ebi.ac.uk/vol1/fastq/ERR357/001/ERR3573531/ERR3573531_2.fastq.gz,ftp.sra.ebi.ac.uk/vol1/run/ERR357/ERR3573531/WTCHG_555214_207178.bam,,WTCHG_555214_207178,WAN-INF-AUT
PRJEB34634,SAMEA5989477,ERX3571770,ERR3573532,749907,sediment metagenome,ftp.sra.ebi.ac.uk/vol1/fastq/ERR357/002/ERR3573532/ERR3573532_1.fastq.gz;ftp.sra.ebi.ac.uk/vol1/fastq/ERR357/002/ERR3573532/ERR3573532_2.fastq.gz,ftp.sra.ebi.ac.uk/vol1/run/ERR357/ERR3573532/WTCHG_555221_207178.bam,,WTCHG_555221_207178,WAN-INF-AUT
PRJEB34634,SAMEA5989477,ERX3571771,ERR3573533,749907,sediment metagenome,ftp.sra.ebi.ac.uk/vol1/fastq/ERR357/003/ERR3573533/ERR3573533_1.fastq.gz;ftp.sra.ebi.ac.uk/vol1/fastq/ERR357/003/ERR3573533/ERR3573533_2.fastq.gz,ftp.sra.ebi.ac.uk/vol1/run/ERR357/ERR3573533/WTCHG_555215_207178.bam,,WTCHG_555215_207178,WAN-INF-AUT
PRJEB34634,SAMEA5989477,ERX3571772,ERR3573534,749907,sediment metagenome,ftp.sra.ebi.ac.uk/vol1/fastq/ERR357/004/ERR3573534/ERR3573534_1.fastq.gz;ftp.sra.ebi.ac.uk/vol1/fastq/ERR357/004/ERR3573534/ERR3573534_2.fastq.gz,ftp.sra.ebi.ac.uk/vol1/run/ERR357/ERR3573534/WTCHG_555219_207178.bam,,WTCHG_555219_207178,WAN-INF-AUT
PRJEB34634,SAMEA5989477,ERX3571773,ERR3573535,749907,sediment metagenome,ftp.sra.ebi.ac.uk/vol1/fastq/ERR357/005/ERR3573535/ERR3573535_1.fastq.gz;ftp.sra.ebi.ac.uk/vol1/fastq/ERR357/005/ERR3573535/ERR3573535_2.fastq.gz,ftp.sra.ebi.ac.uk/vol1/run/ERR357/ERR3573535/WTCHG_555220_207178.bam,,WTCHG_555220_207178,WAN-INF-AUT
PRJEB34634,SAMEA5989477,ERX3571774,ERR3573536,749907,sediment metagenome,ftp.sra.ebi.ac.uk/vol1/fastq/ERR357/006/ERR3573536/ERR3573536_1.fastq.gz;ftp.sra.ebi.ac.uk/vol1/fastq/ERR357/006/ERR3573536/ERR3573536_2.fastq.gz,ftp.sra.ebi.ac.uk/vol1/run/ERR357/ERR3573536/WTCHG_555217_207178.bam,,WTCHG_555217_207178,WAN-INF-AUT
PRJEB34634,SAMEA5989477,ERX3571775,ERR3573537,749907,sediment metagenome,ftp.sra.ebi.ac.uk/vol1/fastq/ERR357/007/ERR3573537/ERR3573537_1.fastq.gz;ftp.sra.ebi.ac.uk/vol1/fastq/ERR357/007/ERR3573537/ERR3573537_2.fastq.gz,ftp.sra.ebi.ac.uk/vol1/run/ERR357/ERR3573537/WTCHG_555218_207178.bam,,WTCHG_555218_207178,WAN-INF-AUT
PRJEB34634,SAMEA5989477,ERX3571776,ERR3573538,749907,sediment metagenome,ftp.sra.ebi.ac.uk/vol1/fastq/ERR357/008/ERR3573538/ERR3573538_1.fastq.gz;ftp.sra.ebi.ac.uk/vol1/fastq/ERR357/008/ERR3573538/ERR3573538_2.fastq.gz,ftp.sra.ebi.ac.uk/vol1/run/ERR357/ERR3573538/WTCHG_555216_207178.bam,,WTCHG_555216_207178,WAN-INF-AUT
PRJEB34634,SAMEA5989477,ERX3571777,ERR3573539,749907,sediment metagenome,ftp.sra.ebi.ac.uk/vol1/fastq/ERR357/009/ERR3573539/ERR3573539_1.fastq.gz;ftp.sra.ebi.ac.uk/vol1/fastq/ERR357/009/ERR3573539/ERR3573539_2.fastq.gz,ftp.sra.ebi.ac.uk/vol1/run/ERR357/ERR3573539/WTCHG_559244_207178.bam,,WTCHG_559244_207178,WAN-INF-AUT
PRJEB34634,SAMEA5989477,ERX3571778,ERR3573540,749907,sediment metagenome,ftp.sra.ebi.ac.uk/vol1/fastq/ERR357/000/ERR3573540/ERR3573540_1.fastq.gz;ftp.sra.ebi.ac.uk/vol1/fastq/ERR357/000/ERR3573540/ERR3573540_2.fastq.gz,ftp.sra.ebi.ac.uk/vol1/run/ERR357/ERR3573540/WTCHG_559242_207178.bam,,WTCHG_559242_207178,WAN-INF-AUT
PRJEB34634,SAMEA5989477,ERX3571779,ERR3573541,749907,sediment metagenome,ftp.sra.ebi.ac.uk/vol1/fastq/ERR357/001/ERR3573541/ERR3573541_1.fastq.gz;ftp.sra.ebi.ac.uk/vol1/fastq/ERR357/001/ERR3573541/ERR3573541_2.fastq.gz,ftp.sra.ebi.ac.uk/vol1/run/ERR357/ERR3573541/WTCHG_559241_207178.bam,,WTCHG_559241_207178,WAN-INF-AUT
PRJEB34634,SAMEA5989477,ERX3571780,ERR3573542,749907,sediment metagenome,ftp.sra.ebi.ac.uk/vol1/fastq/ERR357/002/ERR3573542/ERR3573542_1.fastq.gz;ftp.sra.ebi.ac.uk/vol1/fastq/ERR357/002/ERR3573542/ERR3573542_2.fastq.gz,ftp.sra.ebi.ac.uk/vol1/run/ERR357/ERR3573542/WTCHG_559243_207178.bam,,WTCHG_559243_207178,WAN-INF-AUT
PRJEB34634,SAMEA5989477,ERX3571781,ERR3573543,749907,sediment metagenome,ftp.sra.ebi.ac.uk/vol1/fastq/ERR357/003/ERR3573543/ERR3573543_1.fastq.gz;ftp.sra.ebi.ac.uk/vol1/fastq/ERR357/003/ERR3573543/ERR3573543_2.fastq.gz,ftp.sra.ebi.ac.uk/vol1/run/ERR357/ERR3573543/WTCHG_559240_207178.bam,,WTCHG_559240_207178,WAN-INF-AUT
PRJEB34634,SAMEA5989477,ERX3571782,ERR3573544,749907,sediment metagenome,ftp.sra.ebi.ac.uk/vol1/fastq/ERR357/004/ERR3573544/ERR3573544_1.fastq.gz;ftp.sra.ebi.ac.uk/vol1/fastq/ERR357/004/ERR3573544/ERR3573544_2.fastq.gz,ftp.sra.ebi.ac.uk/vol1/run/ERR357/ERR3573544/WTCHG_455360_242124.bam,,WTCHG_455360_242124,WAN-INF-SUM
PRJEB34634,SAMEA5989477,ERX3571783,ERR3573545,749907,sediment metagenome,ftp.sra.ebi.ac.uk/vol1/fastq/ERR357/005/ERR3573545/ERR3573545_1.fastq.gz;ftp.sra.ebi.ac.uk/vol1/fastq/ERR357/005/ERR3573545/ERR3573545_2.fastq.gz,ftp.sra.ebi.ac.uk/vol1/run/ERR357/ERR3573545/WTCHG_456624_242124.bam,,WTCHG_456624_242124,WAN-INF-SUM
PRJEB34634,SAMEA5989477,ERX3571784,ERR3573546,749907,sediment metagenome,ftp.sra.ebi.ac.uk/vol1/fastq/ERR357/006/ERR3573546/ERR3573546_1.fastq.gz;ftp.sra.ebi.ac.uk/vol1/fastq/ERR357/006/ERR3573546/ERR3573546_2.fastq.gz,ftp.sra.ebi.ac.uk/vol1/run/ERR357/ERR3573546/WTCHG_457295_242124.bam,,WTCHG_457295_242124,WAN-INF-SUM
PRJEB34634,SAMEA5989477,ERX3571785,ERR3573547,749907,sediment metagenome,ftp.sra.ebi.ac.uk/vol1/fastq/ERR357/007/ERR3573547/ERR3573547_1.fastq.gz;ftp.sra.ebi.ac.uk/vol1/fastq/ERR357/007/ERR3573547/ERR3573547_2.fastq.gz,ftp.sra.ebi.ac.uk/vol1/run/ERR357/ERR3573547/WTCHG_457296_242124.bam,,WTCHG_457296_242124,WAN-INF-SUM
PRJEB34634,SAMEA5989477,ERX3571786,ERR3573548,749907,sediment metagenome,ftp.sra.ebi.ac.uk/vol1/fastq/ERR357/008/ERR3573548/ERR3573548_1.fastq.gz;ftp.sra.ebi.ac.uk/vol1/fastq/ERR357/008/ERR3573548/ERR3573548_2.fastq.gz,ftp.sra.ebi.ac.uk/vol1/run/ERR357/ERR3573548/WTCHG_457297_242124.bam,,WTCHG_457297_242124,WAN-INF-SUM
PRJEB34634,SAMEA5989477,ERX3571787,ERR3573549,749907,sediment metagenome,ftp.sra.ebi.ac.uk/vol1/fastq/ERR357/009/ERR3573549/ERR3573549_1.fastq.gz;ftp.sra.ebi.ac.uk/vol1/fastq/ERR357/009/ERR3573549/ERR3573549_2.fastq.gz,ftp.sra.ebi.ac.uk/vol1/run/ERR357/ERR3573549/WTCHG_457298_242124.bam,,WTCHG_457298_242124,WAN-INF-SUM
PRJEB34634,SAMEA5989477,ERX3571788,ERR3573550,749907,sediment metagenome,ftp.sra.ebi.ac.uk/vol1/fastq/ERR357/000/ERR3573550/ERR3573550_1.fastq.gz;ftp.sra.ebi.ac.uk/vol1/fastq/ERR357/000/ERR3573550/ERR3573550_2.fastq.gz,ftp.sra.ebi.ac.uk/vol1/run/ERR357/ERR3573550/WTCHG_457710_242124.bam,,WTCHG_457710_242124,WAN-INF-SUM
PRJEB34634,SAMEA5989477,ERX3571789,ERR3573551,749907,sediment metagenome,ftp.sra.ebi.ac.uk/vol1/fastq/ERR357/001/ERR3573551/ERR3573551_1.fastq.gz;ftp.sra.ebi.ac.uk/vol1/fastq/ERR357/001/ERR3573551/ERR3573551_2.fastq.gz,ftp.sra.ebi.ac.uk/vol1/run/ERR357/ERR3573551/WTCHG_457711_242124.bam,,WTCHG_457711_242124,WAN-INF-SUM
PRJEB34634,SAMEA5989477,ERX3571790,ERR3573552,749907,sediment metagenome,ftp.sra.ebi.ac.uk/vol1/fastq/ERR357/002/ERR3573552/ERR3573552_1.fastq.gz;ftp.sra.ebi.ac.uk/vol1/fastq/ERR357/002/ERR3573552/ERR3573552_2.fastq.gz,ftp.sra.ebi.ac.uk/vol1/run/ERR357/ERR3573552/WTCHG_457712_242124.bam,,WTCHG_457712_242124,WAN-INF-SUM
PRJEB34634,SAMEA5989477,ERX3571791,ERR3573553,749907,sediment metagenome,ftp.sra.ebi.ac.uk/vol1/fastq/ERR357/003/ERR3573553/ERR3573553_1.fastq.gz;ftp.sra.ebi.ac.uk/vol1/fastq/ERR357/003/ERR3573553/ERR3573553_2.fastq.gz,ftp.sra.ebi.ac.uk/vol1/run/ERR357/ERR3573553/WTCHG_457713_242124.bam,,WTCHG_457713_242124,WAN-INF-SUM
PRJEB34634,SAMEA5989477,ERX3571792,ERR3573554,749907,sediment metagenome,ftp.sra.ebi.ac.uk/vol1/fastq/ERR357/004/ERR3573554/ERR3573554_1.fastq.gz;ftp.sra.ebi.ac.uk/vol1/fastq/ERR357/004/ERR3573554/ERR3573554_2.fastq.gz,ftp.sra.ebi.ac.uk/vol1/run/ERR357/ERR3573554/WTCHG_457714_242124.bam,,WTCHG_457714_242124,WAN-INF-SUM
PRJEB34634,SAMEA5989477,ERX3571793,ERR3573555,749907,sediment metagenome,ftp.sra.ebi.ac.uk/vol1/fastq/ERR357/005/ERR3573555/ERR3573555_1.fastq.gz;ftp.sra.ebi.ac.uk/vol1/fastq/ERR357/005/ERR3573555/ERR3573555_2.fastq.gz,ftp.sra.ebi.ac.uk/vol1/run/ERR357/ERR3573555/WTCHG_461227_242124.bam,,WTCHG_461227_242124,WAN-INF-SUM
PRJEB34634,SAMEA5989477,ERX3571794,ERR3573556,749907,sediment metagenome,ftp.sra.ebi.ac.uk/vol1/fastq/ERR357/006/ERR3573556/ERR3573556_1.fastq.gz;ftp.sra.ebi.ac.uk/vol1/fastq/ERR357/006/ERR3573556/ERR3573556_2.fastq.gz,ftp.sra.ebi.ac.uk/vol1/run/ERR357/ERR3573556/WTCHG_461228_242124.bam,,WTCHG_461228_242124,WAN-INF-SUM
PRJEB34634,SAMEA5989477,ERX3571795,ERR3573557,749907,sediment metagenome,ftp.sra.ebi.ac.uk/vol1/fastq/ERR357/007/ERR3573557/ERR3573557_1.fastq.gz;ftp.sra.ebi.ac.uk/vol1/fastq/ERR357/007/ERR3573557/ERR3573557_2.fastq.gz,ftp.sra.ebi.ac.uk/vol1/run/ERR357/ERR3573557/WTCHG_455360_237159.bam,,WTCHG_455360_237159,WAN-INF-WIN
PRJEB34634,SAMEA5989477,ERX3571796,ERR3573558,749907,sediment metagenome,ftp.sra.ebi.ac.uk/vol1/fastq/ERR357/008/ERR3573558/ERR3573558_1.fastq.gz;ftp.sra.ebi.ac.uk/vol1/fastq/ERR357/008/ERR3573558/ERR3573558_2.fastq.gz,ftp.sra.ebi.ac.uk/vol1/run/ERR357/ERR3573558/WTCHG_456624_237159.bam,,WTCHG_456624_237159,WAN-INF-WIN
PRJEB34634,SAMEA5989477,ERX3571797,ERR3573559,749907,sediment metagenome,ftp.sra.ebi.ac.uk/vol1/fastq/ERR357/009/ERR3573559/ERR3573559_1.fastq.gz;ftp.sra.ebi.ac.uk/vol1/fastq/ERR357/009/ERR3573559/ERR3573559_2.fastq.gz,ftp.sra.ebi.ac.uk/vol1/run/ERR357/ERR3573559/WTCHG_457295_237159.bam,,WTCHG_457295_237159,WAN-INF-WIN
PRJEB34634,SAMEA5989477,ERX3571798,ERR3573560,749907,sediment metagenome,ftp.sra.ebi.ac.uk/vol1/fastq/ERR357/000/ERR3573560/ERR3573560_1.fastq.gz;ftp.sra.ebi.ac.uk/vol1/fastq/ERR357/000/ERR3573560/ERR3573560_2.fastq.gz,ftp.sra.ebi.ac.uk/vol1/run/ERR357/ERR3573560/WTCHG_457296_237159.bam,,WTCHG_457296_237159,WAN-INF-WIN
PRJEB34634,SAMEA5989477,ERX3571799,ERR3573561,749907,sediment metagenome,ftp.sra.ebi.ac.uk/vol1/fastq/ERR357/001/ERR3573561/ERR3573561_1.fastq.gz;ftp.sra.ebi.ac.uk/vol1/fastq/ERR357/001/ERR3573561/ERR3573561_2.fastq.gz,ftp.sra.ebi.ac.uk/vol1/run/ERR357/ERR3573561/WTCHG_457297_237159.bam,,WTCHG_457297_237159,WAN-INF-WIN
PRJEB34634,SAMEA5989477,ERX3571800,ERR3573562,749907,sediment metagenome,ftp.sra.ebi.ac.uk/vol1/fastq/ERR357/002/ERR3573562/ERR3573562_1.fastq.gz;ftp.sra.ebi.ac.uk/vol1/fastq/ERR357/002/ERR3573562/ERR3573562_2.fastq.gz,ftp.sra.ebi.ac.uk/vol1/run/ERR357/ERR3573562/WTCHG_457298_237159.bam,,WTCHG_457298_237159,WAN-INF-WIN
PRJEB34634,SAMEA5989477,ERX3571801,ERR3573563,749907,sediment metagenome,ftp.sra.ebi.ac.uk/vol1/fastq/ERR357/003/ERR3573563/ERR3573563_1.fastq.gz;ftp.sra.ebi.ac.uk/vol1/fastq/ERR357/003/ERR3573563/ERR3573563_2.fastq.gz,ftp.sra.ebi.ac.uk/vol1/run/ERR357/ERR3573563/WTCHG_457710_237159.bam,,WTCHG_457710_237159,WAN-INF-WIN
PRJEB34634,SAMEA5989477,ERX3571802,ERR3573564,749907,sediment metagenome,ftp.sra.ebi.ac.uk/vol1/fastq/ERR357/004/ERR3573564/ERR3573564_1.fastq.gz;ftp.sra.ebi.ac.uk/vol1/fastq/ERR357/004/ERR3573564/ERR3573564_2.fastq.gz,ftp.sra.ebi.ac.uk/vol1/run/ERR357/ERR3573564/WTCHG_457711_237159.bam,,WTCHG_457711_237159,WAN-INF-WIN
PRJEB34634,SAMEA5989477,ERX3571803,ERR3573565,749907,sediment metagenome,ftp.sra.ebi.ac.uk/vol1/fastq/ERR357/005/ERR3573565/ERR3573565_1.fastq.gz;ftp.sra.ebi.ac.uk/vol1/fastq/ERR357/005/ERR3573565/ERR3573565_2.fastq.gz,ftp.sra.ebi.ac.uk/vol1/run/ERR357/ERR3573565/WTCHG_457712_237159.bam,,WTCHG_457712_237159,WAN-INF-WIN
PRJEB34634,SAMEA5989477,ERX3571804,ERR3573566,749907,sediment metagenome,ftp.sra.ebi.ac.uk/vol1/fastq/ERR357/006/ERR3573566/ERR3573566_1.fastq.gz;ftp.sra.ebi.ac.uk/vol1/fastq/ERR357/006/ERR3573566/ERR3573566_2.fastq.gz,ftp.sra.ebi.ac.uk/vol1/run/ERR357/ERR3573566/WTCHG_457713_237159.bam,,WTCHG_457713_237159,WAN-INF-WIN
PRJEB34634,SAMEA5989477,ERX3571805,ERR3573567,749907,sediment metagenome,ftp.sra.ebi.ac.uk/vol1/fastq/ERR357/007/ERR3573567/ERR3573567_1.fastq.gz;ftp.sra.ebi.ac.uk/vol1/fastq/ERR357/007/ERR3573567/ERR3573567_2.fastq.gz,ftp.sra.ebi.ac.uk/vol1/run/ERR357/ERR3573567/WTCHG_457714_237159.bam,,WTCHG_457714_237159,WAN-INF-WIN
PRJEB34634,SAMEA5989477,ERX3571806,ERR3573568,749907,sediment metagenome,ftp.sra.ebi.ac.uk/vol1/fastq/ERR357/008/ERR3573568/ERR3573568_1.fastq.gz;ftp.sra.ebi.ac.uk/vol1/fastq/ERR357/008/ERR3573568/ERR3573568_2.fastq.gz,ftp.sra.ebi.ac.uk/vol1/run/ERR357/ERR3573568/WTCHG_461227_237159.bam,,WTCHG_461227_237159,WAN-INF-WIN
PRJEB34634,SAMEA5989477,ERX3571807,ERR3573569,749907,sediment metagenome,ftp.sra.ebi.ac.uk/vol1/fastq/ERR357/009/ERR3573569/ERR3573569_1.fastq.gz;ftp.sra.ebi.ac.uk/vol1/fastq/ERR357/009/ERR3573569/ERR3573569_2.fastq.gz,ftp.sra.ebi.ac.uk/vol1/run/ERR357/ERR3573569/WTCHG_461228_237159.bam,,WTCHG_461228_237159,WAN-INF-WIN
PRJEB34634,SAMEA5989477,ERX3571808,ERR3573570,749907,sediment metagenome,ftp.sra.ebi.ac.uk/vol1/fastq/ERR357/000/ERR3573570/ERR3573570_1.fastq.gz;ftp.sra.ebi.ac.uk/vol1/fastq/ERR357/000/ERR3573570/ERR3573570_2.fastq.gz,ftp.sra.ebi.ac.uk/vol1/run/ERR357/ERR3573570/WTCHG_670347_256111.bam,,WTCHG_670347_256111,WAN-UP-100-AUT
PRJEB34634,SAMEA5989477,ERX3571809,ERR3573571,749907,sediment metagenome,ftp.sra.ebi.ac.uk/vol1/fastq/ERR357/001/ERR3573571/ERR3573571_1.fastq.gz;ftp.sra.ebi.ac.uk/vol1/fastq/ERR357/001/ERR3573571/ERR3573571_2.fastq.gz,ftp.sra.ebi.ac.uk/vol1/run/ERR357/ERR3573571/WTCHG_670344_256111.bam,,WTCHG_670344_256111,WAN-UP-100-AUT
PRJEB34634,SAMEA5989477,ERX3571810,ERR3573572,749907,sediment metagenome,ftp.sra.ebi.ac.uk/vol1/fastq/ERR357/002/ERR3573572/ERR3573572_1.fastq.gz;ftp.sra.ebi.ac.uk/vol1/fastq/ERR357/002/ERR3573572/ERR3573572_2.fastq.gz,ftp.sra.ebi.ac.uk/vol1/run/ERR357/ERR3573572/WTCHG_670349_256111.bam,,WTCHG_670349_256111,WAN-UP-100-AUT
PRJEB34634,SAMEA5989477,ERX3571811,ERR3573573,749907,sediment metagenome,ftp.sra.ebi.ac.uk/vol1/fastq/ERR357/003/ERR3573573/ERR3573573_1.fastq.gz;ftp.sra.ebi.ac.uk/vol1/fastq/ERR357/003/ERR3573573/ERR3573573_2.fastq.gz,ftp.sra.ebi.ac.uk/vol1/run/ERR357/ERR3573573/WTCHG_670345_256111.bam,,WTCHG_670345_256111,WAN-UP-100-AUT
PRJEB34634,SAMEA5989477,ERX3571812,ERR3573574,749907,sediment metagenome,ftp.sra.ebi.ac.uk/vol1/fastq/ERR357/004/ERR3573574/ERR3573574_1.fastq.gz;ftp.sra.ebi.ac.uk/vol1/fastq/ERR357/004/ERR3573574/ERR3573574_2.fastq.gz,ftp.sra.ebi.ac.uk/vol1/run/ERR357/ERR3573574/WTCHG_670348_256111.bam,,WTCHG_670348_256111,WAN-UP-100-AUT
PRJEB34634,SAMEA5989477,ERX3571813,ERR3573575,749907,sediment metagenome,ftp.sra.ebi.ac.uk/vol1/fastq/ERR357/005/ERR3573575/ERR3573575_1.fastq.gz;ftp.sra.ebi.ac.uk/vol1/fastq/ERR357/005/ERR3573575/ERR3573575_2.fastq.gz,ftp.sra.ebi.ac.uk/vol1/run/ERR357/ERR3573575/WTCHG_670346_256111.bam,,WTCHG_670346_256111,WAN-UP-100-AUT
PRJEB34634,SAMEA5989477,ERX3571814,ERR3573576,749907,sediment metagenome,ftp.sra.ebi.ac.uk/vol1/fastq/ERR357/006/ERR3573576/ERR3573576_1.fastq.gz;ftp.sra.ebi.ac.uk/vol1/fastq/ERR357/006/ERR3573576/ERR3573576_2.fastq.gz,ftp.sra.ebi.ac.uk/vol1/run/ERR357/ERR3573576/WTCHG_664453_256111.bam,,WTCHG_664453_256111,WAN-UP-100-AUT
PRJEB34634,SAMEA5989477,ERX3571815,ERR3573577,749907,sediment metagenome,ftp.sra.ebi.ac.uk/vol1/fastq/ERR357/007/ERR3573577/ERR3573577_1.fastq.gz;ftp.sra.ebi.ac.uk/vol1/fastq/ERR357/007/ERR3573577/ERR3573577_2.fastq.gz,ftp.sra.ebi.ac.uk/vol1/run/ERR357/ERR3573577/WTCHG_670344_266181.bam,,WTCHG_670344_266181,WAN-UP-100-SUM
PRJEB34634,SAMEA5989477,ERX3571816,ERR3573578,749907,sediment metagenome,ftp.sra.ebi.ac.uk/vol1/fastq/ERR357/008/ERR3573578/ERR3573578_1.fastq.gz;ftp.sra.ebi.ac.uk/vol1/fastq/ERR357/008/ERR3573578/ERR3573578_2.fastq.gz,ftp.sra.ebi.ac.uk/vol1/run/ERR357/ERR3573578/WTCHG_670349_266181.bam,,WTCHG_670349_266181,WAN-UP-100-SUM
PRJEB34634,SAMEA5989477,ERX3571817,ERR3573579,749907,sediment metagenome,ftp.sra.ebi.ac.uk/vol1/fastq/ERR357/009/ERR3573579/ERR3573579_1.fastq.gz;ftp.sra.ebi.ac.uk/vol1/fastq/ERR357/009/ERR3573579/ERR3573579_2.fastq.gz,ftp.sra.ebi.ac.uk/vol1/run/ERR357/ERR3573579/WTCHG_670345_266181.bam,,WTCHG_670345_266181,WAN-UP-100-SUM
PRJEB34634,SAMEA5989477,ERX3571818,ERR3573580,749907,sediment metagenome,ftp.sra.ebi.ac.uk/vol1/fastq/ERR357/000/ERR3573580/ERR3573580_1.fastq.gz;ftp.sra.ebi.ac.uk/vol1/fastq/ERR357/000/ERR3573580/ERR3573580_2.fastq.gz,ftp.sra.ebi.ac.uk/vol1/run/ERR357/ERR3573580/WTCHG_670346_266181.bam,,WTCHG_670346_266181,WAN-UP-100-SUM
PRJEB34634,SAMEA5989477,ERX3571819,ERR3573581,749907,sediment metagenome,ftp.sra.ebi.ac.uk/vol1/fastq/ERR357/001/ERR3573581/ERR3573581_1.fastq.gz;ftp.sra.ebi.ac.uk/vol1/fastq/ERR357/001/ERR3573581/ERR3573581_2.fastq.gz,ftp.sra.ebi.ac.uk/vol1/run/ERR357/ERR3573581/WTCHG_670347_266181.bam,,WTCHG_670347_266181,WAN-UP-100-SUM
PRJEB34634,SAMEA5989477,ERX3571820,ERR3573582,749907,sediment metagenome,ftp.sra.ebi.ac.uk/vol1/fastq/ERR357/002/ERR3573582/ERR3573582_1.fastq.gz;ftp.sra.ebi.ac.uk/vol1/fastq/ERR357/002/ERR3573582/ERR3573582_2.fastq.gz,ftp.sra.ebi.ac.uk/vol1/run/ERR357/ERR3573582/WTCHG_670348_266181.bam,,WTCHG_670348_266181,WAN-UP-100-SUM
PRJEB34634,SAMEA5989477,ERX3571821,ERR3573583,749907,sediment metagenome,ftp.sra.ebi.ac.uk/vol1/fastq/ERR357/003/ERR3573583/ERR3573583_1.fastq.gz;ftp.sra.ebi.ac.uk/vol1/fastq/ERR357/003/ERR3573583/ERR3573583_2.fastq.gz,ftp.sra.ebi.ac.uk/vol1/run/ERR357/ERR3573583/WTCHG_664453_266181.bam,,WTCHG_664453_266181,WAN-UP-100-SUM
PRJEB34634,SAMEA5989477,ERX3571822,ERR3573584,749907,sediment metagenome,ftp.sra.ebi.ac.uk/vol1/fastq/ERR357/004/ERR3573584/ERR3573584_1.fastq.gz;ftp.sra.ebi.ac.uk/vol1/fastq/ERR357/004/ERR3573584/ERR3573584_2.fastq.gz,ftp.sra.ebi.ac.uk/vol1/run/ERR357/ERR3573584/WTCHG_670348_261146.bam,,WTCHG_670348_261146,WAN-UP-100-WIN
PRJEB34634,SAMEA5989477,ERX3571823,ERR3573585,749907,sediment metagenome,ftp.sra.ebi.ac.uk/vol1/fastq/ERR357/005/ERR3573585/ERR3573585_1.fastq.gz;ftp.sra.ebi.ac.uk/vol1/fastq/ERR357/005/ERR3573585/ERR3573585_2.fastq.gz,ftp.sra.ebi.ac.uk/vol1/run/ERR357/ERR3573585/WTCHG_670345_261146.bam,,WTCHG_670345_261146,WAN-UP-100-WIN
PRJEB34634,SAMEA5989477,ERX3571824,ERR3573586,749907,sediment metagenome,ftp.sra.ebi.ac.uk/vol1/fastq/ERR357/006/ERR3573586/ERR3573586_1.fastq.gz;ftp.sra.ebi.ac.uk/vol1/fastq/ERR357/006/ERR3573586/ERR3573586_2.fastq.gz,ftp.sra.ebi.ac.uk/vol1/run/ERR357/ERR3573586/WTCHG_670349_261146.bam,,WTCHG_670349_261146,WAN-UP-100-WIN
PRJEB34634,SAMEA5989477,ERX3571825,ERR3573587,749907,sediment metagenome,ftp.sra.ebi.ac.uk/vol1/fastq/ERR357/007/ERR3573587/ERR3573587_1.fastq.gz;ftp.sra.ebi.ac.uk/vol1/fastq/ERR357/007/ERR3573587/ERR3573587_2.fastq.gz,ftp.sra.ebi.ac.uk/vol1/run/ERR357/ERR3573587/WTCHG_670346_261146.bam,,WTCHG_670346_261146,WAN-UP-100-WIN
PRJEB34634,SAMEA5989477,ERX3571826,ERR3573588,749907,sediment metagenome,ftp.sra.ebi.ac.uk/vol1/fastq/ERR357/008/ERR3573588/ERR3573588_1.fastq.gz;ftp.sra.ebi.ac.uk/vol1/fastq/ERR357/008/ERR3573588/ERR3573588_2.fastq.gz,ftp.sra.ebi.ac.uk/vol1/run/ERR357/ERR3573588/WTCHG_670347_261146.bam,,WTCHG_670347_261146,WAN-UP-100-WIN
PRJEB34634,SAMEA5989477,ERX3571827,ERR3573589,749907,sediment metagenome,ftp.sra.ebi.ac.uk/vol1/fastq/ERR357/009/ERR3573589/ERR3573589_1.fastq.gz;ftp.sra.ebi.ac.uk/vol1/fastq/ERR357/009/ERR3573589/ERR3573589_2.fastq.gz,ftp.sra.ebi.ac.uk/vol1/run/ERR357/ERR3573589/WTCHG_670344_261146.bam,,WTCHG_670344_261146,WAN-UP-100-WIN
PRJEB34634,SAMEA5989477,ERX3571828,ERR3573590,749907,sediment metagenome,ftp.sra.ebi.ac.uk/vol1/fastq/ERR357/000/ERR3573590/ERR3573590_1.fastq.gz;ftp.sra.ebi.ac.uk/vol1/fastq/ERR357/000/ERR3573590/ERR3573590_2.fastq.gz,ftp.sra.ebi.ac.uk/vol1/run/ERR357/ERR3573590/WTCHG_664453_261146.bam,,WTCHG_664453_261146,WAN-UP-100-WIN
PRJEB34634,SAMEA5989477,ERX3571829,ERR3573591,749907,sediment metagenome,ftp.sra.ebi.ac.uk/vol1/fastq/ERR357/001/ERR3573591/ERR3573591_1.fastq.gz;ftp.sra.ebi.ac.uk/vol1/fastq/ERR357/001/ERR3573591/ERR3573591_2.fastq.gz,ftp.sra.ebi.ac.uk/vol1/run/ERR357/ERR3573591/WTCHG_550636_293153.bam,,WTCHG_550636_293153,WAT-DW-100-AUT
PRJEB34634,SAMEA5989477,ERX3571830,ERR3573592,749907,sediment metagenome,ftp.sra.ebi.ac.uk/vol1/fastq/ERR357/002/ERR3573592/ERR3573592_1.fastq.gz;ftp.sra.ebi.ac.uk/vol1/fastq/ERR357/002/ERR3573592/ERR3573592_2.fastq.gz,ftp.sra.ebi.ac.uk/vol1/run/ERR357/ERR3573592/WTCHG_551514_293153.bam,,WTCHG_551514_293153,WAT-DW-100-AUT
PRJEB34634,SAMEA5989477,ERX3571831,ERR3573593,749907,sediment metagenome,ftp.sra.ebi.ac.uk/vol1/fastq/ERR357/003/ERR3573593/ERR3573593_1.fastq.gz;ftp.sra.ebi.ac.uk/vol1/fastq/ERR357/003/ERR3573593/ERR3573593_2.fastq.gz,ftp.sra.ebi.ac.uk/vol1/run/ERR357/ERR3573593/WTCHG_551515_293153.bam,,WTCHG_551515_293153,WAT-DW-100-AUT
PRJEB34634,SAMEA5989477,ERX3571832,ERR3573594,749907,sediment metagenome,ftp.sra.ebi.ac.uk/vol1/fastq/ERR357/004/ERR3573594/ERR3573594_1.fastq.gz;ftp.sra.ebi.ac.uk/vol1/fastq/ERR357/004/ERR3573594/ERR3573594_2.fastq.gz,ftp.sra.ebi.ac.uk/vol1/run/ERR357/ERR3573594/WTCHG_554367_293153.bam,,WTCHG_554367_293153,WAT-DW-100-AUT
PRJEB34634,SAMEA5989477,ERX3571833,ERR3573595,749907,sediment metagenome,ftp.sra.ebi.ac.uk/vol1/fastq/ERR357/005/ERR3573595/ERR3573595_1.fastq.gz;ftp.sra.ebi.ac.uk/vol1/fastq/ERR357/005/ERR3573595/ERR3573595_2.fastq.gz,ftp.sra.ebi.ac.uk/vol1/run/ERR357/ERR3573595/WTCHG_554366_293153.bam,,WTCHG_554366_293153,WAT-DW-100-AUT
PRJEB34634,SAMEA5989477,ERX3571834,ERR3573596,749907,sediment metagenome,ftp.sra.ebi.ac.uk/vol1/fastq/ERR357/006/ERR3573596/ERR3573596_1.fastq.gz;ftp.sra.ebi.ac.uk/vol1/fastq/ERR357/006/ERR3573596/ERR3573596_2.fastq.gz,ftp.sra.ebi.ac.uk/vol1/run/ERR357/ERR3573596/WTCHG_555214_293153.bam,,WTCHG_555214_293153,WAT-DW-100-AUT
PRJEB34634,SAMEA5989477,ERX3571835,ERR3573597,749907,sediment metagenome,ftp.sra.ebi.ac.uk/vol1/fastq/ERR357/007/ERR3573597/ERR3573597_1.fastq.gz;ftp.sra.ebi.ac.uk/vol1/fastq/ERR357/007/ERR3573597/ERR3573597_2.fastq.gz,ftp.sra.ebi.ac.uk/vol1/run/ERR357/ERR3573597/WTCHG_555216_293153.bam,,WTCHG_555216_293153,WAT-DW-100-AUT
PRJEB34634,SAMEA5989477,ERX3571836,ERR3573598,749907,sediment metagenome,ftp.sra.ebi.ac.uk/vol1/fastq/ERR357/008/ERR3573598/ERR3573598_1.fastq.gz;ftp.sra.ebi.ac.uk/vol1/fastq/ERR357/008/ERR3573598/ERR3573598_2.fastq.gz,ftp.sra.ebi.ac.uk/vol1/run/ERR357/ERR3573598/WTCHG_555215_293153.bam,,WTCHG_555215_293153,WAT-DW-100-AUT
PRJEB34634,SAMEA5989477,ERX3571837,ERR3573599,749907,sediment metagenome,ftp.sra.ebi.ac.uk/vol1/fastq/ERR357/009/ERR3573599/ERR3573599_1.fastq.gz;ftp.sra.ebi.ac.uk/vol1/fastq/ERR357/009/ERR3573599/ERR3573599_2.fastq.gz,ftp.sra.ebi.ac.uk/vol1/run/ERR357/ERR3573599/WTCHG_555221_293153.bam,,WTCHG_555221_293153,WAT-DW-100-AUT
PRJEB34634,SAMEA5989477,ERX3571838,ERR3573600,749907,sediment metagenome,ftp.sra.ebi.ac.uk/vol1/fastq/ERR357/000/ERR3573600/ERR3573600_1.fastq.gz;ftp.sra.ebi.ac.uk/vol1/fastq/ERR357/000/ERR3573600/ERR3573600_2.fastq.gz,ftp.sra.ebi.ac.uk/vol1/run/ERR357/ERR3573600/WTCHG_555218_293153.bam,,WTCHG_555218_293153,WAT-DW-100-AUT
PRJEB34634,SAMEA5989477,ERX3571839,ERR3573601,749907,sediment metagenome,ftp.sra.ebi.ac.uk/vol1/fastq/ERR357/001/ERR3573601/ERR3573601_1.fastq.gz;ftp.sra.ebi.ac.uk/vol1/fastq/ERR357/001/ERR3573601/ERR3573601_2.fastq.gz,ftp.sra.ebi.ac.uk/vol1/run/ERR357/ERR3573601/WTCHG_555220_293153.bam,,WTCHG_555220_293153,WAT-DW-100-AUT
PRJEB34634,SAMEA5989477,ERX3571840,ERR3573602,749907,sediment metagenome,ftp.sra.ebi.ac.uk/vol1/fastq/ERR357/002/ERR3573602/ERR3573602_1.fastq.gz;ftp.sra.ebi.ac.uk/vol1/fastq/ERR357/002/ERR3573602/ERR3573602_2.fastq.gz,ftp.sra.ebi.ac.uk/vol1/run/ERR357/ERR3573602/WTCHG_555219_293153.bam,,WTCHG_555219_293153,WAT-DW-100-AUT
PRJEB34634,SAMEA5989477,ERX3571841,ERR3573603,749907,sediment metagenome,ftp.sra.ebi.ac.uk/vol1/fastq/ERR357/003/ERR3573603/ERR3573603_1.fastq.gz;ftp.sra.ebi.ac.uk/vol1/fastq/ERR357/003/ERR3573603/ERR3573603_2.fastq.gz,ftp.sra.ebi.ac.uk/vol1/run/ERR357/ERR3573603/WTCHG_555217_293153.bam,,WTCHG_555217_293153,WAT-DW-100-AUT
PRJEB34634,SAMEA5989477,ERX3571842,ERR3573604,749907,sediment metagenome,ftp.sra.ebi.ac.uk/vol1/fastq/ERR357/004/ERR3573604/ERR3573604_1.fastq.gz;ftp.sra.ebi.ac.uk/vol1/fastq/ERR357/004/ERR3573604/ERR3573604_2.fastq.gz,ftp.sra.ebi.ac.uk/vol1/run/ERR357/ERR3573604/WTCHG_559243_293153.bam,,WTCHG_559243_293153,WAT-DW-100-AUT
PRJEB34634,SAMEA5989477,ERX3571843,ERR3573605,749907,sediment metagenome,ftp.sra.ebi.ac.uk/vol1/fastq/ERR357/005/ERR3573605/ERR3573605_1.fastq.gz;ftp.sra.ebi.ac.uk/vol1/fastq/ERR357/005/ERR3573605/ERR3573605_2.fastq.gz,ftp.sra.ebi.ac.uk/vol1/run/ERR357/ERR3573605/WTCHG_559240_293153.bam,,WTCHG_559240_293153,WAT-DW-100-AUT
PRJEB34634,SAMEA5989477,ERX3571844,ERR3573606,749907,sediment metagenome,ftp.sra.ebi.ac.uk/vol1/fastq/ERR357/006/ERR3573606/ERR3573606_1.fastq.gz;ftp.sra.ebi.ac.uk/vol1/fastq/ERR357/006/ERR3573606/ERR3573606_2.fastq.gz,ftp.sra.ebi.ac.uk/vol1/run/ERR357/ERR3573606/WTCHG_559244_293153.bam,,WTCHG_559244_293153,WAT-DW-100-AUT
PRJEB34634,SAMEA5989477,ERX3571845,ERR3573607,749907,sediment metagenome,ftp.sra.ebi.ac.uk/vol1/fastq/ERR357/007/ERR3573607/ERR3573607_1.fastq.gz;ftp.sra.ebi.ac.uk/vol1/fastq/ERR357/007/ERR3573607/ERR3573607_2.fastq.gz,ftp.sra.ebi.ac.uk/vol1/run/ERR357/ERR3573607/WTCHG_559242_293153.bam,,WTCHG_559242_293153,WAT-DW-100-AUT
PRJEB34634,SAMEA5989477,ERX3571846,ERR3573608,749907,sediment metagenome,ftp.sra.ebi.ac.uk/vol1/fastq/ERR357/008/ERR3573608/ERR3573608_1.fastq.gz;ftp.sra.ebi.ac.uk/vol1/fastq/ERR357/008/ERR3573608/ERR3573608_2.fastq.gz,ftp.sra.ebi.ac.uk/vol1/run/ERR357/ERR3573608/WTCHG_559241_293153.bam,,WTCHG_559241_293153,WAT-DW-100-AUT
PRJEB34634,SAMEA5989477,ERX3571847,ERR3573609,749907,sediment metagenome,ftp.sra.ebi.ac.uk/vol1/fastq/ERR357/009/ERR3573609/ERR3573609_1.fastq.gz;ftp.sra.ebi.ac.uk/vol1/fastq/ERR357/009/ERR3573609/ERR3573609_2.fastq.gz,ftp.sra.ebi.ac.uk/vol1/run/ERR357/ERR3573609/WTCHG_550636_288188.bam,,WTCHG_550636_288188,WAT-DW-100-SUM
PRJEB34634,SAMEA5989477,ERX3571848,ERR3573610,749907,sediment metagenome,ftp.sra.ebi.ac.uk/vol1/fastq/ERR357/000/ERR3573610/ERR3573610_1.fastq.gz;ftp.sra.ebi.ac.uk/vol1/fastq/ERR357/000/ERR3573610/ERR3573610_2.fastq.gz,ftp.sra.ebi.ac.uk/vol1/run/ERR357/ERR3573610/WTCHG_551514_288188.bam,,WTCHG_551514_288188,WAT-DW-100-SUM
PRJEB34634,SAMEA5989477,ERX3571849,ERR3573611,749907,sediment metagenome,ftp.sra.ebi.ac.uk/vol1/fastq/ERR357/001/ERR3573611/ERR3573611_1.fastq.gz;ftp.sra.ebi.ac.uk/vol1/fastq/ERR357/001/ERR3573611/ERR3573611_2.fastq.gz,ftp.sra.ebi.ac.uk/vol1/run/ERR357/ERR3573611/WTCHG_551515_288188.bam,,WTCHG_551515_288188,WAT-DW-100-SUM
PRJEB34634,SAMEA5989477,ERX3571850,ERR3573612,749907,sediment metagenome,ftp.sra.ebi.ac.uk/vol1/fastq/ERR357/002/ERR3573612/ERR3573612_1.fastq.gz;ftp.sra.ebi.ac.uk/vol1/fastq/ERR357/002/ERR3573612/ERR3573612_2.fastq.gz,ftp.sra.ebi.ac.uk/vol1/run/ERR357/ERR3573612/WTCHG_554366_288188.bam,,WTCHG_554366_288188,WAT-DW-100-SUM
PRJEB34634,SAMEA5989477,ERX3571851,ERR3573613,749907,sediment metagenome,ftp.sra.ebi.ac.uk/vol1/fastq/ERR357/003/ERR3573613/ERR3573613_1.fastq.gz;ftp.sra.ebi.ac.uk/vol1/fastq/ERR357/003/ERR3573613/ERR3573613_2.fastq.gz,ftp.sra.ebi.ac.uk/vol1/run/ERR357/ERR3573613/WTCHG_554367_288188.bam,,WTCHG_554367_288188,WAT-DW-100-SUM
PRJEB34634,SAMEA5989477,ERX3571852,ERR3573614,749907,sediment metagenome,ftp.sra.ebi.ac.uk/vol1/fastq/ERR357/004/ERR3573614/ERR3573614_1.fastq.gz;ftp.sra.ebi.ac.uk/vol1/fastq/ERR357/004/ERR3573614/ERR3573614_2.fastq.gz,ftp.sra.ebi.ac.uk/vol1/run/ERR357/ERR3573614/WTCHG_555217_288188.bam,,WTCHG_555217_288188,WAT-DW-100-SUM
PRJEB34634,SAMEA5989477,ERX3571853,ERR3573615,749907,sediment metagenome,ftp.sra.ebi.ac.uk/vol1/fastq/ERR357/005/ERR3573615/ERR3573615_1.fastq.gz;ftp.sra.ebi.ac.uk/vol1/fastq/ERR357/005/ERR3573615/ERR3573615_2.fastq.gz,ftp.sra.ebi.ac.uk/vol1/run/ERR357/ERR3573615/WTCHG_555218_288188.bam,,WTCHG_555218_288188,WAT-DW-100-SUM
PRJEB34634,SAMEA5989477,ERX3571854,ERR3573616,749907,sediment metagenome,ftp.sra.ebi.ac.uk/vol1/fastq/ERR357/006/ERR3573616/ERR3573616_1.fastq.gz;ftp.sra.ebi.ac.uk/vol1/fastq/ERR357/006/ERR3573616/ERR3573616_2.fastq.gz,ftp.sra.ebi.ac.uk/vol1/run/ERR357/ERR3573616/WTCHG_555215_288188.bam,,WTCHG_555215_288188,WAT-DW-100-SUM
PRJEB34634,SAMEA5989477,ERX3571855,ERR3573617,749907,sediment metagenome,ftp.sra.ebi.ac.uk/vol1/fastq/ERR357/007/ERR3573617/ERR3573617_1.fastq.gz;ftp.sra.ebi.ac.uk/vol1/fastq/ERR357/007/ERR3573617/ERR3573617_2.fastq.gz,ftp.sra.ebi.ac.uk/vol1/run/ERR357/ERR3573617/WTCHG_555219_288188.bam,,WTCHG_555219_288188,WAT-DW-100-SUM
PRJEB34634,SAMEA5989477,ERX3571856,ERR3573618,749907,sediment metagenome,ftp.sra.ebi.ac.uk/vol1/fastq/ERR357/008/ERR3573618/ERR3573618_1.fastq.gz;ftp.sra.ebi.ac.uk/vol1/fastq/ERR357/008/ERR3573618/ERR3573618_2.fastq.gz,ftp.sra.ebi.ac.uk/vol1/run/ERR357/ERR3573618/WTCHG_555216_288188.bam,,WTCHG_555216_288188,WAT-DW-100-SUM
PRJEB34634,SAMEA5989477,ERX3571857,ERR3573619,749907,sediment metagenome,ftp.sra.ebi.ac.uk/vol1/fastq/ERR357/009/ERR3573619/ERR3573619_1.fastq.gz;ftp.sra.ebi.ac.uk/vol1/fastq/ERR357/009/ERR3573619/ERR3573619_2.fastq.gz,ftp.sra.ebi.ac.uk/vol1/run/ERR357/ERR3573619/WTCHG_555220_288188.bam,,WTCHG_555220_288188,WAT-DW-100-SUM
PRJEB34634,SAMEA5989477,ERX3571858,ERR3573620,749907,sediment metagenome,ftp.sra.ebi.ac.uk/vol1/fastq/ERR357/000/ERR3573620/ERR3573620_1.fastq.gz;ftp.sra.ebi.ac.uk/vol1/fastq/ERR357/000/ERR3573620/ERR3573620_2.fastq.gz,ftp.sra.ebi.ac.uk/vol1/run/ERR357/ERR3573620/WTCHG_555214_288188.bam,,WTCHG_555214_288188,WAT-DW-100-SUM
PRJEB34634,SAMEA5989477,ERX3571859,ERR3573621,749907,sediment metagenome,ftp.sra.ebi.ac.uk/vol1/fastq/ERR357/001/ERR3573621/ERR3573621_1.fastq.gz;ftp.sra.ebi.ac.uk/vol1/fastq/ERR357/001/ERR3573621/ERR3573621_2.fastq.gz,ftp.sra.ebi.ac.uk/vol1/run/ERR357/ERR3573621/WTCHG_555221_288188.bam,,WTCHG_555221_288188,WAT-DW-100-SUM
PRJEB34634,SAMEA5989477,ERX3571860,ERR3573622,749907,sediment metagenome,ftp.sra.ebi.ac.uk/vol1/fastq/ERR357/002/ERR3573622/ERR3573622_1.fastq.gz;ftp.sra.ebi.ac.uk/vol1/fastq/ERR357/002/ERR3573622/ERR3573622_2.fastq.gz,ftp.sra.ebi.ac.uk/vol1/run/ERR357/ERR3573622/WTCHG_559242_288188.bam,,WTCHG_559242_288188,WAT-DW-100-SUM
PRJEB34634,SAMEA5989477,ERX3571861,ERR3573623,749907,sediment metagenome,ftp.sra.ebi.ac.uk/vol1/fastq/ERR357/003/ERR3573623/ERR3573623_1.fastq.gz;ftp.sra.ebi.ac.uk/vol1/fastq/ERR357/003/ERR3573623/ERR3573623_2.fastq.gz,ftp.sra.ebi.ac.uk/vol1/run/ERR357/ERR3573623/WTCHG_559243_288188.bam,,WTCHG_559243_288188,WAT-DW-100-SUM
PRJEB34634,SAMEA5989477,ERX3571862,ERR3573624,749907,sediment metagenome,ftp.sra.ebi.ac.uk/vol1/fastq/ERR357/004/ERR3573624/ERR3573624_1.fastq.gz;ftp.sra.ebi.ac.uk/vol1/fastq/ERR357/004/ERR3573624/ERR3573624_2.fastq.gz,ftp.sra.ebi.ac.uk/vol1/run/ERR357/ERR3573624/WTCHG_559244_288188.bam,,WTCHG_559244_288188,WAT-DW-100-SUM
PRJEB34634,SAMEA5989477,ERX3571863,ERR3573625,749907,sediment metagenome,ftp.sra.ebi.ac.uk/vol1/fastq/ERR357/005/ERR3573625/ERR3573625_1.fastq.gz;ftp.sra.ebi.ac.uk/vol1/fastq/ERR357/005/ERR3573625/ERR3573625_2.fastq.gz,ftp.sra.ebi.ac.uk/vol1/run/ERR357/ERR3573625/WTCHG_559241_288188.bam,,WTCHG_559241_288188,WAT-DW-100-SUM
PRJEB34634,SAMEA5989477,ERX3571864,ERR3573626,749907,sediment metagenome,ftp.sra.ebi.ac.uk/vol1/fastq/ERR357/006/ERR3573626/ERR3573626_1.fastq.gz;ftp.sra.ebi.ac.uk/vol1/fastq/ERR357/006/ERR3573626/ERR3573626_2.fastq.gz,ftp.sra.ebi.ac.uk/vol1/run/ERR357/ERR3573626/WTCHG_559240_288188.bam,,WTCHG_559240_288188,WAT-DW-100-SUM
PRJEB34634,SAMEA5989477,ERX3571865,ERR3573627,749907,sediment metagenome,ftp.sra.ebi.ac.uk/vol1/fastq/ERR357/007/ERR3573627/ERR3573627_1.fastq.gz;ftp.sra.ebi.ac.uk/vol1/fastq/ERR357/007/ERR3573627/ERR3573627_2.fastq.gz,ftp.sra.ebi.ac.uk/vol1/run/ERR357/ERR3573627/WTCHG_550636_202118.bam,,WTCHG_550636_202118,WAT-DW-100-WIN
PRJEB34634,SAMEA5989477,ERX3571866,ERR3573628,749907,sediment metagenome,ftp.sra.ebi.ac.uk/vol1/fastq/ERR357/008/ERR3573628/ERR3573628_1.fastq.gz;ftp.sra.ebi.ac.uk/vol1/fastq/ERR357/008/ERR3573628/ERR3573628_2.fastq.gz,ftp.sra.ebi.ac.uk/vol1/run/ERR357/ERR3573628/WTCHG_551514_202118.bam,,WTCHG_551514_202118,WAT-DW-100-WIN
PRJEB34634,SAMEA5989477,ERX3571867,ERR3573629,749907,sediment metagenome,ftp.sra.ebi.ac.uk/vol1/fastq/ERR357/009/ERR3573629/ERR3573629_1.fastq.gz;ftp.sra.ebi.ac.uk/vol1/fastq/ERR357/009/ERR3573629/ERR3573629_2.fastq.gz,ftp.sra.ebi.ac.uk/vol1/run/ERR357/ERR3573629/WTCHG_551515_202118.bam,,WTCHG_551515_202118,WAT-DW-100-WIN
PRJEB34634,SAMEA5989477,ERX3571868,ERR3573630,749907,sediment metagenome,ftp.sra.ebi.ac.uk/vol1/fastq/ERR357/000/ERR3573630/ERR3573630_1.fastq.gz;ftp.sra.ebi.ac.uk/vol1/fastq/ERR357/000/ERR3573630/ERR3573630_2.fastq.gz,ftp.sra.ebi.ac.uk/vol1/run/ERR357/ERR3573630/WTCHG_554367_202118.bam,,WTCHG_554367_202118,WAT-DW-100-WIN
PRJEB34634,SAMEA5989477,ERX3571869,ERR3573631,749907,sediment metagenome,ftp.sra.ebi.ac.uk/vol1/fastq/ERR357/001/ERR3573631/ERR3573631_1.fastq.gz;ftp.sra.ebi.ac.uk/vol1/fastq/ERR357/001/ERR3573631/ERR3573631_2.fastq.gz,ftp.sra.ebi.ac.uk/vol1/run/ERR357/ERR3573631/WTCHG_554366_202118.bam,,WTCHG_554366_202118,WAT-DW-100-WIN
PRJEB34634,SAMEA5989477,ERX3571870,ERR3573632,749907,sediment metagenome,ftp.sra.ebi.ac.uk/vol1/fastq/ERR357/002/ERR3573632/ERR3573632_1.fastq.gz;ftp.sra.ebi.ac.uk/vol1/fastq/ERR357/002/ERR3573632/ERR3573632_2.fastq.gz,ftp.sra.ebi.ac.uk/vol1/run/ERR357/ERR3573632/WTCHG_555214_202118.bam,,WTCHG_555214_202118,WAT-DW-100-WIN
PRJEB34634,SAMEA5989477,ERX3571871,ERR3573633,749907,sediment metagenome,ftp.sra.ebi.ac.uk/vol1/fastq/ERR357/003/ERR3573633/ERR3573633_1.fastq.gz;ftp.sra.ebi.ac.uk/vol1/fastq/ERR357/003/ERR3573633/ERR3573633_2.fastq.gz,ftp.sra.ebi.ac.uk/vol1/run/ERR357/ERR3573633/WTCHG_555219_202118.bam,,WTCHG_555219_202118,WAT-DW-100-WIN
PRJEB34634,SAMEA5989477,ERX3571872,ERR3573634,749907,sediment metagenome,ftp.sra.ebi.ac.uk/vol1/fastq/ERR357/004/ERR3573634/ERR3573634_1.fastq.gz;ftp.sra.ebi.ac.uk/vol1/fastq/ERR357/004/ERR3573634/ERR3573634_2.fastq.gz,ftp.sra.ebi.ac.uk/vol1/run/ERR357/ERR3573634/WTCHG_555220_202118.bam,,WTCHG_555220_202118,WAT-DW-100-WIN
PRJEB34634,SAMEA5989477,ERX3571873,ERR3573635,749907,sediment metagenome,ftp.sra.ebi.ac.uk/vol1/fastq/ERR357/005/ERR3573635/ERR3573635_1.fastq.gz;ftp.sra.ebi.ac.uk/vol1/fastq/ERR357/005/ERR3573635/ERR3573635_2.fastq.gz,ftp.sra.ebi.ac.uk/vol1/run/ERR357/ERR3573635/WTCHG_555216_202118.bam,,WTCHG_555216_202118,WAT-DW-100-WIN
PRJEB34634,SAMEA5989477,ERX3571874,ERR3573636,749907,sediment metagenome,ftp.sra.ebi.ac.uk/vol1/fastq/ERR357/006/ERR3573636/ERR3573636_1.fastq.gz;ftp.sra.ebi.ac.uk/vol1/fastq/ERR357/006/ERR3573636/ERR3573636_2.fastq.gz,ftp.sra.ebi.ac.uk/vol1/run/ERR357/ERR3573636/WTCHG_555215_202118.bam,,WTCHG_555215_202118,WAT-DW-100-WIN
PRJEB34634,SAMEA5989477,ERX3571875,ERR3573637,749907,sediment metagenome,ftp.sra.ebi.ac.uk/vol1/fastq/ERR357/007/ERR3573637/ERR3573637_1.fastq.gz;ftp.sra.ebi.ac.uk/vol1/fastq/ERR357/007/ERR3573637/ERR3573637_2.fastq.gz,ftp.sra.ebi.ac.uk/vol1/run/ERR357/ERR3573637/WTCHG_555218_202118.bam,,WTCHG_555218_202118,WAT-DW-100-WIN
PRJEB34634,SAMEA5989477,ERX3571876,ERR3573638,749907,sediment metagenome,ftp.sra.ebi.ac.uk/vol1/fastq/ERR357/008/ERR3573638/ERR3573638_1.fastq.gz;ftp.sra.ebi.ac.uk/vol1/fastq/ERR357/008/ERR3573638/ERR3573638_2.fastq.gz,ftp.sra.ebi.ac.uk/vol1/run/ERR357/ERR3573638/WTCHG_555217_202118.bam,,WTCHG_555217_202118,WAT-DW-100-WIN
PRJEB34634,SAMEA5989477,ERX3571877,ERR3573639,749907,sediment metagenome,ftp.sra.ebi.ac.uk/vol1/fastq/ERR357/009/ERR3573639/ERR3573639_1.fastq.gz;ftp.sra.ebi.ac.uk/vol1/fastq/ERR357/009/ERR3573639/ERR3573639_2.fastq.gz,ftp.sra.ebi.ac.uk/vol1/run/ERR357/ERR3573639/WTCHG_555221_202118.bam,,WTCHG_555221_202118,WAT-DW-100-WIN
PRJEB34634,SAMEA5989477,ERX3571878,ERR3573640,749907,sediment metagenome,ftp.sra.ebi.ac.uk/vol1/fastq/ERR357/000/ERR3573640/ERR3573640_1.fastq.gz;ftp.sra.ebi.ac.uk/vol1/fastq/ERR357/000/ERR3573640/ERR3573640_2.fastq.gz,ftp.sra.ebi.ac.uk/vol1/run/ERR357/ERR3573640/WTCHG_559241_202118.bam,,WTCHG_559241_202118,WAT-DW-100-WIN
PRJEB34634,SAMEA5989477,ERX3571879,ERR3573641,749907,sediment metagenome,ftp.sra.ebi.ac.uk/vol1/fastq/ERR357/001/ERR3573641/ERR3573641_1.fastq.gz;ftp.sra.ebi.ac.uk/vol1/fastq/ERR357/001/ERR3573641/ERR3573641_2.fastq.gz,ftp.sra.ebi.ac.uk/vol1/run/ERR357/ERR3573641/WTCHG_559244_202118.bam,,WTCHG_559244_202118,WAT-DW-100-WIN
PRJEB34634,SAMEA5989477,ERX3571880,ERR3573642,749907,sediment metagenome,ftp.sra.ebi.ac.uk/vol1/fastq/ERR357/002/ERR3573642/ERR3573642_1.fastq.gz;ftp.sra.ebi.ac.uk/vol1/fastq/ERR357/002/ERR3573642/ERR3573642_2.fastq.gz,ftp.sra.ebi.ac.uk/vol1/run/ERR357/ERR3573642/WTCHG_559242_202118.bam,,WTCHG_559242_202118,WAT-DW-100-WIN
PRJEB34634,SAMEA5989477,ERX3571881,ERR3573643,749907,sediment metagenome,ftp.sra.ebi.ac.uk/vol1/fastq/ERR357/003/ERR3573643/ERR3573643_1.fastq.gz;ftp.sra.ebi.ac.uk/vol1/fastq/ERR357/003/ERR3573643/ERR3573643_2.fastq.gz,ftp.sra.ebi.ac.uk/vol1/run/ERR357/ERR3573643/WTCHG_559243_202118.bam,,WTCHG_559243_202118,WAT-DW-100-WIN
PRJEB34634,SAMEA5989477,ERX3571882,ERR3573644,749907,sediment metagenome,ftp.sra.ebi.ac.uk/vol1/fastq/ERR357/004/ERR3573644/ERR3573644_1.fastq.gz;ftp.sra.ebi.ac.uk/vol1/fastq/ERR357/004/ERR3573644/ERR3573644_2.fastq.gz,ftp.sra.ebi.ac.uk/vol1/run/ERR357/ERR3573644/WTCHG_559240_202118.bam,,WTCHG_559240_202118,WAT-DW-100-WIN
PRJEB34634,SAMEA5989477,ERX3571883,ERR3573645,749907,sediment metagenome,ftp.sra.ebi.ac.uk/vol1/fastq/ERR357/005/ERR3573645/ERR3573645_1.fastq.gz;ftp.sra.ebi.ac.uk/vol1/fastq/ERR357/005/ERR3573645/ERR3573645_2.fastq.gz,ftp.sra.ebi.ac.uk/vol1/run/ERR357/ERR3573645/WTCHG_550636_296189.bam,,WTCHG_550636_296189,WAT-DW-1000-AUT
PRJEB34634,SAMEA5989477,ERX3571884,ERR3573646,749907,sediment metagenome,ftp.sra.ebi.ac.uk/vol1/fastq/ERR357/006/ERR3573646/ERR3573646_1.fastq.gz;ftp.sra.ebi.ac.uk/vol1/fastq/ERR357/006/ERR3573646/ERR3573646_2.fastq.gz,ftp.sra.ebi.ac.uk/vol1/run/ERR357/ERR3573646/WTCHG_551515_296189.bam,,WTCHG_551515_296189,WAT-DW-1000-AUT
PRJEB34634,SAMEA5989477,ERX3571885,ERR3573647,749907,sediment metagenome,ftp.sra.ebi.ac.uk/vol1/fastq/ERR357/007/ERR3573647/ERR3573647_1.fastq.gz;ftp.sra.ebi.ac.uk/vol1/fastq/ERR357/007/ERR3573647/ERR3573647_2.fastq.gz,ftp.sra.ebi.ac.uk/vol1/run/ERR357/ERR3573647/WTCHG_551514_296189.bam,,WTCHG_551514_296189,WAT-DW-1000-AUT
PRJEB34634,SAMEA5989477,ERX3571886,ERR3573648,749907,sediment metagenome,ftp.sra.ebi.ac.uk/vol1/fastq/ERR357/008/ERR3573648/ERR3573648_1.fastq.gz;ftp.sra.ebi.ac.uk/vol1/fastq/ERR357/008/ERR3573648/ERR3573648_2.fastq.gz,ftp.sra.ebi.ac.uk/vol1/run/ERR357/ERR3573648/WTCHG_554366_296189.bam,,WTCHG_554366_296189,WAT-DW-1000-AUT
PRJEB34634,SAMEA5989477,ERX3571887,ERR3573649,749907,sediment metagenome,ftp.sra.ebi.ac.uk/vol1/fastq/ERR357/009/ERR3573649/ERR3573649_1.fastq.gz;ftp.sra.ebi.ac.uk/vol1/fastq/ERR357/009/ERR3573649/ERR3573649_2.fastq.gz,ftp.sra.ebi.ac.uk/vol1/run/ERR357/ERR3573649/WTCHG_554367_296189.bam,,WTCHG_554367_296189,WAT-DW-1000-AUT
PRJEB34634,SAMEA5989477,ERX3571888,ERR3573650,749907,sediment metagenome,ftp.sra.ebi.ac.uk/vol1/fastq/ERR357/000/ERR3573650/ERR3573650_1.fastq.gz;ftp.sra.ebi.ac.uk/vol1/fastq/ERR357/000/ERR3573650/ERR3573650_2.fastq.gz,ftp.sra.ebi.ac.uk/vol1/run/ERR357/ERR3573650/WTCHG_555215_296189.bam,,WTCHG_555215_296189,WAT-DW-1000-AUT
PRJEB34634,SAMEA5989477,ERX3571889,ERR3573651,749907,sediment metagenome,ftp.sra.ebi.ac.uk/vol1/fastq/ERR357/001/ERR3573651/ERR3573651_1.fastq.gz;ftp.sra.ebi.ac.uk/vol1/fastq/ERR357/001/ERR3573651/ERR3573651_2.fastq.gz,ftp.sra.ebi.ac.uk/vol1/run/ERR357/ERR3573651/WTCHG_555214_296189.bam,,WTCHG_555214_296189,WAT-DW-1000-AUT
PRJEB34634,SAMEA5989477,ERX3571890,ERR3573652,749907,sediment metagenome,ftp.sra.ebi.ac.uk/vol1/fastq/ERR357/002/ERR3573652/ERR3573652_1.fastq.gz;ftp.sra.ebi.ac.uk/vol1/fastq/ERR357/002/ERR3573652/ERR3573652_2.fastq.gz,ftp.sra.ebi.ac.uk/vol1/run/ERR357/ERR3573652/WTCHG_555217_296189.bam,,WTCHG_555217_296189,WAT-DW-1000-AUT
PRJEB34634,SAMEA5989477,ERX3571891,ERR3573653,749907,sediment metagenome,ftp.sra.ebi.ac.uk/vol1/fastq/ERR357/003/ERR3573653/ERR3573653_1.fastq.gz;ftp.sra.ebi.ac.uk/vol1/fastq/ERR357/003/ERR3573653/ERR3573653_2.fastq.gz,ftp.sra.ebi.ac.uk/vol1/run/ERR357/ERR3573653/WTCHG_555221_296189.bam,,WTCHG_555221_296189,WAT-DW-1000-AUT
PRJEB34634,SAMEA5989477,ERX3571892,ERR3573654,749907,sediment metagenome,ftp.sra.ebi.ac.uk/vol1/fastq/ERR357/004/ERR3573654/ERR3573654_1.fastq.gz;ftp.sra.ebi.ac.uk/vol1/fastq/ERR357/004/ERR3573654/ERR3573654_2.fastq.gz,ftp.sra.ebi.ac.uk/vol1/run/ERR357/ERR3573654/WTCHG_555216_296189.bam,,WTCHG_555216_296189,WAT-DW-1000-AUT
PRJEB34634,SAMEA5989477,ERX3571893,ERR3573655,749907,sediment metagenome,ftp.sra.ebi.ac.uk/vol1/fastq/ERR357/005/ERR3573655/ERR3573655_1.fastq.gz;ftp.sra.ebi.ac.uk/vol1/fastq/ERR357/005/ERR3573655/ERR3573655_2.fastq.gz,ftp.sra.ebi.ac.uk/vol1/run/ERR357/ERR3573655/WTCHG_555219_296189.bam,,WTCHG_555219_296189,WAT-DW-1000-AUT
PRJEB34634,SAMEA5989477,ERX3571894,ERR3573656,749907,sediment metagenome,ftp.sra.ebi.ac.uk/vol1/fastq/ERR357/006/ERR3573656/ERR3573656_1.fastq.gz;ftp.sra.ebi.ac.uk/vol1/fastq/ERR357/006/ERR3573656/ERR3573656_2.fastq.gz,ftp.sra.ebi.ac.uk/vol1/run/ERR357/ERR3573656/WTCHG_555220_296189.bam,,WTCHG_555220_296189,WAT-DW-1000-AUT
PRJEB34634,SAMEA5989477,ERX3571895,ERR3573657,749907,sediment metagenome,ftp.sra.ebi.ac.uk/vol1/fastq/ERR357/007/ERR3573657/ERR3573657_1.fastq.gz;ftp.sra.ebi.ac.uk/vol1/fastq/ERR357/007/ERR3573657/ERR3573657_2.fastq.gz,ftp.sra.ebi.ac.uk/vol1/run/ERR357/ERR3573657/WTCHG_555218_296189.bam,,WTCHG_555218_296189,WAT-DW-1000-AUT
PRJEB34634,SAMEA5989477,ERX3571896,ERR3573658,749907,sediment metagenome,ftp.sra.ebi.ac.uk/vol1/fastq/ERR357/008/ERR3573658/ERR3573658_1.fastq.gz;ftp.sra.ebi.ac.uk/vol1/fastq/ERR357/008/ERR3573658/ERR3573658_2.fastq.gz,ftp.sra.ebi.ac.uk/vol1/run/ERR357/ERR3573658/WTCHG_559241_296189.bam,,WTCHG_559241_296189,WAT-DW-1000-AUT
PRJEB34634,SAMEA5989477,ERX3571897,ERR3573659,749907,sediment metagenome,ftp.sra.ebi.ac.uk/vol1/fastq/ERR357/009/ERR3573659/ERR3573659_1.fastq.gz;ftp.sra.ebi.ac.uk/vol1/fastq/ERR357/009/ERR3573659/ERR3573659_2.fastq.gz,ftp.sra.ebi.ac.uk/vol1/run/ERR357/ERR3573659/WTCHG_559240_296189.bam,,WTCHG_559240_296189,WAT-DW-1000-AUT
PRJEB34634,SAMEA5989477,ERX3571898,ERR3573660,749907,sediment metagenome,ftp.sra.ebi.ac.uk/vol1/fastq/ERR357/000/ERR3573660/ERR3573660_1.fastq.gz;ftp.sra.ebi.ac.uk/vol1/fastq/ERR357/000/ERR3573660/ERR3573660_2.fastq.gz,ftp.sra.ebi.ac.uk/vol1/run/ERR357/ERR3573660/WTCHG_559242_296189.bam,,WTCHG_559242_296189,WAT-DW-1000-AUT
PRJEB34634,SAMEA5989477,ERX3571899,ERR3573661,749907,sediment metagenome,ftp.sra.ebi.ac.uk/vol1/fastq/ERR357/001/ERR3573661/ERR3573661_1.fastq.gz;ftp.sra.ebi.ac.uk/vol1/fastq/ERR357/001/ERR3573661/ERR3573661_2.fastq.gz,ftp.sra.ebi.ac.uk/vol1/run/ERR357/ERR3573661/WTCHG_559244_296189.bam,,WTCHG_559244_296189,WAT-DW-1000-AUT
PRJEB34634,SAMEA5989477,ERX3571900,ERR3573662,749907,sediment metagenome,ftp.sra.ebi.ac.uk/vol1/fastq/ERR357/002/ERR3573662/ERR3573662_1.fastq.gz;ftp.sra.ebi.ac.uk/vol1/fastq/ERR357/002/ERR3573662/ERR3573662_2.fastq.gz,ftp.sra.ebi.ac.uk/vol1/run/ERR357/ERR3573662/WTCHG_559243_296189.bam,,WTCHG_559243_296189,WAT-DW-1000-AUT
PRJEB34634,SAMEA5989477,ERX3571901,ERR3573663,749907,sediment metagenome,ftp.sra.ebi.ac.uk/vol1/fastq/ERR357/003/ERR3573663/ERR3573663_1.fastq.gz;ftp.sra.ebi.ac.uk/vol1/fastq/ERR357/003/ERR3573663/ERR3573663_2.fastq.gz,ftp.sra.ebi.ac.uk/vol1/run/ERR357/ERR3573663/WTCHG_550636_291129.bam,,WTCHG_550636_291129,WAT-DW-1000-SUM
PRJEB34634,SAMEA5989477,ERX3571902,ERR3573664,749907,sediment metagenome,ftp.sra.ebi.ac.uk/vol1/fastq/ERR357/004/ERR3573664/ERR3573664_1.fastq.gz;ftp.sra.ebi.ac.uk/vol1/fastq/ERR357/004/ERR3573664/ERR3573664_2.fastq.gz,ftp.sra.ebi.ac.uk/vol1/run/ERR357/ERR3573664/WTCHG_551515_291129.bam,,WTCHG_551515_291129,WAT-DW-1000-SUM
PRJEB34634,SAMEA5989477,ERX3571903,ERR3573665,749907,sediment metagenome,ftp.sra.ebi.ac.uk/vol1/fastq/ERR357/005/ERR3573665/ERR3573665_1.fastq.gz;ftp.sra.ebi.ac.uk/vol1/fastq/ERR357/005/ERR3573665/ERR3573665_2.fastq.gz,ftp.sra.ebi.ac.uk/vol1/run/ERR357/ERR3573665/WTCHG_551514_291129.bam,,WTCHG_551514_291129,WAT-DW-1000-SUM
PRJEB34634,SAMEA5989477,ERX3571904,ERR3573666,749907,sediment metagenome,ftp.sra.ebi.ac.uk/vol1/fastq/ERR357/006/ERR3573666/ERR3573666_1.fastq.gz;ftp.sra.ebi.ac.uk/vol1/fastq/ERR357/006/ERR3573666/ERR3573666_2.fastq.gz,ftp.sra.ebi.ac.uk/vol1/run/ERR357/ERR3573666/WTCHG_554367_291129.bam,,WTCHG_554367_291129,WAT-DW-1000-SUM
PRJEB34634,SAMEA5989477,ERX3571905,ERR3573667,749907,sediment metagenome,ftp.sra.ebi.ac.uk/vol1/fastq/ERR357/007/ERR3573667/ERR3573667_1.fastq.gz;ftp.sra.ebi.ac.uk/vol1/fastq/ERR357/007/ERR3573667/ERR3573667_2.fastq.gz,ftp.sra.ebi.ac.uk/vol1/run/ERR357/ERR3573667/WTCHG_554366_291129.bam,,WTCHG_554366_291129,WAT-DW-1000-SUM
PRJEB34634,SAMEA5989477,ERX3571906,ERR3573668,749907,sediment metagenome,ftp.sra.ebi.ac.uk/vol1/fastq/ERR357/008/ERR3573668/ERR3573668_1.fastq.gz;ftp.sra.ebi.ac.uk/vol1/fastq/ERR357/008/ERR3573668/ERR3573668_2.fastq.gz,ftp.sra.ebi.ac.uk/vol1/run/ERR357/ERR3573668/WTCHG_555219_291129.bam,,WTCHG_555219_291129,WAT-DW-1000-SUM
PRJEB34634,SAMEA5989477,ERX3571907,ERR3573669,749907,sediment metagenome,ftp.sra.ebi.ac.uk/vol1/fastq/ERR357/009/ERR3573669/ERR3573669_1.fastq.gz;ftp.sra.ebi.ac.uk/vol1/fastq/ERR357/009/ERR3573669/ERR3573669_2.fastq.gz,ftp.sra.ebi.ac.uk/vol1/run/ERR357/ERR3573669/WTCHG_555217_291129.bam,,WTCHG_555217_291129,WAT-DW-1000-SUM
PRJEB34634,SAMEA5989477,ERX3571908,ERR3573670,749907,sediment metagenome,ftp.sra.ebi.ac.uk/vol1/fastq/ERR357/000/ERR3573670/ERR3573670_1.fastq.gz;ftp.sra.ebi.ac.uk/vol1/fastq/ERR357/000/ERR3573670/ERR3573670_2.fastq.gz,ftp.sra.ebi.ac.uk/vol1/run/ERR357/ERR3573670/WTCHG_555220_291129.bam,,WTCHG_555220_291129,WAT-DW-1000-SUM
PRJEB34634,SAMEA5989477,ERX3571909,ERR3573671,749907,sediment metagenome,ftp.sra.ebi.ac.uk/vol1/fastq/ERR357/001/ERR3573671/ERR3573671_1.fastq.gz;ftp.sra.ebi.ac.uk/vol1/fastq/ERR357/001/ERR3573671/ERR3573671_2.fastq.gz,ftp.sra.ebi.ac.uk/vol1/run/ERR357/ERR3573671/WTCHG_555216_291129.bam,,WTCHG_555216_291129,WAT-DW-1000-SUM
PRJEB34634,SAMEA5989477,ERX3571910,ERR3573672,749907,sediment metagenome,ftp.sra.ebi.ac.uk/vol1/fastq/ERR357/002/ERR3573672/ERR3573672_1.fastq.gz;ftp.sra.ebi.ac.uk/vol1/fastq/ERR357/002/ERR3573672/ERR3573672_2.fastq.gz,ftp.sra.ebi.ac.uk/vol1/run/ERR357/ERR3573672/WTCHG_555218_291129.bam,,WTCHG_555218_291129,WAT-DW-1000-SUM
PRJEB34634,SAMEA5989477,ERX3571911,ERR3573673,749907,sediment metagenome,ftp.sra.ebi.ac.uk/vol1/fastq/ERR357/003/ERR3573673/ERR3573673_1.fastq.gz;ftp.sra.ebi.ac.uk/vol1/fastq/ERR357/003/ERR3573673/ERR3573673_2.fastq.gz,ftp.sra.ebi.ac.uk/vol1/run/ERR357/ERR3573673/WTCHG_555221_291129.bam,,WTCHG_555221_291129,WAT-DW-1000-SUM
PRJEB34634,SAMEA5989477,ERX3571912,ERR3573674,749907,sediment metagenome,ftp.sra.ebi.ac.uk/vol1/fastq/ERR357/004/ERR3573674/ERR3573674_1.fastq.gz;ftp.sra.ebi.ac.uk/vol1/fastq/ERR357/004/ERR3573674/ERR3573674_2.fastq.gz,ftp.sra.ebi.ac.uk/vol1/run/ERR357/ERR3573674/WTCHG_555214_291129.bam,,WTCHG_555214_291129,WAT-DW-1000-SUM
PRJEB34634,SAMEA5989477,ERX3571913,ERR3573675,749907,sediment metagenome,ftp.sra.ebi.ac.uk/vol1/fastq/ERR357/005/ERR3573675/ERR3573675_1.fastq.gz;ftp.sra.ebi.ac.uk/vol1/fastq/ERR357/005/ERR3573675/ERR3573675_2.fastq.gz,ftp.sra.ebi.ac.uk/vol1/run/ERR357/ERR3573675/WTCHG_555215_291129.bam,,WTCHG_555215_291129,WAT-DW-1000-SUM
PRJEB34634,SAMEA5989477,ERX3571914,ERR3573676,749907,sediment metagenome,ftp.sra.ebi.ac.uk/vol1/fastq/ERR357/006/ERR3573676/ERR3573676_1.fastq.gz;ftp.sra.ebi.ac.uk/vol1/fastq/ERR357/006/ERR3573676/ERR3573676_2.fastq.gz,ftp.sra.ebi.ac.uk/vol1/run/ERR357/ERR3573676/WTCHG_559242_291129.bam,,WTCHG_559242_291129,WAT-DW-1000-SUM
PRJEB34634,SAMEA5989477,ERX3571915,ERR3573677,749907,sediment metagenome,ftp.sra.ebi.ac.uk/vol1/fastq/ERR357/007/ERR3573677/ERR3573677_1.fastq.gz;ftp.sra.ebi.ac.uk/vol1/fastq/ERR357/007/ERR3573677/ERR3573677_2.fastq.gz,ftp.sra.ebi.ac.uk/vol1/run/ERR357/ERR3573677/WTCHG_559243_291129.bam,,WTCHG_559243_291129,WAT-DW-1000-SUM
PRJEB34634,SAMEA5989477,ERX3571916,ERR3573678,749907,sediment metagenome,ftp.sra.ebi.ac.uk/vol1/fastq/ERR357/008/ERR3573678/ERR3573678_1.fastq.gz;ftp.sra.ebi.ac.uk/vol1/fastq/ERR357/008/ERR3573678/ERR3573678_2.fastq.gz,ftp.sra.ebi.ac.uk/vol1/run/ERR357/ERR3573678/WTCHG_559241_291129.bam,,WTCHG_559241_291129,WAT-DW-1000-SUM
PRJEB34634,SAMEA5989477,ERX3571917,ERR3573679,749907,sediment metagenome,ftp.sra.ebi.ac.uk/vol1/fastq/ERR357/009/ERR3573679/ERR3573679_1.fastq.gz;ftp.sra.ebi.ac.uk/vol1/fastq/ERR357/009/ERR3573679/ERR3573679_2.fastq.gz,ftp.sra.ebi.ac.uk/vol1/run/ERR357/ERR3573679/WTCHG_559244_291129.bam,,WTCHG_559244_291129,WAT-DW-1000-SUM
PRJEB34634,SAMEA5989477,ERX3571918,ERR3573680,749907,sediment metagenome,ftp.sra.ebi.ac.uk/vol1/fastq/ERR357/000/ERR3573680/ERR3573680_1.fastq.gz;ftp.sra.ebi.ac.uk/vol1/fastq/ERR357/000/ERR3573680/ERR3573680_2.fastq.gz,ftp.sra.ebi.ac.uk/vol1/run/ERR357/ERR3573680/WTCHG_559240_291129.bam,,WTCHG_559240_291129,WAT-DW-1000-SUM
PRJEB34634,SAMEA5989477,ERX3571919,ERR3573681,749907,sediment metagenome,ftp.sra.ebi.ac.uk/vol1/fastq/ERR357/001/ERR3573681/ERR3573681_1.fastq.gz;ftp.sra.ebi.ac.uk/vol1/fastq/ERR357/001/ERR3573681/ERR3573681_2.fastq.gz,ftp.sra.ebi.ac.uk/vol1/run/ERR357/ERR3573681/WTCHG_550636_205154.bam,,WTCHG_550636_205154,WAT-DW-1000-WIN
PRJEB34634,SAMEA5989477,ERX3571920,ERR3573682,749907,sediment metagenome,ftp.sra.ebi.ac.uk/vol1/fastq/ERR357/002/ERR3573682/ERR3573682_1.fastq.gz;ftp.sra.ebi.ac.uk/vol1/fastq/ERR357/002/ERR3573682/ERR3573682_2.fastq.gz,ftp.sra.ebi.ac.uk/vol1/run/ERR357/ERR3573682/WTCHG_551514_205154.bam,,WTCHG_551514_205154,WAT-DW-1000-WIN
PRJEB34634,SAMEA5989477,ERX3571921,ERR3573683,749907,sediment metagenome,ftp.sra.ebi.ac.uk/vol1/fastq/ERR357/003/ERR3573683/ERR3573683_1.fastq.gz;ftp.sra.ebi.ac.uk/vol1/fastq/ERR357/003/ERR3573683/ERR3573683_2.fastq.gz,ftp.sra.ebi.ac.uk/vol1/run/ERR357/ERR3573683/WTCHG_551515_205154.bam,,WTCHG_551515_205154,WAT-DW-1000-WIN
PRJEB34634,SAMEA5989477,ERX3571922,ERR3573684,749907,sediment metagenome,ftp.sra.ebi.ac.uk/vol1/fastq/ERR357/004/ERR3573684/ERR3573684_1.fastq.gz;ftp.sra.ebi.ac.uk/vol1/fastq/ERR357/004/ERR3573684/ERR3573684_2.fastq.gz,ftp.sra.ebi.ac.uk/vol1/run/ERR357/ERR3573684/WTCHG_554366_205154.bam,,WTCHG_554366_205154,WAT-DW-1000-WIN
PRJEB34634,SAMEA5989477,ERX3571923,ERR3573685,749907,sediment metagenome,ftp.sra.ebi.ac.uk/vol1/fastq/ERR357/005/ERR3573685/ERR3573685_1.fastq.gz;ftp.sra.ebi.ac.uk/vol1/fastq/ERR357/005/ERR3573685/ERR3573685_2.fastq.gz,ftp.sra.ebi.ac.uk/vol1/run/ERR357/ERR3573685/WTCHG_554367_205154.bam,,WTCHG_554367_205154,WAT-DW-1000-WIN
PRJEB34634,SAMEA5989477,ERX3571924,ERR3573686,749907,sediment metagenome,ftp.sra.ebi.ac.uk/vol1/fastq/ERR357/006/ERR3573686/ERR3573686_1.fastq.gz;ftp.sra.ebi.ac.uk/vol1/fastq/ERR357/006/ERR3573686/ERR3573686_2.fastq.gz,ftp.sra.ebi.ac.uk/vol1/run/ERR357/ERR3573686/WTCHG_555219_205154.bam,,WTCHG_555219_205154,WAT-DW-1000-WIN
PRJEB34634,SAMEA5989477,ERX3571925,ERR3573687,749907,sediment metagenome,ftp.sra.ebi.ac.uk/vol1/fastq/ERR357/007/ERR3573687/ERR3573687_1.fastq.gz;ftp.sra.ebi.ac.uk/vol1/fastq/ERR357/007/ERR3573687/ERR3573687_2.fastq.gz,ftp.sra.ebi.ac.uk/vol1/run/ERR357/ERR3573687/WTCHG_555218_205154.bam,,WTCHG_555218_205154,WAT-DW-1000-WIN
PRJEB34634,SAMEA5989477,ERX3571926,ERR3573688,749907,sediment metagenome,ftp.sra.ebi.ac.uk/vol1/fastq/ERR357/008/ERR3573688/ERR3573688_1.fastq.gz;ftp.sra.ebi.ac.uk/vol1/fastq/ERR357/008/ERR3573688/ERR3573688_2.fastq.gz,ftp.sra.ebi.ac.uk/vol1/run/ERR357/ERR3573688/WTCHG_555216_205154.bam,,WTCHG_555216_205154,WAT-DW-1000-WIN
PRJEB34634,SAMEA5989477,ERX3571927,ERR3573689,749907,sediment metagenome,ftp.sra.ebi.ac.uk/vol1/fastq/ERR357/009/ERR3573689/ERR3573689_1.fastq.gz;ftp.sra.ebi.ac.uk/vol1/fastq/ERR357/009/ERR3573689/ERR3573689_2.fastq.gz,ftp.sra.ebi.ac.uk/vol1/run/ERR357/ERR3573689/WTCHG_555214_205154.bam,,WTCHG_555214_205154,WAT-DW-1000-WIN
PRJEB34634,SAMEA5989477,ERX3571928,ERR3573690,749907,sediment metagenome,ftp.sra.ebi.ac.uk/vol1/fastq/ERR357/000/ERR3573690/ERR3573690_1.fastq.gz;ftp.sra.ebi.ac.uk/vol1/fastq/ERR357/000/ERR3573690/ERR3573690_2.fastq.gz,ftp.sra.ebi.ac.uk/vol1/run/ERR357/ERR3573690/WTCHG_555215_205154.bam,,WTCHG_555215_205154,WAT-DW-1000-WIN
PRJEB34634,SAMEA5989477,ERX3571929,ERR3573691,749907,sediment metagenome,ftp.sra.ebi.ac.uk/vol1/fastq/ERR357/001/ERR3573691/ERR3573691_1.fastq.gz;ftp.sra.ebi.ac.uk/vol1/fastq/ERR357/001/ERR3573691/ERR3573691_2.fastq.gz,ftp.sra.ebi.ac.uk/vol1/run/ERR357/ERR3573691/WTCHG_555220_205154.bam,,WTCHG_555220_205154,WAT-DW-1000-WIN
PRJEB34634,SAMEA5989477,ERX3571930,ERR3573692,749907,sediment metagenome,ftp.sra.ebi.ac.uk/vol1/fastq/ERR357/002/ERR3573692/ERR3573692_1.fastq.gz;ftp.sra.ebi.ac.uk/vol1/fastq/ERR357/002/ERR3573692/ERR3573692_2.fastq.gz,ftp.sra.ebi.ac.uk/vol1/run/ERR357/ERR3573692/WTCHG_555217_205154.bam,,WTCHG_555217_205154,WAT-DW-1000-WIN
PRJEB34634,SAMEA5989477,ERX3571931,ERR3573693,749907,sediment metagenome,ftp.sra.ebi.ac.uk/vol1/fastq/ERR357/003/ERR3573693/ERR3573693_1.fastq.gz;ftp.sra.ebi.ac.uk/vol1/fastq/ERR357/003/ERR3573693/ERR3573693_2.fastq.gz,ftp.sra.ebi.ac.uk/vol1/run/ERR357/ERR3573693/WTCHG_555221_205154.bam,,WTCHG_555221_205154,WAT-DW-1000-WIN
PRJEB34634,SAMEA5989477,ERX3571932,ERR3573694,749907,sediment metagenome,ftp.sra.ebi.ac.uk/vol1/fastq/ERR357/004/ERR3573694/ERR3573694_1.fastq.gz;ftp.sra.ebi.ac.uk/vol1/fastq/ERR357/004/ERR3573694/ERR3573694_2.fastq.gz,ftp.sra.ebi.ac.uk/vol1/run/ERR357/ERR3573694/WTCHG_559240_205154.bam,,WTCHG_559240_205154,WAT-DW-1000-WIN
PRJEB34634,SAMEA5989477,ERX3571933,ERR3573695,749907,sediment metagenome,ftp.sra.ebi.ac.uk/vol1/fastq/ERR357/005/ERR3573695/ERR3573695_1.fastq.gz;ftp.sra.ebi.ac.uk/vol1/fastq/ERR357/005/ERR3573695/ERR3573695_2.fastq.gz,ftp.sra.ebi.ac.uk/vol1/run/ERR357/ERR3573695/WTCHG_559242_205154.bam,,WTCHG_559242_205154,WAT-DW-1000-WIN
PRJEB34634,SAMEA5989477,ERX3571934,ERR3573696,749907,sediment metagenome,ftp.sra.ebi.ac.uk/vol1/fastq/ERR357/006/ERR3573696/ERR3573696_1.fastq.gz;ftp.sra.ebi.ac.uk/vol1/fastq/ERR357/006/ERR3573696/ERR3573696_2.fastq.gz,ftp.sra.ebi.ac.uk/vol1/run/ERR357/ERR3573696/WTCHG_559243_205154.bam,,WTCHG_559243_205154,WAT-DW-1000-WIN
PRJEB34634,SAMEA5989477,ERX3571935,ERR3573697,749907,sediment metagenome,ftp.sra.ebi.ac.uk/vol1/fastq/ERR357/007/ERR3573697/ERR3573697_1.fastq.gz;ftp.sra.ebi.ac.uk/vol1/fastq/ERR357/007/ERR3573697/ERR3573697_2.fastq.gz,ftp.sra.ebi.ac.uk/vol1/run/ERR357/ERR3573697/WTCHG_559244_205154.bam,,WTCHG_559244_205154,WAT-DW-1000-WIN
PRJEB34634,SAMEA5989477,ERX3571936,ERR3573698,749907,sediment metagenome,ftp.sra.ebi.ac.uk/vol1/fastq/ERR357/008/ERR3573698/ERR3573698_1.fastq.gz;ftp.sra.ebi.ac.uk/vol1/fastq/ERR357/008/ERR3573698/ERR3573698_2.fastq.gz,ftp.sra.ebi.ac.uk/vol1/run/ERR357/ERR3573698/WTCHG_559241_205154.bam,,WTCHG_559241_205154,WAT-DW-1000-WIN
PRJEB34634,SAMEA5989477,ERX3571937,ERR3573699,749907,sediment metagenome,ftp.sra.ebi.ac.uk/vol1/fastq/ERR357/009/ERR3573699/ERR3573699_1.fastq.gz;ftp.sra.ebi.ac.uk/vol1/fastq/ERR357/009/ERR3573699/ERR3573699_2.fastq.gz,ftp.sra.ebi.ac.uk/vol1/run/ERR357/ERR3573699/WTCHG_550636_294165.bam,,WTCHG_550636_294165,WAT-DW-250-AUT
PRJEB34634,SAMEA5989477,ERX3571938,ERR3573700,749907,sediment metagenome,ftp.sra.ebi.ac.uk/vol1/fastq/ERR357/000/ERR3573700/ERR3573700_1.fastq.gz;ftp.sra.ebi.ac.uk/vol1/fastq/ERR357/000/ERR3573700/ERR3573700_2.fastq.gz,ftp.sra.ebi.ac.uk/vol1/run/ERR357/ERR3573700/WTCHG_551515_294165.bam,,WTCHG_551515_294165,WAT-DW-250-AUT
PRJEB34634,SAMEA5989477,ERX3571939,ERR3573701,749907,sediment metagenome,ftp.sra.ebi.ac.uk/vol1/fastq/ERR357/001/ERR3573701/ERR3573701_1.fastq.gz;ftp.sra.ebi.ac.uk/vol1/fastq/ERR357/001/ERR3573701/ERR3573701_2.fastq.gz,ftp.sra.ebi.ac.uk/vol1/run/ERR357/ERR3573701/WTCHG_551514_294165.bam,,WTCHG_551514_294165,WAT-DW-250-AUT
PRJEB34634,SAMEA5989477,ERX3571940,ERR3573702,749907,sediment metagenome,ftp.sra.ebi.ac.uk/vol1/fastq/ERR357/002/ERR3573702/ERR3573702_1.fastq.gz;ftp.sra.ebi.ac.uk/vol1/fastq/ERR357/002/ERR3573702/ERR3573702_2.fastq.gz,ftp.sra.ebi.ac.uk/vol1/run/ERR357/ERR3573702/WTCHG_554366_294165.bam,,WTCHG_554366_294165,WAT-DW-250-AUT
PRJEB34634,SAMEA5989477,ERX3571941,ERR3573703,749907,sediment metagenome,ftp.sra.ebi.ac.uk/vol1/fastq/ERR357/003/ERR3573703/ERR3573703_1.fastq.gz;ftp.sra.ebi.ac.uk/vol1/fastq/ERR357/003/ERR3573703/ERR3573703_2.fastq.gz,ftp.sra.ebi.ac.uk/vol1/run/ERR357/ERR3573703/WTCHG_554367_294165.bam,,WTCHG_554367_294165,WAT-DW-250-AUT
PRJEB34634,SAMEA5989477,ERX3571942,ERR3573704,749907,sediment metagenome,ftp.sra.ebi.ac.uk/vol1/fastq/ERR357/004/ERR3573704/ERR3573704_1.fastq.gz;ftp.sra.ebi.ac.uk/vol1/fastq/ERR357/004/ERR3573704/ERR3573704_2.fastq.gz,ftp.sra.ebi.ac.uk/vol1/run/ERR357/ERR3573704/WTCHG_555216_294165.bam,,WTCHG_555216_294165,WAT-DW-250-AUT
PRJEB34634,SAMEA5989477,ERX3571943,ERR3573705,749907,sediment metagenome,ftp.sra.ebi.ac.uk/vol1/fastq/ERR357/005/ERR3573705/ERR3573705_1.fastq.gz;ftp.sra.ebi.ac.uk/vol1/fastq/ERR357/005/ERR3573705/ERR3573705_2.fastq.gz,ftp.sra.ebi.ac.uk/vol1/run/ERR357/ERR3573705/WTCHG_555217_294165.bam,,WTCHG_555217_294165,WAT-DW-250-AUT
PRJEB34634,SAMEA5989477,ERX3571944,ERR3573706,749907,sediment metagenome,ftp.sra.ebi.ac.uk/vol1/fastq/ERR357/006/ERR3573706/ERR3573706_1.fastq.gz;ftp.sra.ebi.ac.uk/vol1/fastq/ERR357/006/ERR3573706/ERR3573706_2.fastq.gz,ftp.sra.ebi.ac.uk/vol1/run/ERR357/ERR3573706/WTCHG_555218_294165.bam,,WTCHG_555218_294165,WAT-DW-250-AUT
PRJEB34634,SAMEA5989477,ERX3571945,ERR3573707,749907,sediment metagenome,ftp.sra.ebi.ac.uk/vol1/fastq/ERR357/007/ERR3573707/ERR3573707_1.fastq.gz;ftp.sra.ebi.ac.uk/vol1/fastq/ERR357/007/ERR3573707/ERR3573707_2.fastq.gz,ftp.sra.ebi.ac.uk/vol1/run/ERR357/ERR3573707/WTCHG_555215_294165.bam,,WTCHG_555215_294165,WAT-DW-250-AUT
PRJEB34634,SAMEA5989477,ERX3571946,ERR3573708,749907,sediment metagenome,ftp.sra.ebi.ac.uk/vol1/fastq/ERR357/008/ERR3573708/ERR3573708_1.fastq.gz;ftp.sra.ebi.ac.uk/vol1/fastq/ERR357/008/ERR3573708/ERR3573708_2.fastq.gz,ftp.sra.ebi.ac.uk/vol1/run/ERR357/ERR3573708/WTCHG_555221_294165.bam,,WTCHG_555221_294165,WAT-DW-250-AUT
PRJEB34634,SAMEA5989477,ERX3571947,ERR3573709,749907,sediment metagenome,ftp.sra.ebi.ac.uk/vol1/fastq/ERR357/009/ERR3573709/ERR3573709_1.fastq.gz;ftp.sra.ebi.ac.uk/vol1/fastq/ERR357/009/ERR3573709/ERR3573709_2.fastq.gz,ftp.sra.ebi.ac.uk/vol1/run/ERR357/ERR3573709/WTCHG_555219_294165.bam,,WTCHG_555219_294165,WAT-DW-250-AUT
PRJEB34634,SAMEA5989477,ERX3571948,ERR3573710,749907,sediment metagenome,ftp.sra.ebi.ac.uk/vol1/fastq/ERR357/000/ERR3573710/ERR3573710_1.fastq.gz;ftp.sra.ebi.ac.uk/vol1/fastq/ERR357/000/ERR3573710/ERR3573710_2.fastq.gz,ftp.sra.ebi.ac.uk/vol1/run/ERR357/ERR3573710/WTCHG_555220_294165.bam,,WTCHG_555220_294165,WAT-DW-250-AUT
PRJEB34634,SAMEA5989477,ERX3571949,ERR3573711,749907,sediment metagenome,ftp.sra.ebi.ac.uk/vol1/fastq/ERR357/001/ERR3573711/ERR3573711_1.fastq.gz;ftp.sra.ebi.ac.uk/vol1/fastq/ERR357/001/ERR3573711/ERR3573711_2.fastq.gz,ftp.sra.ebi.ac.uk/vol1/run/ERR357/ERR3573711/WTCHG_555214_294165.bam,,WTCHG_555214_294165,WAT-DW-250-AUT
PRJEB34634,SAMEA5989477,ERX3571950,ERR3573712,749907,sediment metagenome,ftp.sra.ebi.ac.uk/vol1/fastq/ERR357/002/ERR3573712/ERR3573712_1.fastq.gz;ftp.sra.ebi.ac.uk/vol1/fastq/ERR357/002/ERR3573712/ERR3573712_2.fastq.gz,ftp.sra.ebi.ac.uk/vol1/run/ERR357/ERR3573712/WTCHG_559240_294165.bam,,WTCHG_559240_294165,WAT-DW-250-AUT
PRJEB34634,SAMEA5989477,ERX3571951,ERR3573713,749907,sediment metagenome,ftp.sra.ebi.ac.uk/vol1/fastq/ERR357/003/ERR3573713/ERR3573713_1.fastq.gz;ftp.sra.ebi.ac.uk/vol1/fastq/ERR357/003/ERR3573713/ERR3573713_2.fastq.gz,ftp.sra.ebi.ac.uk/vol1/run/ERR357/ERR3573713/WTCHG_559242_294165.bam,,WTCHG_559242_294165,WAT-DW-250-AUT
PRJEB34634,SAMEA5989477,ERX3571952,ERR3573714,749907,sediment metagenome,ftp.sra.ebi.ac.uk/vol1/fastq/ERR357/004/ERR3573714/ERR3573714_1.fastq.gz;ftp.sra.ebi.ac.uk/vol1/fastq/ERR357/004/ERR3573714/ERR3573714_2.fastq.gz,ftp.sra.ebi.ac.uk/vol1/run/ERR357/ERR3573714/WTCHG_559243_294165.bam,,WTCHG_559243_294165,WAT-DW-250-AUT
PRJEB34634,SAMEA5989477,ERX3571953,ERR3573715,749907,sediment metagenome,ftp.sra.ebi.ac.uk/vol1/fastq/ERR357/005/ERR3573715/ERR3573715_1.fastq.gz;ftp.sra.ebi.ac.uk/vol1/fastq/ERR357/005/ERR3573715/ERR3573715_2.fastq.gz,ftp.sra.ebi.ac.uk/vol1/run/ERR357/ERR3573715/WTCHG_559241_294165.bam,,WTCHG_559241_294165,WAT-DW-250-AUT
PRJEB34634,SAMEA5989477,ERX3571954,ERR3573716,749907,sediment metagenome,ftp.sra.ebi.ac.uk/vol1/fastq/ERR357/006/ERR3573716/ERR3573716_1.fastq.gz;ftp.sra.ebi.ac.uk/vol1/fastq/ERR357/006/ERR3573716/ERR3573716_2.fastq.gz,ftp.sra.ebi.ac.uk/vol1/run/ERR357/ERR3573716/WTCHG_559244_294165.bam,,WTCHG_559244_294165,WAT-DW-250-AUT
PRJEB34634,SAMEA5989477,ERX3571955,ERR3573717,749907,sediment metagenome,ftp.sra.ebi.ac.uk/vol1/fastq/ERR357/007/ERR3573717/ERR3573717_1.fastq.gz;ftp.sra.ebi.ac.uk/vol1/fastq/ERR357/007/ERR3573717/ERR3573717_2.fastq.gz,ftp.sra.ebi.ac.uk/vol1/run/ERR357/ERR3573717/WTCHG_550636_289105.bam,,WTCHG_550636_289105,WAT-DW-250-SUM
PRJEB34634,SAMEA5989477,ERX3571956,ERR3573718,749907,sediment metagenome,ftp.sra.ebi.ac.uk/vol1/fastq/ERR357/008/ERR3573718/ERR3573718_1.fastq.gz;ftp.sra.ebi.ac.uk/vol1/fastq/ERR357/008/ERR3573718/ERR3573718_2.fastq.gz,ftp.sra.ebi.ac.uk/vol1/run/ERR357/ERR3573718/WTCHG_551515_289105.bam,,WTCHG_551515_289105,WAT-DW-250-SUM
PRJEB34634,SAMEA5989477,ERX3571957,ERR3573719,749907,sediment metagenome,ftp.sra.ebi.ac.uk/vol1/fastq/ERR357/009/ERR3573719/ERR3573719_1.fastq.gz;ftp.sra.ebi.ac.uk/vol1/fastq/ERR357/009/ERR3573719/ERR3573719_2.fastq.gz,ftp.sra.ebi.ac.uk/vol1/run/ERR357/ERR3573719/WTCHG_551514_289105.bam,,WTCHG_551514_289105,WAT-DW-250-SUM
PRJEB34634,SAMEA5989477,ERX3571958,ERR3573720,749907,sediment metagenome,ftp.sra.ebi.ac.uk/vol1/fastq/ERR357/000/ERR3573720/ERR3573720_1.fastq.gz;ftp.sra.ebi.ac.uk/vol1/fastq/ERR357/000/ERR3573720/ERR3573720_2.fastq.gz,ftp.sra.ebi.ac.uk/vol1/run/ERR357/ERR3573720/WTCHG_554367_289105.bam,,WTCHG_554367_289105,WAT-DW-250-SUM
PRJEB34634,SAMEA5989477,ERX3571959,ERR3573721,749907,sediment metagenome,ftp.sra.ebi.ac.uk/vol1/fastq/ERR357/001/ERR3573721/ERR3573721_1.fastq.gz;ftp.sra.ebi.ac.uk/vol1/fastq/ERR357/001/ERR3573721/ERR3573721_2.fastq.gz,ftp.sra.ebi.ac.uk/vol1/run/ERR357/ERR3573721/WTCHG_554366_289105.bam,,WTCHG_554366_289105,WAT-DW-250-SUM
PRJEB34634,SAMEA5989477,ERX3571960,ERR3573722,749907,sediment metagenome,ftp.sra.ebi.ac.uk/vol1/fastq/ERR357/002/ERR3573722/ERR3573722_1.fastq.gz;ftp.sra.ebi.ac.uk/vol1/fastq/ERR357/002/ERR3573722/ERR3573722_2.fastq.gz,ftp.sra.ebi.ac.uk/vol1/run/ERR357/ERR3573722/WTCHG_555215_289105.bam,,WTCHG_555215_289105,WAT-DW-250-SUM
PRJEB34634,SAMEA5989477,ERX3571961,ERR3573723,749907,sediment metagenome,ftp.sra.ebi.ac.uk/vol1/fastq/ERR357/003/ERR3573723/ERR3573723_1.fastq.gz;ftp.sra.ebi.ac.uk/vol1/fastq/ERR357/003/ERR3573723/ERR3573723_2.fastq.gz,ftp.sra.ebi.ac.uk/vol1/run/ERR357/ERR3573723/WTCHG_555218_289105.bam,,WTCHG_555218_289105,WAT-DW-250-SUM
PRJEB34634,SAMEA5989477,ERX3571962,ERR3573724,749907,sediment metagenome,ftp.sra.ebi.ac.uk/vol1/fastq/ERR357/004/ERR3573724/ERR3573724_1.fastq.gz;ftp.sra.ebi.ac.uk/vol1/fastq/ERR357/004/ERR3573724/ERR3573724_2.fastq.gz,ftp.sra.ebi.ac.uk/vol1/run/ERR357/ERR3573724/WTCHG_555217_289105.bam,,WTCHG_555217_289105,WAT-DW-250-SUM
PRJEB34634,SAMEA5989477,ERX3571963,ERR3573725,749907,sediment metagenome,ftp.sra.ebi.ac.uk/vol1/fastq/ERR357/005/ERR3573725/ERR3573725_1.fastq.gz;ftp.sra.ebi.ac.uk/vol1/fastq/ERR357/005/ERR3573725/ERR3573725_2.fastq.gz,ftp.sra.ebi.ac.uk/vol1/run/ERR357/ERR3573725/WTCHG_555214_289105.bam,,WTCHG_555214_289105,WAT-DW-250-SUM
PRJEB34634,SAMEA5989477,ERX3571964,ERR3573726,749907,sediment metagenome,ftp.sra.ebi.ac.uk/vol1/fastq/ERR357/006/ERR3573726/ERR3573726_1.fastq.gz;ftp.sra.ebi.ac.uk/vol1/fastq/ERR357/006/ERR3573726/ERR3573726_2.fastq.gz,ftp.sra.ebi.ac.uk/vol1/run/ERR357/ERR3573726/WTCHG_555221_289105.bam,,WTCHG_555221_289105,WAT-DW-250-SUM
PRJEB34634,SAMEA5989477,ERX3571965,ERR3573727,749907,sediment metagenome,ftp.sra.ebi.ac.uk/vol1/fastq/ERR357/007/ERR3573727/ERR3573727_1.fastq.gz;ftp.sra.ebi.ac.uk/vol1/fastq/ERR357/007/ERR3573727/ERR3573727_2.fastq.gz,ftp.sra.ebi.ac.uk/vol1/run/ERR357/ERR3573727/WTCHG_555220_289105.bam,,WTCHG_555220_289105,WAT-DW-250-SUM
PRJEB34634,SAMEA5989477,ERX3571966,ERR3573728,749907,sediment metagenome,ftp.sra.ebi.ac.uk/vol1/fastq/ERR357/008/ERR3573728/ERR3573728_1.fastq.gz;ftp.sra.ebi.ac.uk/vol1/fastq/ERR357/008/ERR3573728/ERR3573728_2.fastq.gz,ftp.sra.ebi.ac.uk/vol1/run/ERR357/ERR3573728/WTCHG_555219_289105.bam,,WTCHG_555219_289105,WAT-DW-250-SUM
PRJEB34634,SAMEA5989477,ERX3571967,ERR3573729,749907,sediment metagenome,ftp.sra.ebi.ac.uk/vol1/fastq/ERR357/009/ERR3573729/ERR3573729_1.fastq.gz;ftp.sra.ebi.ac.uk/vol1/fastq/ERR357/009/ERR3573729/ERR3573729_2.fastq.gz,ftp.sra.ebi.ac.uk/vol1/run/ERR357/ERR3573729/WTCHG_555216_289105.bam,,WTCHG_555216_289105,WAT-DW-250-SUM
PRJEB34634,SAMEA5989477,ERX3571968,ERR3573730,749907,sediment metagenome,ftp.sra.ebi.ac.uk/vol1/fastq/ERR357/000/ERR3573730/ERR3573730_1.fastq.gz;ftp.sra.ebi.ac.uk/vol1/fastq/ERR357/000/ERR3573730/ERR3573730_2.fastq.gz,ftp.sra.ebi.ac.uk/vol1/run/ERR357/ERR3573730/WTCHG_559244_289105.bam,,WTCHG_559244_289105,WAT-DW-250-SUM
PRJEB34634,SAMEA5989477,ERX3571969,ERR3573731,749907,sediment metagenome,ftp.sra.ebi.ac.uk/vol1/fastq/ERR357/001/ERR3573731/ERR3573731_1.fastq.gz;ftp.sra.ebi.ac.uk/vol1/fastq/ERR357/001/ERR3573731/ERR3573731_2.fastq.gz,ftp.sra.ebi.ac.uk/vol1/run/ERR357/ERR3573731/WTCHG_559240_289105.bam,,WTCHG_559240_289105,WAT-DW-250-SUM
PRJEB34634,SAMEA5989477,ERX3571970,ERR3573732,749907,sediment metagenome,ftp.sra.ebi.ac.uk/vol1/fastq/ERR357/002/ERR3573732/ERR3573732_1.fastq.gz;ftp.sra.ebi.ac.uk/vol1/fastq/ERR357/002/ERR3573732/ERR3573732_2.fastq.gz,ftp.sra.ebi.ac.uk/vol1/run/ERR357/ERR3573732/WTCHG_559242_289105.bam,,WTCHG_559242_289105,WAT-DW-250-SUM
PRJEB34634,SAMEA5989477,ERX3571971,ERR3573733,749907,sediment metagenome,ftp.sra.ebi.ac.uk/vol1/fastq/ERR357/003/ERR3573733/ERR3573733_1.fastq.gz;ftp.sra.ebi.ac.uk/vol1/fastq/ERR357/003/ERR3573733/ERR3573733_2.fastq.gz,ftp.sra.ebi.ac.uk/vol1/run/ERR357/ERR3573733/WTCHG_559241_289105.bam,,WTCHG_559241_289105,WAT-DW-250-SUM
PRJEB34634,SAMEA5989477,ERX3571972,ERR3573734,749907,sediment metagenome,ftp.sra.ebi.ac.uk/vol1/fastq/ERR357/004/ERR3573734/ERR3573734_1.fastq.gz;ftp.sra.ebi.ac.uk/vol1/fastq/ERR357/004/ERR3573734/ERR3573734_2.fastq.gz,ftp.sra.ebi.ac.uk/vol1/run/ERR357/ERR3573734/WTCHG_559243_289105.bam,,WTCHG_559243_289105,WAT-DW-250-SUM
PRJEB34634,SAMEA5989477,ERX3571973,ERR3573735,749907,sediment metagenome,ftp.sra.ebi.ac.uk/vol1/fastq/ERR357/005/ERR3573735/ERR3573735_1.fastq.gz;ftp.sra.ebi.ac.uk/vol1/fastq/ERR357/005/ERR3573735/ERR3573735_2.fastq.gz,ftp.sra.ebi.ac.uk/vol1/run/ERR357/ERR3573735/WTCHG_550636_203130.bam,,WTCHG_550636_203130,WAT-DW-250-WIN
PRJEB34634,SAMEA5989477,ERX3571974,ERR3573736,749907,sediment metagenome,ftp.sra.ebi.ac.uk/vol1/fastq/ERR357/006/ERR3573736/ERR3573736_1.fastq.gz;ftp.sra.ebi.ac.uk/vol1/fastq/ERR357/006/ERR3573736/ERR3573736_2.fastq.gz,ftp.sra.ebi.ac.uk/vol1/run/ERR357/ERR3573736/WTCHG_551514_203130.bam,,WTCHG_551514_203130,WAT-DW-250-WIN
PRJEB34634,SAMEA5989477,ERX3571975,ERR3573737,749907,sediment metagenome,ftp.sra.ebi.ac.uk/vol1/fastq/ERR357/007/ERR3573737/ERR3573737_1.fastq.gz;ftp.sra.ebi.ac.uk/vol1/fastq/ERR357/007/ERR3573737/ERR3573737_2.fastq.gz,ftp.sra.ebi.ac.uk/vol1/run/ERR357/ERR3573737/WTCHG_551515_203130.bam,,WTCHG_551515_203130,WAT-DW-250-WIN
PRJEB34634,SAMEA5989477,ERX3571976,ERR3573738,749907,sediment metagenome,ftp.sra.ebi.ac.uk/vol1/fastq/ERR357/008/ERR3573738/ERR3573738_1.fastq.gz;ftp.sra.ebi.ac.uk/vol1/fastq/ERR357/008/ERR3573738/ERR3573738_2.fastq.gz,ftp.sra.ebi.ac.uk/vol1/run/ERR357/ERR3573738/WTCHG_554367_203130.bam,,WTCHG_554367_203130,WAT-DW-250-WIN
PRJEB34634,SAMEA5989477,ERX3571977,ERR3573739,749907,sediment metagenome,ftp.sra.ebi.ac.uk/vol1/fastq/ERR357/009/ERR3573739/ERR3573739_1.fastq.gz;ftp.sra.ebi.ac.uk/vol1/fastq/ERR357/009/ERR3573739/ERR3573739_2.fastq.gz,ftp.sra.ebi.ac.uk/vol1/run/ERR357/ERR3573739/WTCHG_554366_203130.bam,,WTCHG_554366_203130,WAT-DW-250-WIN
PRJEB34634,SAMEA5989477,ERX3571978,ERR3573740,749907,sediment metagenome,ftp.sra.ebi.ac.uk/vol1/fastq/ERR357/000/ERR3573740/ERR3573740_1.fastq.gz;ftp.sra.ebi.ac.uk/vol1/fastq/ERR357/000/ERR3573740/ERR3573740_2.fastq.gz,ftp.sra.ebi.ac.uk/vol1/run/ERR357/ERR3573740/WTCHG_555216_203130.bam,,WTCHG_555216_203130,WAT-DW-250-WIN
PRJEB34634,SAMEA5989477,ERX3571979,ERR3573741,749907,sediment metagenome,ftp.sra.ebi.ac.uk/vol1/fastq/ERR357/001/ERR3573741/ERR3573741_1.fastq.gz;ftp.sra.ebi.ac.uk/vol1/fastq/ERR357/001/ERR3573741/ERR3573741_2.fastq.gz,ftp.sra.ebi.ac.uk/vol1/run/ERR357/ERR3573741/WTCHG_555218_203130.bam,,WTCHG_555218_203130,WAT-DW-250-WIN
PRJEB34634,SAMEA5989477,ERX3571980,ERR3573742,749907,sediment metagenome,ftp.sra.ebi.ac.uk/vol1/fastq/ERR357/002/ERR3573742/ERR3573742_1.fastq.gz;ftp.sra.ebi.ac.uk/vol1/fastq/ERR357/002/ERR3573742/ERR3573742_2.fastq.gz,ftp.sra.ebi.ac.uk/vol1/run/ERR357/ERR3573742/WTCHG_555214_203130.bam,,WTCHG_555214_203130,WAT-DW-250-WIN
PRJEB34634,SAMEA5989477,ERX3571981,ERR3573743,749907,sediment metagenome,ftp.sra.ebi.ac.uk/vol1/fastq/ERR357/003/ERR3573743/ERR3573743_1.fastq.gz;ftp.sra.ebi.ac.uk/vol1/fastq/ERR357/003/ERR3573743/ERR3573743_2.fastq.gz,ftp.sra.ebi.ac.uk/vol1/run/ERR357/ERR3573743/WTCHG_555220_203130.bam,,WTCHG_555220_203130,WAT-DW-250-WIN
PRJEB34634,SAMEA5989477,ERX3571982,ERR3573744,749907,sediment metagenome,ftp.sra.ebi.ac.uk/vol1/fastq/ERR357/004/ERR3573744/ERR3573744_1.fastq.gz;ftp.sra.ebi.ac.uk/vol1/fastq/ERR357/004/ERR3573744/ERR3573744_2.fastq.gz,ftp.sra.ebi.ac.uk/vol1/run/ERR357/ERR3573744/WTCHG_555221_203130.bam,,WTCHG_555221_203130,WAT-DW-250-WIN
PRJEB34634,SAMEA5989477,ERX3571983,ERR3573745,749907,sediment metagenome,ftp.sra.ebi.ac.uk/vol1/fastq/ERR357/005/ERR3573745/ERR3573745_1.fastq.gz;ftp.sra.ebi.ac.uk/vol1/fastq/ERR357/005/ERR3573745/ERR3573745_2.fastq.gz,ftp.sra.ebi.ac.uk/vol1/run/ERR357/ERR3573745/WTCHG_555215_203130.bam,,WTCHG_555215_203130,WAT-DW-250-WIN
PRJEB34634,SAMEA5989477,ERX3571984,ERR3573746,749907,sediment metagenome,ftp.sra.ebi.ac.uk/vol1/fastq/ERR357/006/ERR3573746/ERR3573746_1.fastq.gz;ftp.sra.ebi.ac.uk/vol1/fastq/ERR357/006/ERR3573746/ERR3573746_2.fastq.gz,ftp.sra.ebi.ac.uk/vol1/run/ERR357/ERR3573746/WTCHG_555219_203130.bam,,WTCHG_555219_203130,WAT-DW-250-WIN
PRJEB34634,SAMEA5989477,ERX3571985,ERR3573747,749907,sediment metagenome,ftp.sra.ebi.ac.uk/vol1/fastq/ERR357/007/ERR3573747/ERR3573747_1.fastq.gz;ftp.sra.ebi.ac.uk/vol1/fastq/ERR357/007/ERR3573747/ERR3573747_2.fastq.gz,ftp.sra.ebi.ac.uk/vol1/run/ERR357/ERR3573747/WTCHG_555217_203130.bam,,WTCHG_555217_203130,WAT-DW-250-WIN
PRJEB34634,SAMEA5989477,ERX3571986,ERR3573748,749907,sediment metagenome,ftp.sra.ebi.ac.uk/vol1/fastq/ERR357/008/ERR3573748/ERR3573748_1.fastq.gz;ftp.sra.ebi.ac.uk/vol1/fastq/ERR357/008/ERR3573748/ERR3573748_2.fastq.gz,ftp.sra.ebi.ac.uk/vol1/run/ERR357/ERR3573748/WTCHG_559242_203130.bam,,WTCHG_559242_203130,WAT-DW-250-WIN
PRJEB34634,SAMEA5989477,ERX3571987,ERR3573749,749907,sediment metagenome,ftp.sra.ebi.ac.uk/vol1/fastq/ERR357/009/ERR3573749/ERR3573749_1.fastq.gz;ftp.sra.ebi.ac.uk/vol1/fastq/ERR357/009/ERR3573749/ERR3573749_2.fastq.gz,ftp.sra.ebi.ac.uk/vol1/run/ERR357/ERR3573749/WTCHG_559243_203130.bam,,WTCHG_559243_203130,WAT-DW-250-WIN
PRJEB34634,SAMEA5989477,ERX3571988,ERR3573750,749907,sediment metagenome,ftp.sra.ebi.ac.uk/vol1/fastq/ERR357/000/ERR3573750/ERR3573750_1.fastq.gz;ftp.sra.ebi.ac.uk/vol1/fastq/ERR357/000/ERR3573750/ERR3573750_2.fastq.gz,ftp.sra.ebi.ac.uk/vol1/run/ERR357/ERR3573750/WTCHG_559240_203130.bam,,WTCHG_559240_203130,WAT-DW-250-WIN
PRJEB34634,SAMEA5989477,ERX3571989,ERR3573751,749907,sediment metagenome,ftp.sra.ebi.ac.uk/vol1/fastq/ERR357/001/ERR3573751/ERR3573751_1.fastq.gz;ftp.sra.ebi.ac.uk/vol1/fastq/ERR357/001/ERR3573751/ERR3573751_2.fastq.gz,ftp.sra.ebi.ac.uk/vol1/run/ERR357/ERR3573751/WTCHG_559241_203130.bam,,WTCHG_559241_203130,WAT-DW-250-WIN
PRJEB34634,SAMEA5989477,ERX3571990,ERR3573752,749907,sediment metagenome,ftp.sra.ebi.ac.uk/vol1/fastq/ERR357/002/ERR3573752/ERR3573752_1.fastq.gz;ftp.sra.ebi.ac.uk/vol1/fastq/ERR357/002/ERR3573752/ERR3573752_2.fastq.gz,ftp.sra.ebi.ac.uk/vol1/run/ERR357/ERR3573752/WTCHG_559244_203130.bam,,WTCHG_559244_203130,WAT-DW-250-WIN
PRJEB34634,SAMEA5989477,ERX3571991,ERR3573753,749907,sediment metagenome,ftp.sra.ebi.ac.uk/vol1/fastq/ERR357/003/ERR3573753/ERR3573753_1.fastq.gz;ftp.sra.ebi.ac.uk/vol1/fastq/ERR357/003/ERR3573753/ERR3573753_2.fastq.gz,ftp.sra.ebi.ac.uk/vol1/run/ERR357/ERR3573753/WTCHG_550636_295177.bam,,WTCHG_550636_295177,WAT-DW-500-AUT
PRJEB34634,SAMEA5989477,ERX3571992,ERR3573754,749907,sediment metagenome,ftp.sra.ebi.ac.uk/vol1/fastq/ERR357/004/ERR3573754/ERR3573754_1.fastq.gz;ftp.sra.ebi.ac.uk/vol1/fastq/ERR357/004/ERR3573754/ERR3573754_2.fastq.gz,ftp.sra.ebi.ac.uk/vol1/run/ERR357/ERR3573754/WTCHG_551514_295177.bam,,WTCHG_551514_295177,WAT-DW-500-AUT
PRJEB34634,SAMEA5989477,ERX3571993,ERR3573755,749907,sediment metagenome,ftp.sra.ebi.ac.uk/vol1/fastq/ERR357/005/ERR3573755/ERR3573755_1.fastq.gz;ftp.sra.ebi.ac.uk/vol1/fastq/ERR357/005/ERR3573755/ERR3573755_2.fastq.gz,ftp.sra.ebi.ac.uk/vol1/run/ERR357/ERR3573755/WTCHG_551515_295177.bam,,WTCHG_551515_295177,WAT-DW-500-AUT
PRJEB34634,SAMEA5989477,ERX3571994,ERR3573756,749907,sediment metagenome,ftp.sra.ebi.ac.uk/vol1/fastq/ERR357/006/ERR3573756/ERR3573756_1.fastq.gz;ftp.sra.ebi.ac.uk/vol1/fastq/ERR357/006/ERR3573756/ERR3573756_2.fastq.gz,ftp.sra.ebi.ac.uk/vol1/run/ERR357/ERR3573756/WTCHG_554367_295177.bam,,WTCHG_554367_295177,WAT-DW-500-AUT
PRJEB34634,SAMEA5989477,ERX3571995,ERR3573757,749907,sediment metagenome,ftp.sra.ebi.ac.uk/vol1/fastq/ERR357/007/ERR3573757/ERR3573757_1.fastq.gz;ftp.sra.ebi.ac.uk/vol1/fastq/ERR357/007/ERR3573757/ERR3573757_2.fastq.gz,ftp.sra.ebi.ac.uk/vol1/run/ERR357/ERR3573757/WTCHG_554366_295177.bam,,WTCHG_554366_295177,WAT-DW-500-AUT
PRJEB34634,SAMEA5989477,ERX3571996,ERR3573758,749907,sediment metagenome,ftp.sra.ebi.ac.uk/vol1/fastq/ERR357/008/ERR3573758/ERR3573758_1.fastq.gz;ftp.sra.ebi.ac.uk/vol1/fastq/ERR357/008/ERR3573758/ERR3573758_2.fastq.gz,ftp.sra.ebi.ac.uk/vol1/run/ERR357/ERR3573758/WTCHG_555219_295177.bam,,WTCHG_555219_295177,WAT-DW-500-AUT
PRJEB34634,SAMEA5989477,ERX3571997,ERR3573759,749907,sediment metagenome,ftp.sra.ebi.ac.uk/vol1/fastq/ERR357/009/ERR3573759/ERR3573759_1.fastq.gz;ftp.sra.ebi.ac.uk/vol1/fastq/ERR357/009/ERR3573759/ERR3573759_2.fastq.gz,ftp.sra.ebi.ac.uk/vol1/run/ERR357/ERR3573759/WTCHG_555214_295177.bam,,WTCHG_555214_295177,WAT-DW-500-AUT
PRJEB34634,SAMEA5989477,ERX3571998,ERR3573760,749907,sediment metagenome,ftp.sra.ebi.ac.uk/vol1/fastq/ERR357/000/ERR3573760/ERR3573760_1.fastq.gz;ftp.sra.ebi.ac.uk/vol1/fastq/ERR357/000/ERR3573760/ERR3573760_2.fastq.gz,ftp.sra.ebi.ac.uk/vol1/run/ERR357/ERR3573760/WTCHG_555221_295177.bam,,WTCHG_555221_295177,WAT-DW-500-AUT
PRJEB34634,SAMEA5989477,ERX3571999,ERR3573761,749907,sediment metagenome,ftp.sra.ebi.ac.uk/vol1/fastq/ERR357/001/ERR3573761/ERR3573761_1.fastq.gz;ftp.sra.ebi.ac.uk/vol1/fastq/ERR357/001/ERR3573761/ERR3573761_2.fastq.gz,ftp.sra.ebi.ac.uk/vol1/run/ERR357/ERR3573761/WTCHG_555217_295177.bam,,WTCHG_555217_295177,WAT-DW-500-AUT
PRJEB34634,SAMEA5989477,ERX3572000,ERR3573762,749907,sediment metagenome,ftp.sra.ebi.ac.uk/vol1/fastq/ERR357/002/ERR3573762/ERR3573762_1.fastq.gz;ftp.sra.ebi.ac.uk/vol1/fastq/ERR357/002/ERR3573762/ERR3573762_2.fastq.gz,ftp.sra.ebi.ac.uk/vol1/run/ERR357/ERR3573762/WTCHG_555220_295177.bam,,WTCHG_555220_295177,WAT-DW-500-AUT
PRJEB34634,SAMEA5989477,ERX3572001,ERR3573763,749907,sediment metagenome,ftp.sra.ebi.ac.uk/vol1/fastq/ERR357/003/ERR3573763/ERR3573763_1.fastq.gz;ftp.sra.ebi.ac.uk/vol1/fastq/ERR357/003/ERR3573763/ERR3573763_2.fastq.gz,ftp.sra.ebi.ac.uk/vol1/run/ERR357/ERR3573763/WTCHG_555216_295177.bam,,WTCHG_555216_295177,WAT-DW-500-AUT
PRJEB34634,SAMEA5989477,ERX3572002,ERR3573764,749907,sediment metagenome,ftp.sra.ebi.ac.uk/vol1/fastq/ERR357/004/ERR3573764/ERR3573764_1.fastq.gz;ftp.sra.ebi.ac.uk/vol1/fastq/ERR357/004/ERR3573764/ERR3573764_2.fastq.gz,ftp.sra.ebi.ac.uk/vol1/run/ERR357/ERR3573764/WTCHG_555215_295177.bam,,WTCHG_555215_295177,WAT-DW-500-AUT
PRJEB34634,SAMEA5989477,ERX3572003,ERR3573765,749907,sediment metagenome,ftp.sra.ebi.ac.uk/vol1/fastq/ERR357/005/ERR3573765/ERR3573765_1.fastq.gz;ftp.sra.ebi.ac.uk/vol1/fastq/ERR357/005/ERR3573765/ERR3573765_2.fastq.gz,ftp.sra.ebi.ac.uk/vol1/run/ERR357/ERR3573765/WTCHG_555218_295177.bam,,WTCHG_555218_295177,WAT-DW-500-AUT
PRJEB34634,SAMEA5989477,ERX3572004,ERR3573766,749907,sediment metagenome,ftp.sra.ebi.ac.uk/vol1/fastq/ERR357/006/ERR3573766/ERR3573766_1.fastq.gz;ftp.sra.ebi.ac.uk/vol1/fastq/ERR357/006/ERR3573766/ERR3573766_2.fastq.gz,ftp.sra.ebi.ac.uk/vol1/run/ERR357/ERR3573766/WTCHG_559241_295177.bam,,WTCHG_559241_295177,WAT-DW-500-AUT
PRJEB34634,SAMEA5989477,ERX3572005,ERR3573767,749907,sediment metagenome,ftp.sra.ebi.ac.uk/vol1/fastq/ERR357/007/ERR3573767/ERR3573767_1.fastq.gz;ftp.sra.ebi.ac.uk/vol1/fastq/ERR357/007/ERR3573767/ERR3573767_2.fastq.gz,ftp.sra.ebi.ac.uk/vol1/run/ERR357/ERR3573767/WTCHG_559244_295177.bam,,WTCHG_559244_295177,WAT-DW-500-AUT
PRJEB34634,SAMEA5989477,ERX3572006,ERR3573768,749907,sediment metagenome,ftp.sra.ebi.ac.uk/vol1/fastq/ERR357/008/ERR3573768/ERR3573768_1.fastq.gz;ftp.sra.ebi.ac.uk/vol1/fastq/ERR357/008/ERR3573768/ERR3573768_2.fastq.gz,ftp.sra.ebi.ac.uk/vol1/run/ERR357/ERR3573768/WTCHG_559242_295177.bam,,WTCHG_559242_295177,WAT-DW-500-AUT
PRJEB34634,SAMEA5989477,ERX3572007,ERR3573769,749907,sediment metagenome,ftp.sra.ebi.ac.uk/vol1/fastq/ERR357/009/ERR3573769/ERR3573769_1.fastq.gz;ftp.sra.ebi.ac.uk/vol1/fastq/ERR357/009/ERR3573769/ERR3573769_2.fastq.gz,ftp.sra.ebi.ac.uk/vol1/run/ERR357/ERR3573769/WTCHG_559240_295177.bam,,WTCHG_559240_295177,WAT-DW-500-AUT
PRJEB34634,SAMEA5989477,ERX3572008,ERR3573770,749907,sediment metagenome,ftp.sra.ebi.ac.uk/vol1/fastq/ERR357/000/ERR3573770/ERR3573770_1.fastq.gz;ftp.sra.ebi.ac.uk/vol1/fastq/ERR357/000/ERR3573770/ERR3573770_2.fastq.gz,ftp.sra.ebi.ac.uk/vol1/run/ERR357/ERR3573770/WTCHG_559243_295177.bam,,WTCHG_559243_295177,WAT-DW-500-AUT
PRJEB34634,SAMEA5989477,ERX3572009,ERR3573771,749907,sediment metagenome,ftp.sra.ebi.ac.uk/vol1/fastq/ERR357/001/ERR3573771/ERR3573771_1.fastq.gz;ftp.sra.ebi.ac.uk/vol1/fastq/ERR357/001/ERR3573771/ERR3573771_2.fastq.gz,ftp.sra.ebi.ac.uk/vol1/run/ERR357/ERR3573771/WTCHG_550636_290117.bam,,WTCHG_550636_290117,WAT-DW-500-SUM
PRJEB34634,SAMEA5989477,ERX3572010,ERR3573772,749907,sediment metagenome,ftp.sra.ebi.ac.uk/vol1/fastq/ERR357/002/ERR3573772/ERR3573772_1.fastq.gz;ftp.sra.ebi.ac.uk/vol1/fastq/ERR357/002/ERR3573772/ERR3573772_2.fastq.gz,ftp.sra.ebi.ac.uk/vol1/run/ERR357/ERR3573772/WTCHG_551514_290117.bam,,WTCHG_551514_290117,WAT-DW-500-SUM
PRJEB34634,SAMEA5989477,ERX3572011,ERR3573773,749907,sediment metagenome,ftp.sra.ebi.ac.uk/vol1/fastq/ERR357/003/ERR3573773/ERR3573773_1.fastq.gz;ftp.sra.ebi.ac.uk/vol1/fastq/ERR357/003/ERR3573773/ERR3573773_2.fastq.gz,ftp.sra.ebi.ac.uk/vol1/run/ERR357/ERR3573773/WTCHG_551515_290117.bam,,WTCHG_551515_290117,WAT-DW-500-SUM
PRJEB34634,SAMEA5989477,ERX3572012,ERR3573774,749907,sediment metagenome,ftp.sra.ebi.ac.uk/vol1/fastq/ERR357/004/ERR3573774/ERR3573774_1.fastq.gz;ftp.sra.ebi.ac.uk/vol1/fastq/ERR357/004/ERR3573774/ERR3573774_2.fastq.gz,ftp.sra.ebi.ac.uk/vol1/run/ERR357/ERR3573774/WTCHG_554367_290117.bam,,WTCHG_554367_290117,WAT-DW-500-SUM
PRJEB34634,SAMEA5989477,ERX3572013,ERR3573775,749907,sediment metagenome,ftp.sra.ebi.ac.uk/vol1/fastq/ERR357/005/ERR3573775/ERR3573775_1.fastq.gz;ftp.sra.ebi.ac.uk/vol1/fastq/ERR357/005/ERR3573775/ERR3573775_2.fastq.gz,ftp.sra.ebi.ac.uk/vol1/run/ERR357/ERR3573775/WTCHG_554366_290117.bam,,WTCHG_554366_290117,WAT-DW-500-SUM
PRJEB34634,SAMEA5989477,ERX3572014,ERR3573776,749907,sediment metagenome,ftp.sra.ebi.ac.uk/vol1/fastq/ERR357/006/ERR3573776/ERR3573776_1.fastq.gz;ftp.sra.ebi.ac.uk/vol1/fastq/ERR357/006/ERR3573776/ERR3573776_2.fastq.gz,ftp.sra.ebi.ac.uk/vol1/run/ERR357/ERR3573776/WTCHG_555220_290117.bam,,WTCHG_555220_290117,WAT-DW-500-SUM
PRJEB34634,SAMEA5989477,ERX3572015,ERR3573777,749907,sediment metagenome,ftp.sra.ebi.ac.uk/vol1/fastq/ERR357/007/ERR3573777/ERR3573777_1.fastq.gz;ftp.sra.ebi.ac.uk/vol1/fastq/ERR357/007/ERR3573777/ERR3573777_2.fastq.gz,ftp.sra.ebi.ac.uk/vol1/run/ERR357/ERR3573777/WTCHG_555221_290117.bam,,WTCHG_555221_290117,WAT-DW-500-SUM
PRJEB34634,SAMEA5989477,ERX3572016,ERR3573778,749907,sediment metagenome,ftp.sra.ebi.ac.uk/vol1/fastq/ERR357/008/ERR3573778/ERR3573778_1.fastq.gz;ftp.sra.ebi.ac.uk/vol1/fastq/ERR357/008/ERR3573778/ERR3573778_2.fastq.gz,ftp.sra.ebi.ac.uk/vol1/run/ERR357/ERR3573778/WTCHG_555217_290117.bam,,WTCHG_555217_290117,WAT-DW-500-SUM
PRJEB34634,SAMEA5989477,ERX3572017,ERR3573779,749907,sediment metagenome,ftp.sra.ebi.ac.uk/vol1/fastq/ERR357/009/ERR3573779/ERR3573779_1.fastq.gz;ftp.sra.ebi.ac.uk/vol1/fastq/ERR357/009/ERR3573779/ERR3573779_2.fastq.gz,ftp.sra.ebi.ac.uk/vol1/run/ERR357/ERR3573779/WTCHG_555216_290117.bam,,WTCHG_555216_290117,WAT-DW-500-SUM
PRJEB34634,SAMEA5989477,ERX3572018,ERR3573780,749907,sediment metagenome,ftp.sra.ebi.ac.uk/vol1/fastq/ERR357/000/ERR3573780/ERR3573780_1.fastq.gz;ftp.sra.ebi.ac.uk/vol1/fastq/ERR357/000/ERR3573780/ERR3573780_2.fastq.gz,ftp.sra.ebi.ac.uk/vol1/run/ERR357/ERR3573780/WTCHG_555215_290117.bam,,WTCHG_555215_290117,WAT-DW-500-SUM
PRJEB34634,SAMEA5989477,ERX3572019,ERR3573781,749907,sediment metagenome,ftp.sra.ebi.ac.uk/vol1/fastq/ERR357/001/ERR3573781/ERR3573781_1.fastq.gz;ftp.sra.ebi.ac.uk/vol1/fastq/ERR357/001/ERR3573781/ERR3573781_2.fastq.gz,ftp.sra.ebi.ac.uk/vol1/run/ERR357/ERR3573781/WTCHG_555214_290117.bam,,WTCHG_555214_290117,WAT-DW-500-SUM
PRJEB34634,SAMEA5989477,ERX3572020,ERR3573782,749907,sediment metagenome,ftp.sra.ebi.ac.uk/vol1/fastq/ERR357/002/ERR3573782/ERR3573782_1.fastq.gz;ftp.sra.ebi.ac.uk/vol1/fastq/ERR357/002/ERR3573782/ERR3573782_2.fastq.gz,ftp.sra.ebi.ac.uk/vol1/run/ERR357/ERR3573782/WTCHG_555219_290117.bam,,WTCHG_555219_290117,WAT-DW-500-SUM
PRJEB34634,SAMEA5989477,ERX3572021,ERR3573783,749907,sediment metagenome,ftp.sra.ebi.ac.uk/vol1/fastq/ERR357/003/ERR3573783/ERR3573783_1.fastq.gz;ftp.sra.ebi.ac.uk/vol1/fastq/ERR357/003/ERR3573783/ERR3573783_2.fastq.gz,ftp.sra.ebi.ac.uk/vol1/run/ERR357/ERR3573783/WTCHG_555218_290117.bam,,WTCHG_555218_290117,WAT-DW-500-SUM
PRJEB34634,SAMEA5989477,ERX3572022,ERR3573784,749907,sediment metagenome,ftp.sra.ebi.ac.uk/vol1/fastq/ERR357/004/ERR3573784/ERR3573784_1.fastq.gz;ftp.sra.ebi.ac.uk/vol1/fastq/ERR357/004/ERR3573784/ERR3573784_2.fastq.gz,ftp.sra.ebi.ac.uk/vol1/run/ERR357/ERR3573784/WTCHG_559244_290117.bam,,WTCHG_559244_290117,WAT-DW-500-SUM
PRJEB34634,SAMEA5989477,ERX3572023,ERR3573785,749907,sediment metagenome,ftp.sra.ebi.ac.uk/vol1/fastq/ERR357/005/ERR3573785/ERR3573785_1.fastq.gz;ftp.sra.ebi.ac.uk/vol1/fastq/ERR357/005/ERR3573785/ERR3573785_2.fastq.gz,ftp.sra.ebi.ac.uk/vol1/run/ERR357/ERR3573785/WTCHG_559242_290117.bam,,WTCHG_559242_290117,WAT-DW-500-SUM
PRJEB34634,SAMEA5989477,ERX3572024,ERR3573786,749907,sediment metagenome,ftp.sra.ebi.ac.uk/vol1/fastq/ERR357/006/ERR3573786/ERR3573786_1.fastq.gz;ftp.sra.ebi.ac.uk/vol1/fastq/ERR357/006/ERR3573786/ERR3573786_2.fastq.gz,ftp.sra.ebi.ac.uk/vol1/run/ERR357/ERR3573786/WTCHG_559241_290117.bam,,WTCHG_559241_290117,WAT-DW-500-SUM
PRJEB34634,SAMEA5989477,ERX3572025,ERR3573787,749907,sediment metagenome,ftp.sra.ebi.ac.uk/vol1/fastq/ERR357/007/ERR3573787/ERR3573787_1.fastq.gz;ftp.sra.ebi.ac.uk/vol1/fastq/ERR357/007/ERR3573787/ERR3573787_2.fastq.gz,ftp.sra.ebi.ac.uk/vol1/run/ERR357/ERR3573787/WTCHG_559240_290117.bam,,WTCHG_559240_290117,WAT-DW-500-SUM
PRJEB34634,SAMEA5989477,ERX3572026,ERR3573788,749907,sediment metagenome,ftp.sra.ebi.ac.uk/vol1/fastq/ERR357/008/ERR3573788/ERR3573788_1.fastq.gz;ftp.sra.ebi.ac.uk/vol1/fastq/ERR357/008/ERR3573788/ERR3573788_2.fastq.gz,ftp.sra.ebi.ac.uk/vol1/run/ERR357/ERR3573788/WTCHG_559243_290117.bam,,WTCHG_559243_290117,WAT-DW-500-SUM
PRJEB34634,SAMEA5989477,ERX3572027,ERR3573789,749907,sediment metagenome,ftp.sra.ebi.ac.uk/vol1/fastq/ERR357/009/ERR3573789/ERR3573789_1.fastq.gz;ftp.sra.ebi.ac.uk/vol1/fastq/ERR357/009/ERR3573789/ERR3573789_2.fastq.gz,ftp.sra.ebi.ac.uk/vol1/run/ERR357/ERR3573789/WTCHG_550636_204142.bam,,WTCHG_550636_204142,WAT-DW-500-WIN
PRJEB34634,SAMEA5989477,ERX3572028,ERR3573790,749907,sediment metagenome,ftp.sra.ebi.ac.uk/vol1/fastq/ERR357/000/ERR3573790/ERR3573790_1.fastq.gz;ftp.sra.ebi.ac.uk/vol1/fastq/ERR357/000/ERR3573790/ERR3573790_2.fastq.gz,ftp.sra.ebi.ac.uk/vol1/run/ERR357/ERR3573790/WTCHG_551514_204142.bam,,WTCHG_551514_204142,WAT-DW-500-WIN
PRJEB34634,SAMEA5989477,ERX3572029,ERR3573791,749907,sediment metagenome,ftp.sra.ebi.ac.uk/vol1/fastq/ERR357/001/ERR3573791/ERR3573791_1.fastq.gz;ftp.sra.ebi.ac.uk/vol1/fastq/ERR357/001/ERR3573791/ERR3573791_2.fastq.gz,ftp.sra.ebi.ac.uk/vol1/run/ERR357/ERR3573791/WTCHG_551515_204142.bam,,WTCHG_551515_204142,WAT-DW-500-WIN
PRJEB34634,SAMEA5989477,ERX3572030,ERR3573792,749907,sediment metagenome,ftp.sra.ebi.ac.uk/vol1/fastq/ERR357/002/ERR3573792/ERR3573792_1.fastq.gz;ftp.sra.ebi.ac.uk/vol1/fastq/ERR357/002/ERR3573792/ERR3573792_2.fastq.gz,ftp.sra.ebi.ac.uk/vol1/run/ERR357/ERR3573792/WTCHG_554366_204142.bam,,WTCHG_554366_204142,WAT-DW-500-WIN
PRJEB34634,SAMEA5989477,ERX3572031,ERR3573793,749907,sediment metagenome,ftp.sra.ebi.ac.uk/vol1/fastq/ERR357/003/ERR3573793/ERR3573793_1.fastq.gz;ftp.sra.ebi.ac.uk/vol1/fastq/ERR357/003/ERR3573793/ERR3573793_2.fastq.gz,ftp.sra.ebi.ac.uk/vol1/run/ERR357/ERR3573793/WTCHG_554367_204142.bam,,WTCHG_554367_204142,WAT-DW-500-WIN
PRJEB34634,SAMEA5989477,ERX3572032,ERR3573794,749907,sediment metagenome,ftp.sra.ebi.ac.uk/vol1/fastq/ERR357/004/ERR3573794/ERR3573794_1.fastq.gz;ftp.sra.ebi.ac.uk/vol1/fastq/ERR357/004/ERR3573794/ERR3573794_2.fastq.gz,ftp.sra.ebi.ac.uk/vol1/run/ERR357/ERR3573794/WTCHG_555217_204142.bam,,WTCHG_555217_204142,WAT-DW-500-WIN
PRJEB34634,SAMEA5989477,ERX3572033,ERR3573795,749907,sediment metagenome,ftp.sra.ebi.ac.uk/vol1/fastq/ERR357/005/ERR3573795/ERR3573795_1.fastq.gz;ftp.sra.ebi.ac.uk/vol1/fastq/ERR357/005/ERR3573795/ERR3573795_2.fastq.gz,ftp.sra.ebi.ac.uk/vol1/run/ERR357/ERR3573795/WTCHG_555220_204142.bam,,WTCHG_555220_204142,WAT-DW-500-WIN
PRJEB34634,SAMEA5989477,ERX3572034,ERR3573796,749907,sediment metagenome,ftp.sra.ebi.ac.uk/vol1/fastq/ERR357/006/ERR3573796/ERR3573796_1.fastq.gz;ftp.sra.ebi.ac.uk/vol1/fastq/ERR357/006/ERR3573796/ERR3573796_2.fastq.gz,ftp.sra.ebi.ac.uk/vol1/run/ERR357/ERR3573796/WTCHG_555216_204142.bam,,WTCHG_555216_204142,WAT-DW-500-WIN
PRJEB34634,SAMEA5989477,ERX3572035,ERR3573797,749907,sediment metagenome,ftp.sra.ebi.ac.uk/vol1/fastq/ERR357/007/ERR3573797/ERR3573797_1.fastq.gz;ftp.sra.ebi.ac.uk/vol1/fastq/ERR357/007/ERR3573797/ERR3573797_2.fastq.gz,ftp.sra.ebi.ac.uk/vol1/run/ERR357/ERR3573797/WTCHG_555221_204142.bam,,WTCHG_555221_204142,WAT-DW-500-WIN
PRJEB34634,SAMEA5989477,ERX3572036,ERR3573798,749907,sediment metagenome,ftp.sra.ebi.ac.uk/vol1/fastq/ERR357/008/ERR3573798/ERR3573798_1.fastq.gz;ftp.sra.ebi.ac.uk/vol1/fastq/ERR357/008/ERR3573798/ERR3573798_2.fastq.gz,ftp.sra.ebi.ac.uk/vol1/run/ERR357/ERR3573798/WTCHG_555214_204142.bam,,WTCHG_555214_204142,WAT-DW-500-WIN
PRJEB34634,SAMEA5989477,ERX3572037,ERR3573799,749907,sediment metagenome,ftp.sra.ebi.ac.uk/vol1/fastq/ERR357/009/ERR3573799/ERR3573799_1.fastq.gz;ftp.sra.ebi.ac.uk/vol1/fastq/ERR357/009/ERR3573799/ERR3573799_2.fastq.gz,ftp.sra.ebi.ac.uk/vol1/run/ERR357/ERR3573799/WTCHG_555218_204142.bam,,WTCHG_555218_204142,WAT-DW-500-WIN
PRJEB34634,SAMEA5989477,ERX3572038,ERR3573800,749907,sediment metagenome,ftp.sra.ebi.ac.uk/vol1/fastq/ERR357/000/ERR3573800/ERR3573800_1.fastq.gz;ftp.sra.ebi.ac.uk/vol1/fastq/ERR357/000/ERR3573800/ERR3573800_2.fastq.gz,ftp.sra.ebi.ac.uk/vol1/run/ERR357/ERR3573800/WTCHG_555219_204142.bam,,WTCHG_555219_204142,WAT-DW-500-WIN
PRJEB34634,SAMEA5989477,ERX3572039,ERR3573801,749907,sediment metagenome,ftp.sra.ebi.ac.uk/vol1/fastq/ERR357/001/ERR3573801/ERR3573801_1.fastq.gz;ftp.sra.ebi.ac.uk/vol1/fastq/ERR357/001/ERR3573801/ERR3573801_2.fastq.gz,ftp.sra.ebi.ac.uk/vol1/run/ERR357/ERR3573801/WTCHG_555215_204142.bam,,WTCHG_555215_204142,WAT-DW-500-WIN
PRJEB34634,SAMEA5989477,ERX3572040,ERR3573802,749907,sediment metagenome,ftp.sra.ebi.ac.uk/vol1/fastq/ERR357/002/ERR3573802/ERR3573802_1.fastq.gz;ftp.sra.ebi.ac.uk/vol1/fastq/ERR357/002/ERR3573802/ERR3573802_2.fastq.gz,ftp.sra.ebi.ac.uk/vol1/run/ERR357/ERR3573802/WTCHG_559241_204142.bam,,WTCHG_559241_204142,WAT-DW-500-WIN
PRJEB34634,SAMEA5989477,ERX3572041,ERR3573803,749907,sediment metagenome,ftp.sra.ebi.ac.uk/vol1/fastq/ERR357/003/ERR3573803/ERR3573803_1.fastq.gz;ftp.sra.ebi.ac.uk/vol1/fastq/ERR357/003/ERR3573803/ERR3573803_2.fastq.gz,ftp.sra.ebi.ac.uk/vol1/run/ERR357/ERR3573803/WTCHG_559243_204142.bam,,WTCHG_559243_204142,WAT-DW-500-WIN
PRJEB34634,SAMEA5989477,ERX3572042,ERR3573804,749907,sediment metagenome,ftp.sra.ebi.ac.uk/vol1/fastq/ERR357/004/ERR3573804/ERR3573804_1.fastq.gz;ftp.sra.ebi.ac.uk/vol1/fastq/ERR357/004/ERR3573804/ERR3573804_2.fastq.gz,ftp.sra.ebi.ac.uk/vol1/run/ERR357/ERR3573804/WTCHG_559240_204142.bam,,WTCHG_559240_204142,WAT-DW-500-WIN
PRJEB34634,SAMEA5989477,ERX3572043,ERR3573805,749907,sediment metagenome,ftp.sra.ebi.ac.uk/vol1/fastq/ERR357/005/ERR3573805/ERR3573805_1.fastq.gz;ftp.sra.ebi.ac.uk/vol1/fastq/ERR357/005/ERR3573805/ERR3573805_2.fastq.gz,ftp.sra.ebi.ac.uk/vol1/run/ERR357/ERR3573805/WTCHG_559242_204142.bam,,WTCHG_559242_204142,WAT-DW-500-WIN
PRJEB34634,SAMEA5989477,ERX3572044,ERR3573806,749907,sediment metagenome,ftp.sra.ebi.ac.uk/vol1/fastq/ERR357/006/ERR3573806/ERR3573806_1.fastq.gz;ftp.sra.ebi.ac.uk/vol1/fastq/ERR357/006/ERR3573806/ERR3573806_2.fastq.gz,ftp.sra.ebi.ac.uk/vol1/run/ERR357/ERR3573806/WTCHG_559244_204142.bam,,WTCHG_559244_204142,WAT-DW-500-WIN
PRJEB34634,SAMEA5989477,ERX3572045,ERR3573807,749907,sediment metagenome,ftp.sra.ebi.ac.uk/vol1/fastq/ERR357/007/ERR3573807/ERR3573807_1.fastq.gz;ftp.sra.ebi.ac.uk/vol1/fastq/ERR357/007/ERR3573807/ERR3573807_2.fastq.gz,ftp.sra.ebi.ac.uk/vol1/run/ERR357/ERR3573807/WTCHG_550636_212143.bam,,WTCHG_550636_212143,WAT-EFF-AUT
PRJEB34634,SAMEA5989477,ERX3572046,ERR3573808,749907,sediment metagenome,ftp.sra.ebi.ac.uk/vol1/fastq/ERR357/008/ERR3573808/ERR3573808_1.fastq.gz;ftp.sra.ebi.ac.uk/vol1/fastq/ERR357/008/ERR3573808/ERR3573808_2.fastq.gz,ftp.sra.ebi.ac.uk/vol1/run/ERR357/ERR3573808/WTCHG_551515_212143.bam,,WTCHG_551515_212143,WAT-EFF-AUT
PRJEB34634,SAMEA5989477,ERX3572047,ERR3573809,749907,sediment metagenome,ftp.sra.ebi.ac.uk/vol1/fastq/ERR357/009/ERR3573809/ERR3573809_1.fastq.gz;ftp.sra.ebi.ac.uk/vol1/fastq/ERR357/009/ERR3573809/ERR3573809_2.fastq.gz,ftp.sra.ebi.ac.uk/vol1/run/ERR357/ERR3573809/WTCHG_551514_212143.bam,,WTCHG_551514_212143,WAT-EFF-AUT
PRJEB34634,SAMEA5989477,ERX3572048,ERR3573810,749907,sediment metagenome,ftp.sra.ebi.ac.uk/vol1/fastq/ERR357/000/ERR3573810/ERR3573810_1.fastq.gz;ftp.sra.ebi.ac.uk/vol1/fastq/ERR357/000/ERR3573810/ERR3573810_2.fastq.gz,ftp.sra.ebi.ac.uk/vol1/run/ERR357/ERR3573810/WTCHG_554366_212143.bam,,WTCHG_554366_212143,WAT-EFF-AUT
PRJEB34634,SAMEA5989477,ERX3572049,ERR3573811,749907,sediment metagenome,ftp.sra.ebi.ac.uk/vol1/fastq/ERR357/001/ERR3573811/ERR3573811_1.fastq.gz;ftp.sra.ebi.ac.uk/vol1/fastq/ERR357/001/ERR3573811/ERR3573811_2.fastq.gz,ftp.sra.ebi.ac.uk/vol1/run/ERR357/ERR3573811/WTCHG_554367_212143.bam,,WTCHG_554367_212143,WAT-EFF-AUT
PRJEB34634,SAMEA5989477,ERX3572050,ERR3573812,749907,sediment metagenome,ftp.sra.ebi.ac.uk/vol1/fastq/ERR357/002/ERR3573812/ERR3573812_1.fastq.gz;ftp.sra.ebi.ac.uk/vol1/fastq/ERR357/002/ERR3573812/ERR3573812_2.fastq.gz,ftp.sra.ebi.ac.uk/vol1/run/ERR357/ERR3573812/WTCHG_555215_212143.bam,,WTCHG_555215_212143,WAT-EFF-AUT
PRJEB34634,SAMEA5989477,ERX3572051,ERR3573813,749907,sediment metagenome,ftp.sra.ebi.ac.uk/vol1/fastq/ERR357/003/ERR3573813/ERR3573813_1.fastq.gz;ftp.sra.ebi.ac.uk/vol1/fastq/ERR357/003/ERR3573813/ERR3573813_2.fastq.gz,ftp.sra.ebi.ac.uk/vol1/run/ERR357/ERR3573813/WTCHG_555216_212143.bam,,WTCHG_555216_212143,WAT-EFF-AUT
PRJEB34634,SAMEA5989477,ERX3572052,ERR3573814,749907,sediment metagenome,ftp.sra.ebi.ac.uk/vol1/fastq/ERR357/004/ERR3573814/ERR3573814_1.fastq.gz;ftp.sra.ebi.ac.uk/vol1/fastq/ERR357/004/ERR3573814/ERR3573814_2.fastq.gz,ftp.sra.ebi.ac.uk/vol1/run/ERR357/ERR3573814/WTCHG_555219_212143.bam,,WTCHG_555219_212143,WAT-EFF-AUT
PRJEB34634,SAMEA5989477,ERX3572053,ERR3573815,749907,sediment metagenome,ftp.sra.ebi.ac.uk/vol1/fastq/ERR357/005/ERR3573815/ERR3573815_1.fastq.gz;ftp.sra.ebi.ac.uk/vol1/fastq/ERR357/005/ERR3573815/ERR3573815_2.fastq.gz,ftp.sra.ebi.ac.uk/vol1/run/ERR357/ERR3573815/WTCHG_555214_212143.bam,,WTCHG_555214_212143,WAT-EFF-AUT
PRJEB34634,SAMEA5989477,ERX3572054,ERR3573816,749907,sediment metagenome,ftp.sra.ebi.ac.uk/vol1/fastq/ERR357/006/ERR3573816/ERR3573816_1.fastq.gz;ftp.sra.ebi.ac.uk/vol1/fastq/ERR357/006/ERR3573816/ERR3573816_2.fastq.gz,ftp.sra.ebi.ac.uk/vol1/run/ERR357/ERR3573816/WTCHG_555218_212143.bam,,WTCHG_555218_212143,WAT-EFF-AUT
PRJEB34634,SAMEA5989477,ERX3572055,ERR3573817,749907,sediment metagenome,ftp.sra.ebi.ac.uk/vol1/fastq/ERR357/007/ERR3573817/ERR3573817_1.fastq.gz;ftp.sra.ebi.ac.uk/vol1/fastq/ERR357/007/ERR3573817/ERR3573817_2.fastq.gz,ftp.sra.ebi.ac.uk/vol1/run/ERR357/ERR3573817/WTCHG_555221_212143.bam,,WTCHG_555221_212143,WAT-EFF-AUT
PRJEB34634,SAMEA5989477,ERX3572056,ERR3573818,749907,sediment metagenome,ftp.sra.ebi.ac.uk/vol1/fastq/ERR357/008/ERR3573818/ERR3573818_1.fastq.gz;ftp.sra.ebi.ac.uk/vol1/fastq/ERR357/008/ERR3573818/ERR3573818_2.fastq.gz,ftp.sra.ebi.ac.uk/vol1/run/ERR357/ERR3573818/WTCHG_555217_212143.bam,,WTCHG_555217_212143,WAT-EFF-AUT
PRJEB34634,SAMEA5989477,ERX3572057,ERR3573819,749907,sediment metagenome,ftp.sra.ebi.ac.uk/vol1/fastq/ERR357/009/ERR3573819/ERR3573819_1.fastq.gz;ftp.sra.ebi.ac.uk/vol1/fastq/ERR357/009/ERR3573819/ERR3573819_2.fastq.gz,ftp.sra.ebi.ac.uk/vol1/run/ERR357/ERR3573819/WTCHG_555220_212143.bam,,WTCHG_555220_212143,WAT-EFF-AUT
PRJEB34634,SAMEA5989477,ERX3572058,ERR3573820,749907,sediment metagenome,ftp.sra.ebi.ac.uk/vol1/fastq/ERR357/000/ERR3573820/ERR3573820_1.fastq.gz;ftp.sra.ebi.ac.uk/vol1/fastq/ERR357/000/ERR3573820/ERR3573820_2.fastq.gz,ftp.sra.ebi.ac.uk/vol1/run/ERR357/ERR3573820/WTCHG_559241_212143.bam,,WTCHG_559241_212143,WAT-EFF-AUT
PRJEB34634,SAMEA5989477,ERX3572059,ERR3573821,749907,sediment metagenome,ftp.sra.ebi.ac.uk/vol1/fastq/ERR357/001/ERR3573821/ERR3573821_1.fastq.gz;ftp.sra.ebi.ac.uk/vol1/fastq/ERR357/001/ERR3573821/ERR3573821_2.fastq.gz,ftp.sra.ebi.ac.uk/vol1/run/ERR357/ERR3573821/WTCHG_559243_212143.bam,,WTCHG_559243_212143,WAT-EFF-AUT
PRJEB34634,SAMEA5989477,ERX3572060,ERR3573822,749907,sediment metagenome,ftp.sra.ebi.ac.uk/vol1/fastq/ERR357/002/ERR3573822/ERR3573822_1.fastq.gz;ftp.sra.ebi.ac.uk/vol1/fastq/ERR357/002/ERR3573822/ERR3573822_2.fastq.gz,ftp.sra.ebi.ac.uk/vol1/run/ERR357/ERR3573822/WTCHG_559240_212143.bam,,WTCHG_559240_212143,WAT-EFF-AUT
PRJEB34634,SAMEA5989477,ERX3572061,ERR3573823,749907,sediment metagenome,ftp.sra.ebi.ac.uk/vol1/fastq/ERR357/003/ERR3573823/ERR3573823_1.fastq.gz;ftp.sra.ebi.ac.uk/vol1/fastq/ERR357/003/ERR3573823/ERR3573823_2.fastq.gz,ftp.sra.ebi.ac.uk/vol1/run/ERR357/ERR3573823/WTCHG_559244_212143.bam,,WTCHG_559244_212143,WAT-EFF-AUT
PRJEB34634,SAMEA5989477,ERX3572062,ERR3573824,749907,sediment metagenome,ftp.sra.ebi.ac.uk/vol1/fastq/ERR357/004/ERR3573824/ERR3573824_1.fastq.gz;ftp.sra.ebi.ac.uk/vol1/fastq/ERR357/004/ERR3573824/ERR3573824_2.fastq.gz,ftp.sra.ebi.ac.uk/vol1/run/ERR357/ERR3573824/WTCHG_559242_212143.bam,,WTCHG_559242_212143,WAT-EFF-AUT
PRJEB34634,SAMEA5989477,ERX3572063,ERR3573825,749907,sediment metagenome,ftp.sra.ebi.ac.uk/vol1/fastq/ERR357/005/ERR3573825/ERR3573825_1.fastq.gz;ftp.sra.ebi.ac.uk/vol1/fastq/ERR357/005/ERR3573825/ERR3573825_2.fastq.gz,ftp.sra.ebi.ac.uk/vol1/run/ERR357/ERR3573825/WTCHG_455360_255124.bam,,WTCHG_455360_255124,WAT-EFF-SUM
PRJEB34634,SAMEA5989477,ERX3572064,ERR3573826,749907,sediment metagenome,ftp.sra.ebi.ac.uk/vol1/fastq/ERR357/006/ERR3573826/ERR3573826_1.fastq.gz;ftp.sra.ebi.ac.uk/vol1/fastq/ERR357/006/ERR3573826/ERR3573826_2.fastq.gz,ftp.sra.ebi.ac.uk/vol1/run/ERR357/ERR3573826/WTCHG_456624_255124.bam,,WTCHG_456624_255124,WAT-EFF-SUM
PRJEB34634,SAMEA5989477,ERX3572065,ERR3573827,749907,sediment metagenome,ftp.sra.ebi.ac.uk/vol1/fastq/ERR357/007/ERR3573827/ERR3573827_1.fastq.gz;ftp.sra.ebi.ac.uk/vol1/fastq/ERR357/007/ERR3573827/ERR3573827_2.fastq.gz,ftp.sra.ebi.ac.uk/vol1/run/ERR357/ERR3573827/WTCHG_457295_255124.bam,,WTCHG_457295_255124,WAT-EFF-SUM
PRJEB34634,SAMEA5989477,ERX3572066,ERR3573828,749907,sediment metagenome,ftp.sra.ebi.ac.uk/vol1/fastq/ERR357/008/ERR3573828/ERR3573828_1.fastq.gz;ftp.sra.ebi.ac.uk/vol1/fastq/ERR357/008/ERR3573828/ERR3573828_2.fastq.gz,ftp.sra.ebi.ac.uk/vol1/run/ERR357/ERR3573828/WTCHG_457296_255124.bam,,WTCHG_457296_255124,WAT-EFF-SUM
PRJEB34634,SAMEA5989477,ERX3572067,ERR3573829,749907,sediment metagenome,ftp.sra.ebi.ac.uk/vol1/fastq/ERR357/009/ERR3573829/ERR3573829_1.fastq.gz;ftp.sra.ebi.ac.uk/vol1/fastq/ERR357/009/ERR3573829/ERR3573829_2.fastq.gz,ftp.sra.ebi.ac.uk/vol1/run/ERR357/ERR3573829/WTCHG_457297_255124.bam,,WTCHG_457297_255124,WAT-EFF-SUM
PRJEB34634,SAMEA5989477,ERX3572068,ERR3573830,749907,sediment metagenome,ftp.sra.ebi.ac.uk/vol1/fastq/ERR357/000/ERR3573830/ERR3573830_1.fastq.gz;ftp.sra.ebi.ac.uk/vol1/fastq/ERR357/000/ERR3573830/ERR3573830_2.fastq.gz,ftp.sra.ebi.ac.uk/vol1/run/ERR357/ERR3573830/WTCHG_457298_255124.bam,,WTCHG_457298_255124,WAT-EFF-SUM
PRJEB34634,SAMEA5989477,ERX3572069,ERR3573831,749907,sediment metagenome,ftp.sra.ebi.ac.uk/vol1/fastq/ERR357/001/ERR3573831/ERR3573831_1.fastq.gz;ftp.sra.ebi.ac.uk/vol1/fastq/ERR357/001/ERR3573831/ERR3573831_2.fastq.gz,ftp.sra.ebi.ac.uk/vol1/run/ERR357/ERR3573831/WTCHG_457710_255124.bam,,WTCHG_457710_255124,WAT-EFF-SUM
PRJEB34634,SAMEA5989477,ERX3572070,ERR3573832,749907,sediment metagenome,ftp.sra.ebi.ac.uk/vol1/fastq/ERR357/002/ERR3573832/ERR3573832_1.fastq.gz;ftp.sra.ebi.ac.uk/vol1/fastq/ERR357/002/ERR3573832/ERR3573832_2.fastq.gz,ftp.sra.ebi.ac.uk/vol1/run/ERR357/ERR3573832/WTCHG_457711_255124.bam,,WTCHG_457711_255124,WAT-EFF-SUM
PRJEB34634,SAMEA5989477,ERX3572071,ERR3573833,749907,sediment metagenome,ftp.sra.ebi.ac.uk/vol1/fastq/ERR357/003/ERR3573833/ERR3573833_1.fastq.gz;ftp.sra.ebi.ac.uk/vol1/fastq/ERR357/003/ERR3573833/ERR3573833_2.fastq.gz,ftp.sra.ebi.ac.uk/vol1/run/ERR357/ERR3573833/WTCHG_457712_255124.bam,,WTCHG_457712_255124,WAT-EFF-SUM
PRJEB34634,SAMEA5989477,ERX3572072,ERR3573834,749907,sediment metagenome,ftp.sra.ebi.ac.uk/vol1/fastq/ERR357/004/ERR3573834/ERR3573834_1.fastq.gz;ftp.sra.ebi.ac.uk/vol1/fastq/ERR357/004/ERR3573834/ERR3573834_2.fastq.gz,ftp.sra.ebi.ac.uk/vol1/run/ERR357/ERR3573834/WTCHG_457713_255124.bam,,WTCHG_457713_255124,WAT-EFF-SUM
PRJEB34634,SAMEA5989477,ERX3572073,ERR3573835,749907,sediment metagenome,ftp.sra.ebi.ac.uk/vol1/fastq/ERR357/005/ERR3573835/ERR3573835_1.fastq.gz;ftp.sra.ebi.ac.uk/vol1/fastq/ERR357/005/ERR3573835/ERR3573835_2.fastq.gz,ftp.sra.ebi.ac.uk/vol1/run/ERR357/ERR3573835/WTCHG_457714_255124.bam,,WTCHG_457714_255124,WAT-EFF-SUM
PRJEB34634,SAMEA5989477,ERX3572074,ERR3573836,749907,sediment metagenome,ftp.sra.ebi.ac.uk/vol1/fastq/ERR357/006/ERR3573836/ERR3573836_1.fastq.gz;ftp.sra.ebi.ac.uk/vol1/fastq/ERR357/006/ERR3573836/ERR3573836_2.fastq.gz,ftp.sra.ebi.ac.uk/vol1/run/ERR357/ERR3573836/WTCHG_461227_255124.bam,,WTCHG_461227_255124,WAT-EFF-SUM
PRJEB34634,SAMEA5989477,ERX3572075,ERR3573837,749907,sediment metagenome,ftp.sra.ebi.ac.uk/vol1/fastq/ERR357/007/ERR3573837/ERR3573837_1.fastq.gz;ftp.sra.ebi.ac.uk/vol1/fastq/ERR357/007/ERR3573837/ERR3573837_2.fastq.gz,ftp.sra.ebi.ac.uk/vol1/run/ERR357/ERR3573837/WTCHG_461228_255124.bam,,WTCHG_461228_255124,WAT-EFF-SUM
PRJEB34634,SAMEA5989477,ERX3572076,ERR3573838,749907,sediment metagenome,ftp.sra.ebi.ac.uk/vol1/fastq/ERR357/008/ERR3573838/ERR3573838_1.fastq.gz;ftp.sra.ebi.ac.uk/vol1/fastq/ERR357/008/ERR3573838/ERR3573838_2.fastq.gz,ftp.sra.ebi.ac.uk/vol1/run/ERR357/ERR3573838/WTCHG_455360_261149.bam,,WTCHG_455360_261149,WAT-EFF-WIN
PRJEB34634,SAMEA5989477,ERX3572077,ERR3573839,749907,sediment metagenome,ftp.sra.ebi.ac.uk/vol1/fastq/ERR357/009/ERR3573839/ERR3573839_1.fastq.gz;ftp.sra.ebi.ac.uk/vol1/fastq/ERR357/009/ERR3573839/ERR3573839_2.fastq.gz,ftp.sra.ebi.ac.uk/vol1/run/ERR357/ERR3573839/WTCHG_456624_261149.bam,,WTCHG_456624_261149,WAT-EFF-WIN
PRJEB34634,SAMEA5989477,ERX3572078,ERR3573840,749907,sediment metagenome,ftp.sra.ebi.ac.uk/vol1/fastq/ERR357/000/ERR3573840/ERR3573840_1.fastq.gz;ftp.sra.ebi.ac.uk/vol1/fastq/ERR357/000/ERR3573840/ERR3573840_2.fastq.gz,ftp.sra.ebi.ac.uk/vol1/run/ERR357/ERR3573840/WTCHG_457295_261149.bam,,WTCHG_457295_261149,WAT-EFF-WIN
PRJEB34634,SAMEA5989477,ERX3572079,ERR3573841,749907,sediment metagenome,ftp.sra.ebi.ac.uk/vol1/fastq/ERR357/001/ERR3573841/ERR3573841_1.fastq.gz;ftp.sra.ebi.ac.uk/vol1/fastq/ERR357/001/ERR3573841/ERR3573841_2.fastq.gz,ftp.sra.ebi.ac.uk/vol1/run/ERR357/ERR3573841/WTCHG_457296_261149.bam,,WTCHG_457296_261149,WAT-EFF-WIN
PRJEB34634,SAMEA5989477,ERX3572080,ERR3573842,749907,sediment metagenome,ftp.sra.ebi.ac.uk/vol1/fastq/ERR357/002/ERR3573842/ERR3573842_1.fastq.gz;ftp.sra.ebi.ac.uk/vol1/fastq/ERR357/002/ERR3573842/ERR3573842_2.fastq.gz,ftp.sra.ebi.ac.uk/vol1/run/ERR357/ERR3573842/WTCHG_457297_261149.bam,,WTCHG_457297_261149,WAT-EFF-WIN
PRJEB34634,SAMEA5989477,ERX3572081,ERR3573843,749907,sediment metagenome,ftp.sra.ebi.ac.uk/vol1/fastq/ERR357/003/ERR3573843/ERR3573843_1.fastq.gz;ftp.sra.ebi.ac.uk/vol1/fastq/ERR357/003/ERR3573843/ERR3573843_2.fastq.gz,ftp.sra.ebi.ac.uk/vol1/run/ERR357/ERR3573843/WTCHG_457298_261149.bam,,WTCHG_457298_261149,WAT-EFF-WIN
PRJEB34634,SAMEA5989477,ERX3572082,ERR3573844,749907,sediment metagenome,ftp.sra.ebi.ac.uk/vol1/fastq/ERR357/004/ERR3573844/ERR3573844_1.fastq.gz;ftp.sra.ebi.ac.uk/vol1/fastq/ERR357/004/ERR3573844/ERR3573844_2.fastq.gz,ftp.sra.ebi.ac.uk/vol1/run/ERR357/ERR3573844/WTCHG_457710_261149.bam,,WTCHG_457710_261149,WAT-EFF-WIN
PRJEB34634,SAMEA5989477,ERX3572083,ERR3573845,749907,sediment metagenome,ftp.sra.ebi.ac.uk/vol1/fastq/ERR357/005/ERR3573845/ERR3573845_1.fastq.gz;ftp.sra.ebi.ac.uk/vol1/fastq/ERR357/005/ERR3573845/ERR3573845_2.fastq.gz,ftp.sra.ebi.ac.uk/vol1/run/ERR357/ERR3573845/WTCHG_457711_261149.bam,,WTCHG_457711_261149,WAT-EFF-WIN
PRJEB34634,SAMEA5989477,ERX3572084,ERR3573846,749907,sediment metagenome,ftp.sra.ebi.ac.uk/vol1/fastq/ERR357/006/ERR3573846/ERR3573846_1.fastq.gz;ftp.sra.ebi.ac.uk/vol1/fastq/ERR357/006/ERR3573846/ERR3573846_2.fastq.gz,ftp.sra.ebi.ac.uk/vol1/run/ERR357/ERR3573846/WTCHG_457712_261149.bam,,WTCHG_457712_261149,WAT-EFF-WIN
PRJEB34634,SAMEA5989477,ERX3572085,ERR3573847,749907,sediment metagenome,ftp.sra.ebi.ac.uk/vol1/fastq/ERR357/007/ERR3573847/ERR3573847_1.fastq.gz;ftp.sra.ebi.ac.uk/vol1/fastq/ERR357/007/ERR3573847/ERR3573847_2.fastq.gz,ftp.sra.ebi.ac.uk/vol1/run/ERR357/ERR3573847/WTCHG_457713_261149.bam,,WTCHG_457713_261149,WAT-EFF-WIN
PRJEB34634,SAMEA5989477,ERX3572086,ERR3573848,749907,sediment metagenome,ftp.sra.ebi.ac.uk/vol1/fastq/ERR357/008/ERR3573848/ERR3573848_1.fastq.gz;ftp.sra.ebi.ac.uk/vol1/fastq/ERR357/008/ERR3573848/ERR3573848_2.fastq.gz,ftp.sra.ebi.ac.uk/vol1/run/ERR357/ERR3573848/WTCHG_457714_261149.bam,,WTCHG_457714_261149,WAT-EFF-WIN
PRJEB34634,SAMEA5989477,ERX3572087,ERR3573849,749907,sediment metagenome,ftp.sra.ebi.ac.uk/vol1/fastq/ERR357/009/ERR3573849/ERR3573849_1.fastq.gz;ftp.sra.ebi.ac.uk/vol1/fastq/ERR357/009/ERR3573849/ERR3573849_2.fastq.gz,ftp.sra.ebi.ac.uk/vol1/run/ERR357/ERR3573849/WTCHG_461227_261149.bam,,WTCHG_461227_261149,WAT-EFF-WIN
PRJEB34634,SAMEA5989477,ERX3572088,ERR3573850,749907,sediment metagenome,ftp.sra.ebi.ac.uk/vol1/fastq/ERR357/000/ERR3573850/ERR3573850_1.fastq.gz;ftp.sra.ebi.ac.uk/vol1/fastq/ERR357/000/ERR3573850/ERR3573850_2.fastq.gz,ftp.sra.ebi.ac.uk/vol1/run/ERR357/ERR3573850/WTCHG_461228_261149.bam,,WTCHG_461228_261149,WAT-EFF-WIN
PRJEB34634,SAMEA5989477,ERX3572089,ERR3573851,749907,sediment metagenome,ftp.sra.ebi.ac.uk/vol1/fastq/ERR357/001/ERR3573851/ERR3573851_1.fastq.gz;ftp.sra.ebi.ac.uk/vol1/fastq/ERR357/001/ERR3573851/ERR3573851_2.fastq.gz,ftp.sra.ebi.ac.uk/vol1/run/ERR357/ERR3573851/WTCHG_550636_213155.bam,,WTCHG_550636_213155,WAT-INF-AUT
PRJEB34634,SAMEA5989477,ERX3572090,ERR3573852,749907,sediment metagenome,ftp.sra.ebi.ac.uk/vol1/fastq/ERR357/002/ERR3573852/ERR3573852_1.fastq.gz;ftp.sra.ebi.ac.uk/vol1/fastq/ERR357/002/ERR3573852/ERR3573852_2.fastq.gz,ftp.sra.ebi.ac.uk/vol1/run/ERR357/ERR3573852/WTCHG_551515_213155.bam,,WTCHG_551515_213155,WAT-INF-AUT
PRJEB34634,SAMEA5989477,ERX3572091,ERR3573853,749907,sediment metagenome,ftp.sra.ebi.ac.uk/vol1/fastq/ERR357/003/ERR3573853/ERR3573853_1.fastq.gz;ftp.sra.ebi.ac.uk/vol1/fastq/ERR357/003/ERR3573853/ERR3573853_2.fastq.gz,ftp.sra.ebi.ac.uk/vol1/run/ERR357/ERR3573853/WTCHG_551514_213155.bam,,WTCHG_551514_213155,WAT-INF-AUT
PRJEB34634,SAMEA5989477,ERX3572092,ERR3573854,749907,sediment metagenome,ftp.sra.ebi.ac.uk/vol1/fastq/ERR357/004/ERR3573854/ERR3573854_1.fastq.gz;ftp.sra.ebi.ac.uk/vol1/fastq/ERR357/004/ERR3573854/ERR3573854_2.fastq.gz,ftp.sra.ebi.ac.uk/vol1/run/ERR357/ERR3573854/WTCHG_554366_213155.bam,,WTCHG_554366_213155,WAT-INF-AUT
PRJEB34634,SAMEA5989477,ERX3572093,ERR3573855,749907,sediment metagenome,ftp.sra.ebi.ac.uk/vol1/fastq/ERR357/005/ERR3573855/ERR3573855_1.fastq.gz;ftp.sra.ebi.ac.uk/vol1/fastq/ERR357/005/ERR3573855/ERR3573855_2.fastq.gz,ftp.sra.ebi.ac.uk/vol1/run/ERR357/ERR3573855/WTCHG_554367_213155.bam,,WTCHG_554367_213155,WAT-INF-AUT
PRJEB34634,SAMEA5989477,ERX3572094,ERR3573856,749907,sediment metagenome,ftp.sra.ebi.ac.uk/vol1/fastq/ERR357/006/ERR3573856/ERR3573856_1.fastq.gz;ftp.sra.ebi.ac.uk/vol1/fastq/ERR357/006/ERR3573856/ERR3573856_2.fastq.gz,ftp.sra.ebi.ac.uk/vol1/run/ERR357/ERR3573856/WTCHG_555214_213155.bam,,WTCHG_555214_213155,WAT-INF-AUT
PRJEB34634,SAMEA5989477,ERX3572095,ERR3573857,749907,sediment metagenome,ftp.sra.ebi.ac.uk/vol1/fastq/ERR357/007/ERR3573857/ERR3573857_1.fastq.gz;ftp.sra.ebi.ac.uk/vol1/fastq/ERR357/007/ERR3573857/ERR3573857_2.fastq.gz,ftp.sra.ebi.ac.uk/vol1/run/ERR357/ERR3573857/WTCHG_555217_213155.bam,,WTCHG_555217_213155,WAT-INF-AUT
PRJEB34634,SAMEA5989477,ERX3572096,ERR3573858,749907,sediment metagenome,ftp.sra.ebi.ac.uk/vol1/fastq/ERR357/008/ERR3573858/ERR3573858_1.fastq.gz;ftp.sra.ebi.ac.uk/vol1/fastq/ERR357/008/ERR3573858/ERR3573858_2.fastq.gz,ftp.sra.ebi.ac.uk/vol1/run/ERR357/ERR3573858/WTCHG_555221_213155.bam,,WTCHG_555221_213155,WAT-INF-AUT
PRJEB34634,SAMEA5989477,ERX3572097,ERR3573859,749907,sediment metagenome,ftp.sra.ebi.ac.uk/vol1/fastq/ERR357/009/ERR3573859/ERR3573859_1.fastq.gz;ftp.sra.ebi.ac.uk/vol1/fastq/ERR357/009/ERR3573859/ERR3573859_2.fastq.gz,ftp.sra.ebi.ac.uk/vol1/run/ERR357/ERR3573859/WTCHG_555218_213155.bam,,WTCHG_555218_213155,WAT-INF-AUT
PRJEB34634,SAMEA5989477,ERX3572098,ERR3573860,749907,sediment metagenome,ftp.sra.ebi.ac.uk/vol1/fastq/ERR357/000/ERR3573860/ERR3573860_1.fastq.gz;ftp.sra.ebi.ac.uk/vol1/fastq/ERR357/000/ERR3573860/ERR3573860_2.fastq.gz,ftp.sra.ebi.ac.uk/vol1/run/ERR357/ERR3573860/WTCHG_555215_213155.bam,,WTCHG_555215_213155,WAT-INF-AUT
PRJEB34634,SAMEA5989477,ERX3572099,ERR3573861,749907,sediment metagenome,ftp.sra.ebi.ac.uk/vol1/fastq/ERR357/001/ERR3573861/ERR3573861_1.fastq.gz;ftp.sra.ebi.ac.uk/vol1/fastq/ERR357/001/ERR3573861/ERR3573861_2.fastq.gz,ftp.sra.ebi.ac.uk/vol1/run/ERR357/ERR3573861/WTCHG_555220_213155.bam,,WTCHG_555220_213155,WAT-INF-AUT
PRJEB34634,SAMEA5989477,ERX3572100,ERR3573862,749907,sediment metagenome,ftp.sra.ebi.ac.uk/vol1/fastq/ERR357/002/ERR3573862/ERR3573862_1.fastq.gz;ftp.sra.ebi.ac.uk/vol1/fastq/ERR357/002/ERR3573862/ERR3573862_2.fastq.gz,ftp.sra.ebi.ac.uk/vol1/run/ERR357/ERR3573862/WTCHG_555216_213155.bam,,WTCHG_555216_213155,WAT-INF-AUT
PRJEB34634,SAMEA5989477,ERX3572101,ERR3573863,749907,sediment metagenome,ftp.sra.ebi.ac.uk/vol1/fastq/ERR357/003/ERR3573863/ERR3573863_1.fastq.gz;ftp.sra.ebi.ac.uk/vol1/fastq/ERR357/003/ERR3573863/ERR3573863_2.fastq.gz,ftp.sra.ebi.ac.uk/vol1/run/ERR357/ERR3573863/WTCHG_555219_213155.bam,,WTCHG_555219_213155,WAT-INF-AUT
PRJEB34634,SAMEA5989477,ERX3572102,ERR3573864,749907,sediment metagenome,ftp.sra.ebi.ac.uk/vol1/fastq/ERR357/004/ERR3573864/ERR3573864_1.fastq.gz;ftp.sra.ebi.ac.uk/vol1/fastq/ERR357/004/ERR3573864/ERR3573864_2.fastq.gz,ftp.sra.ebi.ac.uk/vol1/run/ERR357/ERR3573864/WTCHG_559243_213155.bam,,WTCHG_559243_213155,WAT-INF-AUT
PRJEB34634,SAMEA5989477,ERX3572103,ERR3573865,749907,sediment metagenome,ftp.sra.ebi.ac.uk/vol1/fastq/ERR357/005/ERR3573865/ERR3573865_1.fastq.gz;ftp.sra.ebi.ac.uk/vol1/fastq/ERR357/005/ERR3573865/ERR3573865_2.fastq.gz,ftp.sra.ebi.ac.uk/vol1/run/ERR357/ERR3573865/WTCHG_559241_213155.bam,,WTCHG_559241_213155,WAT-INF-AUT
PRJEB34634,SAMEA5989477,ERX3572104,ERR3573866,749907,sediment metagenome,ftp.sra.ebi.ac.uk/vol1/fastq/ERR357/006/ERR3573866/ERR3573866_1.fastq.gz;ftp.sra.ebi.ac.uk/vol1/fastq/ERR357/006/ERR3573866/ERR3573866_2.fastq.gz,ftp.sra.ebi.ac.uk/vol1/run/ERR357/ERR3573866/WTCHG_559242_213155.bam,,WTCHG_559242_213155,WAT-INF-AUT
PRJEB34634,SAMEA5989477,ERX3572105,ERR3573867,749907,sediment metagenome,ftp.sra.ebi.ac.uk/vol1/fastq/ERR357/007/ERR3573867/ERR3573867_1.fastq.gz;ftp.sra.ebi.ac.uk/vol1/fastq/ERR357/007/ERR3573867/ERR3573867_2.fastq.gz,ftp.sra.ebi.ac.uk/vol1/run/ERR357/ERR3573867/WTCHG_559244_213155.bam,,WTCHG_559244_213155,WAT-INF-AUT
PRJEB34634,SAMEA5989477,ERX3572106,ERR3573868,749907,sediment metagenome,ftp.sra.ebi.ac.uk/vol1/fastq/ERR357/008/ERR3573868/ERR3573868_1.fastq.gz;ftp.sra.ebi.ac.uk/vol1/fastq/ERR357/008/ERR3573868/ERR3573868_2.fastq.gz,ftp.sra.ebi.ac.uk/vol1/run/ERR357/ERR3573868/WTCHG_559240_213155.bam,,WTCHG_559240_213155,WAT-INF-AUT
PRJEB34634,SAMEA5989477,ERX3572107,ERR3573869,749907,sediment metagenome,ftp.sra.ebi.ac.uk/vol1/fastq/ERR357/009/ERR3573869/ERR3573869_1.fastq.gz;ftp.sra.ebi.ac.uk/vol1/fastq/ERR357/009/ERR3573869/ERR3573869_2.fastq.gz,ftp.sra.ebi.ac.uk/vol1/run/ERR357/ERR3573869/WTCHG_455360_243136.bam,,WTCHG_455360_243136,WAT-INF-SUM
PRJEB34634,SAMEA5989477,ERX3572108,ERR3573870,749907,sediment metagenome,ftp.sra.ebi.ac.uk/vol1/fastq/ERR357/000/ERR3573870/ERR3573870_1.fastq.gz;ftp.sra.ebi.ac.uk/vol1/fastq/ERR357/000/ERR3573870/ERR3573870_2.fastq.gz,ftp.sra.ebi.ac.uk/vol1/run/ERR357/ERR3573870/WTCHG_456624_243136.bam,,WTCHG_456624_243136,WAT-INF-SUM
PRJEB34634,SAMEA5989477,ERX3572109,ERR3573871,749907,sediment metagenome,ftp.sra.ebi.ac.uk/vol1/fastq/ERR357/001/ERR3573871/ERR3573871_1.fastq.gz;ftp.sra.ebi.ac.uk/vol1/fastq/ERR357/001/ERR3573871/ERR3573871_2.fastq.gz,ftp.sra.ebi.ac.uk/vol1/run/ERR357/ERR3573871/WTCHG_457295_243136.bam,,WTCHG_457295_243136,WAT-INF-SUM
PRJEB34634,SAMEA5989477,ERX3572110,ERR3573872,749907,sediment metagenome,ftp.sra.ebi.ac.uk/vol1/fastq/ERR357/002/ERR3573872/ERR3573872_1.fastq.gz;ftp.sra.ebi.ac.uk/vol1/fastq/ERR357/002/ERR3573872/ERR3573872_2.fastq.gz,ftp.sra.ebi.ac.uk/vol1/run/ERR357/ERR3573872/WTCHG_457296_243136.bam,,WTCHG_457296_243136,WAT-INF-SUM
PRJEB34634,SAMEA5989477,ERX3572111,ERR3573873,749907,sediment metagenome,ftp.sra.ebi.ac.uk/vol1/fastq/ERR357/003/ERR3573873/ERR3573873_1.fastq.gz;ftp.sra.ebi.ac.uk/vol1/fastq/ERR357/003/ERR3573873/ERR3573873_2.fastq.gz,ftp.sra.ebi.ac.uk/vol1/run/ERR357/ERR3573873/WTCHG_457297_243136.bam,,WTCHG_457297_243136,WAT-INF-SUM
PRJEB34634,SAMEA5989477,ERX3572112,ERR3573874,749907,sediment metagenome,ftp.sra.ebi.ac.uk/vol1/fastq/ERR357/004/ERR3573874/ERR3573874_1.fastq.gz;ftp.sra.ebi.ac.uk/vol1/fastq/ERR357/004/ERR3573874/ERR3573874_2.fastq.gz,ftp.sra.ebi.ac.uk/vol1/run/ERR357/ERR3573874/WTCHG_457298_243136.bam,,WTCHG_457298_243136,WAT-INF-SUM
PRJEB34634,SAMEA5989477,ERX3572113,ERR3573875,749907,sediment metagenome,ftp.sra.ebi.ac.uk/vol1/fastq/ERR357/005/ERR3573875/ERR3573875_1.fastq.gz;ftp.sra.ebi.ac.uk/vol1/fastq/ERR357/005/ERR3573875/ERR3573875_2.fastq.gz,ftp.sra.ebi.ac.uk/vol1/run/ERR357/ERR3573875/WTCHG_457710_243136.bam,,WTCHG_457710_243136,WAT-INF-SUM
PRJEB34634,SAMEA5989477,ERX3572114,ERR3573876,749907,sediment metagenome,ftp.sra.ebi.ac.uk/vol1/fastq/ERR357/006/ERR3573876/ERR3573876_1.fastq.gz;ftp.sra.ebi.ac.uk/vol1/fastq/ERR357/006/ERR3573876/ERR3573876_2.fastq.gz,ftp.sra.ebi.ac.uk/vol1/run/ERR357/ERR3573876/WTCHG_457711_243136.bam,,WTCHG_457711_243136,WAT-INF-SUM
PRJEB34634,SAMEA5989477,ERX3572115,ERR3573877,749907,sediment metagenome,ftp.sra.ebi.ac.uk/vol1/fastq/ERR357/007/ERR3573877/ERR3573877_1.fastq.gz;ftp.sra.ebi.ac.uk/vol1/fastq/ERR357/007/ERR3573877/ERR3573877_2.fastq.gz,ftp.sra.ebi.ac.uk/vol1/run/ERR357/ERR3573877/WTCHG_457712_243136.bam,,WTCHG_457712_243136,WAT-INF-SUM
PRJEB34634,SAMEA5989477,ERX3572116,ERR3573878,749907,sediment metagenome,ftp.sra.ebi.ac.uk/vol1/fastq/ERR357/008/ERR3573878/ERR3573878_1.fastq.gz;ftp.sra.ebi.ac.uk/vol1/fastq/ERR357/008/ERR3573878/ERR3573878_2.fastq.gz,ftp.sra.ebi.ac.uk/vol1/run/ERR357/ERR3573878/WTCHG_457713_243136.bam,,WTCHG_457713_243136,WAT-INF-SUM
PRJEB34634,SAMEA5989477,ERX3572117,ERR3573879,749907,sediment metagenome,ftp.sra.ebi.ac.uk/vol1/fastq/ERR357/009/ERR3573879/ERR3573879_1.fastq.gz;ftp.sra.ebi.ac.uk/vol1/fastq/ERR357/009/ERR3573879/ERR3573879_2.fastq.gz,ftp.sra.ebi.ac.uk/vol1/run/ERR357/ERR3573879/WTCHG_457714_243136.bam,,WTCHG_457714_243136,WAT-INF-SUM
PRJEB34634,SAMEA5989477,ERX3572118,ERR3573880,749907,sediment metagenome,ftp.sra.ebi.ac.uk/vol1/fastq/ERR357/000/ERR3573880/ERR3573880_1.fastq.gz;ftp.sra.ebi.ac.uk/vol1/fastq/ERR357/000/ERR3573880/ERR3573880_2.fastq.gz,ftp.sra.ebi.ac.uk/vol1/run/ERR357/ERR3573880/WTCHG_461227_243136.bam,,WTCHG_461227_243136,WAT-INF-SUM
PRJEB34634,SAMEA5989477,ERX3572119,ERR3573881,749907,sediment metagenome,ftp.sra.ebi.ac.uk/vol1/fastq/ERR357/001/ERR3573881/ERR3573881_1.fastq.gz;ftp.sra.ebi.ac.uk/vol1/fastq/ERR357/001/ERR3573881/ERR3573881_2.fastq.gz,ftp.sra.ebi.ac.uk/vol1/run/ERR357/ERR3573881/WTCHG_461228_243136.bam,,WTCHG_461228_243136,WAT-INF-SUM
PRJEB34634,SAMEA5989477,ERX3572120,ERR3573882,749907,sediment metagenome,ftp.sra.ebi.ac.uk/vol1/fastq/ERR357/002/ERR3573882/ERR3573882_1.fastq.gz;ftp.sra.ebi.ac.uk/vol1/fastq/ERR357/002/ERR3573882/ERR3573882_2.fastq.gz,ftp.sra.ebi.ac.uk/vol1/run/ERR357/ERR3573882/WTCHG_455360_238171.bam,,WTCHG_455360_238171,WAT-INF-WIN
PRJEB34634,SAMEA5989477,ERX3572121,ERR3573883,749907,sediment metagenome,ftp.sra.ebi.ac.uk/vol1/fastq/ERR357/003/ERR3573883/ERR3573883_1.fastq.gz;ftp.sra.ebi.ac.uk/vol1/fastq/ERR357/003/ERR3573883/ERR3573883_2.fastq.gz,ftp.sra.ebi.ac.uk/vol1/run/ERR357/ERR3573883/WTCHG_456624_238171.bam,,WTCHG_456624_238171,WAT-INF-WIN
PRJEB34634,SAMEA5989477,ERX3572122,ERR3573884,749907,sediment metagenome,ftp.sra.ebi.ac.uk/vol1/fastq/ERR357/004/ERR3573884/ERR3573884_1.fastq.gz;ftp.sra.ebi.ac.uk/vol1/fastq/ERR357/004/ERR3573884/ERR3573884_2.fastq.gz,ftp.sra.ebi.ac.uk/vol1/run/ERR357/ERR3573884/WTCHG_457295_238171.bam,,WTCHG_457295_238171,WAT-INF-WIN
PRJEB34634,SAMEA5989477,ERX3572123,ERR3573885,749907,sediment metagenome,ftp.sra.ebi.ac.uk/vol1/fastq/ERR357/005/ERR3573885/ERR3573885_1.fastq.gz;ftp.sra.ebi.ac.uk/vol1/fastq/ERR357/005/ERR3573885/ERR3573885_2.fastq.gz,ftp.sra.ebi.ac.uk/vol1/run/ERR357/ERR3573885/WTCHG_457296_238171.bam,,WTCHG_457296_238171,WAT-INF-WIN
PRJEB34634,SAMEA5989477,ERX3572124,ERR3573886,749907,sediment metagenome,ftp.sra.ebi.ac.uk/vol1/fastq/ERR357/006/ERR3573886/ERR3573886_1.fastq.gz;ftp.sra.ebi.ac.uk/vol1/fastq/ERR357/006/ERR3573886/ERR3573886_2.fastq.gz,ftp.sra.ebi.ac.uk/vol1/run/ERR357/ERR3573886/WTCHG_457297_238171.bam,,WTCHG_457297_238171,WAT-INF-WIN
PRJEB34634,SAMEA5989477,ERX3572125,ERR3573887,749907,sediment metagenome,ftp.sra.ebi.ac.uk/vol1/fastq/ERR357/007/ERR3573887/ERR3573887_1.fastq.gz;ftp.sra.ebi.ac.uk/vol1/fastq/ERR357/007/ERR3573887/ERR3573887_2.fastq.gz,ftp.sra.ebi.ac.uk/vol1/run/ERR357/ERR3573887/WTCHG_457298_238171.bam,,WTCHG_457298_238171,WAT-INF-WIN
PRJEB34634,SAMEA5989477,ERX3572126,ERR3573888,749907,sediment metagenome,ftp.sra.ebi.ac.uk/vol1/fastq/ERR357/008/ERR3573888/ERR3573888_1.fastq.gz;ftp.sra.ebi.ac.uk/vol1/fastq/ERR357/008/ERR3573888/ERR3573888_2.fastq.gz,ftp.sra.ebi.ac.uk/vol1/run/ERR357/ERR3573888/WTCHG_457710_238171.bam,,WTCHG_457710_238171,WAT-INF-WIN
PRJEB34634,SAMEA5989477,ERX3572127,ERR3573889,749907,sediment metagenome,ftp.sra.ebi.ac.uk/vol1/fastq/ERR357/009/ERR3573889/ERR3573889_1.fastq.gz;ftp.sra.ebi.ac.uk/vol1/fastq/ERR357/009/ERR3573889/ERR3573889_2.fastq.gz,ftp.sra.ebi.ac.uk/vol1/run/ERR357/ERR3573889/WTCHG_457711_238171.bam,,WTCHG_457711_238171,WAT-INF-WIN
PRJEB34634,SAMEA5989477,ERX3572128,ERR3573890,749907,sediment metagenome,ftp.sra.ebi.ac.uk/vol1/fastq/ERR357/000/ERR3573890/ERR3573890_1.fastq.gz;ftp.sra.ebi.ac.uk/vol1/fastq/ERR357/000/ERR3573890/ERR3573890_2.fastq.gz,ftp.sra.ebi.ac.uk/vol1/run/ERR357/ERR3573890/WTCHG_457712_238171.bam,,WTCHG_457712_238171,WAT-INF-WIN
PRJEB34634,SAMEA5989477,ERX3572129,ERR3573891,749907,sediment metagenome,ftp.sra.ebi.ac.uk/vol1/fastq/ERR357/001/ERR3573891/ERR3573891_1.fastq.gz;ftp.sra.ebi.ac.uk/vol1/fastq/ERR357/001/ERR3573891/ERR3573891_2.fastq.gz,ftp.sra.ebi.ac.uk/vol1/run/ERR357/ERR3573891/WTCHG_457713_238171.bam,,WTCHG_457713_238171,WAT-INF-WIN
PRJEB34634,SAMEA5989477,ERX3572130,ERR3573892,749907,sediment metagenome,ftp.sra.ebi.ac.uk/vol1/fastq/ERR357/002/ERR3573892/ERR3573892_1.fastq.gz;ftp.sra.ebi.ac.uk/vol1/fastq/ERR357/002/ERR3573892/ERR3573892_2.fastq.gz,ftp.sra.ebi.ac.uk/vol1/run/ERR357/ERR3573892/WTCHG_457714_238171.bam,,WTCHG_457714_238171,WAT-INF-WIN
PRJEB34634,SAMEA5989477,ERX3572131,ERR3573893,749907,sediment metagenome,ftp.sra.ebi.ac.uk/vol1/fastq/ERR357/003/ERR3573893/ERR3573893_1.fastq.gz;ftp.sra.ebi.ac.uk/vol1/fastq/ERR357/003/ERR3573893/ERR3573893_2.fastq.gz,ftp.sra.ebi.ac.uk/vol1/run/ERR357/ERR3573893/WTCHG_461227_238171.bam,,WTCHG_461227_238171,WAT-INF-WIN
PRJEB34634,SAMEA5989477,ERX3572132,ERR3573894,749907,sediment metagenome,ftp.sra.ebi.ac.uk/vol1/fastq/ERR357/004/ERR3573894/ERR3573894_1.fastq.gz;ftp.sra.ebi.ac.uk/vol1/fastq/ERR357/004/ERR3573894/ERR3573894_2.fastq.gz,ftp.sra.ebi.ac.uk/vol1/run/ERR357/ERR3573894/WTCHG_461228_238171.bam,,WTCHG_461228_238171,WAT-INF-WIN
PRJEB34634,SAMEA5989477,ERX3572133,ERR3573895,749907,sediment metagenome,ftp.sra.ebi.ac.uk/vol1/fastq/ERR357/005/ERR3573895/ERR3573895_1.fastq.gz;ftp.sra.ebi.ac.uk/vol1/fastq/ERR357/005/ERR3573895/ERR3573895_2.fastq.gz,ftp.sra.ebi.ac.uk/vol1/run/ERR357/ERR3573895/WTCHG_550636_292141.bam,,WTCHG_550636_292141,WAT-UP-100-AUT
PRJEB34634,SAMEA5989477,ERX3572134,ERR3573896,749907,sediment metagenome,ftp.sra.ebi.ac.uk/vol1/fastq/ERR357/006/ERR3573896/ERR3573896_1.fastq.gz;ftp.sra.ebi.ac.uk/vol1/fastq/ERR357/006/ERR3573896/ERR3573896_2.fastq.gz,ftp.sra.ebi.ac.uk/vol1/run/ERR357/ERR3573896/WTCHG_551515_292141.bam,,WTCHG_551515_292141,WAT-UP-100-AUT
PRJEB34634,SAMEA5989477,ERX3572135,ERR3573897,749907,sediment metagenome,ftp.sra.ebi.ac.uk/vol1/fastq/ERR357/007/ERR3573897/ERR3573897_1.fastq.gz;ftp.sra.ebi.ac.uk/vol1/fastq/ERR357/007/ERR3573897/ERR3573897_2.fastq.gz,ftp.sra.ebi.ac.uk/vol1/run/ERR357/ERR3573897/WTCHG_551514_292141.bam,,WTCHG_551514_292141,WAT-UP-100-AUT
PRJEB34634,SAMEA5989477,ERX3572136,ERR3573898,749907,sediment metagenome,ftp.sra.ebi.ac.uk/vol1/fastq/ERR357/008/ERR3573898/ERR3573898_1.fastq.gz;ftp.sra.ebi.ac.uk/vol1/fastq/ERR357/008/ERR3573898/ERR3573898_2.fastq.gz,ftp.sra.ebi.ac.uk/vol1/run/ERR357/ERR3573898/WTCHG_554366_292141.bam,,WTCHG_554366_292141,WAT-UP-100-AUT
PRJEB34634,SAMEA5989477,ERX3572137,ERR3573899,749907,sediment metagenome,ftp.sra.ebi.ac.uk/vol1/fastq/ERR357/009/ERR3573899/ERR3573899_1.fastq.gz;ftp.sra.ebi.ac.uk/vol1/fastq/ERR357/009/ERR3573899/ERR3573899_2.fastq.gz,ftp.sra.ebi.ac.uk/vol1/run/ERR357/ERR3573899/WTCHG_554367_292141.bam,,WTCHG_554367_292141,WAT-UP-100-AUT
PRJEB34634,SAMEA5989477,ERX3572138,ERR3573900,749907,sediment metagenome,ftp.sra.ebi.ac.uk/vol1/fastq/ERR357/000/ERR3573900/ERR3573900_1.fastq.gz;ftp.sra.ebi.ac.uk/vol1/fastq/ERR357/000/ERR3573900/ERR3573900_2.fastq.gz,ftp.sra.ebi.ac.uk/vol1/run/ERR357/ERR3573900/WTCHG_555215_292141.bam,,WTCHG_555215_292141,WAT-UP-100-AUT
PRJEB34634,SAMEA5989477,ERX3572139,ERR3573901,749907,sediment metagenome,ftp.sra.ebi.ac.uk/vol1/fastq/ERR357/001/ERR3573901/ERR3573901_1.fastq.gz;ftp.sra.ebi.ac.uk/vol1/fastq/ERR357/001/ERR3573901/ERR3573901_2.fastq.gz,ftp.sra.ebi.ac.uk/vol1/run/ERR357/ERR3573901/WTCHG_555221_292141.bam,,WTCHG_555221_292141,WAT-UP-100-AUT
PRJEB34634,SAMEA5989477,ERX3572140,ERR3573902,749907,sediment metagenome,ftp.sra.ebi.ac.uk/vol1/fastq/ERR357/002/ERR3573902/ERR3573902_1.fastq.gz;ftp.sra.ebi.ac.uk/vol1/fastq/ERR357/002/ERR3573902/ERR3573902_2.fastq.gz,ftp.sra.ebi.ac.uk/vol1/run/ERR357/ERR3573902/WTCHG_555217_292141.bam,,WTCHG_555217_292141,WAT-UP-100-AUT
PRJEB34634,SAMEA5989477,ERX3572141,ERR3573903,749907,sediment metagenome,ftp.sra.ebi.ac.uk/vol1/fastq/ERR357/003/ERR3573903/ERR3573903_1.fastq.gz;ftp.sra.ebi.ac.uk/vol1/fastq/ERR357/003/ERR3573903/ERR3573903_2.fastq.gz,ftp.sra.ebi.ac.uk/vol1/run/ERR357/ERR3573903/WTCHG_555214_292141.bam,,WTCHG_555214_292141,WAT-UP-100-AUT
PRJEB34634,SAMEA5989477,ERX3572142,ERR3573904,749907,sediment metagenome,ftp.sra.ebi.ac.uk/vol1/fastq/ERR357/004/ERR3573904/ERR3573904_1.fastq.gz;ftp.sra.ebi.ac.uk/vol1/fastq/ERR357/004/ERR3573904/ERR3573904_2.fastq.gz,ftp.sra.ebi.ac.uk/vol1/run/ERR357/ERR3573904/WTCHG_555220_292141.bam,,WTCHG_555220_292141,WAT-UP-100-AUT
PRJEB34634,SAMEA5989477,ERX3572143,ERR3573905,749907,sediment metagenome,ftp.sra.ebi.ac.uk/vol1/fastq/ERR357/005/ERR3573905/ERR3573905_1.fastq.gz;ftp.sra.ebi.ac.uk/vol1/fastq/ERR357/005/ERR3573905/ERR3573905_2.fastq.gz,ftp.sra.ebi.ac.uk/vol1/run/ERR357/ERR3573905/WTCHG_555218_292141.bam,,WTCHG_555218_292141,WAT-UP-100-AUT
PRJEB34634,SAMEA5989477,ERX3572144,ERR3573906,749907,sediment metagenome,ftp.sra.ebi.ac.uk/vol1/fastq/ERR357/006/ERR3573906/ERR3573906_1.fastq.gz;ftp.sra.ebi.ac.uk/vol1/fastq/ERR357/006/ERR3573906/ERR3573906_2.fastq.gz,ftp.sra.ebi.ac.uk/vol1/run/ERR357/ERR3573906/WTCHG_555216_292141.bam,,WTCHG_555216_292141,WAT-UP-100-AUT
PRJEB34634,SAMEA5989477,ERX3572145,ERR3573907,749907,sediment metagenome,ftp.sra.ebi.ac.uk/vol1/fastq/ERR357/007/ERR3573907/ERR3573907_1.fastq.gz;ftp.sra.ebi.ac.uk/vol1/fastq/ERR357/007/ERR3573907/ERR3573907_2.fastq.gz,ftp.sra.ebi.ac.uk/vol1/run/ERR357/ERR3573907/WTCHG_555219_292141.bam,,WTCHG_555219_292141,WAT-UP-100-AUT
PRJEB34634,SAMEA5989477,ERX3572146,ERR3573908,749907,sediment metagenome,ftp.sra.ebi.ac.uk/vol1/fastq/ERR357/008/ERR3573908/ERR3573908_1.fastq.gz;ftp.sra.ebi.ac.uk/vol1/fastq/ERR357/008/ERR3573908/ERR3573908_2.fastq.gz,ftp.sra.ebi.ac.uk/vol1/run/ERR357/ERR3573908/WTCHG_559240_292141.bam,,WTCHG_559240_292141,WAT-UP-100-AUT
PRJEB34634,SAMEA5989477,ERX3572147,ERR3573909,749907,sediment metagenome,ftp.sra.ebi.ac.uk/vol1/fastq/ERR357/009/ERR3573909/ERR3573909_1.fastq.gz;ftp.sra.ebi.ac.uk/vol1/fastq/ERR357/009/ERR3573909/ERR3573909_2.fastq.gz,ftp.sra.ebi.ac.uk/vol1/run/ERR357/ERR3573909/WTCHG_559242_292141.bam,,WTCHG_559242_292141,WAT-UP-100-AUT
PRJEB34634,SAMEA5989477,ERX3572148,ERR3573910,749907,sediment metagenome,ftp.sra.ebi.ac.uk/vol1/fastq/ERR357/000/ERR3573910/ERR3573910_1.fastq.gz;ftp.sra.ebi.ac.uk/vol1/fastq/ERR357/000/ERR3573910/ERR3573910_2.fastq.gz,ftp.sra.ebi.ac.uk/vol1/run/ERR357/ERR3573910/WTCHG_559243_292141.bam,,WTCHG_559243_292141,WAT-UP-100-AUT
PRJEB34634,SAMEA5989477,ERX3572149,ERR3573911,749907,sediment metagenome,ftp.sra.ebi.ac.uk/vol1/fastq/ERR357/001/ERR3573911/ERR3573911_1.fastq.gz;ftp.sra.ebi.ac.uk/vol1/fastq/ERR357/001/ERR3573911/ERR3573911_2.fastq.gz,ftp.sra.ebi.ac.uk/vol1/run/ERR357/ERR3573911/WTCHG_559241_292141.bam,,WTCHG_559241_292141,WAT-UP-100-AUT
PRJEB34634,SAMEA5989477,ERX3572150,ERR3573912,749907,sediment metagenome,ftp.sra.ebi.ac.uk/vol1/fastq/ERR357/002/ERR3573912/ERR3573912_1.fastq.gz;ftp.sra.ebi.ac.uk/vol1/fastq/ERR357/002/ERR3573912/ERR3573912_2.fastq.gz,ftp.sra.ebi.ac.uk/vol1/run/ERR357/ERR3573912/WTCHG_559244_292141.bam,,WTCHG_559244_292141,WAT-UP-100-AUT
PRJEB34634,SAMEA5989477,ERX3572151,ERR3573913,749907,sediment metagenome,ftp.sra.ebi.ac.uk/vol1/fastq/ERR357/003/ERR3573913/ERR3573913_1.fastq.gz;ftp.sra.ebi.ac.uk/vol1/fastq/ERR357/003/ERR3573913/ERR3573913_2.fastq.gz,ftp.sra.ebi.ac.uk/vol1/run/ERR357/ERR3573913/WTCHG_550636_287176.bam,,WTCHG_550636_287176,WAT-UP-100-SUM
PRJEB34634,SAMEA5989477,ERX3572152,ERR3573914,749907,sediment metagenome,ftp.sra.ebi.ac.uk/vol1/fastq/ERR357/004/ERR3573914/ERR3573914_1.fastq.gz;ftp.sra.ebi.ac.uk/vol1/fastq/ERR357/004/ERR3573914/ERR3573914_2.fastq.gz,ftp.sra.ebi.ac.uk/vol1/run/ERR357/ERR3573914/WTCHG_551514_287176.bam,,WTCHG_551514_287176,WAT-UP-100-SUM
PRJEB34634,SAMEA5989477,ERX3572153,ERR3573915,749907,sediment metagenome,ftp.sra.ebi.ac.uk/vol1/fastq/ERR357/005/ERR3573915/ERR3573915_1.fastq.gz;ftp.sra.ebi.ac.uk/vol1/fastq/ERR357/005/ERR3573915/ERR3573915_2.fastq.gz,ftp.sra.ebi.ac.uk/vol1/run/ERR357/ERR3573915/WTCHG_551515_287176.bam,,WTCHG_551515_287176,WAT-UP-100-SUM
PRJEB34634,SAMEA5989477,ERX3572154,ERR3573916,749907,sediment metagenome,ftp.sra.ebi.ac.uk/vol1/fastq/ERR357/006/ERR3573916/ERR3573916_1.fastq.gz;ftp.sra.ebi.ac.uk/vol1/fastq/ERR357/006/ERR3573916/ERR3573916_2.fastq.gz,ftp.sra.ebi.ac.uk/vol1/run/ERR357/ERR3573916/WTCHG_554367_287176.bam,,WTCHG_554367_287176,WAT-UP-100-SUM
PRJEB34634,SAMEA5989477,ERX3572155,ERR3573917,749907,sediment metagenome,ftp.sra.ebi.ac.uk/vol1/fastq/ERR357/007/ERR3573917/ERR3573917_1.fastq.gz;ftp.sra.ebi.ac.uk/vol1/fastq/ERR357/007/ERR3573917/ERR3573917_2.fastq.gz,ftp.sra.ebi.ac.uk/vol1/run/ERR357/ERR3573917/WTCHG_554366_287176.bam,,WTCHG_554366_287176,WAT-UP-100-SUM
PRJEB34634,SAMEA5989477,ERX3572156,ERR3573918,749907,sediment metagenome,ftp.sra.ebi.ac.uk/vol1/fastq/ERR357/008/ERR3573918/ERR3573918_1.fastq.gz;ftp.sra.ebi.ac.uk/vol1/fastq/ERR357/008/ERR3573918/ERR3573918_2.fastq.gz,ftp.sra.ebi.ac.uk/vol1/run/ERR357/ERR3573918/WTCHG_555220_287176.bam,,WTCHG_555220_287176,WAT-UP-100-SUM
PRJEB34634,SAMEA5989477,ERX3572157,ERR3573919,749907,sediment metagenome,ftp.sra.ebi.ac.uk/vol1/fastq/ERR357/009/ERR3573919/ERR3573919_1.fastq.gz;ftp.sra.ebi.ac.uk/vol1/fastq/ERR357/009/ERR3573919/ERR3573919_2.fastq.gz,ftp.sra.ebi.ac.uk/vol1/run/ERR357/ERR3573919/WTCHG_555218_287176.bam,,WTCHG_555218_287176,WAT-UP-100-SUM
PRJEB34634,SAMEA5989477,ERX3572158,ERR3573920,749907,sediment metagenome,ftp.sra.ebi.ac.uk/vol1/fastq/ERR357/000/ERR3573920/ERR3573920_1.fastq.gz;ftp.sra.ebi.ac.uk/vol1/fastq/ERR357/000/ERR3573920/ERR3573920_2.fastq.gz,ftp.sra.ebi.ac.uk/vol1/run/ERR357/ERR3573920/WTCHG_555215_287176.bam,,WTCHG_555215_287176,WAT-UP-100-SUM
PRJEB34634,SAMEA5989477,ERX3572159,ERR3573921,749907,sediment metagenome,ftp.sra.ebi.ac.uk/vol1/fastq/ERR357/001/ERR3573921/ERR3573921_1.fastq.gz;ftp.sra.ebi.ac.uk/vol1/fastq/ERR357/001/ERR3573921/ERR3573921_2.fastq.gz,ftp.sra.ebi.ac.uk/vol1/run/ERR357/ERR3573921/WTCHG_555217_287176.bam,,WTCHG_555217_287176,WAT-UP-100-SUM
PRJEB34634,SAMEA5989477,ERX3572160,ERR3573922,749907,sediment metagenome,ftp.sra.ebi.ac.uk/vol1/fastq/ERR357/002/ERR3573922/ERR3573922_1.fastq.gz;ftp.sra.ebi.ac.uk/vol1/fastq/ERR357/002/ERR3573922/ERR3573922_2.fastq.gz,ftp.sra.ebi.ac.uk/vol1/run/ERR357/ERR3573922/WTCHG_555216_287176.bam,,WTCHG_555216_287176,WAT-UP-100-SUM
PRJEB34634,SAMEA5989477,ERX3572161,ERR3573923,749907,sediment metagenome,ftp.sra.ebi.ac.uk/vol1/fastq/ERR357/003/ERR3573923/ERR3573923_1.fastq.gz;ftp.sra.ebi.ac.uk/vol1/fastq/ERR357/003/ERR3573923/ERR3573923_2.fastq.gz,ftp.sra.ebi.ac.uk/vol1/run/ERR357/ERR3573923/WTCHG_555214_287176.bam,,WTCHG_555214_287176,WAT-UP-100-SUM
PRJEB34634,SAMEA5989477,ERX3572162,ERR3573924,749907,sediment metagenome,ftp.sra.ebi.ac.uk/vol1/fastq/ERR357/004/ERR3573924/ERR3573924_1.fastq.gz;ftp.sra.ebi.ac.uk/vol1/fastq/ERR357/004/ERR3573924/ERR3573924_2.fastq.gz,ftp.sra.ebi.ac.uk/vol1/run/ERR357/ERR3573924/WTCHG_555221_287176.bam,,WTCHG_555221_287176,WAT-UP-100-SUM
PRJEB34634,SAMEA5989477,ERX3572163,ERR3573925,749907,sediment metagenome,ftp.sra.ebi.ac.uk/vol1/fastq/ERR357/005/ERR3573925/ERR3573925_1.fastq.gz;ftp.sra.ebi.ac.uk/vol1/fastq/ERR357/005/ERR3573925/ERR3573925_2.fastq.gz,ftp.sra.ebi.ac.uk/vol1/run/ERR357/ERR3573925/WTCHG_555219_287176.bam,,WTCHG_555219_287176,WAT-UP-100-SUM
PRJEB34634,SAMEA5989477,ERX3572164,ERR3573926,749907,sediment metagenome,ftp.sra.ebi.ac.uk/vol1/fastq/ERR357/006/ERR3573926/ERR3573926_1.fastq.gz;ftp.sra.ebi.ac.uk/vol1/fastq/ERR357/006/ERR3573926/ERR3573926_2.fastq.gz,ftp.sra.ebi.ac.uk/vol1/run/ERR357/ERR3573926/WTCHG_559244_287176.bam,,WTCHG_559244_287176,WAT-UP-100-SUM
PRJEB34634,SAMEA5989477,ERX3572165,ERR3573927,749907,sediment metagenome,ftp.sra.ebi.ac.uk/vol1/fastq/ERR357/007/ERR3573927/ERR3573927_1.fastq.gz;ftp.sra.ebi.ac.uk/vol1/fastq/ERR357/007/ERR3573927/ERR3573927_2.fastq.gz,ftp.sra.ebi.ac.uk/vol1/run/ERR357/ERR3573927/WTCHG_559242_287176.bam,,WTCHG_559242_287176,WAT-UP-100-SUM
PRJEB34634,SAMEA5989477,ERX3572166,ERR3573928,749907,sediment metagenome,ftp.sra.ebi.ac.uk/vol1/fastq/ERR357/008/ERR3573928/ERR3573928_1.fastq.gz;ftp.sra.ebi.ac.uk/vol1/fastq/ERR357/008/ERR3573928/ERR3573928_2.fastq.gz,ftp.sra.ebi.ac.uk/vol1/run/ERR357/ERR3573928/WTCHG_559241_287176.bam,,WTCHG_559241_287176,WAT-UP-100-SUM
PRJEB34634,SAMEA5989477,ERX3572167,ERR3573929,749907,sediment metagenome,ftp.sra.ebi.ac.uk/vol1/fastq/ERR357/009/ERR3573929/ERR3573929_1.fastq.gz;ftp.sra.ebi.ac.uk/vol1/fastq/ERR357/009/ERR3573929/ERR3573929_2.fastq.gz,ftp.sra.ebi.ac.uk/vol1/run/ERR357/ERR3573929/WTCHG_559243_287176.bam,,WTCHG_559243_287176,WAT-UP-100-SUM
PRJEB34634,SAMEA5989477,ERX3572168,ERR3573930,749907,sediment metagenome,ftp.sra.ebi.ac.uk/vol1/fastq/ERR357/000/ERR3573930/ERR3573930_1.fastq.gz;ftp.sra.ebi.ac.uk/vol1/fastq/ERR357/000/ERR3573930/ERR3573930_2.fastq.gz,ftp.sra.ebi.ac.uk/vol1/run/ERR357/ERR3573930/WTCHG_559240_287176.bam,,WTCHG_559240_287176,WAT-UP-100-SUM
PRJEB34634,SAMEA5989477,ERX3572169,ERR3573931,749907,sediment metagenome,ftp.sra.ebi.ac.uk/vol1/fastq/ERR357/001/ERR3573931/ERR3573931_1.fastq.gz;ftp.sra.ebi.ac.uk/vol1/fastq/ERR357/001/ERR3573931/ERR3573931_2.fastq.gz,ftp.sra.ebi.ac.uk/vol1/run/ERR357/ERR3573931/WTCHG_550636_201106.bam,,WTCHG_550636_201106,WAT-UP-100-WIN
PRJEB34634,SAMEA5989477,ERX3572170,ERR3573932,749907,sediment metagenome,ftp.sra.ebi.ac.uk/vol1/fastq/ERR357/002/ERR3573932/ERR3573932_1.fastq.gz;ftp.sra.ebi.ac.uk/vol1/fastq/ERR357/002/ERR3573932/ERR3573932_2.fastq.gz,ftp.sra.ebi.ac.uk/vol1/run/ERR357/ERR3573932/WTCHG_551515_201106.bam,,WTCHG_551515_201106,WAT-UP-100-WIN
PRJEB34634,SAMEA5989477,ERX3572171,ERR3573933,749907,sediment metagenome,ftp.sra.ebi.ac.uk/vol1/fastq/ERR357/003/ERR3573933/ERR3573933_1.fastq.gz;ftp.sra.ebi.ac.uk/vol1/fastq/ERR357/003/ERR3573933/ERR3573933_2.fastq.gz,ftp.sra.ebi.ac.uk/vol1/run/ERR357/ERR3573933/WTCHG_551514_201106.bam,,WTCHG_551514_201106,WAT-UP-100-WIN
PRJEB34634,SAMEA5989477,ERX3572172,ERR3573934,749907,sediment metagenome,ftp.sra.ebi.ac.uk/vol1/fastq/ERR357/004/ERR3573934/ERR3573934_1.fastq.gz;ftp.sra.ebi.ac.uk/vol1/fastq/ERR357/004/ERR3573934/ERR3573934_2.fastq.gz,ftp.sra.ebi.ac.uk/vol1/run/ERR357/ERR3573934/WTCHG_554367_201106.bam,,WTCHG_554367_201106,WAT-UP-100-WIN
PRJEB34634,SAMEA5989477,ERX3572173,ERR3573935,749907,sediment metagenome,ftp.sra.ebi.ac.uk/vol1/fastq/ERR357/005/ERR3573935/ERR3573935_1.fastq.gz;ftp.sra.ebi.ac.uk/vol1/fastq/ERR357/005/ERR3573935/ERR3573935_2.fastq.gz,ftp.sra.ebi.ac.uk/vol1/run/ERR357/ERR3573935/WTCHG_554366_201106.bam,,WTCHG_554366_201106,WAT-UP-100-WIN
PRJEB34634,SAMEA5989477,ERX3572174,ERR3573936,749907,sediment metagenome,ftp.sra.ebi.ac.uk/vol1/fastq/ERR357/006/ERR3573936/ERR3573936_1.fastq.gz;ftp.sra.ebi.ac.uk/vol1/fastq/ERR357/006/ERR3573936/ERR3573936_2.fastq.gz,ftp.sra.ebi.ac.uk/vol1/run/ERR357/ERR3573936/WTCHG_555214_201106.bam,,WTCHG_555214_201106,WAT-UP-100-WIN
PRJEB34634,SAMEA5989477,ERX3572175,ERR3573937,749907,sediment metagenome,ftp.sra.ebi.ac.uk/vol1/fastq/ERR357/007/ERR3573937/ERR3573937_1.fastq.gz;ftp.sra.ebi.ac.uk/vol1/fastq/ERR357/007/ERR3573937/ERR3573937_2.fastq.gz,ftp.sra.ebi.ac.uk/vol1/run/ERR357/ERR3573937/WTCHG_555217_201106.bam,,WTCHG_555217_201106,WAT-UP-100-WIN
PRJEB34634,SAMEA5989477,ERX3572176,ERR3573938,749907,sediment metagenome,ftp.sra.ebi.ac.uk/vol1/fastq/ERR357/008/ERR3573938/ERR3573938_1.fastq.gz;ftp.sra.ebi.ac.uk/vol1/fastq/ERR357/008/ERR3573938/ERR3573938_2.fastq.gz,ftp.sra.ebi.ac.uk/vol1/run/ERR357/ERR3573938/WTCHG_555216_201106.bam,,WTCHG_555216_201106,WAT-UP-100-WIN
PRJEB34634,SAMEA5989477,ERX3572177,ERR3573939,749907,sediment metagenome,ftp.sra.ebi.ac.uk/vol1/fastq/ERR357/009/ERR3573939/ERR3573939_1.fastq.gz;ftp.sra.ebi.ac.uk/vol1/fastq/ERR357/009/ERR3573939/ERR3573939_2.fastq.gz,ftp.sra.ebi.ac.uk/vol1/run/ERR357/ERR3573939/WTCHG_555219_201106.bam,,WTCHG_555219_201106,WAT-UP-100-WIN
PRJEB34634,SAMEA5989477,ERX3572178,ERR3573940,749907,sediment metagenome,ftp.sra.ebi.ac.uk/vol1/fastq/ERR357/000/ERR3573940/ERR3573940_1.fastq.gz;ftp.sra.ebi.ac.uk/vol1/fastq/ERR357/000/ERR3573940/ERR3573940_2.fastq.gz,ftp.sra.ebi.ac.uk/vol1/run/ERR357/ERR3573940/WTCHG_555221_201106.bam,,WTCHG_555221_201106,WAT-UP-100-WIN
PRJEB34634,SAMEA5989477,ERX3572179,ERR3573941,749907,sediment metagenome,ftp.sra.ebi.ac.uk/vol1/fastq/ERR357/001/ERR3573941/ERR3573941_1.fastq.gz;ftp.sra.ebi.ac.uk/vol1/fastq/ERR357/001/ERR3573941/ERR3573941_2.fastq.gz,ftp.sra.ebi.ac.uk/vol1/run/ERR357/ERR3573941/WTCHG_555218_201106.bam,,WTCHG_555218_201106,WAT-UP-100-WIN
PRJEB34634,SAMEA5989477,ERX3572180,ERR3573942,749907,sediment metagenome,ftp.sra.ebi.ac.uk/vol1/fastq/ERR357/002/ERR3573942/ERR3573942_1.fastq.gz;ftp.sra.ebi.ac.uk/vol1/fastq/ERR357/002/ERR3573942/ERR3573942_2.fastq.gz,ftp.sra.ebi.ac.uk/vol1/run/ERR357/ERR3573942/WTCHG_555215_201106.bam,,WTCHG_555215_201106,WAT-UP-100-WIN
PRJEB34634,SAMEA5989477,ERX3572181,ERR3573943,749907,sediment metagenome,ftp.sra.ebi.ac.uk/vol1/fastq/ERR357/003/ERR3573943/ERR3573943_1.fastq.gz;ftp.sra.ebi.ac.uk/vol1/fastq/ERR357/003/ERR3573943/ERR3573943_2.fastq.gz,ftp.sra.ebi.ac.uk/vol1/run/ERR357/ERR3573943/WTCHG_555220_201106.bam,,WTCHG_555220_201106,WAT-UP-100-WIN
PRJEB34634,SAMEA5989477,ERX3572182,ERR3573944,749907,sediment metagenome,ftp.sra.ebi.ac.uk/vol1/fastq/ERR357/004/ERR3573944/ERR3573944_1.fastq.gz;ftp.sra.ebi.ac.uk/vol1/fastq/ERR357/004/ERR3573944/ERR3573944_2.fastq.gz,ftp.sra.ebi.ac.uk/vol1/run/ERR357/ERR3573944/WTCHG_559243_201106.bam,,WTCHG_559243_201106,WAT-UP-100-WIN
PRJEB34634,SAMEA5989477,ERX3572183,ERR3573945,749907,sediment metagenome,ftp.sra.ebi.ac.uk/vol1/fastq/ERR357/005/ERR3573945/ERR3573945_1.fastq.gz;ftp.sra.ebi.ac.uk/vol1/fastq/ERR357/005/ERR3573945/ERR3573945_2.fastq.gz,ftp.sra.ebi.ac.uk/vol1/run/ERR357/ERR3573945/WTCHG_559240_201106.bam,,WTCHG_559240_201106,WAT-UP-100-WIN
PRJEB34634,SAMEA5989477,ERX3572184,ERR3573946,749907,sediment metagenome,ftp.sra.ebi.ac.uk/vol1/fastq/ERR357/006/ERR3573946/ERR3573946_1.fastq.gz;ftp.sra.ebi.ac.uk/vol1/fastq/ERR357/006/ERR3573946/ERR3573946_2.fastq.gz,ftp.sra.ebi.ac.uk/vol1/run/ERR357/ERR3573946/WTCHG_559242_201106.bam,,WTCHG_559242_201106,WAT-UP-100-WIN
PRJEB34634,SAMEA5989477,ERX3572185,ERR3573947,749907,sediment metagenome,ftp.sra.ebi.ac.uk/vol1/fastq/ERR357/007/ERR3573947/ERR3573947_1.fastq.gz;ftp.sra.ebi.ac.uk/vol1/fastq/ERR357/007/ERR3573947/ERR3573947_2.fastq.gz,ftp.sra.ebi.ac.uk/vol1/run/ERR357/ERR3573947/WTCHG_559241_201106.bam,,WTCHG_559241_201106,WAT-UP-100-WIN
PRJEB34634,SAMEA5989477,ERX3572186,ERR3573948,749907,sediment metagenome,ftp.sra.ebi.ac.uk/vol1/fastq/ERR357/008/ERR3573948/ERR3573948_1.fastq.gz;ftp.sra.ebi.ac.uk/vol1/fastq/ERR357/008/ERR3573948/ERR3573948_2.fastq.gz,ftp.sra.ebi.ac.uk/vol1/run/ERR357/ERR3573948/WTCHG_559244_201106.bam,,WTCHG_559244_201106,WAT-UP-100-WIN
PRJEB34634,SAMEA5989477,ERX3572187,ERR3573949,749907,sediment metagenome,ftp.sra.ebi.ac.uk/vol1/fastq/ERR357/009/ERR3573949/ERR3573949_1.fastq.gz;ftp.sra.ebi.ac.uk/vol1/fastq/ERR357/009/ERR3573949/ERR3573949_2.fastq.gz,ftp.sra.ebi.ac.uk/vol1/run/ERR357/ERR3573949/WTCHG_550636_278163.bam,,WTCHG_550636_278163,WIT-DW-100-AUT
PRJEB34634,SAMEA5989477,ERX3572188,ERR3573950,749907,sediment metagenome,ftp.sra.ebi.ac.uk/vol1/fastq/ERR357/000/ERR3573950/ERR3573950_1.fastq.gz;ftp.sra.ebi.ac.uk/vol1/fastq/ERR357/000/ERR3573950/ERR3573950_2.fastq.gz,ftp.sra.ebi.ac.uk/vol1/run/ERR357/ERR3573950/WTCHG_551514_278163.bam,,WTCHG_551514_278163,WIT-DW-100-AUT
PRJEB34634,SAMEA5989477,ERX3572189,ERR3573951,749907,sediment metagenome,ftp.sra.ebi.ac.uk/vol1/fastq/ERR357/001/ERR3573951/ERR3573951_1.fastq.gz;ftp.sra.ebi.ac.uk/vol1/fastq/ERR357/001/ERR3573951/ERR3573951_2.fastq.gz,ftp.sra.ebi.ac.uk/vol1/run/ERR357/ERR3573951/WTCHG_551515_278163.bam,,WTCHG_551515_278163,WIT-DW-100-AUT
PRJEB34634,SAMEA5989477,ERX3572190,ERR3573952,749907,sediment metagenome,ftp.sra.ebi.ac.uk/vol1/fastq/ERR357/002/ERR3573952/ERR3573952_1.fastq.gz;ftp.sra.ebi.ac.uk/vol1/fastq/ERR357/002/ERR3573952/ERR3573952_2.fastq.gz,ftp.sra.ebi.ac.uk/vol1/run/ERR357/ERR3573952/WTCHG_554367_278163.bam,,WTCHG_554367_278163,WIT-DW-100-AUT
PRJEB34634,SAMEA5989477,ERX3572191,ERR3573953,749907,sediment metagenome,ftp.sra.ebi.ac.uk/vol1/fastq/ERR357/003/ERR3573953/ERR3573953_1.fastq.gz;ftp.sra.ebi.ac.uk/vol1/fastq/ERR357/003/ERR3573953/ERR3573953_2.fastq.gz,ftp.sra.ebi.ac.uk/vol1/run/ERR357/ERR3573953/WTCHG_554366_278163.bam,,WTCHG_554366_278163,WIT-DW-100-AUT
PRJEB34634,SAMEA5989477,ERX3572192,ERR3573954,749907,sediment metagenome,ftp.sra.ebi.ac.uk/vol1/fastq/ERR357/004/ERR3573954/ERR3573954_1.fastq.gz;ftp.sra.ebi.ac.uk/vol1/fastq/ERR357/004/ERR3573954/ERR3573954_2.fastq.gz,ftp.sra.ebi.ac.uk/vol1/run/ERR357/ERR3573954/WTCHG_555216_278163.bam,,WTCHG_555216_278163,WIT-DW-100-AUT
PRJEB34634,SAMEA5989477,ERX3572193,ERR3573955,749907,sediment metagenome,ftp.sra.ebi.ac.uk/vol1/fastq/ERR357/005/ERR3573955/ERR3573955_1.fastq.gz;ftp.sra.ebi.ac.uk/vol1/fastq/ERR357/005/ERR3573955/ERR3573955_2.fastq.gz,ftp.sra.ebi.ac.uk/vol1/run/ERR357/ERR3573955/WTCHG_555215_278163.bam,,WTCHG_555215_278163,WIT-DW-100-AUT
PRJEB34634,SAMEA5989477,ERX3572194,ERR3573956,749907,sediment metagenome,ftp.sra.ebi.ac.uk/vol1/fastq/ERR357/006/ERR3573956/ERR3573956_1.fastq.gz;ftp.sra.ebi.ac.uk/vol1/fastq/ERR357/006/ERR3573956/ERR3573956_2.fastq.gz,ftp.sra.ebi.ac.uk/vol1/run/ERR357/ERR3573956/WTCHG_555220_278163.bam,,WTCHG_555220_278163,WIT-DW-100-AUT
PRJEB34634,SAMEA5989477,ERX3572195,ERR3573957,749907,sediment metagenome,ftp.sra.ebi.ac.uk/vol1/fastq/ERR357/007/ERR3573957/ERR3573957_1.fastq.gz;ftp.sra.ebi.ac.uk/vol1/fastq/ERR357/007/ERR3573957/ERR3573957_2.fastq.gz,ftp.sra.ebi.ac.uk/vol1/run/ERR357/ERR3573957/WTCHG_555221_278163.bam,,WTCHG_555221_278163,WIT-DW-100-AUT
PRJEB34634,SAMEA5989477,ERX3572196,ERR3573958,749907,sediment metagenome,ftp.sra.ebi.ac.uk/vol1/fastq/ERR357/008/ERR3573958/ERR3573958_1.fastq.gz;ftp.sra.ebi.ac.uk/vol1/fastq/ERR357/008/ERR3573958/ERR3573958_2.fastq.gz,ftp.sra.ebi.ac.uk/vol1/run/ERR357/ERR3573958/WTCHG_555217_278163.bam,,WTCHG_555217_278163,WIT-DW-100-AUT
PRJEB34634,SAMEA5989477,ERX3572197,ERR3573959,749907,sediment metagenome,ftp.sra.ebi.ac.uk/vol1/fastq/ERR357/009/ERR3573959/ERR3573959_1.fastq.gz;ftp.sra.ebi.ac.uk/vol1/fastq/ERR357/009/ERR3573959/ERR3573959_2.fastq.gz,ftp.sra.ebi.ac.uk/vol1/run/ERR357/ERR3573959/WTCHG_555219_278163.bam,,WTCHG_555219_278163,WIT-DW-100-AUT
PRJEB34634,SAMEA5989477,ERX3572198,ERR3573960,749907,sediment metagenome,ftp.sra.ebi.ac.uk/vol1/fastq/ERR357/000/ERR3573960/ERR3573960_1.fastq.gz;ftp.sra.ebi.ac.uk/vol1/fastq/ERR357/000/ERR3573960/ERR3573960_2.fastq.gz,ftp.sra.ebi.ac.uk/vol1/run/ERR357/ERR3573960/WTCHG_555218_278163.bam,,WTCHG_555218_278163,WIT-DW-100-AUT
PRJEB34634,SAMEA5989477,ERX3572199,ERR3573961,749907,sediment metagenome,ftp.sra.ebi.ac.uk/vol1/fastq/ERR357/001/ERR3573961/ERR3573961_1.fastq.gz;ftp.sra.ebi.ac.uk/vol1/fastq/ERR357/001/ERR3573961/ERR3573961_2.fastq.gz,ftp.sra.ebi.ac.uk/vol1/run/ERR357/ERR3573961/WTCHG_555214_278163.bam,,WTCHG_555214_278163,WIT-DW-100-AUT
PRJEB34634,SAMEA5989477,ERX3572200,ERR3573962,749907,sediment metagenome,ftp.sra.ebi.ac.uk/vol1/fastq/ERR357/002/ERR3573962/ERR3573962_1.fastq.gz;ftp.sra.ebi.ac.uk/vol1/fastq/ERR357/002/ERR3573962/ERR3573962_2.fastq.gz,ftp.sra.ebi.ac.uk/vol1/run/ERR357/ERR3573962/WTCHG_559241_278163.bam,,WTCHG_559241_278163,WIT-DW-100-AUT
PRJEB34634,SAMEA5989477,ERX3572201,ERR3573963,749907,sediment metagenome,ftp.sra.ebi.ac.uk/vol1/fastq/ERR357/003/ERR3573963/ERR3573963_1.fastq.gz;ftp.sra.ebi.ac.uk/vol1/fastq/ERR357/003/ERR3573963/ERR3573963_2.fastq.gz,ftp.sra.ebi.ac.uk/vol1/run/ERR357/ERR3573963/WTCHG_559242_278163.bam,,WTCHG_559242_278163,WIT-DW-100-AUT
PRJEB34634,SAMEA5989477,ERX3572202,ERR3573964,749907,sediment metagenome,ftp.sra.ebi.ac.uk/vol1/fastq/ERR357/004/ERR3573964/ERR3573964_1.fastq.gz;ftp.sra.ebi.ac.uk/vol1/fastq/ERR357/004/ERR3573964/ERR3573964_2.fastq.gz,ftp.sra.ebi.ac.uk/vol1/run/ERR357/ERR3573964/WTCHG_559244_278163.bam,,WTCHG_559244_278163,WIT-DW-100-AUT
PRJEB34634,SAMEA5989477,ERX3572203,ERR3573965,749907,sediment metagenome,ftp.sra.ebi.ac.uk/vol1/fastq/ERR357/005/ERR3573965/ERR3573965_1.fastq.gz;ftp.sra.ebi.ac.uk/vol1/fastq/ERR357/005/ERR3573965/ERR3573965_2.fastq.gz,ftp.sra.ebi.ac.uk/vol1/run/ERR357/ERR3573965/WTCHG_559240_278163.bam,,WTCHG_559240_278163,WIT-DW-100-AUT
PRJEB34634,SAMEA5989477,ERX3572204,ERR3573966,749907,sediment metagenome,ftp.sra.ebi.ac.uk/vol1/fastq/ERR357/006/ERR3573966/ERR3573966_1.fastq.gz;ftp.sra.ebi.ac.uk/vol1/fastq/ERR357/006/ERR3573966/ERR3573966_2.fastq.gz,ftp.sra.ebi.ac.uk/vol1/run/ERR357/ERR3573966/WTCHG_559243_278163.bam,,WTCHG_559243_278163,WIT-DW-100-AUT
PRJEB34634,SAMEA5989477,ERX3572205,ERR3573967,749907,sediment metagenome,ftp.sra.ebi.ac.uk/vol1/fastq/ERR357/007/ERR3573967/ERR3573967_1.fastq.gz;ftp.sra.ebi.ac.uk/vol1/fastq/ERR357/007/ERR3573967/ERR3573967_2.fastq.gz,ftp.sra.ebi.ac.uk/vol1/run/ERR357/ERR3573967/WTCHG_550636_273103.bam,,WTCHG_550636_273103,WIT-DW-100-SUM
PRJEB34634,SAMEA5989477,ERX3572206,ERR3573968,749907,sediment metagenome,ftp.sra.ebi.ac.uk/vol1/fastq/ERR357/008/ERR3573968/ERR3573968_1.fastq.gz;ftp.sra.ebi.ac.uk/vol1/fastq/ERR357/008/ERR3573968/ERR3573968_2.fastq.gz,ftp.sra.ebi.ac.uk/vol1/run/ERR357/ERR3573968/WTCHG_551515_273103.bam,,WTCHG_551515_273103,WIT-DW-100-SUM
PRJEB34634,SAMEA5989477,ERX3572207,ERR3573969,749907,sediment metagenome,ftp.sra.ebi.ac.uk/vol1/fastq/ERR357/009/ERR3573969/ERR3573969_1.fastq.gz;ftp.sra.ebi.ac.uk/vol1/fastq/ERR357/009/ERR3573969/ERR3573969_2.fastq.gz,ftp.sra.ebi.ac.uk/vol1/run/ERR357/ERR3573969/WTCHG_551514_273103.bam,,WTCHG_551514_273103,WIT-DW-100-SUM
PRJEB34634,SAMEA5989477,ERX3572208,ERR3573970,749907,sediment metagenome,ftp.sra.ebi.ac.uk/vol1/fastq/ERR357/000/ERR3573970/ERR3573970_1.fastq.gz;ftp.sra.ebi.ac.uk/vol1/fastq/ERR357/000/ERR3573970/ERR3573970_2.fastq.gz,ftp.sra.ebi.ac.uk/vol1/run/ERR357/ERR3573970/WTCHG_554367_273103.bam,,WTCHG_554367_273103,WIT-DW-100-SUM
PRJEB34634,SAMEA5989477,ERX3572209,ERR3573971,749907,sediment metagenome,ftp.sra.ebi.ac.uk/vol1/fastq/ERR357/001/ERR3573971/ERR3573971_1.fastq.gz;ftp.sra.ebi.ac.uk/vol1/fastq/ERR357/001/ERR3573971/ERR3573971_2.fastq.gz,ftp.sra.ebi.ac.uk/vol1/run/ERR357/ERR3573971/WTCHG_554366_273103.bam,,WTCHG_554366_273103,WIT-DW-100-SUM
PRJEB34634,SAMEA5989477,ERX3572210,ERR3573972,749907,sediment metagenome,ftp.sra.ebi.ac.uk/vol1/fastq/ERR357/002/ERR3573972/ERR3573972_1.fastq.gz;ftp.sra.ebi.ac.uk/vol1/fastq/ERR357/002/ERR3573972/ERR3573972_2.fastq.gz,ftp.sra.ebi.ac.uk/vol1/run/ERR357/ERR3573972/WTCHG_555219_273103.bam,,WTCHG_555219_273103,WIT-DW-100-SUM
PRJEB34634,SAMEA5989477,ERX3572211,ERR3573973,749907,sediment metagenome,ftp.sra.ebi.ac.uk/vol1/fastq/ERR357/003/ERR3573973/ERR3573973_1.fastq.gz;ftp.sra.ebi.ac.uk/vol1/fastq/ERR357/003/ERR3573973/ERR3573973_2.fastq.gz,ftp.sra.ebi.ac.uk/vol1/run/ERR357/ERR3573973/WTCHG_555215_273103.bam,,WTCHG_555215_273103,WIT-DW-100-SUM
PRJEB34634,SAMEA5989477,ERX3572212,ERR3573974,749907,sediment metagenome,ftp.sra.ebi.ac.uk/vol1/fastq/ERR357/004/ERR3573974/ERR3573974_1.fastq.gz;ftp.sra.ebi.ac.uk/vol1/fastq/ERR357/004/ERR3573974/ERR3573974_2.fastq.gz,ftp.sra.ebi.ac.uk/vol1/run/ERR357/ERR3573974/WTCHG_555218_273103.bam,,WTCHG_555218_273103,WIT-DW-100-SUM
PRJEB34634,SAMEA5989477,ERX3572213,ERR3573975,749907,sediment metagenome,ftp.sra.ebi.ac.uk/vol1/fastq/ERR357/005/ERR3573975/ERR3573975_1.fastq.gz;ftp.sra.ebi.ac.uk/vol1/fastq/ERR357/005/ERR3573975/ERR3573975_2.fastq.gz,ftp.sra.ebi.ac.uk/vol1/run/ERR357/ERR3573975/WTCHG_555221_273103.bam,,WTCHG_555221_273103,WIT-DW-100-SUM
PRJEB34634,SAMEA5989477,ERX3572214,ERR3573976,749907,sediment metagenome,ftp.sra.ebi.ac.uk/vol1/fastq/ERR357/006/ERR3573976/ERR3573976_1.fastq.gz;ftp.sra.ebi.ac.uk/vol1/fastq/ERR357/006/ERR3573976/ERR3573976_2.fastq.gz,ftp.sra.ebi.ac.uk/vol1/run/ERR357/ERR3573976/WTCHG_555216_273103.bam,,WTCHG_555216_273103,WIT-DW-100-SUM
PRJEB34634,SAMEA5989477,ERX3572215,ERR3573977,749907,sediment metagenome,ftp.sra.ebi.ac.uk/vol1/fastq/ERR357/007/ERR3573977/ERR3573977_1.fastq.gz;ftp.sra.ebi.ac.uk/vol1/fastq/ERR357/007/ERR3573977/ERR3573977_2.fastq.gz,ftp.sra.ebi.ac.uk/vol1/run/ERR357/ERR3573977/WTCHG_555214_273103.bam,,WTCHG_555214_273103,WIT-DW-100-SUM
PRJEB34634,SAMEA5989477,ERX3572216,ERR3573978,749907,sediment metagenome,ftp.sra.ebi.ac.uk/vol1/fastq/ERR357/008/ERR3573978/ERR3573978_1.fastq.gz;ftp.sra.ebi.ac.uk/vol1/fastq/ERR357/008/ERR3573978/ERR3573978_2.fastq.gz,ftp.sra.ebi.ac.uk/vol1/run/ERR357/ERR3573978/WTCHG_555220_273103.bam,,WTCHG_555220_273103,WIT-DW-100-SUM
PRJEB34634,SAMEA5989477,ERX3572217,ERR3573979,749907,sediment metagenome,ftp.sra.ebi.ac.uk/vol1/fastq/ERR357/009/ERR3573979/ERR3573979_1.fastq.gz;ftp.sra.ebi.ac.uk/vol1/fastq/ERR357/009/ERR3573979/ERR3573979_2.fastq.gz,ftp.sra.ebi.ac.uk/vol1/run/ERR357/ERR3573979/WTCHG_555217_273103.bam,,WTCHG_555217_273103,WIT-DW-100-SUM
PRJEB34634,SAMEA5989477,ERX3572218,ERR3573980,749907,sediment metagenome,ftp.sra.ebi.ac.uk/vol1/fastq/ERR357/000/ERR3573980/ERR3573980_1.fastq.gz;ftp.sra.ebi.ac.uk/vol1/fastq/ERR357/000/ERR3573980/ERR3573980_2.fastq.gz,ftp.sra.ebi.ac.uk/vol1/run/ERR357/ERR3573980/WTCHG_559241_273103.bam,,WTCHG_559241_273103,WIT-DW-100-SUM
PRJEB34634,SAMEA5989477,ERX3572219,ERR3573981,749907,sediment metagenome,ftp.sra.ebi.ac.uk/vol1/fastq/ERR357/001/ERR3573981/ERR3573981_1.fastq.gz;ftp.sra.ebi.ac.uk/vol1/fastq/ERR357/001/ERR3573981/ERR3573981_2.fastq.gz,ftp.sra.ebi.ac.uk/vol1/run/ERR357/ERR3573981/WTCHG_559242_273103.bam,,WTCHG_559242_273103,WIT-DW-100-SUM
PRJEB34634,SAMEA5989477,ERX3572220,ERR3573982,749907,sediment metagenome,ftp.sra.ebi.ac.uk/vol1/fastq/ERR357/002/ERR3573982/ERR3573982_1.fastq.gz;ftp.sra.ebi.ac.uk/vol1/fastq/ERR357/002/ERR3573982/ERR3573982_2.fastq.gz,ftp.sra.ebi.ac.uk/vol1/run/ERR357/ERR3573982/WTCHG_559243_273103.bam,,WTCHG_559243_273103,WIT-DW-100-SUM
PRJEB34634,SAMEA5989477,ERX3572221,ERR3573983,749907,sediment metagenome,ftp.sra.ebi.ac.uk/vol1/fastq/ERR357/003/ERR3573983/ERR3573983_1.fastq.gz;ftp.sra.ebi.ac.uk/vol1/fastq/ERR357/003/ERR3573983/ERR3573983_2.fastq.gz,ftp.sra.ebi.ac.uk/vol1/run/ERR357/ERR3573983/WTCHG_559244_273103.bam,,WTCHG_559244_273103,WIT-DW-100-SUM
PRJEB34634,SAMEA5989477,ERX3572222,ERR3573984,749907,sediment metagenome,ftp.sra.ebi.ac.uk/vol1/fastq/ERR357/004/ERR3573984/ERR3573984_1.fastq.gz;ftp.sra.ebi.ac.uk/vol1/fastq/ERR357/004/ERR3573984/ERR3573984_2.fastq.gz,ftp.sra.ebi.ac.uk/vol1/run/ERR357/ERR3573984/WTCHG_559240_273103.bam,,WTCHG_559240_273103,WIT-DW-100-SUM
PRJEB34634,SAMEA5989477,ERX3572223,ERR3573985,749907,sediment metagenome,ftp.sra.ebi.ac.uk/vol1/fastq/ERR357/005/ERR3573985/ERR3573985_1.fastq.gz;ftp.sra.ebi.ac.uk/vol1/fastq/ERR357/005/ERR3573985/ERR3573985_2.fastq.gz,ftp.sra.ebi.ac.uk/vol1/run/ERR357/ERR3573985/WTCHG_550636_283128.bam,,WTCHG_550636_283128,WIT-DW-100-WIN
PRJEB34634,SAMEA5989477,ERX3572224,ERR3573986,749907,sediment metagenome,ftp.sra.ebi.ac.uk/vol1/fastq/ERR357/006/ERR3573986/ERR3573986_1.fastq.gz;ftp.sra.ebi.ac.uk/vol1/fastq/ERR357/006/ERR3573986/ERR3573986_2.fastq.gz,ftp.sra.ebi.ac.uk/vol1/run/ERR357/ERR3573986/WTCHG_551514_283128.bam,,WTCHG_551514_283128,WIT-DW-100-WIN
PRJEB34634,SAMEA5989477,ERX3572225,ERR3573987,749907,sediment metagenome,ftp.sra.ebi.ac.uk/vol1/fastq/ERR357/007/ERR3573987/ERR3573987_1.fastq.gz;ftp.sra.ebi.ac.uk/vol1/fastq/ERR357/007/ERR3573987/ERR3573987_2.fastq.gz,ftp.sra.ebi.ac.uk/vol1/run/ERR357/ERR3573987/WTCHG_551515_283128.bam,,WTCHG_551515_283128,WIT-DW-100-WIN
PRJEB34634,SAMEA5989477,ERX3572226,ERR3573988,749907,sediment metagenome,ftp.sra.ebi.ac.uk/vol1/fastq/ERR357/008/ERR3573988/ERR3573988_1.fastq.gz;ftp.sra.ebi.ac.uk/vol1/fastq/ERR357/008/ERR3573988/ERR3573988_2.fastq.gz,ftp.sra.ebi.ac.uk/vol1/run/ERR357/ERR3573988/WTCHG_554366_283128.bam,,WTCHG_554366_283128,WIT-DW-100-WIN
PRJEB34634,SAMEA5989477,ERX3572227,ERR3573989,749907,sediment metagenome,ftp.sra.ebi.ac.uk/vol1/fastq/ERR357/009/ERR3573989/ERR3573989_1.fastq.gz;ftp.sra.ebi.ac.uk/vol1/fastq/ERR357/009/ERR3573989/ERR3573989_2.fastq.gz,ftp.sra.ebi.ac.uk/vol1/run/ERR357/ERR3573989/WTCHG_554367_283128.bam,,WTCHG_554367_283128,WIT-DW-100-WIN
PRJEB34634,SAMEA5989477,ERX3572228,ERR3573990,749907,sediment metagenome,ftp.sra.ebi.ac.uk/vol1/fastq/ERR357/000/ERR3573990/ERR3573990_1.fastq.gz;ftp.sra.ebi.ac.uk/vol1/fastq/ERR357/000/ERR3573990/ERR3573990_2.fastq.gz,ftp.sra.ebi.ac.uk/vol1/run/ERR357/ERR3573990/WTCHG_555221_283128.bam,,WTCHG_555221_283128,WIT-DW-100-WIN
PRJEB34634,SAMEA5989477,ERX3572229,ERR3573991,749907,sediment metagenome,ftp.sra.ebi.ac.uk/vol1/fastq/ERR357/001/ERR3573991/ERR3573991_1.fastq.gz;ftp.sra.ebi.ac.uk/vol1/fastq/ERR357/001/ERR3573991/ERR3573991_2.fastq.gz,ftp.sra.ebi.ac.uk/vol1/run/ERR357/ERR3573991/WTCHG_555218_283128.bam,,WTCHG_555218_283128,WIT-DW-100-WIN
PRJEB34634,SAMEA5989477,ERX3572230,ERR3573992,749907,sediment metagenome,ftp.sra.ebi.ac.uk/vol1/fastq/ERR357/002/ERR3573992/ERR3573992_1.fastq.gz;ftp.sra.ebi.ac.uk/vol1/fastq/ERR357/002/ERR3573992/ERR3573992_2.fastq.gz,ftp.sra.ebi.ac.uk/vol1/run/ERR357/ERR3573992/WTCHG_555219_283128.bam,,WTCHG_555219_283128,WIT-DW-100-WIN
PRJEB34634,SAMEA5989477,ERX3572231,ERR3573993,749907,sediment metagenome,ftp.sra.ebi.ac.uk/vol1/fastq/ERR357/003/ERR3573993/ERR3573993_1.fastq.gz;ftp.sra.ebi.ac.uk/vol1/fastq/ERR357/003/ERR3573993/ERR3573993_2.fastq.gz,ftp.sra.ebi.ac.uk/vol1/run/ERR357/ERR3573993/WTCHG_555214_283128.bam,,WTCHG_555214_283128,WIT-DW-100-WIN
PRJEB34634,SAMEA5989477,ERX3572232,ERR3573994,749907,sediment metagenome,ftp.sra.ebi.ac.uk/vol1/fastq/ERR357/004/ERR3573994/ERR3573994_1.fastq.gz;ftp.sra.ebi.ac.uk/vol1/fastq/ERR357/004/ERR3573994/ERR3573994_2.fastq.gz,ftp.sra.ebi.ac.uk/vol1/run/ERR357/ERR3573994/WTCHG_555220_283128.bam,,WTCHG_555220_283128,WIT-DW-100-WIN
PRJEB34634,SAMEA5989477,ERX3572233,ERR3573995,749907,sediment metagenome,ftp.sra.ebi.ac.uk/vol1/fastq/ERR357/005/ERR3573995/ERR3573995_1.fastq.gz;ftp.sra.ebi.ac.uk/vol1/fastq/ERR357/005/ERR3573995/ERR3573995_2.fastq.gz,ftp.sra.ebi.ac.uk/vol1/run/ERR357/ERR3573995/WTCHG_555216_283128.bam,,WTCHG_555216_283128,WIT-DW-100-WIN
PRJEB34634,SAMEA5989477,ERX3572234,ERR3573996,749907,sediment metagenome,ftp.sra.ebi.ac.uk/vol1/fastq/ERR357/006/ERR3573996/ERR3573996_1.fastq.gz;ftp.sra.ebi.ac.uk/vol1/fastq/ERR357/006/ERR3573996/ERR3573996_2.fastq.gz,ftp.sra.ebi.ac.uk/vol1/run/ERR357/ERR3573996/WTCHG_555217_283128.bam,,WTCHG_555217_283128,WIT-DW-100-WIN
PRJEB34634,SAMEA5989477,ERX3572235,ERR3573997,749907,sediment metagenome,ftp.sra.ebi.ac.uk/vol1/fastq/ERR357/007/ERR3573997/ERR3573997_1.fastq.gz;ftp.sra.ebi.ac.uk/vol1/fastq/ERR357/007/ERR3573997/ERR3573997_2.fastq.gz,ftp.sra.ebi.ac.uk/vol1/run/ERR357/ERR3573997/WTCHG_555215_283128.bam,,WTCHG_555215_283128,WIT-DW-100-WIN
PRJEB34634,SAMEA5989477,ERX3572236,ERR3573998,749907,sediment metagenome,ftp.sra.ebi.ac.uk/vol1/fastq/ERR357/008/ERR3573998/ERR3573998_1.fastq.gz;ftp.sra.ebi.ac.uk/vol1/fastq/ERR357/008/ERR3573998/ERR3573998_2.fastq.gz,ftp.sra.ebi.ac.uk/vol1/run/ERR357/ERR3573998/WTCHG_559241_283128.bam,,WTCHG_559241_283128,WIT-DW-100-WIN
PRJEB34634,SAMEA5989477,ERX3572237,ERR3573999,749907,sediment metagenome,ftp.sra.ebi.ac.uk/vol1/fastq/ERR357/009/ERR3573999/ERR3573999_1.fastq.gz;ftp.sra.ebi.ac.uk/vol1/fastq/ERR357/009/ERR3573999/ERR3573999_2.fastq.gz,ftp.sra.ebi.ac.uk/vol1/run/ERR357/ERR3573999/WTCHG_559240_283128.bam,,WTCHG_559240_283128,WIT-DW-100-WIN
PRJEB34634,SAMEA5989477,ERX3572238,ERR3574000,749907,sediment metagenome,ftp.sra.ebi.ac.uk/vol1/fastq/ERR357/000/ERR3574000/ERR3574000_1.fastq.gz;ftp.sra.ebi.ac.uk/vol1/fastq/ERR357/000/ERR3574000/ERR3574000_2.fastq.gz,ftp.sra.ebi.ac.uk/vol1/run/ERR357/ERR3574000/WTCHG_559243_283128.bam,,WTCHG_559243_283128,WIT-DW-100-WIN
PRJEB34634,SAMEA5989477,ERX3572239,ERR3574001,749907,sediment metagenome,ftp.sra.ebi.ac.uk/vol1/fastq/ERR357/001/ERR3574001/ERR3574001_1.fastq.gz;ftp.sra.ebi.ac.uk/vol1/fastq/ERR357/001/ERR3574001/ERR3574001_2.fastq.gz,ftp.sra.ebi.ac.uk/vol1/run/ERR357/ERR3574001/WTCHG_559244_283128.bam,,WTCHG_559244_283128,WIT-DW-100-WIN
PRJEB34634,SAMEA5989477,ERX3572240,ERR3574002,749907,sediment metagenome,ftp.sra.ebi.ac.uk/vol1/fastq/ERR357/002/ERR3574002/ERR3574002_1.fastq.gz;ftp.sra.ebi.ac.uk/vol1/fastq/ERR357/002/ERR3574002/ERR3574002_2.fastq.gz,ftp.sra.ebi.ac.uk/vol1/run/ERR357/ERR3574002/WTCHG_559242_283128.bam,,WTCHG_559242_283128,WIT-DW-100-WIN
PRJEB34634,SAMEA5989477,ERX3572241,ERR3574003,749907,sediment metagenome,ftp.sra.ebi.ac.uk/vol1/fastq/ERR357/003/ERR3574003/ERR3574003_1.fastq.gz;ftp.sra.ebi.ac.uk/vol1/fastq/ERR357/003/ERR3574003/ERR3574003_2.fastq.gz,ftp.sra.ebi.ac.uk/vol1/run/ERR357/ERR3574003/WTCHG_550636_281104.bam,,WTCHG_550636_281104,WIT-DW-1000-AUT
PRJEB34634,SAMEA5989477,ERX3572242,ERR3574004,749907,sediment metagenome,ftp.sra.ebi.ac.uk/vol1/fastq/ERR357/004/ERR3574004/ERR3574004_1.fastq.gz;ftp.sra.ebi.ac.uk/vol1/fastq/ERR357/004/ERR3574004/ERR3574004_2.fastq.gz,ftp.sra.ebi.ac.uk/vol1/run/ERR357/ERR3574004/WTCHG_551514_281104.bam,,WTCHG_551514_281104,WIT-DW-1000-AUT
PRJEB34634,SAMEA5989477,ERX3572243,ERR3574005,749907,sediment metagenome,ftp.sra.ebi.ac.uk/vol1/fastq/ERR357/005/ERR3574005/ERR3574005_1.fastq.gz;ftp.sra.ebi.ac.uk/vol1/fastq/ERR357/005/ERR3574005/ERR3574005_2.fastq.gz,ftp.sra.ebi.ac.uk/vol1/run/ERR357/ERR3574005/WTCHG_551515_281104.bam,,WTCHG_551515_281104,WIT-DW-1000-AUT
PRJEB34634,SAMEA5989477,ERX3572244,ERR3574006,749907,sediment metagenome,ftp.sra.ebi.ac.uk/vol1/fastq/ERR357/006/ERR3574006/ERR3574006_1.fastq.gz;ftp.sra.ebi.ac.uk/vol1/fastq/ERR357/006/ERR3574006/ERR3574006_2.fastq.gz,ftp.sra.ebi.ac.uk/vol1/run/ERR357/ERR3574006/WTCHG_554367_281104.bam,,WTCHG_554367_281104,WIT-DW-1000-AUT
PRJEB34634,SAMEA5989477,ERX3572245,ERR3574007,749907,sediment metagenome,ftp.sra.ebi.ac.uk/vol1/fastq/ERR357/007/ERR3574007/ERR3574007_1.fastq.gz;ftp.sra.ebi.ac.uk/vol1/fastq/ERR357/007/ERR3574007/ERR3574007_2.fastq.gz,ftp.sra.ebi.ac.uk/vol1/run/ERR357/ERR3574007/WTCHG_554366_281104.bam,,WTCHG_554366_281104,WIT-DW-1000-AUT
PRJEB34634,SAMEA5989477,ERX3572246,ERR3574008,749907,sediment metagenome,ftp.sra.ebi.ac.uk/vol1/fastq/ERR357/008/ERR3574008/ERR3574008_1.fastq.gz;ftp.sra.ebi.ac.uk/vol1/fastq/ERR357/008/ERR3574008/ERR3574008_2.fastq.gz,ftp.sra.ebi.ac.uk/vol1/run/ERR357/ERR3574008/WTCHG_555215_281104.bam,,WTCHG_555215_281104,WIT-DW-1000-AUT
PRJEB34634,SAMEA5989477,ERX3572247,ERR3574009,749907,sediment metagenome,ftp.sra.ebi.ac.uk/vol1/fastq/ERR357/009/ERR3574009/ERR3574009_1.fastq.gz;ftp.sra.ebi.ac.uk/vol1/fastq/ERR357/009/ERR3574009/ERR3574009_2.fastq.gz,ftp.sra.ebi.ac.uk/vol1/run/ERR357/ERR3574009/WTCHG_555221_281104.bam,,WTCHG_555221_281104,WIT-DW-1000-AUT
PRJEB34634,SAMEA5989477,ERX3572248,ERR3574010,749907,sediment metagenome,ftp.sra.ebi.ac.uk/vol1/fastq/ERR357/000/ERR3574010/ERR3574010_1.fastq.gz;ftp.sra.ebi.ac.uk/vol1/fastq/ERR357/000/ERR3574010/ERR3574010_2.fastq.gz,ftp.sra.ebi.ac.uk/vol1/run/ERR357/ERR3574010/WTCHG_555216_281104.bam,,WTCHG_555216_281104,WIT-DW-1000-AUT
PRJEB34634,SAMEA5989477,ERX3572249,ERR3574011,749907,sediment metagenome,ftp.sra.ebi.ac.uk/vol1/fastq/ERR357/001/ERR3574011/ERR3574011_1.fastq.gz;ftp.sra.ebi.ac.uk/vol1/fastq/ERR357/001/ERR3574011/ERR3574011_2.fastq.gz,ftp.sra.ebi.ac.uk/vol1/run/ERR357/ERR3574011/WTCHG_555217_281104.bam,,WTCHG_555217_281104,WIT-DW-1000-AUT
PRJEB34634,SAMEA5989477,ERX3572250,ERR3574012,749907,sediment metagenome,ftp.sra.ebi.ac.uk/vol1/fastq/ERR357/002/ERR3574012/ERR3574012_1.fastq.gz;ftp.sra.ebi.ac.uk/vol1/fastq/ERR357/002/ERR3574012/ERR3574012_2.fastq.gz,ftp.sra.ebi.ac.uk/vol1/run/ERR357/ERR3574012/WTCHG_555219_281104.bam,,WTCHG_555219_281104,WIT-DW-1000-AUT
PRJEB34634,SAMEA5989477,ERX3572251,ERR3574013,749907,sediment metagenome,ftp.sra.ebi.ac.uk/vol1/fastq/ERR357/003/ERR3574013/ERR3574013_1.fastq.gz;ftp.sra.ebi.ac.uk/vol1/fastq/ERR357/003/ERR3574013/ERR3574013_2.fastq.gz,ftp.sra.ebi.ac.uk/vol1/run/ERR357/ERR3574013/WTCHG_555214_281104.bam,,WTCHG_555214_281104,WIT-DW-1000-AUT
PRJEB34634,SAMEA5989477,ERX3572252,ERR3574014,749907,sediment metagenome,ftp.sra.ebi.ac.uk/vol1/fastq/ERR357/004/ERR3574014/ERR3574014_1.fastq.gz;ftp.sra.ebi.ac.uk/vol1/fastq/ERR357/004/ERR3574014/ERR3574014_2.fastq.gz,ftp.sra.ebi.ac.uk/vol1/run/ERR357/ERR3574014/WTCHG_555218_281104.bam,,WTCHG_555218_281104,WIT-DW-1000-AUT
PRJEB34634,SAMEA5989477,ERX3572253,ERR3574015,749907,sediment metagenome,ftp.sra.ebi.ac.uk/vol1/fastq/ERR357/005/ERR3574015/ERR3574015_1.fastq.gz;ftp.sra.ebi.ac.uk/vol1/fastq/ERR357/005/ERR3574015/ERR3574015_2.fastq.gz,ftp.sra.ebi.ac.uk/vol1/run/ERR357/ERR3574015/WTCHG_555220_281104.bam,,WTCHG_555220_281104,WIT-DW-1000-AUT
PRJEB34634,SAMEA5989477,ERX3572254,ERR3574016,749907,sediment metagenome,ftp.sra.ebi.ac.uk/vol1/fastq/ERR357/006/ERR3574016/ERR3574016_1.fastq.gz;ftp.sra.ebi.ac.uk/vol1/fastq/ERR357/006/ERR3574016/ERR3574016_2.fastq.gz,ftp.sra.ebi.ac.uk/vol1/run/ERR357/ERR3574016/WTCHG_559240_281104.bam,,WTCHG_559240_281104,WIT-DW-1000-AUT
PRJEB34634,SAMEA5989477,ERX3572255,ERR3574017,749907,sediment metagenome,ftp.sra.ebi.ac.uk/vol1/fastq/ERR357/007/ERR3574017/ERR3574017_1.fastq.gz;ftp.sra.ebi.ac.uk/vol1/fastq/ERR357/007/ERR3574017/ERR3574017_2.fastq.gz,ftp.sra.ebi.ac.uk/vol1/run/ERR357/ERR3574017/WTCHG_559242_281104.bam,,WTCHG_559242_281104,WIT-DW-1000-AUT
PRJEB34634,SAMEA5989477,ERX3572256,ERR3574018,749907,sediment metagenome,ftp.sra.ebi.ac.uk/vol1/fastq/ERR357/008/ERR3574018/ERR3574018_1.fastq.gz;ftp.sra.ebi.ac.uk/vol1/fastq/ERR357/008/ERR3574018/ERR3574018_2.fastq.gz,ftp.sra.ebi.ac.uk/vol1/run/ERR357/ERR3574018/WTCHG_559243_281104.bam,,WTCHG_559243_281104,WIT-DW-1000-AUT
PRJEB34634,SAMEA5989477,ERX3572257,ERR3574019,749907,sediment metagenome,ftp.sra.ebi.ac.uk/vol1/fastq/ERR357/009/ERR3574019/ERR3574019_1.fastq.gz;ftp.sra.ebi.ac.uk/vol1/fastq/ERR357/009/ERR3574019/ERR3574019_2.fastq.gz,ftp.sra.ebi.ac.uk/vol1/run/ERR357/ERR3574019/WTCHG_559241_281104.bam,,WTCHG_559241_281104,WIT-DW-1000-AUT
PRJEB34634,SAMEA5989477,ERX3572258,ERR3574020,749907,sediment metagenome,ftp.sra.ebi.ac.uk/vol1/fastq/ERR357/000/ERR3574020/ERR3574020_1.fastq.gz;ftp.sra.ebi.ac.uk/vol1/fastq/ERR357/000/ERR3574020/ERR3574020_2.fastq.gz,ftp.sra.ebi.ac.uk/vol1/run/ERR357/ERR3574020/WTCHG_559244_281104.bam,,WTCHG_559244_281104,WIT-DW-1000-AUT
PRJEB34634,SAMEA5989477,ERX3572259,ERR3574021,749907,sediment metagenome,ftp.sra.ebi.ac.uk/vol1/fastq/ERR357/001/ERR3574021/ERR3574021_1.fastq.gz;ftp.sra.ebi.ac.uk/vol1/fastq/ERR357/001/ERR3574021/ERR3574021_2.fastq.gz,ftp.sra.ebi.ac.uk/vol1/run/ERR357/ERR3574021/WTCHG_550636_276139.bam,,WTCHG_550636_276139,WIT-DW-1000-SUM
PRJEB34634,SAMEA5989477,ERX3572260,ERR3574022,749907,sediment metagenome,ftp.sra.ebi.ac.uk/vol1/fastq/ERR357/002/ERR3574022/ERR3574022_1.fastq.gz;ftp.sra.ebi.ac.uk/vol1/fastq/ERR357/002/ERR3574022/ERR3574022_2.fastq.gz,ftp.sra.ebi.ac.uk/vol1/run/ERR357/ERR3574022/WTCHG_551514_276139.bam,,WTCHG_551514_276139,WIT-DW-1000-SUM
PRJEB34634,SAMEA5989477,ERX3572261,ERR3574023,749907,sediment metagenome,ftp.sra.ebi.ac.uk/vol1/fastq/ERR357/003/ERR3574023/ERR3574023_1.fastq.gz;ftp.sra.ebi.ac.uk/vol1/fastq/ERR357/003/ERR3574023/ERR3574023_2.fastq.gz,ftp.sra.ebi.ac.uk/vol1/run/ERR357/ERR3574023/WTCHG_551515_276139.bam,,WTCHG_551515_276139,WIT-DW-1000-SUM
PRJEB34634,SAMEA5989477,ERX3572262,ERR3574024,749907,sediment metagenome,ftp.sra.ebi.ac.uk/vol1/fastq/ERR357/004/ERR3574024/ERR3574024_1.fastq.gz;ftp.sra.ebi.ac.uk/vol1/fastq/ERR357/004/ERR3574024/ERR3574024_2.fastq.gz,ftp.sra.ebi.ac.uk/vol1/run/ERR357/ERR3574024/WTCHG_554367_276139.bam,,WTCHG_554367_276139,WIT-DW-1000-SUM
PRJEB34634,SAMEA5989477,ERX3572263,ERR3574025,749907,sediment metagenome,ftp.sra.ebi.ac.uk/vol1/fastq/ERR357/005/ERR3574025/ERR3574025_1.fastq.gz;ftp.sra.ebi.ac.uk/vol1/fastq/ERR357/005/ERR3574025/ERR3574025_2.fastq.gz,ftp.sra.ebi.ac.uk/vol1/run/ERR357/ERR3574025/WTCHG_554366_276139.bam,,WTCHG_554366_276139,WIT-DW-1000-SUM
PRJEB34634,SAMEA5989477,ERX3572264,ERR3574026,749907,sediment metagenome,ftp.sra.ebi.ac.uk/vol1/fastq/ERR357/006/ERR3574026/ERR3574026_1.fastq.gz;ftp.sra.ebi.ac.uk/vol1/fastq/ERR357/006/ERR3574026/ERR3574026_2.fastq.gz,ftp.sra.ebi.ac.uk/vol1/run/ERR357/ERR3574026/WTCHG_555214_276139.bam,,WTCHG_555214_276139,WIT-DW-1000-SUM
PRJEB34634,SAMEA5989477,ERX3572265,ERR3574027,749907,sediment metagenome,ftp.sra.ebi.ac.uk/vol1/fastq/ERR357/007/ERR3574027/ERR3574027_1.fastq.gz;ftp.sra.ebi.ac.uk/vol1/fastq/ERR357/007/ERR3574027/ERR3574027_2.fastq.gz,ftp.sra.ebi.ac.uk/vol1/run/ERR357/ERR3574027/WTCHG_555220_276139.bam,,WTCHG_555220_276139,WIT-DW-1000-SUM
PRJEB34634,SAMEA5989477,ERX3572266,ERR3574028,749907,sediment metagenome,ftp.sra.ebi.ac.uk/vol1/fastq/ERR357/008/ERR3574028/ERR3574028_1.fastq.gz;ftp.sra.ebi.ac.uk/vol1/fastq/ERR357/008/ERR3574028/ERR3574028_2.fastq.gz,ftp.sra.ebi.ac.uk/vol1/run/ERR357/ERR3574028/WTCHG_555216_276139.bam,,WTCHG_555216_276139,WIT-DW-1000-SUM
PRJEB34634,SAMEA5989477,ERX3572267,ERR3574029,749907,sediment metagenome,ftp.sra.ebi.ac.uk/vol1/fastq/ERR357/009/ERR3574029/ERR3574029_1.fastq.gz;ftp.sra.ebi.ac.uk/vol1/fastq/ERR357/009/ERR3574029/ERR3574029_2.fastq.gz,ftp.sra.ebi.ac.uk/vol1/run/ERR357/ERR3574029/WTCHG_555221_276139.bam,,WTCHG_555221_276139,WIT-DW-1000-SUM
PRJEB34634,SAMEA5989477,ERX3572268,ERR3574030,749907,sediment metagenome,ftp.sra.ebi.ac.uk/vol1/fastq/ERR357/000/ERR3574030/ERR3574030_1.fastq.gz;ftp.sra.ebi.ac.uk/vol1/fastq/ERR357/000/ERR3574030/ERR3574030_2.fastq.gz,ftp.sra.ebi.ac.uk/vol1/run/ERR357/ERR3574030/WTCHG_555218_276139.bam,,WTCHG_555218_276139,WIT-DW-1000-SUM
PRJEB34634,SAMEA5989477,ERX3572269,ERR3574031,749907,sediment metagenome,ftp.sra.ebi.ac.uk/vol1/fastq/ERR357/001/ERR3574031/ERR3574031_1.fastq.gz;ftp.sra.ebi.ac.uk/vol1/fastq/ERR357/001/ERR3574031/ERR3574031_2.fastq.gz,ftp.sra.ebi.ac.uk/vol1/run/ERR357/ERR3574031/WTCHG_555217_276139.bam,,WTCHG_555217_276139,WIT-DW-1000-SUM
PRJEB34634,SAMEA5989477,ERX3572270,ERR3574032,749907,sediment metagenome,ftp.sra.ebi.ac.uk/vol1/fastq/ERR357/002/ERR3574032/ERR3574032_1.fastq.gz;ftp.sra.ebi.ac.uk/vol1/fastq/ERR357/002/ERR3574032/ERR3574032_2.fastq.gz,ftp.sra.ebi.ac.uk/vol1/run/ERR357/ERR3574032/WTCHG_555215_276139.bam,,WTCHG_555215_276139,WIT-DW-1000-SUM
PRJEB34634,SAMEA5989477,ERX3572271,ERR3574033,749907,sediment metagenome,ftp.sra.ebi.ac.uk/vol1/fastq/ERR357/003/ERR3574033/ERR3574033_1.fastq.gz;ftp.sra.ebi.ac.uk/vol1/fastq/ERR357/003/ERR3574033/ERR3574033_2.fastq.gz,ftp.sra.ebi.ac.uk/vol1/run/ERR357/ERR3574033/WTCHG_555219_276139.bam,,WTCHG_555219_276139,WIT-DW-1000-SUM
PRJEB34634,SAMEA5989477,ERX3572272,ERR3574034,749907,sediment metagenome,ftp.sra.ebi.ac.uk/vol1/fastq/ERR357/004/ERR3574034/ERR3574034_1.fastq.gz;ftp.sra.ebi.ac.uk/vol1/fastq/ERR357/004/ERR3574034/ERR3574034_2.fastq.gz,ftp.sra.ebi.ac.uk/vol1/run/ERR357/ERR3574034/WTCHG_559240_276139.bam,,WTCHG_559240_276139,WIT-DW-1000-SUM
PRJEB34634,SAMEA5989477,ERX3572273,ERR3574035,749907,sediment metagenome,ftp.sra.ebi.ac.uk/vol1/fastq/ERR357/005/ERR3574035/ERR3574035_1.fastq.gz;ftp.sra.ebi.ac.uk/vol1/fastq/ERR357/005/ERR3574035/ERR3574035_2.fastq.gz,ftp.sra.ebi.ac.uk/vol1/run/ERR357/ERR3574035/WTCHG_559243_276139.bam,,WTCHG_559243_276139,WIT-DW-1000-SUM
PRJEB34634,SAMEA5989477,ERX3572274,ERR3574036,749907,sediment metagenome,ftp.sra.ebi.ac.uk/vol1/fastq/ERR357/006/ERR3574036/ERR3574036_1.fastq.gz;ftp.sra.ebi.ac.uk/vol1/fastq/ERR357/006/ERR3574036/ERR3574036_2.fastq.gz,ftp.sra.ebi.ac.uk/vol1/run/ERR357/ERR3574036/WTCHG_559244_276139.bam,,WTCHG_559244_276139,WIT-DW-1000-SUM
PRJEB34634,SAMEA5989477,ERX3572275,ERR3574037,749907,sediment metagenome,ftp.sra.ebi.ac.uk/vol1/fastq/ERR357/007/ERR3574037/ERR3574037_1.fastq.gz;ftp.sra.ebi.ac.uk/vol1/fastq/ERR357/007/ERR3574037/ERR3574037_2.fastq.gz,ftp.sra.ebi.ac.uk/vol1/run/ERR357/ERR3574037/WTCHG_559242_276139.bam,,WTCHG_559242_276139,WIT-DW-1000-SUM
PRJEB34634,SAMEA5989477,ERX3572276,ERR3574038,749907,sediment metagenome,ftp.sra.ebi.ac.uk/vol1/fastq/ERR357/008/ERR3574038/ERR3574038_1.fastq.gz;ftp.sra.ebi.ac.uk/vol1/fastq/ERR357/008/ERR3574038/ERR3574038_2.fastq.gz,ftp.sra.ebi.ac.uk/vol1/run/ERR357/ERR3574038/WTCHG_559241_276139.bam,,WTCHG_559241_276139,WIT-DW-1000-SUM
PRJEB34634,SAMEA5989477,ERX3572277,ERR3574039,749907,sediment metagenome,ftp.sra.ebi.ac.uk/vol1/fastq/ERR357/009/ERR3574039/ERR3574039_1.fastq.gz;ftp.sra.ebi.ac.uk/vol1/fastq/ERR357/009/ERR3574039/ERR3574039_2.fastq.gz,ftp.sra.ebi.ac.uk/vol1/run/ERR357/ERR3574039/WTCHG_550636_286164.bam,,WTCHG_550636_286164,WIT-DW-1000-WIN
PRJEB34634,SAMEA5989477,ERX3572278,ERR3574040,749907,sediment metagenome,ftp.sra.ebi.ac.uk/vol1/fastq/ERR357/000/ERR3574040/ERR3574040_1.fastq.gz;ftp.sra.ebi.ac.uk/vol1/fastq/ERR357/000/ERR3574040/ERR3574040_2.fastq.gz,ftp.sra.ebi.ac.uk/vol1/run/ERR357/ERR3574040/WTCHG_551515_286164.bam,,WTCHG_551515_286164,WIT-DW-1000-WIN
PRJEB34634,SAMEA5989477,ERX3572279,ERR3574041,749907,sediment metagenome,ftp.sra.ebi.ac.uk/vol1/fastq/ERR357/001/ERR3574041/ERR3574041_1.fastq.gz;ftp.sra.ebi.ac.uk/vol1/fastq/ERR357/001/ERR3574041/ERR3574041_2.fastq.gz,ftp.sra.ebi.ac.uk/vol1/run/ERR357/ERR3574041/WTCHG_551514_286164.bam,,WTCHG_551514_286164,WIT-DW-1000-WIN
PRJEB34634,SAMEA5989477,ERX3572280,ERR3574042,749907,sediment metagenome,ftp.sra.ebi.ac.uk/vol1/fastq/ERR357/002/ERR3574042/ERR3574042_1.fastq.gz;ftp.sra.ebi.ac.uk/vol1/fastq/ERR357/002/ERR3574042/ERR3574042_2.fastq.gz,ftp.sra.ebi.ac.uk/vol1/run/ERR357/ERR3574042/WTCHG_554367_286164.bam,,WTCHG_554367_286164,WIT-DW-1000-WIN
PRJEB34634,SAMEA5989477,ERX3572281,ERR3574043,749907,sediment metagenome,ftp.sra.ebi.ac.uk/vol1/fastq/ERR357/003/ERR3574043/ERR3574043_1.fastq.gz;ftp.sra.ebi.ac.uk/vol1/fastq/ERR357/003/ERR3574043/ERR3574043_2.fastq.gz,ftp.sra.ebi.ac.uk/vol1/run/ERR357/ERR3574043/WTCHG_554366_286164.bam,,WTCHG_554366_286164,WIT-DW-1000-WIN
PRJEB34634,SAMEA5989477,ERX3572282,ERR3574044,749907,sediment metagenome,ftp.sra.ebi.ac.uk/vol1/fastq/ERR357/004/ERR3574044/ERR3574044_1.fastq.gz;ftp.sra.ebi.ac.uk/vol1/fastq/ERR357/004/ERR3574044/ERR3574044_2.fastq.gz,ftp.sra.ebi.ac.uk/vol1/run/ERR357/ERR3574044/WTCHG_555221_286164.bam,,WTCHG_555221_286164,WIT-DW-1000-WIN
PRJEB34634,SAMEA5989477,ERX3572283,ERR3574045,749907,sediment metagenome,ftp.sra.ebi.ac.uk/vol1/fastq/ERR357/005/ERR3574045/ERR3574045_1.fastq.gz;ftp.sra.ebi.ac.uk/vol1/fastq/ERR357/005/ERR3574045/ERR3574045_2.fastq.gz,ftp.sra.ebi.ac.uk/vol1/run/ERR357/ERR3574045/WTCHG_555218_286164.bam,,WTCHG_555218_286164,WIT-DW-1000-WIN
PRJEB34634,SAMEA5989477,ERX3572284,ERR3574046,749907,sediment metagenome,ftp.sra.ebi.ac.uk/vol1/fastq/ERR357/006/ERR3574046/ERR3574046_1.fastq.gz;ftp.sra.ebi.ac.uk/vol1/fastq/ERR357/006/ERR3574046/ERR3574046_2.fastq.gz,ftp.sra.ebi.ac.uk/vol1/run/ERR357/ERR3574046/WTCHG_555215_286164.bam,,WTCHG_555215_286164,WIT-DW-1000-WIN
PRJEB34634,SAMEA5989477,ERX3572285,ERR3574047,749907,sediment metagenome,ftp.sra.ebi.ac.uk/vol1/fastq/ERR357/007/ERR3574047/ERR3574047_1.fastq.gz;ftp.sra.ebi.ac.uk/vol1/fastq/ERR357/007/ERR3574047/ERR3574047_2.fastq.gz,ftp.sra.ebi.ac.uk/vol1/run/ERR357/ERR3574047/WTCHG_555219_286164.bam,,WTCHG_555219_286164,WIT-DW-1000-WIN
PRJEB34634,SAMEA5989477,ERX3572286,ERR3574048,749907,sediment metagenome,ftp.sra.ebi.ac.uk/vol1/fastq/ERR357/008/ERR3574048/ERR3574048_1.fastq.gz;ftp.sra.ebi.ac.uk/vol1/fastq/ERR357/008/ERR3574048/ERR3574048_2.fastq.gz,ftp.sra.ebi.ac.uk/vol1/run/ERR357/ERR3574048/WTCHG_555216_286164.bam,,WTCHG_555216_286164,WIT-DW-1000-WIN
PRJEB34634,SAMEA5989477,ERX3572287,ERR3574049,749907,sediment metagenome,ftp.sra.ebi.ac.uk/vol1/fastq/ERR357/009/ERR3574049/ERR3574049_1.fastq.gz;ftp.sra.ebi.ac.uk/vol1/fastq/ERR357/009/ERR3574049/ERR3574049_2.fastq.gz,ftp.sra.ebi.ac.uk/vol1/run/ERR357/ERR3574049/WTCHG_555220_286164.bam,,WTCHG_555220_286164,WIT-DW-1000-WIN
PRJEB34634,SAMEA5989477,ERX3572288,ERR3574050,749907,sediment metagenome,ftp.sra.ebi.ac.uk/vol1/fastq/ERR357/000/ERR3574050/ERR3574050_1.fastq.gz;ftp.sra.ebi.ac.uk/vol1/fastq/ERR357/000/ERR3574050/ERR3574050_2.fastq.gz,ftp.sra.ebi.ac.uk/vol1/run/ERR357/ERR3574050/WTCHG_555217_286164.bam,,WTCHG_555217_286164,WIT-DW-1000-WIN
PRJEB34634,SAMEA5989477,ERX3572289,ERR3574051,749907,sediment metagenome,ftp.sra.ebi.ac.uk/vol1/fastq/ERR357/001/ERR3574051/ERR3574051_1.fastq.gz;ftp.sra.ebi.ac.uk/vol1/fastq/ERR357/001/ERR3574051/ERR3574051_2.fastq.gz,ftp.sra.ebi.ac.uk/vol1/run/ERR357/ERR3574051/WTCHG_555214_286164.bam,,WTCHG_555214_286164,WIT-DW-1000-WIN
PRJEB34634,SAMEA5989477,ERX3572290,ERR3574052,749907,sediment metagenome,ftp.sra.ebi.ac.uk/vol1/fastq/ERR357/002/ERR3574052/ERR3574052_1.fastq.gz;ftp.sra.ebi.ac.uk/vol1/fastq/ERR357/002/ERR3574052/ERR3574052_2.fastq.gz,ftp.sra.ebi.ac.uk/vol1/run/ERR357/ERR3574052/WTCHG_559240_286164.bam,,WTCHG_559240_286164,WIT-DW-1000-WIN
PRJEB34634,SAMEA5989477,ERX3572291,ERR3574053,749907,sediment metagenome,ftp.sra.ebi.ac.uk/vol1/fastq/ERR357/003/ERR3574053/ERR3574053_1.fastq.gz;ftp.sra.ebi.ac.uk/vol1/fastq/ERR357/003/ERR3574053/ERR3574053_2.fastq.gz,ftp.sra.ebi.ac.uk/vol1/run/ERR357/ERR3574053/WTCHG_559244_286164.bam,,WTCHG_559244_286164,WIT-DW-1000-WIN
PRJEB34634,SAMEA5989477,ERX3572292,ERR3574054,749907,sediment metagenome,ftp.sra.ebi.ac.uk/vol1/fastq/ERR357/004/ERR3574054/ERR3574054_1.fastq.gz;ftp.sra.ebi.ac.uk/vol1/fastq/ERR357/004/ERR3574054/ERR3574054_2.fastq.gz,ftp.sra.ebi.ac.uk/vol1/run/ERR357/ERR3574054/WTCHG_559243_286164.bam,,WTCHG_559243_286164,WIT-DW-1000-WIN
PRJEB34634,SAMEA5989477,ERX3572293,ERR3574055,749907,sediment metagenome,ftp.sra.ebi.ac.uk/vol1/fastq/ERR357/005/ERR3574055/ERR3574055_1.fastq.gz;ftp.sra.ebi.ac.uk/vol1/fastq/ERR357/005/ERR3574055/ERR3574055_2.fastq.gz,ftp.sra.ebi.ac.uk/vol1/run/ERR357/ERR3574055/WTCHG_559241_286164.bam,,WTCHG_559241_286164,WIT-DW-1000-WIN
PRJEB34634,SAMEA5989477,ERX3572294,ERR3574056,749907,sediment metagenome,ftp.sra.ebi.ac.uk/vol1/fastq/ERR357/006/ERR3574056/ERR3574056_1.fastq.gz;ftp.sra.ebi.ac.uk/vol1/fastq/ERR357/006/ERR3574056/ERR3574056_2.fastq.gz,ftp.sra.ebi.ac.uk/vol1/run/ERR357/ERR3574056/WTCHG_559242_286164.bam,,WTCHG_559242_286164,WIT-DW-1000-WIN
PRJEB34634,SAMEA5989477,ERX3572295,ERR3574057,749907,sediment metagenome,ftp.sra.ebi.ac.uk/vol1/fastq/ERR357/007/ERR3574057/ERR3574057_1.fastq.gz;ftp.sra.ebi.ac.uk/vol1/fastq/ERR357/007/ERR3574057/ERR3574057_2.fastq.gz,ftp.sra.ebi.ac.uk/vol1/run/ERR357/ERR3574057/WTCHG_550636_279175.bam,,WTCHG_550636_279175,WIT-DW-250-AUT
PRJEB34634,SAMEA5989477,ERX3572296,ERR3574058,749907,sediment metagenome,ftp.sra.ebi.ac.uk/vol1/fastq/ERR357/008/ERR3574058/ERR3574058_1.fastq.gz;ftp.sra.ebi.ac.uk/vol1/fastq/ERR357/008/ERR3574058/ERR3574058_2.fastq.gz,ftp.sra.ebi.ac.uk/vol1/run/ERR357/ERR3574058/WTCHG_551514_279175.bam,,WTCHG_551514_279175,WIT-DW-250-AUT
PRJEB34634,SAMEA5989477,ERX3572297,ERR3574059,749907,sediment metagenome,ftp.sra.ebi.ac.uk/vol1/fastq/ERR357/009/ERR3574059/ERR3574059_1.fastq.gz;ftp.sra.ebi.ac.uk/vol1/fastq/ERR357/009/ERR3574059/ERR3574059_2.fastq.gz,ftp.sra.ebi.ac.uk/vol1/run/ERR357/ERR3574059/WTCHG_551515_279175.bam,,WTCHG_551515_279175,WIT-DW-250-AUT
PRJEB34634,SAMEA5989477,ERX3572298,ERR3574060,749907,sediment metagenome,ftp.sra.ebi.ac.uk/vol1/fastq/ERR357/000/ERR3574060/ERR3574060_1.fastq.gz;ftp.sra.ebi.ac.uk/vol1/fastq/ERR357/000/ERR3574060/ERR3574060_2.fastq.gz,ftp.sra.ebi.ac.uk/vol1/run/ERR357/ERR3574060/WTCHG_554366_279175.bam,,WTCHG_554366_279175,WIT-DW-250-AUT
PRJEB34634,SAMEA5989477,ERX3572299,ERR3574061,749907,sediment metagenome,ftp.sra.ebi.ac.uk/vol1/fastq/ERR357/001/ERR3574061/ERR3574061_1.fastq.gz;ftp.sra.ebi.ac.uk/vol1/fastq/ERR357/001/ERR3574061/ERR3574061_2.fastq.gz,ftp.sra.ebi.ac.uk/vol1/run/ERR357/ERR3574061/WTCHG_554367_279175.bam,,WTCHG_554367_279175,WIT-DW-250-AUT
PRJEB34634,SAMEA5989477,ERX3572300,ERR3574062,749907,sediment metagenome,ftp.sra.ebi.ac.uk/vol1/fastq/ERR357/002/ERR3574062/ERR3574062_1.fastq.gz;ftp.sra.ebi.ac.uk/vol1/fastq/ERR357/002/ERR3574062/ERR3574062_2.fastq.gz,ftp.sra.ebi.ac.uk/vol1/run/ERR357/ERR3574062/WTCHG_555221_279175.bam,,WTCHG_555221_279175,WIT-DW-250-AUT
PRJEB34634,SAMEA5989477,ERX3572301,ERR3574063,749907,sediment metagenome,ftp.sra.ebi.ac.uk/vol1/fastq/ERR357/003/ERR3574063/ERR3574063_1.fastq.gz;ftp.sra.ebi.ac.uk/vol1/fastq/ERR357/003/ERR3574063/ERR3574063_2.fastq.gz,ftp.sra.ebi.ac.uk/vol1/run/ERR357/ERR3574063/WTCHG_555217_279175.bam,,WTCHG_555217_279175,WIT-DW-250-AUT
PRJEB34634,SAMEA5989477,ERX3572302,ERR3574064,749907,sediment metagenome,ftp.sra.ebi.ac.uk/vol1/fastq/ERR357/004/ERR3574064/ERR3574064_1.fastq.gz;ftp.sra.ebi.ac.uk/vol1/fastq/ERR357/004/ERR3574064/ERR3574064_2.fastq.gz,ftp.sra.ebi.ac.uk/vol1/run/ERR357/ERR3574064/WTCHG_555216_279175.bam,,WTCHG_555216_279175,WIT-DW-250-AUT
PRJEB34634,SAMEA5989477,ERX3572303,ERR3574065,749907,sediment metagenome,ftp.sra.ebi.ac.uk/vol1/fastq/ERR357/005/ERR3574065/ERR3574065_1.fastq.gz;ftp.sra.ebi.ac.uk/vol1/fastq/ERR357/005/ERR3574065/ERR3574065_2.fastq.gz,ftp.sra.ebi.ac.uk/vol1/run/ERR357/ERR3574065/WTCHG_555218_279175.bam,,WTCHG_555218_279175,WIT-DW-250-AUT
PRJEB34634,SAMEA5989477,ERX3572304,ERR3574066,749907,sediment metagenome,ftp.sra.ebi.ac.uk/vol1/fastq/ERR357/006/ERR3574066/ERR3574066_1.fastq.gz;ftp.sra.ebi.ac.uk/vol1/fastq/ERR357/006/ERR3574066/ERR3574066_2.fastq.gz,ftp.sra.ebi.ac.uk/vol1/run/ERR357/ERR3574066/WTCHG_555215_279175.bam,,WTCHG_555215_279175,WIT-DW-250-AUT
PRJEB34634,SAMEA5989477,ERX3572305,ERR3574067,749907,sediment metagenome,ftp.sra.ebi.ac.uk/vol1/fastq/ERR357/007/ERR3574067/ERR3574067_1.fastq.gz;ftp.sra.ebi.ac.uk/vol1/fastq/ERR357/007/ERR3574067/ERR3574067_2.fastq.gz,ftp.sra.ebi.ac.uk/vol1/run/ERR357/ERR3574067/WTCHG_555220_279175.bam,,WTCHG_555220_279175,WIT-DW-250-AUT
PRJEB34634,SAMEA5989477,ERX3572306,ERR3574068,749907,sediment metagenome,ftp.sra.ebi.ac.uk/vol1/fastq/ERR357/008/ERR3574068/ERR3574068_1.fastq.gz;ftp.sra.ebi.ac.uk/vol1/fastq/ERR357/008/ERR3574068/ERR3574068_2.fastq.gz,ftp.sra.ebi.ac.uk/vol1/run/ERR357/ERR3574068/WTCHG_555219_279175.bam,,WTCHG_555219_279175,WIT-DW-250-AUT
PRJEB34634,SAMEA5989477,ERX3572307,ERR3574069,749907,sediment metagenome,ftp.sra.ebi.ac.uk/vol1/fastq/ERR357/009/ERR3574069/ERR3574069_1.fastq.gz;ftp.sra.ebi.ac.uk/vol1/fastq/ERR357/009/ERR3574069/ERR3574069_2.fastq.gz,ftp.sra.ebi.ac.uk/vol1/run/ERR357/ERR3574069/WTCHG_555214_279175.bam,,WTCHG_555214_279175,WIT-DW-250-AUT
PRJEB34634,SAMEA5989477,ERX3572308,ERR3574070,749907,sediment metagenome,ftp.sra.ebi.ac.uk/vol1/fastq/ERR357/000/ERR3574070/ERR3574070_1.fastq.gz;ftp.sra.ebi.ac.uk/vol1/fastq/ERR357/000/ERR3574070/ERR3574070_2.fastq.gz,ftp.sra.ebi.ac.uk/vol1/run/ERR357/ERR3574070/WTCHG_559241_279175.bam,,WTCHG_559241_279175,WIT-DW-250-AUT
PRJEB34634,SAMEA5989477,ERX3572309,ERR3574071,749907,sediment metagenome,ftp.sra.ebi.ac.uk/vol1/fastq/ERR357/001/ERR3574071/ERR3574071_1.fastq.gz;ftp.sra.ebi.ac.uk/vol1/fastq/ERR357/001/ERR3574071/ERR3574071_2.fastq.gz,ftp.sra.ebi.ac.uk/vol1/run/ERR357/ERR3574071/WTCHG_559240_279175.bam,,WTCHG_559240_279175,WIT-DW-250-AUT
PRJEB34634,SAMEA5989477,ERX3572310,ERR3574072,749907,sediment metagenome,ftp.sra.ebi.ac.uk/vol1/fastq/ERR357/002/ERR3574072/ERR3574072_1.fastq.gz;ftp.sra.ebi.ac.uk/vol1/fastq/ERR357/002/ERR3574072/ERR3574072_2.fastq.gz,ftp.sra.ebi.ac.uk/vol1/run/ERR357/ERR3574072/WTCHG_559243_279175.bam,,WTCHG_559243_279175,WIT-DW-250-AUT
PRJEB34634,SAMEA5989477,ERX3572311,ERR3574073,749907,sediment metagenome,ftp.sra.ebi.ac.uk/vol1/fastq/ERR357/003/ERR3574073/ERR3574073_1.fastq.gz;ftp.sra.ebi.ac.uk/vol1/fastq/ERR357/003/ERR3574073/ERR3574073_2.fastq.gz,ftp.sra.ebi.ac.uk/vol1/run/ERR357/ERR3574073/WTCHG_559244_279175.bam,,WTCHG_559244_279175,WIT-DW-250-AUT
PRJEB34634,SAMEA5989477,ERX3572312,ERR3574074,749907,sediment metagenome,ftp.sra.ebi.ac.uk/vol1/fastq/ERR357/004/ERR3574074/ERR3574074_1.fastq.gz;ftp.sra.ebi.ac.uk/vol1/fastq/ERR357/004/ERR3574074/ERR3574074_2.fastq.gz,ftp.sra.ebi.ac.uk/vol1/run/ERR357/ERR3574074/WTCHG_559242_279175.bam,,WTCHG_559242_279175,WIT-DW-250-AUT
PRJEB34634,SAMEA5989477,ERX3572313,ERR3574075,749907,sediment metagenome,ftp.sra.ebi.ac.uk/vol1/fastq/ERR357/005/ERR3574075/ERR3574075_1.fastq.gz;ftp.sra.ebi.ac.uk/vol1/fastq/ERR357/005/ERR3574075/ERR3574075_2.fastq.gz,ftp.sra.ebi.ac.uk/vol1/run/ERR357/ERR3574075/WTCHG_550636_274115.bam,,WTCHG_550636_274115,WIT-DW-250-SUM
PRJEB34634,SAMEA5989477,ERX3572314,ERR3574076,749907,sediment metagenome,ftp.sra.ebi.ac.uk/vol1/fastq/ERR357/006/ERR3574076/ERR3574076_1.fastq.gz;ftp.sra.ebi.ac.uk/vol1/fastq/ERR357/006/ERR3574076/ERR3574076_2.fastq.gz,ftp.sra.ebi.ac.uk/vol1/run/ERR357/ERR3574076/WTCHG_551514_274115.bam,,WTCHG_551514_274115,WIT-DW-250-SUM
PRJEB34634,SAMEA5989477,ERX3572315,ERR3574077,749907,sediment metagenome,ftp.sra.ebi.ac.uk/vol1/fastq/ERR357/007/ERR3574077/ERR3574077_1.fastq.gz;ftp.sra.ebi.ac.uk/vol1/fastq/ERR357/007/ERR3574077/ERR3574077_2.fastq.gz,ftp.sra.ebi.ac.uk/vol1/run/ERR357/ERR3574077/WTCHG_551515_274115.bam,,WTCHG_551515_274115,WIT-DW-250-SUM
PRJEB34634,SAMEA5989477,ERX3572316,ERR3574078,749907,sediment metagenome,ftp.sra.ebi.ac.uk/vol1/fastq/ERR357/008/ERR3574078/ERR3574078_1.fastq.gz;ftp.sra.ebi.ac.uk/vol1/fastq/ERR357/008/ERR3574078/ERR3574078_2.fastq.gz,ftp.sra.ebi.ac.uk/vol1/run/ERR357/ERR3574078/WTCHG_554366_274115.bam,,WTCHG_554366_274115,WIT-DW-250-SUM
PRJEB34634,SAMEA5989477,ERX3572317,ERR3574079,749907,sediment metagenome,ftp.sra.ebi.ac.uk/vol1/fastq/ERR357/009/ERR3574079/ERR3574079_1.fastq.gz;ftp.sra.ebi.ac.uk/vol1/fastq/ERR357/009/ERR3574079/ERR3574079_2.fastq.gz,ftp.sra.ebi.ac.uk/vol1/run/ERR357/ERR3574079/WTCHG_554367_274115.bam,,WTCHG_554367_274115,WIT-DW-250-SUM
PRJEB34634,SAMEA5989477,ERX3572318,ERR3574080,749907,sediment metagenome,ftp.sra.ebi.ac.uk/vol1/fastq/ERR357/000/ERR3574080/ERR3574080_1.fastq.gz;ftp.sra.ebi.ac.uk/vol1/fastq/ERR357/000/ERR3574080/ERR3574080_2.fastq.gz,ftp.sra.ebi.ac.uk/vol1/run/ERR357/ERR3574080/WTCHG_555216_274115.bam,,WTCHG_555216_274115,WIT-DW-250-SUM
PRJEB34634,SAMEA5989477,ERX3572319,ERR3574081,749907,sediment metagenome,ftp.sra.ebi.ac.uk/vol1/fastq/ERR357/001/ERR3574081/ERR3574081_1.fastq.gz;ftp.sra.ebi.ac.uk/vol1/fastq/ERR357/001/ERR3574081/ERR3574081_2.fastq.gz,ftp.sra.ebi.ac.uk/vol1/run/ERR357/ERR3574081/WTCHG_555217_274115.bam,,WTCHG_555217_274115,WIT-DW-250-SUM
PRJEB34634,SAMEA5989477,ERX3572320,ERR3574082,749907,sediment metagenome,ftp.sra.ebi.ac.uk/vol1/fastq/ERR357/002/ERR3574082/ERR3574082_1.fastq.gz;ftp.sra.ebi.ac.uk/vol1/fastq/ERR357/002/ERR3574082/ERR3574082_2.fastq.gz,ftp.sra.ebi.ac.uk/vol1/run/ERR357/ERR3574082/WTCHG_555214_274115.bam,,WTCHG_555214_274115,WIT-DW-250-SUM
PRJEB34634,SAMEA5989477,ERX3572321,ERR3574083,749907,sediment metagenome,ftp.sra.ebi.ac.uk/vol1/fastq/ERR357/003/ERR3574083/ERR3574083_1.fastq.gz;ftp.sra.ebi.ac.uk/vol1/fastq/ERR357/003/ERR3574083/ERR3574083_2.fastq.gz,ftp.sra.ebi.ac.uk/vol1/run/ERR357/ERR3574083/WTCHG_555220_274115.bam,,WTCHG_555220_274115,WIT-DW-250-SUM
PRJEB34634,SAMEA5989477,ERX3572322,ERR3574084,749907,sediment metagenome,ftp.sra.ebi.ac.uk/vol1/fastq/ERR357/004/ERR3574084/ERR3574084_1.fastq.gz;ftp.sra.ebi.ac.uk/vol1/fastq/ERR357/004/ERR3574084/ERR3574084_2.fastq.gz,ftp.sra.ebi.ac.uk/vol1/run/ERR357/ERR3574084/WTCHG_555221_274115.bam,,WTCHG_555221_274115,WIT-DW-250-SUM
PRJEB34634,SAMEA5989477,ERX3572323,ERR3574085,749907,sediment metagenome,ftp.sra.ebi.ac.uk/vol1/fastq/ERR357/005/ERR3574085/ERR3574085_1.fastq.gz;ftp.sra.ebi.ac.uk/vol1/fastq/ERR357/005/ERR3574085/ERR3574085_2.fastq.gz,ftp.sra.ebi.ac.uk/vol1/run/ERR357/ERR3574085/WTCHG_555219_274115.bam,,WTCHG_555219_274115,WIT-DW-250-SUM
PRJEB34634,SAMEA5989477,ERX3572324,ERR3574086,749907,sediment metagenome,ftp.sra.ebi.ac.uk/vol1/fastq/ERR357/006/ERR3574086/ERR3574086_1.fastq.gz;ftp.sra.ebi.ac.uk/vol1/fastq/ERR357/006/ERR3574086/ERR3574086_2.fastq.gz,ftp.sra.ebi.ac.uk/vol1/run/ERR357/ERR3574086/WTCHG_555215_274115.bam,,WTCHG_555215_274115,WIT-DW-250-SUM
PRJEB34634,SAMEA5989477,ERX3572325,ERR3574087,749907,sediment metagenome,ftp.sra.ebi.ac.uk/vol1/fastq/ERR357/007/ERR3574087/ERR3574087_1.fastq.gz;ftp.sra.ebi.ac.uk/vol1/fastq/ERR357/007/ERR3574087/ERR3574087_2.fastq.gz,ftp.sra.ebi.ac.uk/vol1/run/ERR357/ERR3574087/WTCHG_555218_274115.bam,,WTCHG_555218_274115,WIT-DW-250-SUM
PRJEB34634,SAMEA5989477,ERX3572326,ERR3574088,749907,sediment metagenome,ftp.sra.ebi.ac.uk/vol1/fastq/ERR357/008/ERR3574088/ERR3574088_1.fastq.gz;ftp.sra.ebi.ac.uk/vol1/fastq/ERR357/008/ERR3574088/ERR3574088_2.fastq.gz,ftp.sra.ebi.ac.uk/vol1/run/ERR357/ERR3574088/WTCHG_559241_274115.bam,,WTCHG_559241_274115,WIT-DW-250-SUM
PRJEB34634,SAMEA5989477,ERX3572327,ERR3574089,749907,sediment metagenome,ftp.sra.ebi.ac.uk/vol1/fastq/ERR357/009/ERR3574089/ERR3574089_1.fastq.gz;ftp.sra.ebi.ac.uk/vol1/fastq/ERR357/009/ERR3574089/ERR3574089_2.fastq.gz,ftp.sra.ebi.ac.uk/vol1/run/ERR357/ERR3574089/WTCHG_559244_274115.bam,,WTCHG_559244_274115,WIT-DW-250-SUM
PRJEB34634,SAMEA5989477,ERX3572328,ERR3574090,749907,sediment metagenome,ftp.sra.ebi.ac.uk/vol1/fastq/ERR357/000/ERR3574090/ERR3574090_1.fastq.gz;ftp.sra.ebi.ac.uk/vol1/fastq/ERR357/000/ERR3574090/ERR3574090_2.fastq.gz,ftp.sra.ebi.ac.uk/vol1/run/ERR357/ERR3574090/WTCHG_559242_274115.bam,,WTCHG_559242_274115,WIT-DW-250-SUM
PRJEB34634,SAMEA5989477,ERX3572329,ERR3574091,749907,sediment metagenome,ftp.sra.ebi.ac.uk/vol1/fastq/ERR357/001/ERR3574091/ERR3574091_1.fastq.gz;ftp.sra.ebi.ac.uk/vol1/fastq/ERR357/001/ERR3574091/ERR3574091_2.fastq.gz,ftp.sra.ebi.ac.uk/vol1/run/ERR357/ERR3574091/WTCHG_559243_274115.bam,,WTCHG_559243_274115,WIT-DW-250-SUM
PRJEB34634,SAMEA5989477,ERX3572330,ERR3574092,749907,sediment metagenome,ftp.sra.ebi.ac.uk/vol1/fastq/ERR357/002/ERR3574092/ERR3574092_1.fastq.gz;ftp.sra.ebi.ac.uk/vol1/fastq/ERR357/002/ERR3574092/ERR3574092_2.fastq.gz,ftp.sra.ebi.ac.uk/vol1/run/ERR357/ERR3574092/WTCHG_559240_274115.bam,,WTCHG_559240_274115,WIT-DW-250-SUM
PRJEB34634,SAMEA5989477,ERX3572331,ERR3574093,749907,sediment metagenome,ftp.sra.ebi.ac.uk/vol1/fastq/ERR357/003/ERR3574093/ERR3574093_1.fastq.gz;ftp.sra.ebi.ac.uk/vol1/fastq/ERR357/003/ERR3574093/ERR3574093_2.fastq.gz,ftp.sra.ebi.ac.uk/vol1/run/ERR357/ERR3574093/WTCHG_550636_284140.bam,,WTCHG_550636_284140,WIT-DW-250-WIN
PRJEB34634,SAMEA5989477,ERX3572332,ERR3574094,749907,sediment metagenome,ftp.sra.ebi.ac.uk/vol1/fastq/ERR357/004/ERR3574094/ERR3574094_1.fastq.gz;ftp.sra.ebi.ac.uk/vol1/fastq/ERR357/004/ERR3574094/ERR3574094_2.fastq.gz,ftp.sra.ebi.ac.uk/vol1/run/ERR357/ERR3574094/WTCHG_551514_284140.bam,,WTCHG_551514_284140,WIT-DW-250-WIN
PRJEB34634,SAMEA5989477,ERX3572333,ERR3574095,749907,sediment metagenome,ftp.sra.ebi.ac.uk/vol1/fastq/ERR357/005/ERR3574095/ERR3574095_1.fastq.gz;ftp.sra.ebi.ac.uk/vol1/fastq/ERR357/005/ERR3574095/ERR3574095_2.fastq.gz,ftp.sra.ebi.ac.uk/vol1/run/ERR357/ERR3574095/WTCHG_551515_284140.bam,,WTCHG_551515_284140,WIT-DW-250-WIN
PRJEB34634,SAMEA5989477,ERX3572334,ERR3574096,749907,sediment metagenome,ftp.sra.ebi.ac.uk/vol1/fastq/ERR357/006/ERR3574096/ERR3574096_1.fastq.gz;ftp.sra.ebi.ac.uk/vol1/fastq/ERR357/006/ERR3574096/ERR3574096_2.fastq.gz,ftp.sra.ebi.ac.uk/vol1/run/ERR357/ERR3574096/WTCHG_554367_284140.bam,,WTCHG_554367_284140,WIT-DW-250-WIN
PRJEB34634,SAMEA5989477,ERX3572335,ERR3574097,749907,sediment metagenome,ftp.sra.ebi.ac.uk/vol1/fastq/ERR357/007/ERR3574097/ERR3574097_1.fastq.gz;ftp.sra.ebi.ac.uk/vol1/fastq/ERR357/007/ERR3574097/ERR3574097_2.fastq.gz,ftp.sra.ebi.ac.uk/vol1/run/ERR357/ERR3574097/WTCHG_554366_284140.bam,,WTCHG_554366_284140,WIT-DW-250-WIN
PRJEB34634,SAMEA5989477,ERX3572336,ERR3574098,749907,sediment metagenome,ftp.sra.ebi.ac.uk/vol1/fastq/ERR357/008/ERR3574098/ERR3574098_1.fastq.gz;ftp.sra.ebi.ac.uk/vol1/fastq/ERR357/008/ERR3574098/ERR3574098_2.fastq.gz,ftp.sra.ebi.ac.uk/vol1/run/ERR357/ERR3574098/WTCHG_555221_284140.bam,,WTCHG_555221_284140,WIT-DW-250-WIN
PRJEB34634,SAMEA5989477,ERX3572337,ERR3574099,749907,sediment metagenome,ftp.sra.ebi.ac.uk/vol1/fastq/ERR357/009/ERR3574099/ERR3574099_1.fastq.gz;ftp.sra.ebi.ac.uk/vol1/fastq/ERR357/009/ERR3574099/ERR3574099_2.fastq.gz,ftp.sra.ebi.ac.uk/vol1/run/ERR357/ERR3574099/WTCHG_555214_284140.bam,,WTCHG_555214_284140,WIT-DW-250-WIN
PRJEB34634,SAMEA5989477,ERX3572338,ERR3574100,749907,sediment metagenome,ftp.sra.ebi.ac.uk/vol1/fastq/ERR357/000/ERR3574100/ERR3574100_1.fastq.gz;ftp.sra.ebi.ac.uk/vol1/fastq/ERR357/000/ERR3574100/ERR3574100_2.fastq.gz,ftp.sra.ebi.ac.uk/vol1/run/ERR357/ERR3574100/WTCHG_555219_284140.bam,,WTCHG_555219_284140,WIT-DW-250-WIN
PRJEB34634,SAMEA5989477,ERX3572339,ERR3574101,749907,sediment metagenome,ftp.sra.ebi.ac.uk/vol1/fastq/ERR357/001/ERR3574101/ERR3574101_1.fastq.gz;ftp.sra.ebi.ac.uk/vol1/fastq/ERR357/001/ERR3574101/ERR3574101_2.fastq.gz,ftp.sra.ebi.ac.uk/vol1/run/ERR357/ERR3574101/WTCHG_555215_284140.bam,,WTCHG_555215_284140,WIT-DW-250-WIN
PRJEB34634,SAMEA5989477,ERX3572340,ERR3574102,749907,sediment metagenome,ftp.sra.ebi.ac.uk/vol1/fastq/ERR357/002/ERR3574102/ERR3574102_1.fastq.gz;ftp.sra.ebi.ac.uk/vol1/fastq/ERR357/002/ERR3574102/ERR3574102_2.fastq.gz,ftp.sra.ebi.ac.uk/vol1/run/ERR357/ERR3574102/WTCHG_555216_284140.bam,,WTCHG_555216_284140,WIT-DW-250-WIN
PRJEB34634,SAMEA5989477,ERX3572341,ERR3574103,749907,sediment metagenome,ftp.sra.ebi.ac.uk/vol1/fastq/ERR357/003/ERR3574103/ERR3574103_1.fastq.gz;ftp.sra.ebi.ac.uk/vol1/fastq/ERR357/003/ERR3574103/ERR3574103_2.fastq.gz,ftp.sra.ebi.ac.uk/vol1/run/ERR357/ERR3574103/WTCHG_555218_284140.bam,,WTCHG_555218_284140,WIT-DW-250-WIN
PRJEB34634,SAMEA5989477,ERX3572342,ERR3574104,749907,sediment metagenome,ftp.sra.ebi.ac.uk/vol1/fastq/ERR357/004/ERR3574104/ERR3574104_1.fastq.gz;ftp.sra.ebi.ac.uk/vol1/fastq/ERR357/004/ERR3574104/ERR3574104_2.fastq.gz,ftp.sra.ebi.ac.uk/vol1/run/ERR357/ERR3574104/WTCHG_555220_284140.bam,,WTCHG_555220_284140,WIT-DW-250-WIN
PRJEB34634,SAMEA5989477,ERX3572343,ERR3574105,749907,sediment metagenome,ftp.sra.ebi.ac.uk/vol1/fastq/ERR357/005/ERR3574105/ERR3574105_1.fastq.gz;ftp.sra.ebi.ac.uk/vol1/fastq/ERR357/005/ERR3574105/ERR3574105_2.fastq.gz,ftp.sra.ebi.ac.uk/vol1/run/ERR357/ERR3574105/WTCHG_555217_284140.bam,,WTCHG_555217_284140,WIT-DW-250-WIN
PRJEB34634,SAMEA5989477,ERX3572344,ERR3574106,749907,sediment metagenome,ftp.sra.ebi.ac.uk/vol1/fastq/ERR357/006/ERR3574106/ERR3574106_1.fastq.gz;ftp.sra.ebi.ac.uk/vol1/fastq/ERR357/006/ERR3574106/ERR3574106_2.fastq.gz,ftp.sra.ebi.ac.uk/vol1/run/ERR357/ERR3574106/WTCHG_559243_284140.bam,,WTCHG_559243_284140,WIT-DW-250-WIN
PRJEB34634,SAMEA5989477,ERX3572345,ERR3574107,749907,sediment metagenome,ftp.sra.ebi.ac.uk/vol1/fastq/ERR357/007/ERR3574107/ERR3574107_1.fastq.gz;ftp.sra.ebi.ac.uk/vol1/fastq/ERR357/007/ERR3574107/ERR3574107_2.fastq.gz,ftp.sra.ebi.ac.uk/vol1/run/ERR357/ERR3574107/WTCHG_559241_284140.bam,,WTCHG_559241_284140,WIT-DW-250-WIN
PRJEB34634,SAMEA5989477,ERX3572346,ERR3574108,749907,sediment metagenome,ftp.sra.ebi.ac.uk/vol1/fastq/ERR357/008/ERR3574108/ERR3574108_1.fastq.gz;ftp.sra.ebi.ac.uk/vol1/fastq/ERR357/008/ERR3574108/ERR3574108_2.fastq.gz,ftp.sra.ebi.ac.uk/vol1/run/ERR357/ERR3574108/WTCHG_559242_284140.bam,,WTCHG_559242_284140,WIT-DW-250-WIN
PRJEB34634,SAMEA5989477,ERX3572347,ERR3574109,749907,sediment metagenome,ftp.sra.ebi.ac.uk/vol1/fastq/ERR357/009/ERR3574109/ERR3574109_1.fastq.gz;ftp.sra.ebi.ac.uk/vol1/fastq/ERR357/009/ERR3574109/ERR3574109_2.fastq.gz,ftp.sra.ebi.ac.uk/vol1/run/ERR357/ERR3574109/WTCHG_559240_284140.bam,,WTCHG_559240_284140,WIT-DW-250-WIN
PRJEB34634,SAMEA5989477,ERX3572348,ERR3574110,749907,sediment metagenome,ftp.sra.ebi.ac.uk/vol1/fastq/ERR357/000/ERR3574110/ERR3574110_1.fastq.gz;ftp.sra.ebi.ac.uk/vol1/fastq/ERR357/000/ERR3574110/ERR3574110_2.fastq.gz,ftp.sra.ebi.ac.uk/vol1/run/ERR357/ERR3574110/WTCHG_559244_284140.bam,,WTCHG_559244_284140,WIT-DW-250-WIN
PRJEB34634,SAMEA5989477,ERX3572349,ERR3574111,749907,sediment metagenome,ftp.sra.ebi.ac.uk/vol1/fastq/ERR357/001/ERR3574111/ERR3574111_1.fastq.gz;ftp.sra.ebi.ac.uk/vol1/fastq/ERR357/001/ERR3574111/ERR3574111_2.fastq.gz,ftp.sra.ebi.ac.uk/vol1/run/ERR357/ERR3574111/WTCHG_550636_280187.bam,,WTCHG_550636_280187,WIT-DW-500-AUT
PRJEB34634,SAMEA5989477,ERX3572350,ERR3574112,749907,sediment metagenome,ftp.sra.ebi.ac.uk/vol1/fastq/ERR357/002/ERR3574112/ERR3574112_1.fastq.gz;ftp.sra.ebi.ac.uk/vol1/fastq/ERR357/002/ERR3574112/ERR3574112_2.fastq.gz,ftp.sra.ebi.ac.uk/vol1/run/ERR357/ERR3574112/WTCHG_551515_280187.bam,,WTCHG_551515_280187,WIT-DW-500-AUT
PRJEB34634,SAMEA5989477,ERX3572351,ERR3574113,749907,sediment metagenome,ftp.sra.ebi.ac.uk/vol1/fastq/ERR357/003/ERR3574113/ERR3574113_1.fastq.gz;ftp.sra.ebi.ac.uk/vol1/fastq/ERR357/003/ERR3574113/ERR3574113_2.fastq.gz,ftp.sra.ebi.ac.uk/vol1/run/ERR357/ERR3574113/WTCHG_551514_280187.bam,,WTCHG_551514_280187,WIT-DW-500-AUT
PRJEB34634,SAMEA5989477,ERX3572352,ERR3574114,749907,sediment metagenome,ftp.sra.ebi.ac.uk/vol1/fastq/ERR357/004/ERR3574114/ERR3574114_1.fastq.gz;ftp.sra.ebi.ac.uk/vol1/fastq/ERR357/004/ERR3574114/ERR3574114_2.fastq.gz,ftp.sra.ebi.ac.uk/vol1/run/ERR357/ERR3574114/WTCHG_554366_280187.bam,,WTCHG_554366_280187,WIT-DW-500-AUT
PRJEB34634,SAMEA5989477,ERX3572353,ERR3574115,749907,sediment metagenome,ftp.sra.ebi.ac.uk/vol1/fastq/ERR357/005/ERR3574115/ERR3574115_1.fastq.gz;ftp.sra.ebi.ac.uk/vol1/fastq/ERR357/005/ERR3574115/ERR3574115_2.fastq.gz,ftp.sra.ebi.ac.uk/vol1/run/ERR357/ERR3574115/WTCHG_554367_280187.bam,,WTCHG_554367_280187,WIT-DW-500-AUT
PRJEB34634,SAMEA5989477,ERX3572354,ERR3574116,749907,sediment metagenome,ftp.sra.ebi.ac.uk/vol1/fastq/ERR357/006/ERR3574116/ERR3574116_1.fastq.gz;ftp.sra.ebi.ac.uk/vol1/fastq/ERR357/006/ERR3574116/ERR3574116_2.fastq.gz,ftp.sra.ebi.ac.uk/vol1/run/ERR357/ERR3574116/WTCHG_555217_280187.bam,,WTCHG_555217_280187,WIT-DW-500-AUT
PRJEB34634,SAMEA5989477,ERX3572355,ERR3574117,749907,sediment metagenome,ftp.sra.ebi.ac.uk/vol1/fastq/ERR357/007/ERR3574117/ERR3574117_1.fastq.gz;ftp.sra.ebi.ac.uk/vol1/fastq/ERR357/007/ERR3574117/ERR3574117_2.fastq.gz,ftp.sra.ebi.ac.uk/vol1/run/ERR357/ERR3574117/WTCHG_555221_280187.bam,,WTCHG_555221_280187,WIT-DW-500-AUT
PRJEB34634,SAMEA5989477,ERX3572356,ERR3574118,749907,sediment metagenome,ftp.sra.ebi.ac.uk/vol1/fastq/ERR357/008/ERR3574118/ERR3574118_1.fastq.gz;ftp.sra.ebi.ac.uk/vol1/fastq/ERR357/008/ERR3574118/ERR3574118_2.fastq.gz,ftp.sra.ebi.ac.uk/vol1/run/ERR357/ERR3574118/WTCHG_555215_280187.bam,,WTCHG_555215_280187,WIT-DW-500-AUT
PRJEB34634,SAMEA5989477,ERX3572357,ERR3574119,749907,sediment metagenome,ftp.sra.ebi.ac.uk/vol1/fastq/ERR357/009/ERR3574119/ERR3574119_1.fastq.gz;ftp.sra.ebi.ac.uk/vol1/fastq/ERR357/009/ERR3574119/ERR3574119_2.fastq.gz,ftp.sra.ebi.ac.uk/vol1/run/ERR357/ERR3574119/WTCHG_555218_280187.bam,,WTCHG_555218_280187,WIT-DW-500-AUT
PRJEB34634,SAMEA5989477,ERX3572358,ERR3574120,749907,sediment metagenome,ftp.sra.ebi.ac.uk/vol1/fastq/ERR357/000/ERR3574120/ERR3574120_1.fastq.gz;ftp.sra.ebi.ac.uk/vol1/fastq/ERR357/000/ERR3574120/ERR3574120_2.fastq.gz,ftp.sra.ebi.ac.uk/vol1/run/ERR357/ERR3574120/WTCHG_555220_280187.bam,,WTCHG_555220_280187,WIT-DW-500-AUT
PRJEB34634,SAMEA5989477,ERX3572359,ERR3574121,749907,sediment metagenome,ftp.sra.ebi.ac.uk/vol1/fastq/ERR357/001/ERR3574121/ERR3574121_1.fastq.gz;ftp.sra.ebi.ac.uk/vol1/fastq/ERR357/001/ERR3574121/ERR3574121_2.fastq.gz,ftp.sra.ebi.ac.uk/vol1/run/ERR357/ERR3574121/WTCHG_555216_280187.bam,,WTCHG_555216_280187,WIT-DW-500-AUT
PRJEB34634,SAMEA5989477,ERX3572360,ERR3574122,749907,sediment metagenome,ftp.sra.ebi.ac.uk/vol1/fastq/ERR357/002/ERR3574122/ERR3574122_1.fastq.gz;ftp.sra.ebi.ac.uk/vol1/fastq/ERR357/002/ERR3574122/ERR3574122_2.fastq.gz,ftp.sra.ebi.ac.uk/vol1/run/ERR357/ERR3574122/WTCHG_555214_280187.bam,,WTCHG_555214_280187,WIT-DW-500-AUT
PRJEB34634,SAMEA5989477,ERX3572361,ERR3574123,749907,sediment metagenome,ftp.sra.ebi.ac.uk/vol1/fastq/ERR357/003/ERR3574123/ERR3574123_1.fastq.gz;ftp.sra.ebi.ac.uk/vol1/fastq/ERR357/003/ERR3574123/ERR3574123_2.fastq.gz,ftp.sra.ebi.ac.uk/vol1/run/ERR357/ERR3574123/WTCHG_555219_280187.bam,,WTCHG_555219_280187,WIT-DW-500-AUT
PRJEB34634,SAMEA5989477,ERX3572362,ERR3574124,749907,sediment metagenome,ftp.sra.ebi.ac.uk/vol1/fastq/ERR357/004/ERR3574124/ERR3574124_1.fastq.gz;ftp.sra.ebi.ac.uk/vol1/fastq/ERR357/004/ERR3574124/ERR3574124_2.fastq.gz,ftp.sra.ebi.ac.uk/vol1/run/ERR357/ERR3574124/WTCHG_559244_280187.bam,,WTCHG_559244_280187,WIT-DW-500-AUT
PRJEB34634,SAMEA5989477,ERX3572363,ERR3574125,749907,sediment metagenome,ftp.sra.ebi.ac.uk/vol1/fastq/ERR357/005/ERR3574125/ERR3574125_1.fastq.gz;ftp.sra.ebi.ac.uk/vol1/fastq/ERR357/005/ERR3574125/ERR3574125_2.fastq.gz,ftp.sra.ebi.ac.uk/vol1/run/ERR357/ERR3574125/WTCHG_559241_280187.bam,,WTCHG_559241_280187,WIT-DW-500-AUT
PRJEB34634,SAMEA5989477,ERX3572364,ERR3574126,749907,sediment metagenome,ftp.sra.ebi.ac.uk/vol1/fastq/ERR357/006/ERR3574126/ERR3574126_1.fastq.gz;ftp.sra.ebi.ac.uk/vol1/fastq/ERR357/006/ERR3574126/ERR3574126_2.fastq.gz,ftp.sra.ebi.ac.uk/vol1/run/ERR357/ERR3574126/WTCHG_559242_280187.bam,,WTCHG_559242_280187,WIT-DW-500-AUT
PRJEB34634,SAMEA5989477,ERX3572365,ERR3574127,749907,sediment metagenome,ftp.sra.ebi.ac.uk/vol1/fastq/ERR357/007/ERR3574127/ERR3574127_1.fastq.gz;ftp.sra.ebi.ac.uk/vol1/fastq/ERR357/007/ERR3574127/ERR3574127_2.fastq.gz,ftp.sra.ebi.ac.uk/vol1/run/ERR357/ERR3574127/WTCHG_559243_280187.bam,,WTCHG_559243_280187,WIT-DW-500-AUT
PRJEB34634,SAMEA5989477,ERX3572366,ERR3574128,749907,sediment metagenome,ftp.sra.ebi.ac.uk/vol1/fastq/ERR357/008/ERR3574128/ERR3574128_1.fastq.gz;ftp.sra.ebi.ac.uk/vol1/fastq/ERR357/008/ERR3574128/ERR3574128_2.fastq.gz,ftp.sra.ebi.ac.uk/vol1/run/ERR357/ERR3574128/WTCHG_559240_280187.bam,,WTCHG_559240_280187,WIT-DW-500-AUT
PRJEB34634,SAMEA5989477,ERX3572367,ERR3574129,749907,sediment metagenome,ftp.sra.ebi.ac.uk/vol1/fastq/ERR357/009/ERR3574129/ERR3574129_1.fastq.gz;ftp.sra.ebi.ac.uk/vol1/fastq/ERR357/009/ERR3574129/ERR3574129_2.fastq.gz,ftp.sra.ebi.ac.uk/vol1/run/ERR357/ERR3574129/WTCHG_550636_275127.bam,,WTCHG_550636_275127,WIT-DW-500-SUM
PRJEB34634,SAMEA5989477,ERX3572368,ERR3574130,749907,sediment metagenome,ftp.sra.ebi.ac.uk/vol1/fastq/ERR357/000/ERR3574130/ERR3574130_1.fastq.gz;ftp.sra.ebi.ac.uk/vol1/fastq/ERR357/000/ERR3574130/ERR3574130_2.fastq.gz,ftp.sra.ebi.ac.uk/vol1/run/ERR357/ERR3574130/WTCHG_551514_275127.bam,,WTCHG_551514_275127,WIT-DW-500-SUM
PRJEB34634,SAMEA5989477,ERX3572369,ERR3574131,749907,sediment metagenome,ftp.sra.ebi.ac.uk/vol1/fastq/ERR357/001/ERR3574131/ERR3574131_1.fastq.gz;ftp.sra.ebi.ac.uk/vol1/fastq/ERR357/001/ERR3574131/ERR3574131_2.fastq.gz,ftp.sra.ebi.ac.uk/vol1/run/ERR357/ERR3574131/WTCHG_551515_275127.bam,,WTCHG_551515_275127,WIT-DW-500-SUM
PRJEB34634,SAMEA5989477,ERX3572370,ERR3574132,749907,sediment metagenome,ftp.sra.ebi.ac.uk/vol1/fastq/ERR357/002/ERR3574132/ERR3574132_1.fastq.gz;ftp.sra.ebi.ac.uk/vol1/fastq/ERR357/002/ERR3574132/ERR3574132_2.fastq.gz,ftp.sra.ebi.ac.uk/vol1/run/ERR357/ERR3574132/WTCHG_554366_275127.bam,,WTCHG_554366_275127,WIT-DW-500-SUM
PRJEB34634,SAMEA5989477,ERX3572371,ERR3574133,749907,sediment metagenome,ftp.sra.ebi.ac.uk/vol1/fastq/ERR357/003/ERR3574133/ERR3574133_1.fastq.gz;ftp.sra.ebi.ac.uk/vol1/fastq/ERR357/003/ERR3574133/ERR3574133_2.fastq.gz,ftp.sra.ebi.ac.uk/vol1/run/ERR357/ERR3574133/WTCHG_554367_275127.bam,,WTCHG_554367_275127,WIT-DW-500-SUM
PRJEB34634,SAMEA5989477,ERX3572372,ERR3574134,749907,sediment metagenome,ftp.sra.ebi.ac.uk/vol1/fastq/ERR357/004/ERR3574134/ERR3574134_1.fastq.gz;ftp.sra.ebi.ac.uk/vol1/fastq/ERR357/004/ERR3574134/ERR3574134_2.fastq.gz,ftp.sra.ebi.ac.uk/vol1/run/ERR357/ERR3574134/WTCHG_555217_275127.bam,,WTCHG_555217_275127,WIT-DW-500-SUM
PRJEB34634,SAMEA5989477,ERX3572373,ERR3574135,749907,sediment metagenome,ftp.sra.ebi.ac.uk/vol1/fastq/ERR357/005/ERR3574135/ERR3574135_1.fastq.gz;ftp.sra.ebi.ac.uk/vol1/fastq/ERR357/005/ERR3574135/ERR3574135_2.fastq.gz,ftp.sra.ebi.ac.uk/vol1/run/ERR357/ERR3574135/WTCHG_555221_275127.bam,,WTCHG_555221_275127,WIT-DW-500-SUM
PRJEB34634,SAMEA5989477,ERX3572374,ERR3574136,749907,sediment metagenome,ftp.sra.ebi.ac.uk/vol1/fastq/ERR357/006/ERR3574136/ERR3574136_1.fastq.gz;ftp.sra.ebi.ac.uk/vol1/fastq/ERR357/006/ERR3574136/ERR3574136_2.fastq.gz,ftp.sra.ebi.ac.uk/vol1/run/ERR357/ERR3574136/WTCHG_555220_275127.bam,,WTCHG_555220_275127,WIT-DW-500-SUM
PRJEB34634,SAMEA5989477,ERX3572375,ERR3574137,749907,sediment metagenome,ftp.sra.ebi.ac.uk/vol1/fastq/ERR357/007/ERR3574137/ERR3574137_1.fastq.gz;ftp.sra.ebi.ac.uk/vol1/fastq/ERR357/007/ERR3574137/ERR3574137_2.fastq.gz,ftp.sra.ebi.ac.uk/vol1/run/ERR357/ERR3574137/WTCHG_555219_275127.bam,,WTCHG_555219_275127,WIT-DW-500-SUM
PRJEB34634,SAMEA5989477,ERX3572376,ERR3574138,749907,sediment metagenome,ftp.sra.ebi.ac.uk/vol1/fastq/ERR357/008/ERR3574138/ERR3574138_1.fastq.gz;ftp.sra.ebi.ac.uk/vol1/fastq/ERR357/008/ERR3574138/ERR3574138_2.fastq.gz,ftp.sra.ebi.ac.uk/vol1/run/ERR357/ERR3574138/WTCHG_555218_275127.bam,,WTCHG_555218_275127,WIT-DW-500-SUM
PRJEB34634,SAMEA5989477,ERX3572377,ERR3574139,749907,sediment metagenome,ftp.sra.ebi.ac.uk/vol1/fastq/ERR357/009/ERR3574139/ERR3574139_1.fastq.gz;ftp.sra.ebi.ac.uk/vol1/fastq/ERR357/009/ERR3574139/ERR3574139_2.fastq.gz,ftp.sra.ebi.ac.uk/vol1/run/ERR357/ERR3574139/WTCHG_555214_275127.bam,,WTCHG_555214_275127,WIT-DW-500-SUM
PRJEB34634,SAMEA5989477,ERX3572378,ERR3574140,749907,sediment metagenome,ftp.sra.ebi.ac.uk/vol1/fastq/ERR357/000/ERR3574140/ERR3574140_1.fastq.gz;ftp.sra.ebi.ac.uk/vol1/fastq/ERR357/000/ERR3574140/ERR3574140_2.fastq.gz,ftp.sra.ebi.ac.uk/vol1/run/ERR357/ERR3574140/WTCHG_555215_275127.bam,,WTCHG_555215_275127,WIT-DW-500-SUM
PRJEB34634,SAMEA5989477,ERX3572379,ERR3574141,749907,sediment metagenome,ftp.sra.ebi.ac.uk/vol1/fastq/ERR357/001/ERR3574141/ERR3574141_1.fastq.gz;ftp.sra.ebi.ac.uk/vol1/fastq/ERR357/001/ERR3574141/ERR3574141_2.fastq.gz,ftp.sra.ebi.ac.uk/vol1/run/ERR357/ERR3574141/WTCHG_555216_275127.bam,,WTCHG_555216_275127,WIT-DW-500-SUM
PRJEB34634,SAMEA5989477,ERX3572380,ERR3574142,749907,sediment metagenome,ftp.sra.ebi.ac.uk/vol1/fastq/ERR357/002/ERR3574142/ERR3574142_1.fastq.gz;ftp.sra.ebi.ac.uk/vol1/fastq/ERR357/002/ERR3574142/ERR3574142_2.fastq.gz,ftp.sra.ebi.ac.uk/vol1/run/ERR357/ERR3574142/WTCHG_559244_275127.bam,,WTCHG_559244_275127,WIT-DW-500-SUM
PRJEB34634,SAMEA5989477,ERX3572381,ERR3574143,749907,sediment metagenome,ftp.sra.ebi.ac.uk/vol1/fastq/ERR357/003/ERR3574143/ERR3574143_1.fastq.gz;ftp.sra.ebi.ac.uk/vol1/fastq/ERR357/003/ERR3574143/ERR3574143_2.fastq.gz,ftp.sra.ebi.ac.uk/vol1/run/ERR357/ERR3574143/WTCHG_559242_275127.bam,,WTCHG_559242_275127,WIT-DW-500-SUM
PRJEB34634,SAMEA5989477,ERX3572382,ERR3574144,749907,sediment metagenome,ftp.sra.ebi.ac.uk/vol1/fastq/ERR357/004/ERR3574144/ERR3574144_1.fastq.gz;ftp.sra.ebi.ac.uk/vol1/fastq/ERR357/004/ERR3574144/ERR3574144_2.fastq.gz,ftp.sra.ebi.ac.uk/vol1/run/ERR357/ERR3574144/WTCHG_559240_275127.bam,,WTCHG_559240_275127,WIT-DW-500-SUM
PRJEB34634,SAMEA5989477,ERX3572383,ERR3574145,749907,sediment metagenome,ftp.sra.ebi.ac.uk/vol1/fastq/ERR357/005/ERR3574145/ERR3574145_1.fastq.gz;ftp.sra.ebi.ac.uk/vol1/fastq/ERR357/005/ERR3574145/ERR3574145_2.fastq.gz,ftp.sra.ebi.ac.uk/vol1/run/ERR357/ERR3574145/WTCHG_559241_275127.bam,,WTCHG_559241_275127,WIT-DW-500-SUM
PRJEB34634,SAMEA5989477,ERX3572384,ERR3574146,749907,sediment metagenome,ftp.sra.ebi.ac.uk/vol1/fastq/ERR357/006/ERR3574146/ERR3574146_1.fastq.gz;ftp.sra.ebi.ac.uk/vol1/fastq/ERR357/006/ERR3574146/ERR3574146_2.fastq.gz,ftp.sra.ebi.ac.uk/vol1/run/ERR357/ERR3574146/WTCHG_559243_275127.bam,,WTCHG_559243_275127,WIT-DW-500-SUM
PRJEB34634,SAMEA5989477,ERX3572385,ERR3574147,749907,sediment metagenome,ftp.sra.ebi.ac.uk/vol1/fastq/ERR357/007/ERR3574147/ERR3574147_1.fastq.gz;ftp.sra.ebi.ac.uk/vol1/fastq/ERR357/007/ERR3574147/ERR3574147_2.fastq.gz,ftp.sra.ebi.ac.uk/vol1/run/ERR357/ERR3574147/WTCHG_550636_285152.bam,,WTCHG_550636_285152,WIT-DW-500-WIN
PRJEB34634,SAMEA5989477,ERX3572386,ERR3574148,749907,sediment metagenome,ftp.sra.ebi.ac.uk/vol1/fastq/ERR357/008/ERR3574148/ERR3574148_1.fastq.gz;ftp.sra.ebi.ac.uk/vol1/fastq/ERR357/008/ERR3574148/ERR3574148_2.fastq.gz,ftp.sra.ebi.ac.uk/vol1/run/ERR357/ERR3574148/WTCHG_551515_285152.bam,,WTCHG_551515_285152,WIT-DW-500-WIN
PRJEB34634,SAMEA5989477,ERX3572387,ERR3574149,749907,sediment metagenome,ftp.sra.ebi.ac.uk/vol1/fastq/ERR357/009/ERR3574149/ERR3574149_1.fastq.gz;ftp.sra.ebi.ac.uk/vol1/fastq/ERR357/009/ERR3574149/ERR3574149_2.fastq.gz,ftp.sra.ebi.ac.uk/vol1/run/ERR357/ERR3574149/WTCHG_551514_285152.bam,,WTCHG_551514_285152,WIT-DW-500-WIN
PRJEB34634,SAMEA5989477,ERX3572388,ERR3574150,749907,sediment metagenome,ftp.sra.ebi.ac.uk/vol1/fastq/ERR357/000/ERR3574150/ERR3574150_1.fastq.gz;ftp.sra.ebi.ac.uk/vol1/fastq/ERR357/000/ERR3574150/ERR3574150_2.fastq.gz,ftp.sra.ebi.ac.uk/vol1/run/ERR357/ERR3574150/WTCHG_554366_285152.bam,,WTCHG_554366_285152,WIT-DW-500-WIN
PRJEB34634,SAMEA5989477,ERX3572389,ERR3574151,749907,sediment metagenome,ftp.sra.ebi.ac.uk/vol1/fastq/ERR357/001/ERR3574151/ERR3574151_1.fastq.gz;ftp.sra.ebi.ac.uk/vol1/fastq/ERR357/001/ERR3574151/ERR3574151_2.fastq.gz,ftp.sra.ebi.ac.uk/vol1/run/ERR357/ERR3574151/WTCHG_554367_285152.bam,,WTCHG_554367_285152,WIT-DW-500-WIN
PRJEB34634,SAMEA5989477,ERX3572390,ERR3574152,749907,sediment metagenome,ftp.sra.ebi.ac.uk/vol1/fastq/ERR357/002/ERR3574152/ERR3574152_1.fastq.gz;ftp.sra.ebi.ac.uk/vol1/fastq/ERR357/002/ERR3574152/ERR3574152_2.fastq.gz,ftp.sra.ebi.ac.uk/vol1/run/ERR357/ERR3574152/WTCHG_555214_285152.bam,,WTCHG_555214_285152,WIT-DW-500-WIN
PRJEB34634,SAMEA5989477,ERX3572391,ERR3574153,749907,sediment metagenome,ftp.sra.ebi.ac.uk/vol1/fastq/ERR357/003/ERR3574153/ERR3574153_1.fastq.gz;ftp.sra.ebi.ac.uk/vol1/fastq/ERR357/003/ERR3574153/ERR3574153_2.fastq.gz,ftp.sra.ebi.ac.uk/vol1/run/ERR357/ERR3574153/WTCHG_555221_285152.bam,,WTCHG_555221_285152,WIT-DW-500-WIN
PRJEB34634,SAMEA5989477,ERX3572392,ERR3574154,749907,sediment metagenome,ftp.sra.ebi.ac.uk/vol1/fastq/ERR357/004/ERR3574154/ERR3574154_1.fastq.gz;ftp.sra.ebi.ac.uk/vol1/fastq/ERR357/004/ERR3574154/ERR3574154_2.fastq.gz,ftp.sra.ebi.ac.uk/vol1/run/ERR357/ERR3574154/WTCHG_555215_285152.bam,,WTCHG_555215_285152,WIT-DW-500-WIN
PRJEB34634,SAMEA5989477,ERX3572393,ERR3574155,749907,sediment metagenome,ftp.sra.ebi.ac.uk/vol1/fastq/ERR357/005/ERR3574155/ERR3574155_1.fastq.gz;ftp.sra.ebi.ac.uk/vol1/fastq/ERR357/005/ERR3574155/ERR3574155_2.fastq.gz,ftp.sra.ebi.ac.uk/vol1/run/ERR357/ERR3574155/WTCHG_555220_285152.bam,,WTCHG_555220_285152,WIT-DW-500-WIN
PRJEB34634,SAMEA5989477,ERX3572394,ERR3574156,749907,sediment metagenome,ftp.sra.ebi.ac.uk/vol1/fastq/ERR357/006/ERR3574156/ERR3574156_1.fastq.gz;ftp.sra.ebi.ac.uk/vol1/fastq/ERR357/006/ERR3574156/ERR3574156_2.fastq.gz,ftp.sra.ebi.ac.uk/vol1/run/ERR357/ERR3574156/WTCHG_555217_285152.bam,,WTCHG_555217_285152,WIT-DW-500-WIN
PRJEB34634,SAMEA5989477,ERX3572395,ERR3574157,749907,sediment metagenome,ftp.sra.ebi.ac.uk/vol1/fastq/ERR357/007/ERR3574157/ERR3574157_1.fastq.gz;ftp.sra.ebi.ac.uk/vol1/fastq/ERR357/007/ERR3574157/ERR3574157_2.fastq.gz,ftp.sra.ebi.ac.uk/vol1/run/ERR357/ERR3574157/WTCHG_555216_285152.bam,,WTCHG_555216_285152,WIT-DW-500-WIN
PRJEB34634,SAMEA5989477,ERX3572396,ERR3574158,749907,sediment metagenome,ftp.sra.ebi.ac.uk/vol1/fastq/ERR357/008/ERR3574158/ERR3574158_1.fastq.gz;ftp.sra.ebi.ac.uk/vol1/fastq/ERR357/008/ERR3574158/ERR3574158_2.fastq.gz,ftp.sra.ebi.ac.uk/vol1/run/ERR357/ERR3574158/WTCHG_555219_285152.bam,,WTCHG_555219_285152,WIT-DW-500-WIN
PRJEB34634,SAMEA5989477,ERX3572397,ERR3574159,749907,sediment metagenome,ftp.sra.ebi.ac.uk/vol1/fastq/ERR357/009/ERR3574159/ERR3574159_1.fastq.gz;ftp.sra.ebi.ac.uk/vol1/fastq/ERR357/009/ERR3574159/ERR3574159_2.fastq.gz,ftp.sra.ebi.ac.uk/vol1/run/ERR357/ERR3574159/WTCHG_555218_285152.bam,,WTCHG_555218_285152,WIT-DW-500-WIN
PRJEB34634,SAMEA5989477,ERX3572398,ERR3574160,749907,sediment metagenome,ftp.sra.ebi.ac.uk/vol1/fastq/ERR357/000/ERR3574160/ERR3574160_1.fastq.gz;ftp.sra.ebi.ac.uk/vol1/fastq/ERR357/000/ERR3574160/ERR3574160_2.fastq.gz,ftp.sra.ebi.ac.uk/vol1/run/ERR357/ERR3574160/WTCHG_559243_285152.bam,,WTCHG_559243_285152,WIT-DW-500-WIN
PRJEB34634,SAMEA5989477,ERX3572399,ERR3574161,749907,sediment metagenome,ftp.sra.ebi.ac.uk/vol1/fastq/ERR357/001/ERR3574161/ERR3574161_1.fastq.gz;ftp.sra.ebi.ac.uk/vol1/fastq/ERR357/001/ERR3574161/ERR3574161_2.fastq.gz,ftp.sra.ebi.ac.uk/vol1/run/ERR357/ERR3574161/WTCHG_559240_285152.bam,,WTCHG_559240_285152,WIT-DW-500-WIN
PRJEB34634,SAMEA5989477,ERX3572400,ERR3574162,749907,sediment metagenome,ftp.sra.ebi.ac.uk/vol1/fastq/ERR357/002/ERR3574162/ERR3574162_1.fastq.gz;ftp.sra.ebi.ac.uk/vol1/fastq/ERR357/002/ERR3574162/ERR3574162_2.fastq.gz,ftp.sra.ebi.ac.uk/vol1/run/ERR357/ERR3574162/WTCHG_559244_285152.bam,,WTCHG_559244_285152,WIT-DW-500-WIN
PRJEB34634,SAMEA5989477,ERX3572401,ERR3574163,749907,sediment metagenome,ftp.sra.ebi.ac.uk/vol1/fastq/ERR357/003/ERR3574163/ERR3574163_1.fastq.gz;ftp.sra.ebi.ac.uk/vol1/fastq/ERR357/003/ERR3574163/ERR3574163_2.fastq.gz,ftp.sra.ebi.ac.uk/vol1/run/ERR357/ERR3574163/WTCHG_559242_285152.bam,,WTCHG_559242_285152,WIT-DW-500-WIN
PRJEB34634,SAMEA5989477,ERX3572402,ERR3574164,749907,sediment metagenome,ftp.sra.ebi.ac.uk/vol1/fastq/ERR357/004/ERR3574164/ERR3574164_1.fastq.gz;ftp.sra.ebi.ac.uk/vol1/fastq/ERR357/004/ERR3574164/ERR3574164_2.fastq.gz,ftp.sra.ebi.ac.uk/vol1/run/ERR357/ERR3574164/WTCHG_559241_285152.bam,,WTCHG_559241_285152,WIT-DW-500-WIN
PRJEB34634,SAMEA5989477,ERX3572403,ERR3574165,749907,sediment metagenome,ftp.sra.ebi.ac.uk/vol1/fastq/ERR357/005/ERR3574165/ERR3574165_1.fastq.gz;ftp.sra.ebi.ac.uk/vol1/fastq/ERR357/005/ERR3574165/ERR3574165_2.fastq.gz,ftp.sra.ebi.ac.uk/vol1/run/ERR357/ERR3574165/WTCHG_550636_208190.bam,,WTCHG_550636_208190,WIT-EFF-AUT
PRJEB34634,SAMEA5989477,ERX3572404,ERR3574166,749907,sediment metagenome,ftp.sra.ebi.ac.uk/vol1/fastq/ERR357/006/ERR3574166/ERR3574166_1.fastq.gz;ftp.sra.ebi.ac.uk/vol1/fastq/ERR357/006/ERR3574166/ERR3574166_2.fastq.gz,ftp.sra.ebi.ac.uk/vol1/run/ERR357/ERR3574166/WTCHG_551515_208190.bam,,WTCHG_551515_208190,WIT-EFF-AUT
PRJEB34634,SAMEA5989477,ERX3572405,ERR3574167,749907,sediment metagenome,ftp.sra.ebi.ac.uk/vol1/fastq/ERR357/007/ERR3574167/ERR3574167_1.fastq.gz;ftp.sra.ebi.ac.uk/vol1/fastq/ERR357/007/ERR3574167/ERR3574167_2.fastq.gz,ftp.sra.ebi.ac.uk/vol1/run/ERR357/ERR3574167/WTCHG_551514_208190.bam,,WTCHG_551514_208190,WIT-EFF-AUT
PRJEB34634,SAMEA5989477,ERX3572406,ERR3574168,749907,sediment metagenome,ftp.sra.ebi.ac.uk/vol1/fastq/ERR357/008/ERR3574168/ERR3574168_1.fastq.gz;ftp.sra.ebi.ac.uk/vol1/fastq/ERR357/008/ERR3574168/ERR3574168_2.fastq.gz,ftp.sra.ebi.ac.uk/vol1/run/ERR357/ERR3574168/WTCHG_554367_208190.bam,,WTCHG_554367_208190,WIT-EFF-AUT
PRJEB34634,SAMEA5989477,ERX3572407,ERR3574169,749907,sediment metagenome,ftp.sra.ebi.ac.uk/vol1/fastq/ERR357/009/ERR3574169/ERR3574169_1.fastq.gz;ftp.sra.ebi.ac.uk/vol1/fastq/ERR357/009/ERR3574169/ERR3574169_2.fastq.gz,ftp.sra.ebi.ac.uk/vol1/run/ERR357/ERR3574169/WTCHG_554366_208190.bam,,WTCHG_554366_208190,WIT-EFF-AUT
PRJEB34634,SAMEA5989477,ERX3572408,ERR3574170,749907,sediment metagenome,ftp.sra.ebi.ac.uk/vol1/fastq/ERR357/000/ERR3574170/ERR3574170_1.fastq.gz;ftp.sra.ebi.ac.uk/vol1/fastq/ERR357/000/ERR3574170/ERR3574170_2.fastq.gz,ftp.sra.ebi.ac.uk/vol1/run/ERR357/ERR3574170/WTCHG_555221_208190.bam,,WTCHG_555221_208190,WIT-EFF-AUT
PRJEB34634,SAMEA5989477,ERX3572409,ERR3574171,749907,sediment metagenome,ftp.sra.ebi.ac.uk/vol1/fastq/ERR357/001/ERR3574171/ERR3574171_1.fastq.gz;ftp.sra.ebi.ac.uk/vol1/fastq/ERR357/001/ERR3574171/ERR3574171_2.fastq.gz,ftp.sra.ebi.ac.uk/vol1/run/ERR357/ERR3574171/WTCHG_555215_208190.bam,,WTCHG_555215_208190,WIT-EFF-AUT
PRJEB34634,SAMEA5989477,ERX3572410,ERR3574172,749907,sediment metagenome,ftp.sra.ebi.ac.uk/vol1/fastq/ERR357/002/ERR3574172/ERR3574172_1.fastq.gz;ftp.sra.ebi.ac.uk/vol1/fastq/ERR357/002/ERR3574172/ERR3574172_2.fastq.gz,ftp.sra.ebi.ac.uk/vol1/run/ERR357/ERR3574172/WTCHG_555216_208190.bam,,WTCHG_555216_208190,WIT-EFF-AUT
PRJEB34634,SAMEA5989477,ERX3572411,ERR3574173,749907,sediment metagenome,ftp.sra.ebi.ac.uk/vol1/fastq/ERR357/003/ERR3574173/ERR3574173_1.fastq.gz;ftp.sra.ebi.ac.uk/vol1/fastq/ERR357/003/ERR3574173/ERR3574173_2.fastq.gz,ftp.sra.ebi.ac.uk/vol1/run/ERR357/ERR3574173/WTCHG_555217_208190.bam,,WTCHG_555217_208190,WIT-EFF-AUT
PRJEB34634,SAMEA5989477,ERX3572412,ERR3574174,749907,sediment metagenome,ftp.sra.ebi.ac.uk/vol1/fastq/ERR357/004/ERR3574174/ERR3574174_1.fastq.gz;ftp.sra.ebi.ac.uk/vol1/fastq/ERR357/004/ERR3574174/ERR3574174_2.fastq.gz,ftp.sra.ebi.ac.uk/vol1/run/ERR357/ERR3574174/WTCHG_555220_208190.bam,,WTCHG_555220_208190,WIT-EFF-AUT
PRJEB34634,SAMEA5989477,ERX3572413,ERR3574175,749907,sediment metagenome,ftp.sra.ebi.ac.uk/vol1/fastq/ERR357/005/ERR3574175/ERR3574175_1.fastq.gz;ftp.sra.ebi.ac.uk/vol1/fastq/ERR357/005/ERR3574175/ERR3574175_2.fastq.gz,ftp.sra.ebi.ac.uk/vol1/run/ERR357/ERR3574175/WTCHG_555218_208190.bam,,WTCHG_555218_208190,WIT-EFF-AUT
PRJEB34634,SAMEA5989477,ERX3572414,ERR3574176,749907,sediment metagenome,ftp.sra.ebi.ac.uk/vol1/fastq/ERR357/006/ERR3574176/ERR3574176_1.fastq.gz;ftp.sra.ebi.ac.uk/vol1/fastq/ERR357/006/ERR3574176/ERR3574176_2.fastq.gz,ftp.sra.ebi.ac.uk/vol1/run/ERR357/ERR3574176/WTCHG_555214_208190.bam,,WTCHG_555214_208190,WIT-EFF-AUT
PRJEB34634,SAMEA5989477,ERX3572415,ERR3574177,749907,sediment metagenome,ftp.sra.ebi.ac.uk/vol1/fastq/ERR357/007/ERR3574177/ERR3574177_1.fastq.gz;ftp.sra.ebi.ac.uk/vol1/fastq/ERR357/007/ERR3574177/ERR3574177_2.fastq.gz,ftp.sra.ebi.ac.uk/vol1/run/ERR357/ERR3574177/WTCHG_555219_208190.bam,,WTCHG_555219_208190,WIT-EFF-AUT
PRJEB34634,SAMEA5989477,ERX3572416,ERR3574178,749907,sediment metagenome,ftp.sra.ebi.ac.uk/vol1/fastq/ERR357/008/ERR3574178/ERR3574178_1.fastq.gz;ftp.sra.ebi.ac.uk/vol1/fastq/ERR357/008/ERR3574178/ERR3574178_2.fastq.gz,ftp.sra.ebi.ac.uk/vol1/run/ERR357/ERR3574178/WTCHG_559243_208190.bam,,WTCHG_559243_208190,WIT-EFF-AUT
PRJEB34634,SAMEA5989477,ERX3572417,ERR3574179,749907,sediment metagenome,ftp.sra.ebi.ac.uk/vol1/fastq/ERR357/009/ERR3574179/ERR3574179_1.fastq.gz;ftp.sra.ebi.ac.uk/vol1/fastq/ERR357/009/ERR3574179/ERR3574179_2.fastq.gz,ftp.sra.ebi.ac.uk/vol1/run/ERR357/ERR3574179/WTCHG_559240_208190.bam,,WTCHG_559240_208190,WIT-EFF-AUT
PRJEB34634,SAMEA5989477,ERX3572418,ERR3574180,749907,sediment metagenome,ftp.sra.ebi.ac.uk/vol1/fastq/ERR357/000/ERR3574180/ERR3574180_1.fastq.gz;ftp.sra.ebi.ac.uk/vol1/fastq/ERR357/000/ERR3574180/ERR3574180_2.fastq.gz,ftp.sra.ebi.ac.uk/vol1/run/ERR357/ERR3574180/WTCHG_559242_208190.bam,,WTCHG_559242_208190,WIT-EFF-AUT
PRJEB34634,SAMEA5989477,ERX3572419,ERR3574181,749907,sediment metagenome,ftp.sra.ebi.ac.uk/vol1/fastq/ERR357/001/ERR3574181/ERR3574181_1.fastq.gz;ftp.sra.ebi.ac.uk/vol1/fastq/ERR357/001/ERR3574181/ERR3574181_2.fastq.gz,ftp.sra.ebi.ac.uk/vol1/run/ERR357/ERR3574181/WTCHG_559244_208190.bam,,WTCHG_559244_208190,WIT-EFF-AUT
PRJEB34634,SAMEA5989477,ERX3572420,ERR3574182,749907,sediment metagenome,ftp.sra.ebi.ac.uk/vol1/fastq/ERR357/002/ERR3574182/ERR3574182_1.fastq.gz;ftp.sra.ebi.ac.uk/vol1/fastq/ERR357/002/ERR3574182/ERR3574182_2.fastq.gz,ftp.sra.ebi.ac.uk/vol1/run/ERR357/ERR3574182/WTCHG_559241_208190.bam,,WTCHG_559241_208190,WIT-EFF-AUT
PRJEB34634,SAMEA5989477,ERX3572421,ERR3574183,749907,sediment metagenome,ftp.sra.ebi.ac.uk/vol1/fastq/ERR357/003/ERR3574183/ERR3574183_1.fastq.gz;ftp.sra.ebi.ac.uk/vol1/fastq/ERR357/003/ERR3574183/ERR3574183_2.fastq.gz,ftp.sra.ebi.ac.uk/vol1/run/ERR357/ERR3574183/WTCHG_455360_256112.bam,,WTCHG_455360_256112,WIT-EFF-SUM
PRJEB34634,SAMEA5989477,ERX3572422,ERR3574184,749907,sediment metagenome,ftp.sra.ebi.ac.uk/vol1/fastq/ERR357/004/ERR3574184/ERR3574184_1.fastq.gz;ftp.sra.ebi.ac.uk/vol1/fastq/ERR357/004/ERR3574184/ERR3574184_2.fastq.gz,ftp.sra.ebi.ac.uk/vol1/run/ERR357/ERR3574184/WTCHG_456624_256112.bam,,WTCHG_456624_256112,WIT-EFF-SUM
PRJEB34634,SAMEA5989477,ERX3572423,ERR3574185,749907,sediment metagenome,ftp.sra.ebi.ac.uk/vol1/fastq/ERR357/005/ERR3574185/ERR3574185_1.fastq.gz;ftp.sra.ebi.ac.uk/vol1/fastq/ERR357/005/ERR3574185/ERR3574185_2.fastq.gz,ftp.sra.ebi.ac.uk/vol1/run/ERR357/ERR3574185/WTCHG_457295_256112.bam,,WTCHG_457295_256112,WIT-EFF-SUM
PRJEB34634,SAMEA5989477,ERX3572424,ERR3574186,749907,sediment metagenome,ftp.sra.ebi.ac.uk/vol1/fastq/ERR357/006/ERR3574186/ERR3574186_1.fastq.gz;ftp.sra.ebi.ac.uk/vol1/fastq/ERR357/006/ERR3574186/ERR3574186_2.fastq.gz,ftp.sra.ebi.ac.uk/vol1/run/ERR357/ERR3574186/WTCHG_457296_256112.bam,,WTCHG_457296_256112,WIT-EFF-SUM
PRJEB34634,SAMEA5989477,ERX3572425,ERR3574187,749907,sediment metagenome,ftp.sra.ebi.ac.uk/vol1/fastq/ERR357/007/ERR3574187/ERR3574187_1.fastq.gz;ftp.sra.ebi.ac.uk/vol1/fastq/ERR357/007/ERR3574187/ERR3574187_2.fastq.gz,ftp.sra.ebi.ac.uk/vol1/run/ERR357/ERR3574187/WTCHG_457297_256112.bam,,WTCHG_457297_256112,WIT-EFF-SUM
PRJEB34634,SAMEA5989477,ERX3572426,ERR3574188,749907,sediment metagenome,ftp.sra.ebi.ac.uk/vol1/fastq/ERR357/008/ERR3574188/ERR3574188_1.fastq.gz;ftp.sra.ebi.ac.uk/vol1/fastq/ERR357/008/ERR3574188/ERR3574188_2.fastq.gz,ftp.sra.ebi.ac.uk/vol1/run/ERR357/ERR3574188/WTCHG_457298_256112.bam,,WTCHG_457298_256112,WIT-EFF-SUM
PRJEB34634,SAMEA5989477,ERX3572427,ERR3574189,749907,sediment metagenome,ftp.sra.ebi.ac.uk/vol1/fastq/ERR357/009/ERR3574189/ERR3574189_1.fastq.gz;ftp.sra.ebi.ac.uk/vol1/fastq/ERR357/009/ERR3574189/ERR3574189_2.fastq.gz,ftp.sra.ebi.ac.uk/vol1/run/ERR357/ERR3574189/WTCHG_457710_256112.bam,,WTCHG_457710_256112,WIT-EFF-SUM
PRJEB34634,SAMEA5989477,ERX3572428,ERR3574190,749907,sediment metagenome,ftp.sra.ebi.ac.uk/vol1/fastq/ERR357/000/ERR3574190/ERR3574190_1.fastq.gz;ftp.sra.ebi.ac.uk/vol1/fastq/ERR357/000/ERR3574190/ERR3574190_2.fastq.gz,ftp.sra.ebi.ac.uk/vol1/run/ERR357/ERR3574190/WTCHG_457711_256112.bam,,WTCHG_457711_256112,WIT-EFF-SUM
PRJEB34634,SAMEA5989477,ERX3572429,ERR3574191,749907,sediment metagenome,ftp.sra.ebi.ac.uk/vol1/fastq/ERR357/001/ERR3574191/ERR3574191_1.fastq.gz;ftp.sra.ebi.ac.uk/vol1/fastq/ERR357/001/ERR3574191/ERR3574191_2.fastq.gz,ftp.sra.ebi.ac.uk/vol1/run/ERR357/ERR3574191/WTCHG_457712_256112.bam,,WTCHG_457712_256112,WIT-EFF-SUM
PRJEB34634,SAMEA5989477,ERX3572430,ERR3574192,749907,sediment metagenome,ftp.sra.ebi.ac.uk/vol1/fastq/ERR357/002/ERR3574192/ERR3574192_1.fastq.gz;ftp.sra.ebi.ac.uk/vol1/fastq/ERR357/002/ERR3574192/ERR3574192_2.fastq.gz,ftp.sra.ebi.ac.uk/vol1/run/ERR357/ERR3574192/WTCHG_457713_256112.bam,,WTCHG_457713_256112,WIT-EFF-SUM
PRJEB34634,SAMEA5989477,ERX3572431,ERR3574193,749907,sediment metagenome,ftp.sra.ebi.ac.uk/vol1/fastq/ERR357/003/ERR3574193/ERR3574193_1.fastq.gz;ftp.sra.ebi.ac.uk/vol1/fastq/ERR357/003/ERR3574193/ERR3574193_2.fastq.gz,ftp.sra.ebi.ac.uk/vol1/run/ERR357/ERR3574193/WTCHG_457714_256112.bam,,WTCHG_457714_256112,WIT-EFF-SUM
PRJEB34634,SAMEA5989477,ERX3572432,ERR3574194,749907,sediment metagenome,ftp.sra.ebi.ac.uk/vol1/fastq/ERR357/004/ERR3574194/ERR3574194_1.fastq.gz;ftp.sra.ebi.ac.uk/vol1/fastq/ERR357/004/ERR3574194/ERR3574194_2.fastq.gz,ftp.sra.ebi.ac.uk/vol1/run/ERR357/ERR3574194/WTCHG_461227_256112.bam,,WTCHG_461227_256112,WIT-EFF-SUM
PRJEB34634,SAMEA5989477,ERX3572433,ERR3574195,749907,sediment metagenome,ftp.sra.ebi.ac.uk/vol1/fastq/ERR357/005/ERR3574195/ERR3574195_1.fastq.gz;ftp.sra.ebi.ac.uk/vol1/fastq/ERR357/005/ERR3574195/ERR3574195_2.fastq.gz,ftp.sra.ebi.ac.uk/vol1/run/ERR357/ERR3574195/WTCHG_461228_256112.bam,,WTCHG_461228_256112,WIT-EFF-SUM
PRJEB34634,SAMEA5989477,ERX3572434,ERR3574196,749907,sediment metagenome,ftp.sra.ebi.ac.uk/vol1/fastq/ERR357/006/ERR3574196/ERR3574196_1.fastq.gz;ftp.sra.ebi.ac.uk/vol1/fastq/ERR357/006/ERR3574196/ERR3574196_2.fastq.gz,ftp.sra.ebi.ac.uk/vol1/run/ERR357/ERR3574196/WTCHG_455360_251172.bam,,WTCHG_455360_251172,WIT-EFF-WIN
PRJEB34634,SAMEA5989477,ERX3572435,ERR3574197,749907,sediment metagenome,ftp.sra.ebi.ac.uk/vol1/fastq/ERR357/007/ERR3574197/ERR3574197_1.fastq.gz;ftp.sra.ebi.ac.uk/vol1/fastq/ERR357/007/ERR3574197/ERR3574197_2.fastq.gz,ftp.sra.ebi.ac.uk/vol1/run/ERR357/ERR3574197/WTCHG_456624_251172.bam,,WTCHG_456624_251172,WIT-EFF-WIN
PRJEB34634,SAMEA5989477,ERX3572436,ERR3574198,749907,sediment metagenome,ftp.sra.ebi.ac.uk/vol1/fastq/ERR357/008/ERR3574198/ERR3574198_1.fastq.gz;ftp.sra.ebi.ac.uk/vol1/fastq/ERR357/008/ERR3574198/ERR3574198_2.fastq.gz,ftp.sra.ebi.ac.uk/vol1/run/ERR357/ERR3574198/WTCHG_457295_251172.bam,,WTCHG_457295_251172,WIT-EFF-WIN
PRJEB34634,SAMEA5989477,ERX3572437,ERR3574199,749907,sediment metagenome,ftp.sra.ebi.ac.uk/vol1/fastq/ERR357/009/ERR3574199/ERR3574199_1.fastq.gz;ftp.sra.ebi.ac.uk/vol1/fastq/ERR357/009/ERR3574199/ERR3574199_2.fastq.gz,ftp.sra.ebi.ac.uk/vol1/run/ERR357/ERR3574199/WTCHG_457296_251172.bam,,WTCHG_457296_251172,WIT-EFF-WIN
PRJEB34634,SAMEA5989477,ERX3572438,ERR3574200,749907,sediment metagenome,ftp.sra.ebi.ac.uk/vol1/fastq/ERR357/000/ERR3574200/ERR3574200_1.fastq.gz;ftp.sra.ebi.ac.uk/vol1/fastq/ERR357/000/ERR3574200/ERR3574200_2.fastq.gz,ftp.sra.ebi.ac.uk/vol1/run/ERR357/ERR3574200/WTCHG_457297_251172.bam,,WTCHG_457297_251172,WIT-EFF-WIN
PRJEB34634,SAMEA5989477,ERX3572439,ERR3574201,749907,sediment metagenome,ftp.sra.ebi.ac.uk/vol1/fastq/ERR357/001/ERR3574201/ERR3574201_1.fastq.gz;ftp.sra.ebi.ac.uk/vol1/fastq/ERR357/001/ERR3574201/ERR3574201_2.fastq.gz,ftp.sra.ebi.ac.uk/vol1/run/ERR357/ERR3574201/WTCHG_457298_251172.bam,,WTCHG_457298_251172,WIT-EFF-WIN
PRJEB34634,SAMEA5989477,ERX3572440,ERR3574202,749907,sediment metagenome,ftp.sra.ebi.ac.uk/vol1/fastq/ERR357/002/ERR3574202/ERR3574202_1.fastq.gz;ftp.sra.ebi.ac.uk/vol1/fastq/ERR357/002/ERR3574202/ERR3574202_2.fastq.gz,ftp.sra.ebi.ac.uk/vol1/run/ERR357/ERR3574202/WTCHG_457710_251172.bam,,WTCHG_457710_251172,WIT-EFF-WIN
PRJEB34634,SAMEA5989477,ERX3572441,ERR3574203,749907,sediment metagenome,ftp.sra.ebi.ac.uk/vol1/fastq/ERR357/003/ERR3574203/ERR3574203_1.fastq.gz;ftp.sra.ebi.ac.uk/vol1/fastq/ERR357/003/ERR3574203/ERR3574203_2.fastq.gz,ftp.sra.ebi.ac.uk/vol1/run/ERR357/ERR3574203/WTCHG_457711_251172.bam,,WTCHG_457711_251172,WIT-EFF-WIN
PRJEB34634,SAMEA5989477,ERX3572442,ERR3574204,749907,sediment metagenome,ftp.sra.ebi.ac.uk/vol1/fastq/ERR357/004/ERR3574204/ERR3574204_1.fastq.gz;ftp.sra.ebi.ac.uk/vol1/fastq/ERR357/004/ERR3574204/ERR3574204_2.fastq.gz,ftp.sra.ebi.ac.uk/vol1/run/ERR357/ERR3574204/WTCHG_457712_251172.bam,,WTCHG_457712_251172,WIT-EFF-WIN
PRJEB34634,SAMEA5989477,ERX3572443,ERR3574205,749907,sediment metagenome,ftp.sra.ebi.ac.uk/vol1/fastq/ERR357/005/ERR3574205/ERR3574205_1.fastq.gz;ftp.sra.ebi.ac.uk/vol1/fastq/ERR357/005/ERR3574205/ERR3574205_2.fastq.gz,ftp.sra.ebi.ac.uk/vol1/run/ERR357/ERR3574205/WTCHG_457713_251172.bam,,WTCHG_457713_251172,WIT-EFF-WIN
PRJEB34634,SAMEA5989477,ERX3572444,ERR3574206,749907,sediment metagenome,ftp.sra.ebi.ac.uk/vol1/fastq/ERR357/006/ERR3574206/ERR3574206_1.fastq.gz;ftp.sra.ebi.ac.uk/vol1/fastq/ERR357/006/ERR3574206/ERR3574206_2.fastq.gz,ftp.sra.ebi.ac.uk/vol1/run/ERR357/ERR3574206/WTCHG_457714_251172.bam,,WTCHG_457714_251172,WIT-EFF-WIN
PRJEB34634,SAMEA5989477,ERX3572445,ERR3574207,749907,sediment metagenome,ftp.sra.ebi.ac.uk/vol1/fastq/ERR357/007/ERR3574207/ERR3574207_1.fastq.gz;ftp.sra.ebi.ac.uk/vol1/fastq/ERR357/007/ERR3574207/ERR3574207_2.fastq.gz,ftp.sra.ebi.ac.uk/vol1/run/ERR357/ERR3574207/WTCHG_461227_251172.bam,,WTCHG_461227_251172,WIT-EFF-WIN
PRJEB34634,SAMEA5989477,ERX3572446,ERR3574208,749907,sediment metagenome,ftp.sra.ebi.ac.uk/vol1/fastq/ERR357/008/ERR3574208/ERR3574208_1.fastq.gz;ftp.sra.ebi.ac.uk/vol1/fastq/ERR357/008/ERR3574208/ERR3574208_2.fastq.gz,ftp.sra.ebi.ac.uk/vol1/run/ERR357/ERR3574208/WTCHG_461228_251172.bam,,WTCHG_461228_251172,WIT-EFF-WIN
PRJEB34634,SAMEA5989477,ERX3572447,ERR3574209,749907,sediment metagenome,ftp.sra.ebi.ac.uk/vol1/fastq/ERR357/009/ERR3574209/ERR3574209_1.fastq.gz;ftp.sra.ebi.ac.uk/vol1/fastq/ERR357/009/ERR3574209/ERR3574209_2.fastq.gz,ftp.sra.ebi.ac.uk/vol1/run/ERR357/ERR3574209/WTCHG_550636_209107.bam,,WTCHG_550636_209107,WIT-INF-AUT
PRJEB34634,SAMEA5989477,ERX3572448,ERR3574210,749907,sediment metagenome,ftp.sra.ebi.ac.uk/vol1/fastq/ERR357/000/ERR3574210/ERR3574210_1.fastq.gz;ftp.sra.ebi.ac.uk/vol1/fastq/ERR357/000/ERR3574210/ERR3574210_2.fastq.gz,ftp.sra.ebi.ac.uk/vol1/run/ERR357/ERR3574210/WTCHG_551514_209107.bam,,WTCHG_551514_209107,WIT-INF-AUT
PRJEB34634,SAMEA5989477,ERX3572449,ERR3574211,749907,sediment metagenome,ftp.sra.ebi.ac.uk/vol1/fastq/ERR357/001/ERR3574211/ERR3574211_1.fastq.gz;ftp.sra.ebi.ac.uk/vol1/fastq/ERR357/001/ERR3574211/ERR3574211_2.fastq.gz,ftp.sra.ebi.ac.uk/vol1/run/ERR357/ERR3574211/WTCHG_551515_209107.bam,,WTCHG_551515_209107,WIT-INF-AUT
PRJEB34634,SAMEA5989477,ERX3572450,ERR3574212,749907,sediment metagenome,ftp.sra.ebi.ac.uk/vol1/fastq/ERR357/002/ERR3574212/ERR3574212_1.fastq.gz;ftp.sra.ebi.ac.uk/vol1/fastq/ERR357/002/ERR3574212/ERR3574212_2.fastq.gz,ftp.sra.ebi.ac.uk/vol1/run/ERR357/ERR3574212/WTCHG_554366_209107.bam,,WTCHG_554366_209107,WIT-INF-AUT
PRJEB34634,SAMEA5989477,ERX3572451,ERR3574213,749907,sediment metagenome,ftp.sra.ebi.ac.uk/vol1/fastq/ERR357/003/ERR3574213/ERR3574213_1.fastq.gz;ftp.sra.ebi.ac.uk/vol1/fastq/ERR357/003/ERR3574213/ERR3574213_2.fastq.gz,ftp.sra.ebi.ac.uk/vol1/run/ERR357/ERR3574213/WTCHG_554367_209107.bam,,WTCHG_554367_209107,WIT-INF-AUT
PRJEB34634,SAMEA5989477,ERX3572452,ERR3574214,749907,sediment metagenome,ftp.sra.ebi.ac.uk/vol1/fastq/ERR357/004/ERR3574214/ERR3574214_1.fastq.gz;ftp.sra.ebi.ac.uk/vol1/fastq/ERR357/004/ERR3574214/ERR3574214_2.fastq.gz,ftp.sra.ebi.ac.uk/vol1/run/ERR357/ERR3574214/WTCHG_555219_209107.bam,,WTCHG_555219_209107,WIT-INF-AUT
PRJEB34634,SAMEA5989477,ERX3572453,ERR3574215,749907,sediment metagenome,ftp.sra.ebi.ac.uk/vol1/fastq/ERR357/005/ERR3574215/ERR3574215_1.fastq.gz;ftp.sra.ebi.ac.uk/vol1/fastq/ERR357/005/ERR3574215/ERR3574215_2.fastq.gz,ftp.sra.ebi.ac.uk/vol1/run/ERR357/ERR3574215/WTCHG_555218_209107.bam,,WTCHG_555218_209107,WIT-INF-AUT
PRJEB34634,SAMEA5989477,ERX3572454,ERR3574216,749907,sediment metagenome,ftp.sra.ebi.ac.uk/vol1/fastq/ERR357/006/ERR3574216/ERR3574216_1.fastq.gz;ftp.sra.ebi.ac.uk/vol1/fastq/ERR357/006/ERR3574216/ERR3574216_2.fastq.gz,ftp.sra.ebi.ac.uk/vol1/run/ERR357/ERR3574216/WTCHG_555216_209107.bam,,WTCHG_555216_209107,WIT-INF-AUT
PRJEB34634,SAMEA5989477,ERX3572455,ERR3574217,749907,sediment metagenome,ftp.sra.ebi.ac.uk/vol1/fastq/ERR357/007/ERR3574217/ERR3574217_1.fastq.gz;ftp.sra.ebi.ac.uk/vol1/fastq/ERR357/007/ERR3574217/ERR3574217_2.fastq.gz,ftp.sra.ebi.ac.uk/vol1/run/ERR357/ERR3574217/WTCHG_555214_209107.bam,,WTCHG_555214_209107,WIT-INF-AUT
PRJEB34634,SAMEA5989477,ERX3572456,ERR3574218,749907,sediment metagenome,ftp.sra.ebi.ac.uk/vol1/fastq/ERR357/008/ERR3574218/ERR3574218_1.fastq.gz;ftp.sra.ebi.ac.uk/vol1/fastq/ERR357/008/ERR3574218/ERR3574218_2.fastq.gz,ftp.sra.ebi.ac.uk/vol1/run/ERR357/ERR3574218/WTCHG_555215_209107.bam,,WTCHG_555215_209107,WIT-INF-AUT
PRJEB34634,SAMEA5989477,ERX3572457,ERR3574219,749907,sediment metagenome,ftp.sra.ebi.ac.uk/vol1/fastq/ERR357/009/ERR3574219/ERR3574219_1.fastq.gz;ftp.sra.ebi.ac.uk/vol1/fastq/ERR357/009/ERR3574219/ERR3574219_2.fastq.gz,ftp.sra.ebi.ac.uk/vol1/run/ERR357/ERR3574219/WTCHG_555220_209107.bam,,WTCHG_555220_209107,WIT-INF-AUT
PRJEB34634,SAMEA5989477,ERX3572458,ERR3574220,749907,sediment metagenome,ftp.sra.ebi.ac.uk/vol1/fastq/ERR357/000/ERR3574220/ERR3574220_1.fastq.gz;ftp.sra.ebi.ac.uk/vol1/fastq/ERR357/000/ERR3574220/ERR3574220_2.fastq.gz,ftp.sra.ebi.ac.uk/vol1/run/ERR357/ERR3574220/WTCHG_555217_209107.bam,,WTCHG_555217_209107,WIT-INF-AUT
PRJEB34634,SAMEA5989477,ERX3572459,ERR3574221,749907,sediment metagenome,ftp.sra.ebi.ac.uk/vol1/fastq/ERR357/001/ERR3574221/ERR3574221_1.fastq.gz;ftp.sra.ebi.ac.uk/vol1/fastq/ERR357/001/ERR3574221/ERR3574221_2.fastq.gz,ftp.sra.ebi.ac.uk/vol1/run/ERR357/ERR3574221/WTCHG_555221_209107.bam,,WTCHG_555221_209107,WIT-INF-AUT
PRJEB34634,SAMEA5989477,ERX3572460,ERR3574222,749907,sediment metagenome,ftp.sra.ebi.ac.uk/vol1/fastq/ERR357/002/ERR3574222/ERR3574222_1.fastq.gz;ftp.sra.ebi.ac.uk/vol1/fastq/ERR357/002/ERR3574222/ERR3574222_2.fastq.gz,ftp.sra.ebi.ac.uk/vol1/run/ERR357/ERR3574222/WTCHG_559240_209107.bam,,WTCHG_559240_209107,WIT-INF-AUT
PRJEB34634,SAMEA5989477,ERX3572461,ERR3574223,749907,sediment metagenome,ftp.sra.ebi.ac.uk/vol1/fastq/ERR357/003/ERR3574223/ERR3574223_1.fastq.gz;ftp.sra.ebi.ac.uk/vol1/fastq/ERR357/003/ERR3574223/ERR3574223_2.fastq.gz,ftp.sra.ebi.ac.uk/vol1/run/ERR357/ERR3574223/WTCHG_559243_209107.bam,,WTCHG_559243_209107,WIT-INF-AUT
PRJEB34634,SAMEA5989477,ERX3572462,ERR3574224,749907,sediment metagenome,ftp.sra.ebi.ac.uk/vol1/fastq/ERR357/004/ERR3574224/ERR3574224_1.fastq.gz;ftp.sra.ebi.ac.uk/vol1/fastq/ERR357/004/ERR3574224/ERR3574224_2.fastq.gz,ftp.sra.ebi.ac.uk/vol1/run/ERR357/ERR3574224/WTCHG_559244_209107.bam,,WTCHG_559244_209107,WIT-INF-AUT
PRJEB34634,SAMEA5989477,ERX3572463,ERR3574225,749907,sediment metagenome,ftp.sra.ebi.ac.uk/vol1/fastq/ERR357/005/ERR3574225/ERR3574225_1.fastq.gz;ftp.sra.ebi.ac.uk/vol1/fastq/ERR357/005/ERR3574225/ERR3574225_2.fastq.gz,ftp.sra.ebi.ac.uk/vol1/run/ERR357/ERR3574225/WTCHG_559242_209107.bam,,WTCHG_559242_209107,WIT-INF-AUT
PRJEB34634,SAMEA5989477,ERX3572464,ERR3574226,749907,sediment metagenome,ftp.sra.ebi.ac.uk/vol1/fastq/ERR357/006/ERR3574226/ERR3574226_1.fastq.gz;ftp.sra.ebi.ac.uk/vol1/fastq/ERR357/006/ERR3574226/ERR3574226_2.fastq.gz,ftp.sra.ebi.ac.uk/vol1/run/ERR357/ERR3574226/WTCHG_559241_209107.bam,,WTCHG_559241_209107,WIT-INF-AUT
PRJEB34634,SAMEA5989477,ERX3572465,ERR3574227,749907,sediment metagenome,ftp.sra.ebi.ac.uk/vol1/fastq/ERR357/007/ERR3574227/ERR3574227_1.fastq.gz;ftp.sra.ebi.ac.uk/vol1/fastq/ERR357/007/ERR3574227/ERR3574227_2.fastq.gz,ftp.sra.ebi.ac.uk/vol1/run/ERR357/ERR3574227/WTCHG_455360_244148.bam,,WTCHG_455360_244148,WIT-INF-SUM
PRJEB34634,SAMEA5989477,ERX3572466,ERR3574228,749907,sediment metagenome,ftp.sra.ebi.ac.uk/vol1/fastq/ERR357/008/ERR3574228/ERR3574228_1.fastq.gz;ftp.sra.ebi.ac.uk/vol1/fastq/ERR357/008/ERR3574228/ERR3574228_2.fastq.gz,ftp.sra.ebi.ac.uk/vol1/run/ERR357/ERR3574228/WTCHG_456624_244148.bam,,WTCHG_456624_244148,WIT-INF-SUM
PRJEB34634,SAMEA5989477,ERX3572467,ERR3574229,749907,sediment metagenome,ftp.sra.ebi.ac.uk/vol1/fastq/ERR357/009/ERR3574229/ERR3574229_1.fastq.gz;ftp.sra.ebi.ac.uk/vol1/fastq/ERR357/009/ERR3574229/ERR3574229_2.fastq.gz,ftp.sra.ebi.ac.uk/vol1/run/ERR357/ERR3574229/WTCHG_457295_244148.bam,,WTCHG_457295_244148,WIT-INF-SUM
PRJEB34634,SAMEA5989477,ERX3572468,ERR3574230,749907,sediment metagenome,ftp.sra.ebi.ac.uk/vol1/fastq/ERR357/000/ERR3574230/ERR3574230_1.fastq.gz;ftp.sra.ebi.ac.uk/vol1/fastq/ERR357/000/ERR3574230/ERR3574230_2.fastq.gz,ftp.sra.ebi.ac.uk/vol1/run/ERR357/ERR3574230/WTCHG_457296_244148.bam,,WTCHG_457296_244148,WIT-INF-SUM
PRJEB34634,SAMEA5989477,ERX3572469,ERR3574231,749907,sediment metagenome,ftp.sra.ebi.ac.uk/vol1/fastq/ERR357/001/ERR3574231/ERR3574231_1.fastq.gz;ftp.sra.ebi.ac.uk/vol1/fastq/ERR357/001/ERR3574231/ERR3574231_2.fastq.gz,ftp.sra.ebi.ac.uk/vol1/run/ERR357/ERR3574231/WTCHG_457297_244148.bam,,WTCHG_457297_244148,WIT-INF-SUM
PRJEB34634,SAMEA5989477,ERX3572470,ERR3574232,749907,sediment metagenome,ftp.sra.ebi.ac.uk/vol1/fastq/ERR357/002/ERR3574232/ERR3574232_1.fastq.gz;ftp.sra.ebi.ac.uk/vol1/fastq/ERR357/002/ERR3574232/ERR3574232_2.fastq.gz,ftp.sra.ebi.ac.uk/vol1/run/ERR357/ERR3574232/WTCHG_457298_244148.bam,,WTCHG_457298_244148,WIT-INF-SUM
PRJEB34634,SAMEA5989477,ERX3572471,ERR3574233,749907,sediment metagenome,ftp.sra.ebi.ac.uk/vol1/fastq/ERR357/003/ERR3574233/ERR3574233_1.fastq.gz;ftp.sra.ebi.ac.uk/vol1/fastq/ERR357/003/ERR3574233/ERR3574233_2.fastq.gz,ftp.sra.ebi.ac.uk/vol1/run/ERR357/ERR3574233/WTCHG_457710_244148.bam,,WTCHG_457710_244148,WIT-INF-SUM
PRJEB34634,SAMEA5989477,ERX3572472,ERR3574234,749907,sediment metagenome,ftp.sra.ebi.ac.uk/vol1/fastq/ERR357/004/ERR3574234/ERR3574234_1.fastq.gz;ftp.sra.ebi.ac.uk/vol1/fastq/ERR357/004/ERR3574234/ERR3574234_2.fastq.gz,ftp.sra.ebi.ac.uk/vol1/run/ERR357/ERR3574234/WTCHG_457711_244148.bam,,WTCHG_457711_244148,WIT-INF-SUM
PRJEB34634,SAMEA5989477,ERX3572473,ERR3574235,749907,sediment metagenome,ftp.sra.ebi.ac.uk/vol1/fastq/ERR357/005/ERR3574235/ERR3574235_1.fastq.gz;ftp.sra.ebi.ac.uk/vol1/fastq/ERR357/005/ERR3574235/ERR3574235_2.fastq.gz,ftp.sra.ebi.ac.uk/vol1/run/ERR357/ERR3574235/WTCHG_457712_244148.bam,,WTCHG_457712_244148,WIT-INF-SUM
PRJEB34634,SAMEA5989477,ERX3572474,ERR3574236,749907,sediment metagenome,ftp.sra.ebi.ac.uk/vol1/fastq/ERR357/006/ERR3574236/ERR3574236_1.fastq.gz;ftp.sra.ebi.ac.uk/vol1/fastq/ERR357/006/ERR3574236/ERR3574236_2.fastq.gz,ftp.sra.ebi.ac.uk/vol1/run/ERR357/ERR3574236/WTCHG_457713_244148.bam,,WTCHG_457713_244148,WIT-INF-SUM
PRJEB34634,SAMEA5989477,ERX3572475,ERR3574237,749907,sediment metagenome,ftp.sra.ebi.ac.uk/vol1/fastq/ERR357/007/ERR3574237/ERR3574237_1.fastq.gz;ftp.sra.ebi.ac.uk/vol1/fastq/ERR357/007/ERR3574237/ERR3574237_2.fastq.gz,ftp.sra.ebi.ac.uk/vol1/run/ERR357/ERR3574237/WTCHG_457714_244148.bam,,WTCHG_457714_244148,WIT-INF-SUM
PRJEB34634,SAMEA5989477,ERX3572476,ERR3574238,749907,sediment metagenome,ftp.sra.ebi.ac.uk/vol1/fastq/ERR357/008/ERR3574238/ERR3574238_1.fastq.gz;ftp.sra.ebi.ac.uk/vol1/fastq/ERR357/008/ERR3574238/ERR3574238_2.fastq.gz,ftp.sra.ebi.ac.uk/vol1/run/ERR357/ERR3574238/WTCHG_461227_244148.bam,,WTCHG_461227_244148,WIT-INF-SUM
PRJEB34634,SAMEA5989477,ERX3572477,ERR3574239,749907,sediment metagenome,ftp.sra.ebi.ac.uk/vol1/fastq/ERR357/009/ERR3574239/ERR3574239_1.fastq.gz;ftp.sra.ebi.ac.uk/vol1/fastq/ERR357/009/ERR3574239/ERR3574239_2.fastq.gz,ftp.sra.ebi.ac.uk/vol1/run/ERR357/ERR3574239/WTCHG_461228_244148.bam,,WTCHG_461228_244148,WIT-INF-SUM
PRJEB34634,SAMEA5989477,ERX3572478,ERR3574240,749907,sediment metagenome,ftp.sra.ebi.ac.uk/vol1/fastq/ERR357/000/ERR3574240/ERR3574240_1.fastq.gz;ftp.sra.ebi.ac.uk/vol1/fastq/ERR357/000/ERR3574240/ERR3574240_2.fastq.gz,ftp.sra.ebi.ac.uk/vol1/run/ERR357/ERR3574240/WTCHG_455360_239183.bam,,WTCHG_455360_239183,WIT-INF-WIN
PRJEB34634,SAMEA5989477,ERX3572479,ERR3574241,749907,sediment metagenome,ftp.sra.ebi.ac.uk/vol1/fastq/ERR357/001/ERR3574241/ERR3574241_1.fastq.gz;ftp.sra.ebi.ac.uk/vol1/fastq/ERR357/001/ERR3574241/ERR3574241_2.fastq.gz,ftp.sra.ebi.ac.uk/vol1/run/ERR357/ERR3574241/WTCHG_456624_239183.bam,,WTCHG_456624_239183,WIT-INF-WIN
PRJEB34634,SAMEA5989477,ERX3572480,ERR3574242,749907,sediment metagenome,ftp.sra.ebi.ac.uk/vol1/fastq/ERR357/002/ERR3574242/ERR3574242_1.fastq.gz;ftp.sra.ebi.ac.uk/vol1/fastq/ERR357/002/ERR3574242/ERR3574242_2.fastq.gz,ftp.sra.ebi.ac.uk/vol1/run/ERR357/ERR3574242/WTCHG_457295_239183.bam,,WTCHG_457295_239183,WIT-INF-WIN
PRJEB34634,SAMEA5989477,ERX3572481,ERR3574243,749907,sediment metagenome,ftp.sra.ebi.ac.uk/vol1/fastq/ERR357/003/ERR3574243/ERR3574243_1.fastq.gz;ftp.sra.ebi.ac.uk/vol1/fastq/ERR357/003/ERR3574243/ERR3574243_2.fastq.gz,ftp.sra.ebi.ac.uk/vol1/run/ERR357/ERR3574243/WTCHG_457296_239183.bam,,WTCHG_457296_239183,WIT-INF-WIN
PRJEB34634,SAMEA5989477,ERX3572482,ERR3574244,749907,sediment metagenome,ftp.sra.ebi.ac.uk/vol1/fastq/ERR357/004/ERR3574244/ERR3574244_1.fastq.gz;ftp.sra.ebi.ac.uk/vol1/fastq/ERR357/004/ERR3574244/ERR3574244_2.fastq.gz,ftp.sra.ebi.ac.uk/vol1/run/ERR357/ERR3574244/WTCHG_457297_239183.bam,,WTCHG_457297_239183,WIT-INF-WIN
PRJEB34634,SAMEA5989477,ERX3572483,ERR3574245,749907,sediment metagenome,ftp.sra.ebi.ac.uk/vol1/fastq/ERR357/005/ERR3574245/ERR3574245_1.fastq.gz;ftp.sra.ebi.ac.uk/vol1/fastq/ERR357/005/ERR3574245/ERR3574245_2.fastq.gz,ftp.sra.ebi.ac.uk/vol1/run/ERR357/ERR3574245/WTCHG_457298_239183.bam,,WTCHG_457298_239183,WIT-INF-WIN
PRJEB34634,SAMEA5989477,ERX3572484,ERR3574246,749907,sediment metagenome,ftp.sra.ebi.ac.uk/vol1/fastq/ERR357/006/ERR3574246/ERR3574246_1.fastq.gz;ftp.sra.ebi.ac.uk/vol1/fastq/ERR357/006/ERR3574246/ERR3574246_2.fastq.gz,ftp.sra.ebi.ac.uk/vol1/run/ERR357/ERR3574246/WTCHG_457710_239183.bam,,WTCHG_457710_239183,WIT-INF-WIN
PRJEB34634,SAMEA5989477,ERX3572485,ERR3574247,749907,sediment metagenome,ftp.sra.ebi.ac.uk/vol1/fastq/ERR357/007/ERR3574247/ERR3574247_1.fastq.gz;ftp.sra.ebi.ac.uk/vol1/fastq/ERR357/007/ERR3574247/ERR3574247_2.fastq.gz,ftp.sra.ebi.ac.uk/vol1/run/ERR357/ERR3574247/WTCHG_457711_239183.bam,,WTCHG_457711_239183,WIT-INF-WIN
PRJEB34634,SAMEA5989477,ERX3572486,ERR3574248,749907,sediment metagenome,ftp.sra.ebi.ac.uk/vol1/fastq/ERR357/008/ERR3574248/ERR3574248_1.fastq.gz;ftp.sra.ebi.ac.uk/vol1/fastq/ERR357/008/ERR3574248/ERR3574248_2.fastq.gz,ftp.sra.ebi.ac.uk/vol1/run/ERR357/ERR3574248/WTCHG_457712_239183.bam,,WTCHG_457712_239183,WIT-INF-WIN
PRJEB34634,SAMEA5989477,ERX3572487,ERR3574249,749907,sediment metagenome,ftp.sra.ebi.ac.uk/vol1/fastq/ERR357/009/ERR3574249/ERR3574249_1.fastq.gz;ftp.sra.ebi.ac.uk/vol1/fastq/ERR357/009/ERR3574249/ERR3574249_2.fastq.gz,ftp.sra.ebi.ac.uk/vol1/run/ERR357/ERR3574249/WTCHG_457713_239183.bam,,WTCHG_457713_239183,WIT-INF-WIN
PRJEB34634,SAMEA5989477,ERX3572488,ERR3574250,749907,sediment metagenome,ftp.sra.ebi.ac.uk/vol1/fastq/ERR357/000/ERR3574250/ERR3574250_1.fastq.gz;ftp.sra.ebi.ac.uk/vol1/fastq/ERR357/000/ERR3574250/ERR3574250_2.fastq.gz,ftp.sra.ebi.ac.uk/vol1/run/ERR357/ERR3574250/WTCHG_457714_239183.bam,,WTCHG_457714_239183,WIT-INF-WIN
PRJEB34634,SAMEA5989477,ERX3572489,ERR3574251,749907,sediment metagenome,ftp.sra.ebi.ac.uk/vol1/fastq/ERR357/001/ERR3574251/ERR3574251_1.fastq.gz;ftp.sra.ebi.ac.uk/vol1/fastq/ERR357/001/ERR3574251/ERR3574251_2.fastq.gz,ftp.sra.ebi.ac.uk/vol1/run/ERR357/ERR3574251/WTCHG_461227_239183.bam,,WTCHG_461227_239183,WIT-INF-WIN
PRJEB34634,SAMEA5989477,ERX3572490,ERR3574252,749907,sediment metagenome,ftp.sra.ebi.ac.uk/vol1/fastq/ERR357/002/ERR3574252/ERR3574252_1.fastq.gz;ftp.sra.ebi.ac.uk/vol1/fastq/ERR357/002/ERR3574252/ERR3574252_2.fastq.gz,ftp.sra.ebi.ac.uk/vol1/run/ERR357/ERR3574252/WTCHG_461228_239183.bam,,WTCHG_461228_239183,WIT-INF-WIN
PRJEB34634,SAMEA5989477,ERX3572491,ERR3574253,749907,sediment metagenome,ftp.sra.ebi.ac.uk/vol1/fastq/ERR357/003/ERR3574253/ERR3574253_1.fastq.gz;ftp.sra.ebi.ac.uk/vol1/fastq/ERR357/003/ERR3574253/ERR3574253_2.fastq.gz,ftp.sra.ebi.ac.uk/vol1/run/ERR357/ERR3574253/WTCHG_550636_277151.bam,,WTCHG_550636_277151,WIT-UP-100-AUT
PRJEB34634,SAMEA5989477,ERX3572492,ERR3574254,749907,sediment metagenome,ftp.sra.ebi.ac.uk/vol1/fastq/ERR357/004/ERR3574254/ERR3574254_1.fastq.gz;ftp.sra.ebi.ac.uk/vol1/fastq/ERR357/004/ERR3574254/ERR3574254_2.fastq.gz,ftp.sra.ebi.ac.uk/vol1/run/ERR357/ERR3574254/WTCHG_551514_277151.bam,,WTCHG_551514_277151,WIT-UP-100-AUT
PRJEB34634,SAMEA5989477,ERX3572493,ERR3574255,749907,sediment metagenome,ftp.sra.ebi.ac.uk/vol1/fastq/ERR357/005/ERR3574255/ERR3574255_1.fastq.gz;ftp.sra.ebi.ac.uk/vol1/fastq/ERR357/005/ERR3574255/ERR3574255_2.fastq.gz,ftp.sra.ebi.ac.uk/vol1/run/ERR357/ERR3574255/WTCHG_551515_277151.bam,,WTCHG_551515_277151,WIT-UP-100-AUT
PRJEB34634,SAMEA5989477,ERX3572494,ERR3574256,749907,sediment metagenome,ftp.sra.ebi.ac.uk/vol1/fastq/ERR357/006/ERR3574256/ERR3574256_1.fastq.gz;ftp.sra.ebi.ac.uk/vol1/fastq/ERR357/006/ERR3574256/ERR3574256_2.fastq.gz,ftp.sra.ebi.ac.uk/vol1/run/ERR357/ERR3574256/WTCHG_554366_277151.bam,,WTCHG_554366_277151,WIT-UP-100-AUT
PRJEB34634,SAMEA5989477,ERX3572495,ERR3574257,749907,sediment metagenome,ftp.sra.ebi.ac.uk/vol1/fastq/ERR357/007/ERR3574257/ERR3574257_1.fastq.gz;ftp.sra.ebi.ac.uk/vol1/fastq/ERR357/007/ERR3574257/ERR3574257_2.fastq.gz,ftp.sra.ebi.ac.uk/vol1/run/ERR357/ERR3574257/WTCHG_554367_277151.bam,,WTCHG_554367_277151,WIT-UP-100-AUT
PRJEB34634,SAMEA5989477,ERX3572496,ERR3574258,749907,sediment metagenome,ftp.sra.ebi.ac.uk/vol1/fastq/ERR357/008/ERR3574258/ERR3574258_1.fastq.gz;ftp.sra.ebi.ac.uk/vol1/fastq/ERR357/008/ERR3574258/ERR3574258_2.fastq.gz,ftp.sra.ebi.ac.uk/vol1/run/ERR357/ERR3574258/WTCHG_555215_277151.bam,,WTCHG_555215_277151,WIT-UP-100-AUT
PRJEB34634,SAMEA5989477,ERX3572497,ERR3574259,749907,sediment metagenome,ftp.sra.ebi.ac.uk/vol1/fastq/ERR357/009/ERR3574259/ERR3574259_1.fastq.gz;ftp.sra.ebi.ac.uk/vol1/fastq/ERR357/009/ERR3574259/ERR3574259_2.fastq.gz,ftp.sra.ebi.ac.uk/vol1/run/ERR357/ERR3574259/WTCHG_555219_277151.bam,,WTCHG_555219_277151,WIT-UP-100-AUT
PRJEB34634,SAMEA5989477,ERX3572498,ERR3574260,749907,sediment metagenome,ftp.sra.ebi.ac.uk/vol1/fastq/ERR357/000/ERR3574260/ERR3574260_1.fastq.gz;ftp.sra.ebi.ac.uk/vol1/fastq/ERR357/000/ERR3574260/ERR3574260_2.fastq.gz,ftp.sra.ebi.ac.uk/vol1/run/ERR357/ERR3574260/WTCHG_555216_277151.bam,,WTCHG_555216_277151,WIT-UP-100-AUT
PRJEB34634,SAMEA5989477,ERX3572499,ERR3574261,749907,sediment metagenome,ftp.sra.ebi.ac.uk/vol1/fastq/ERR357/001/ERR3574261/ERR3574261_1.fastq.gz;ftp.sra.ebi.ac.uk/vol1/fastq/ERR357/001/ERR3574261/ERR3574261_2.fastq.gz,ftp.sra.ebi.ac.uk/vol1/run/ERR357/ERR3574261/WTCHG_555214_277151.bam,,WTCHG_555214_277151,WIT-UP-100-AUT
PRJEB34634,SAMEA5989477,ERX3572500,ERR3574262,749907,sediment metagenome,ftp.sra.ebi.ac.uk/vol1/fastq/ERR357/002/ERR3574262/ERR3574262_1.fastq.gz;ftp.sra.ebi.ac.uk/vol1/fastq/ERR357/002/ERR3574262/ERR3574262_2.fastq.gz,ftp.sra.ebi.ac.uk/vol1/run/ERR357/ERR3574262/WTCHG_555220_277151.bam,,WTCHG_555220_277151,WIT-UP-100-AUT
PRJEB34634,SAMEA5989477,ERX3572501,ERR3574263,749907,sediment metagenome,ftp.sra.ebi.ac.uk/vol1/fastq/ERR357/003/ERR3574263/ERR3574263_1.fastq.gz;ftp.sra.ebi.ac.uk/vol1/fastq/ERR357/003/ERR3574263/ERR3574263_2.fastq.gz,ftp.sra.ebi.ac.uk/vol1/run/ERR357/ERR3574263/WTCHG_555221_277151.bam,,WTCHG_555221_277151,WIT-UP-100-AUT
PRJEB34634,SAMEA5989477,ERX3572502,ERR3574264,749907,sediment metagenome,ftp.sra.ebi.ac.uk/vol1/fastq/ERR357/004/ERR3574264/ERR3574264_1.fastq.gz;ftp.sra.ebi.ac.uk/vol1/fastq/ERR357/004/ERR3574264/ERR3574264_2.fastq.gz,ftp.sra.ebi.ac.uk/vol1/run/ERR357/ERR3574264/WTCHG_555218_277151.bam,,WTCHG_555218_277151,WIT-UP-100-AUT
PRJEB34634,SAMEA5989477,ERX3572503,ERR3574265,749907,sediment metagenome,ftp.sra.ebi.ac.uk/vol1/fastq/ERR357/005/ERR3574265/ERR3574265_1.fastq.gz;ftp.sra.ebi.ac.uk/vol1/fastq/ERR357/005/ERR3574265/ERR3574265_2.fastq.gz,ftp.sra.ebi.ac.uk/vol1/run/ERR357/ERR3574265/WTCHG_555217_277151.bam,,WTCHG_555217_277151,WIT-UP-100-AUT
PRJEB34634,SAMEA5989477,ERX3572504,ERR3574266,749907,sediment metagenome,ftp.sra.ebi.ac.uk/vol1/fastq/ERR357/006/ERR3574266/ERR3574266_1.fastq.gz;ftp.sra.ebi.ac.uk/vol1/fastq/ERR357/006/ERR3574266/ERR3574266_2.fastq.gz,ftp.sra.ebi.ac.uk/vol1/run/ERR357/ERR3574266/WTCHG_559241_277151.bam,,WTCHG_559241_277151,WIT-UP-100-AUT
PRJEB34634,SAMEA5989477,ERX3572505,ERR3574267,749907,sediment metagenome,ftp.sra.ebi.ac.uk/vol1/fastq/ERR357/007/ERR3574267/ERR3574267_1.fastq.gz;ftp.sra.ebi.ac.uk/vol1/fastq/ERR357/007/ERR3574267/ERR3574267_2.fastq.gz,ftp.sra.ebi.ac.uk/vol1/run/ERR357/ERR3574267/WTCHG_559244_277151.bam,,WTCHG_559244_277151,WIT-UP-100-AUT
PRJEB34634,SAMEA5989477,ERX3572506,ERR3574268,749907,sediment metagenome,ftp.sra.ebi.ac.uk/vol1/fastq/ERR357/008/ERR3574268/ERR3574268_1.fastq.gz;ftp.sra.ebi.ac.uk/vol1/fastq/ERR357/008/ERR3574268/ERR3574268_2.fastq.gz,ftp.sra.ebi.ac.uk/vol1/run/ERR357/ERR3574268/WTCHG_559242_277151.bam,,WTCHG_559242_277151,WIT-UP-100-AUT
PRJEB34634,SAMEA5989477,ERX3572507,ERR3574269,749907,sediment metagenome,ftp.sra.ebi.ac.uk/vol1/fastq/ERR357/009/ERR3574269/ERR3574269_1.fastq.gz;ftp.sra.ebi.ac.uk/vol1/fastq/ERR357/009/ERR3574269/ERR3574269_2.fastq.gz,ftp.sra.ebi.ac.uk/vol1/run/ERR357/ERR3574269/WTCHG_559240_277151.bam,,WTCHG_559240_277151,WIT-UP-100-AUT
PRJEB34634,SAMEA5989477,ERX3572508,ERR3574270,749907,sediment metagenome,ftp.sra.ebi.ac.uk/vol1/fastq/ERR357/000/ERR3574270/ERR3574270_1.fastq.gz;ftp.sra.ebi.ac.uk/vol1/fastq/ERR357/000/ERR3574270/ERR3574270_2.fastq.gz,ftp.sra.ebi.ac.uk/vol1/run/ERR357/ERR3574270/WTCHG_559243_277151.bam,,WTCHG_559243_277151,WIT-UP-100-AUT
PRJEB34634,SAMEA5989477,ERX3572509,ERR3574271,749907,sediment metagenome,ftp.sra.ebi.ac.uk/vol1/fastq/ERR357/001/ERR3574271/ERR3574271_1.fastq.gz;ftp.sra.ebi.ac.uk/vol1/fastq/ERR357/001/ERR3574271/ERR3574271_2.fastq.gz,ftp.sra.ebi.ac.uk/vol1/run/ERR357/ERR3574271/WTCHG_550636_272186.bam,,WTCHG_550636_272186,WIT-UP-100-SUM
PRJEB34634,SAMEA5989477,ERX3572510,ERR3574272,749907,sediment metagenome,ftp.sra.ebi.ac.uk/vol1/fastq/ERR357/002/ERR3574272/ERR3574272_1.fastq.gz;ftp.sra.ebi.ac.uk/vol1/fastq/ERR357/002/ERR3574272/ERR3574272_2.fastq.gz,ftp.sra.ebi.ac.uk/vol1/run/ERR357/ERR3574272/WTCHG_551515_272186.bam,,WTCHG_551515_272186,WIT-UP-100-SUM
PRJEB34634,SAMEA5989477,ERX3572511,ERR3574273,749907,sediment metagenome,ftp.sra.ebi.ac.uk/vol1/fastq/ERR357/003/ERR3574273/ERR3574273_1.fastq.gz;ftp.sra.ebi.ac.uk/vol1/fastq/ERR357/003/ERR3574273/ERR3574273_2.fastq.gz,ftp.sra.ebi.ac.uk/vol1/run/ERR357/ERR3574273/WTCHG_551514_272186.bam,,WTCHG_551514_272186,WIT-UP-100-SUM
PRJEB34634,SAMEA5989477,ERX3572512,ERR3574274,749907,sediment metagenome,ftp.sra.ebi.ac.uk/vol1/fastq/ERR357/004/ERR3574274/ERR3574274_1.fastq.gz;ftp.sra.ebi.ac.uk/vol1/fastq/ERR357/004/ERR3574274/ERR3574274_2.fastq.gz,ftp.sra.ebi.ac.uk/vol1/run/ERR357/ERR3574274/WTCHG_554367_272186.bam,,WTCHG_554367_272186,WIT-UP-100-SUM
PRJEB34634,SAMEA5989477,ERX3572513,ERR3574275,749907,sediment metagenome,ftp.sra.ebi.ac.uk/vol1/fastq/ERR357/005/ERR3574275/ERR3574275_1.fastq.gz;ftp.sra.ebi.ac.uk/vol1/fastq/ERR357/005/ERR3574275/ERR3574275_2.fastq.gz,ftp.sra.ebi.ac.uk/vol1/run/ERR357/ERR3574275/WTCHG_554366_272186.bam,,WTCHG_554366_272186,WIT-UP-100-SUM
PRJEB34634,SAMEA5989477,ERX3572514,ERR3574276,749907,sediment metagenome,ftp.sra.ebi.ac.uk/vol1/fastq/ERR357/006/ERR3574276/ERR3574276_1.fastq.gz;ftp.sra.ebi.ac.uk/vol1/fastq/ERR357/006/ERR3574276/ERR3574276_2.fastq.gz,ftp.sra.ebi.ac.uk/vol1/run/ERR357/ERR3574276/WTCHG_555216_272186.bam,,WTCHG_555216_272186,WIT-UP-100-SUM
PRJEB34634,SAMEA5989477,ERX3572515,ERR3574277,749907,sediment metagenome,ftp.sra.ebi.ac.uk/vol1/fastq/ERR357/007/ERR3574277/ERR3574277_1.fastq.gz;ftp.sra.ebi.ac.uk/vol1/fastq/ERR357/007/ERR3574277/ERR3574277_2.fastq.gz,ftp.sra.ebi.ac.uk/vol1/run/ERR357/ERR3574277/WTCHG_555221_272186.bam,,WTCHG_555221_272186,WIT-UP-100-SUM
PRJEB34634,SAMEA5989477,ERX3572516,ERR3574278,749907,sediment metagenome,ftp.sra.ebi.ac.uk/vol1/fastq/ERR357/008/ERR3574278/ERR3574278_1.fastq.gz;ftp.sra.ebi.ac.uk/vol1/fastq/ERR357/008/ERR3574278/ERR3574278_2.fastq.gz,ftp.sra.ebi.ac.uk/vol1/run/ERR357/ERR3574278/WTCHG_555218_272186.bam,,WTCHG_555218_272186,WIT-UP-100-SUM
PRJEB34634,SAMEA5989477,ERX3572517,ERR3574279,749907,sediment metagenome,ftp.sra.ebi.ac.uk/vol1/fastq/ERR357/009/ERR3574279/ERR3574279_1.fastq.gz;ftp.sra.ebi.ac.uk/vol1/fastq/ERR357/009/ERR3574279/ERR3574279_2.fastq.gz,ftp.sra.ebi.ac.uk/vol1/run/ERR357/ERR3574279/WTCHG_555219_272186.bam,,WTCHG_555219_272186,WIT-UP-100-SUM
PRJEB34634,SAMEA5989477,ERX3572518,ERR3574280,749907,sediment metagenome,ftp.sra.ebi.ac.uk/vol1/fastq/ERR357/000/ERR3574280/ERR3574280_1.fastq.gz;ftp.sra.ebi.ac.uk/vol1/fastq/ERR357/000/ERR3574280/ERR3574280_2.fastq.gz,ftp.sra.ebi.ac.uk/vol1/run/ERR357/ERR3574280/WTCHG_555215_272186.bam,,WTCHG_555215_272186,WIT-UP-100-SUM
PRJEB34634,SAMEA5989477,ERX3572519,ERR3574281,749907,sediment metagenome,ftp.sra.ebi.ac.uk/vol1/fastq/ERR357/001/ERR3574281/ERR3574281_1.fastq.gz;ftp.sra.ebi.ac.uk/vol1/fastq/ERR357/001/ERR3574281/ERR3574281_2.fastq.gz,ftp.sra.ebi.ac.uk/vol1/run/ERR357/ERR3574281/WTCHG_555214_272186.bam,,WTCHG_555214_272186,WIT-UP-100-SUM
PRJEB34634,SAMEA5989477,ERX3572520,ERR3574282,749907,sediment metagenome,ftp.sra.ebi.ac.uk/vol1/fastq/ERR357/002/ERR3574282/ERR3574282_1.fastq.gz;ftp.sra.ebi.ac.uk/vol1/fastq/ERR357/002/ERR3574282/ERR3574282_2.fastq.gz,ftp.sra.ebi.ac.uk/vol1/run/ERR357/ERR3574282/WTCHG_555217_272186.bam,,WTCHG_555217_272186,WIT-UP-100-SUM
PRJEB34634,SAMEA5989477,ERX3572521,ERR3574283,749907,sediment metagenome,ftp.sra.ebi.ac.uk/vol1/fastq/ERR357/003/ERR3574283/ERR3574283_1.fastq.gz;ftp.sra.ebi.ac.uk/vol1/fastq/ERR357/003/ERR3574283/ERR3574283_2.fastq.gz,ftp.sra.ebi.ac.uk/vol1/run/ERR357/ERR3574283/WTCHG_555220_272186.bam,,WTCHG_555220_272186,WIT-UP-100-SUM
PRJEB34634,SAMEA5989477,ERX3572522,ERR3574284,749907,sediment metagenome,ftp.sra.ebi.ac.uk/vol1/fastq/ERR357/004/ERR3574284/ERR3574284_1.fastq.gz;ftp.sra.ebi.ac.uk/vol1/fastq/ERR357/004/ERR3574284/ERR3574284_2.fastq.gz,ftp.sra.ebi.ac.uk/vol1/run/ERR357/ERR3574284/WTCHG_559244_272186.bam,,WTCHG_559244_272186,WIT-UP-100-SUM
PRJEB34634,SAMEA5989477,ERX3572523,ERR3574285,749907,sediment metagenome,ftp.sra.ebi.ac.uk/vol1/fastq/ERR357/005/ERR3574285/ERR3574285_1.fastq.gz;ftp.sra.ebi.ac.uk/vol1/fastq/ERR357/005/ERR3574285/ERR3574285_2.fastq.gz,ftp.sra.ebi.ac.uk/vol1/run/ERR357/ERR3574285/WTCHG_559241_272186.bam,,WTCHG_559241_272186,WIT-UP-100-SUM
PRJEB34634,SAMEA5989477,ERX3572524,ERR3574286,749907,sediment metagenome,ftp.sra.ebi.ac.uk/vol1/fastq/ERR357/006/ERR3574286/ERR3574286_1.fastq.gz;ftp.sra.ebi.ac.uk/vol1/fastq/ERR357/006/ERR3574286/ERR3574286_2.fastq.gz,ftp.sra.ebi.ac.uk/vol1/run/ERR357/ERR3574286/WTCHG_559242_272186.bam,,WTCHG_559242_272186,WIT-UP-100-SUM
PRJEB34634,SAMEA5989477,ERX3572525,ERR3574287,749907,sediment metagenome,ftp.sra.ebi.ac.uk/vol1/fastq/ERR357/007/ERR3574287/ERR3574287_1.fastq.gz;ftp.sra.ebi.ac.uk/vol1/fastq/ERR357/007/ERR3574287/ERR3574287_2.fastq.gz,ftp.sra.ebi.ac.uk/vol1/run/ERR357/ERR3574287/WTCHG_559240_272186.bam,,WTCHG_559240_272186,WIT-UP-100-SUM
PRJEB34634,SAMEA5989477,ERX3572526,ERR3574288,749907,sediment metagenome,ftp.sra.ebi.ac.uk/vol1/fastq/ERR357/008/ERR3574288/ERR3574288_1.fastq.gz;ftp.sra.ebi.ac.uk/vol1/fastq/ERR357/008/ERR3574288/ERR3574288_2.fastq.gz,ftp.sra.ebi.ac.uk/vol1/run/ERR357/ERR3574288/WTCHG_559243_272186.bam,,WTCHG_559243_272186,WIT-UP-100-SUM
PRJEB34634,SAMEA5989477,ERX3572527,ERR3574289,749907,sediment metagenome,ftp.sra.ebi.ac.uk/vol1/fastq/ERR357/009/ERR3574289/ERR3574289_1.fastq.gz;ftp.sra.ebi.ac.uk/vol1/fastq/ERR357/009/ERR3574289/ERR3574289_2.fastq.gz,ftp.sra.ebi.ac.uk/vol1/run/ERR357/ERR3574289/WTCHG_550636_282116.bam,,WTCHG_550636_282116,WIT-UP-100-WIN
PRJEB34634,SAMEA5989477,ERX3572528,ERR3574290,749907,sediment metagenome,ftp.sra.ebi.ac.uk/vol1/fastq/ERR357/000/ERR3574290/ERR3574290_1.fastq.gz;ftp.sra.ebi.ac.uk/vol1/fastq/ERR357/000/ERR3574290/ERR3574290_2.fastq.gz,ftp.sra.ebi.ac.uk/vol1/run/ERR357/ERR3574290/WTCHG_551514_282116.bam,,WTCHG_551514_282116,WIT-UP-100-WIN
PRJEB34634,SAMEA5989477,ERX3572529,ERR3574291,749907,sediment metagenome,ftp.sra.ebi.ac.uk/vol1/fastq/ERR357/001/ERR3574291/ERR3574291_1.fastq.gz;ftp.sra.ebi.ac.uk/vol1/fastq/ERR357/001/ERR3574291/ERR3574291_2.fastq.gz,ftp.sra.ebi.ac.uk/vol1/run/ERR357/ERR3574291/WTCHG_551515_282116.bam,,WTCHG_551515_282116,WIT-UP-100-WIN
PRJEB34634,SAMEA5989477,ERX3572530,ERR3574292,749907,sediment metagenome,ftp.sra.ebi.ac.uk/vol1/fastq/ERR357/002/ERR3574292/ERR3574292_1.fastq.gz;ftp.sra.ebi.ac.uk/vol1/fastq/ERR357/002/ERR3574292/ERR3574292_2.fastq.gz,ftp.sra.ebi.ac.uk/vol1/run/ERR357/ERR3574292/WTCHG_554367_282116.bam,,WTCHG_554367_282116,WIT-UP-100-WIN
PRJEB34634,SAMEA5989477,ERX3572531,ERR3574293,749907,sediment metagenome,ftp.sra.ebi.ac.uk/vol1/fastq/ERR357/003/ERR3574293/ERR3574293_1.fastq.gz;ftp.sra.ebi.ac.uk/vol1/fastq/ERR357/003/ERR3574293/ERR3574293_2.fastq.gz,ftp.sra.ebi.ac.uk/vol1/run/ERR357/ERR3574293/WTCHG_554366_282116.bam,,WTCHG_554366_282116,WIT-UP-100-WIN
PRJEB34634,SAMEA5989477,ERX3572532,ERR3574294,749907,sediment metagenome,ftp.sra.ebi.ac.uk/vol1/fastq/ERR357/004/ERR3574294/ERR3574294_1.fastq.gz;ftp.sra.ebi.ac.uk/vol1/fastq/ERR357/004/ERR3574294/ERR3574294_2.fastq.gz,ftp.sra.ebi.ac.uk/vol1/run/ERR357/ERR3574294/WTCHG_555215_282116.bam,,WTCHG_555215_282116,WIT-UP-100-WIN
PRJEB34634,SAMEA5989477,ERX3572533,ERR3574295,749907,sediment metagenome,ftp.sra.ebi.ac.uk/vol1/fastq/ERR357/005/ERR3574295/ERR3574295_1.fastq.gz;ftp.sra.ebi.ac.uk/vol1/fastq/ERR357/005/ERR3574295/ERR3574295_2.fastq.gz,ftp.sra.ebi.ac.uk/vol1/run/ERR357/ERR3574295/WTCHG_555221_282116.bam,,WTCHG_555221_282116,WIT-UP-100-WIN
PRJEB34634,SAMEA5989477,ERX3572534,ERR3574296,749907,sediment metagenome,ftp.sra.ebi.ac.uk/vol1/fastq/ERR357/006/ERR3574296/ERR3574296_1.fastq.gz;ftp.sra.ebi.ac.uk/vol1/fastq/ERR357/006/ERR3574296/ERR3574296_2.fastq.gz,ftp.sra.ebi.ac.uk/vol1/run/ERR357/ERR3574296/WTCHG_555220_282116.bam,,WTCHG_555220_282116,WIT-UP-100-WIN
PRJEB34634,SAMEA5989477,ERX3572535,ERR3574297,749907,sediment metagenome,ftp.sra.ebi.ac.uk/vol1/fastq/ERR357/007/ERR3574297/ERR3574297_1.fastq.gz;ftp.sra.ebi.ac.uk/vol1/fastq/ERR357/007/ERR3574297/ERR3574297_2.fastq.gz,ftp.sra.ebi.ac.uk/vol1/run/ERR357/ERR3574297/WTCHG_555217_282116.bam,,WTCHG_555217_282116,WIT-UP-100-WIN
PRJEB34634,SAMEA5989477,ERX3572536,ERR3574298,749907,sediment metagenome,ftp.sra.ebi.ac.uk/vol1/fastq/ERR357/008/ERR3574298/ERR3574298_1.fastq.gz;ftp.sra.ebi.ac.uk/vol1/fastq/ERR357/008/ERR3574298/ERR3574298_2.fastq.gz,ftp.sra.ebi.ac.uk/vol1/run/ERR357/ERR3574298/WTCHG_555216_282116.bam,,WTCHG_555216_282116,WIT-UP-100-WIN
PRJEB34634,SAMEA5989477,ERX3572537,ERR3574299,749907,sediment metagenome,ftp.sra.ebi.ac.uk/vol1/fastq/ERR357/009/ERR3574299/ERR3574299_1.fastq.gz;ftp.sra.ebi.ac.uk/vol1/fastq/ERR357/009/ERR3574299/ERR3574299_2.fastq.gz,ftp.sra.ebi.ac.uk/vol1/run/ERR357/ERR3574299/WTCHG_555219_282116.bam,,WTCHG_555219_282116,WIT-UP-100-WIN
PRJEB34634,SAMEA5989477,ERX3572538,ERR3574300,749907,sediment metagenome,ftp.sra.ebi.ac.uk/vol1/fastq/ERR357/000/ERR3574300/ERR3574300_1.fastq.gz;ftp.sra.ebi.ac.uk/vol1/fastq/ERR357/000/ERR3574300/ERR3574300_2.fastq.gz,ftp.sra.ebi.ac.uk/vol1/run/ERR357/ERR3574300/WTCHG_555214_282116.bam,,WTCHG_555214_282116,WIT-UP-100-WIN
PRJEB34634,SAMEA5989477,ERX3572539,ERR3574301,749907,sediment metagenome,ftp.sra.ebi.ac.uk/vol1/fastq/ERR357/001/ERR3574301/ERR3574301_1.fastq.gz;ftp.sra.ebi.ac.uk/vol1/fastq/ERR357/001/ERR3574301/ERR3574301_2.fastq.gz,ftp.sra.ebi.ac.uk/vol1/run/ERR357/ERR3574301/WTCHG_555218_282116.bam,,WTCHG_555218_282116,WIT-UP-100-WIN
PRJEB34634,SAMEA5989477,ERX3572540,ERR3574302,749907,sediment metagenome,ftp.sra.ebi.ac.uk/vol1/fastq/ERR357/002/ERR3574302/ERR3574302_1.fastq.gz;ftp.sra.ebi.ac.uk/vol1/fastq/ERR357/002/ERR3574302/ERR3574302_2.fastq.gz,ftp.sra.ebi.ac.uk/vol1/run/ERR357/ERR3574302/WTCHG_559241_282116.bam,,WTCHG_559241_282116,WIT-UP-100-WIN
PRJEB34634,SAMEA5989477,ERX3572541,ERR3574303,749907,sediment metagenome,ftp.sra.ebi.ac.uk/vol1/fastq/ERR357/003/ERR3574303/ERR3574303_1.fastq.gz;ftp.sra.ebi.ac.uk/vol1/fastq/ERR357/003/ERR3574303/ERR3574303_2.fastq.gz,ftp.sra.ebi.ac.uk/vol1/run/ERR357/ERR3574303/WTCHG_559244_282116.bam,,WTCHG_559244_282116,WIT-UP-100-WIN
PRJEB34634,SAMEA5989477,ERX3572542,ERR3574304,749907,sediment metagenome,ftp.sra.ebi.ac.uk/vol1/fastq/ERR357/004/ERR3574304/ERR3574304_1.fastq.gz;ftp.sra.ebi.ac.uk/vol1/fastq/ERR357/004/ERR3574304/ERR3574304_2.fastq.gz,ftp.sra.ebi.ac.uk/vol1/run/ERR357/ERR3574304/WTCHG_559243_282116.bam,,WTCHG_559243_282116,WIT-UP-100-WIN
PRJEB34634,SAMEA5989477,ERX3572543,ERR3574305,749907,sediment metagenome,ftp.sra.ebi.ac.uk/vol1/fastq/ERR357/005/ERR3574305/ERR3574305_1.fastq.gz;ftp.sra.ebi.ac.uk/vol1/fastq/ERR357/005/ERR3574305/ERR3574305_2.fastq.gz,ftp.sra.ebi.ac.uk/vol1/run/ERR357/ERR3574305/WTCHG_559242_282116.bam,,WTCHG_559242_282116,WIT-UP-100-WIN
PRJEB34634,SAMEA5989477,ERX3572544,ERR3574306,749907,sediment metagenome,ftp.sra.ebi.ac.uk/vol1/fastq/ERR357/006/ERR3574306/ERR3574306_1.fastq.gz;ftp.sra.ebi.ac.uk/vol1/fastq/ERR357/006/ERR3574306/ERR3574306_2.fastq.gz,ftp.sra.ebi.ac.uk/vol1/run/ERR357/ERR3574306/WTCHG_559240_282116.bam,,WTCHG_559240_282116,WIT-UP-100-WIN
PRJEB34634,SAMEA5989477,ERX3572545,ERR3574307,749907,sediment metagenome,ftp.sra.ebi.ac.uk/vol1/fastq/ERR357/007/ERR3574307/ERR3574307_1.fastq.gz;ftp.sra.ebi.ac.uk/vol1/fastq/ERR357/007/ERR3574307/ERR3574307_2.fastq.gz,ftp.sra.ebi.ac.uk/vol1/run/ERR357/ERR3574307/WTCHG_455360_207179.bam,,WTCHG_455360_207179,RHB01
PRJEB34634,SAMEA5989477,ERX3572546,ERR3574308,749907,sediment metagenome,ftp.sra.ebi.ac.uk/vol1/fastq/ERR357/008/ERR3574308/ERR3574308_1.fastq.gz;ftp.sra.ebi.ac.uk/vol1/fastq/ERR357/008/ERR3574308/ERR3574308_2.fastq.gz,ftp.sra.ebi.ac.uk/vol1/run/ERR357/ERR3574308/WTCHG_456624_207179.bam,,WTCHG_456624_207179,RHB01
PRJEB34634,SAMEA5989477,ERX3572547,ERR3574309,749907,sediment metagenome,ftp.sra.ebi.ac.uk/vol1/fastq/ERR357/009/ERR3574309/ERR3574309_1.fastq.gz;ftp.sra.ebi.ac.uk/vol1/fastq/ERR357/009/ERR3574309/ERR3574309_2.fastq.gz,ftp.sra.ebi.ac.uk/vol1/run/ERR357/ERR3574309/WTCHG_457295_207179.bam,,WTCHG_457295_207179,RHB01
PRJEB34634,SAMEA5989477,ERX3572548,ERR3574310,749907,sediment metagenome,ftp.sra.ebi.ac.uk/vol1/fastq/ERR357/000/ERR3574310/ERR3574310_1.fastq.gz;ftp.sra.ebi.ac.uk/vol1/fastq/ERR357/000/ERR3574310/ERR3574310_2.fastq.gz,ftp.sra.ebi.ac.uk/vol1/run/ERR357/ERR3574310/WTCHG_457296_207179.bam,,WTCHG_457296_207179,RHB01
PRJEB34634,SAMEA5989477,ERX3572549,ERR3574311,749907,sediment metagenome,ftp.sra.ebi.ac.uk/vol1/fastq/ERR357/001/ERR3574311/ERR3574311_1.fastq.gz;ftp.sra.ebi.ac.uk/vol1/fastq/ERR357/001/ERR3574311/ERR3574311_2.fastq.gz,ftp.sra.ebi.ac.uk/vol1/run/ERR357/ERR3574311/WTCHG_457297_207179.bam,,WTCHG_457297_207179,RHB01
PRJEB34634,SAMEA5989477,ERX3572550,ERR3574312,749907,sediment metagenome,ftp.sra.ebi.ac.uk/vol1/fastq/ERR357/002/ERR3574312/ERR3574312_1.fastq.gz;ftp.sra.ebi.ac.uk/vol1/fastq/ERR357/002/ERR3574312/ERR3574312_2.fastq.gz,ftp.sra.ebi.ac.uk/vol1/run/ERR357/ERR3574312/WTCHG_457298_207179.bam,,WTCHG_457298_207179,RHB01
PRJEB34634,SAMEA5989477,ERX3572551,ERR3574313,749907,sediment metagenome,ftp.sra.ebi.ac.uk/vol1/fastq/ERR357/003/ERR3574313/ERR3574313_1.fastq.gz;ftp.sra.ebi.ac.uk/vol1/fastq/ERR357/003/ERR3574313/ERR3574313_2.fastq.gz,ftp.sra.ebi.ac.uk/vol1/run/ERR357/ERR3574313/WTCHG_457710_207179.bam,,WTCHG_457710_207179,RHB01
PRJEB34634,SAMEA5989477,ERX3572552,ERR3574314,749907,sediment metagenome,ftp.sra.ebi.ac.uk/vol1/fastq/ERR357/004/ERR3574314/ERR3574314_1.fastq.gz;ftp.sra.ebi.ac.uk/vol1/fastq/ERR357/004/ERR3574314/ERR3574314_2.fastq.gz,ftp.sra.ebi.ac.uk/vol1/run/ERR357/ERR3574314/WTCHG_457711_207179.bam,,WTCHG_457711_207179,RHB01
PRJEB34634,SAMEA5989477,ERX3572553,ERR3574315,749907,sediment metagenome,ftp.sra.ebi.ac.uk/vol1/fastq/ERR357/005/ERR3574315/ERR3574315_1.fastq.gz;ftp.sra.ebi.ac.uk/vol1/fastq/ERR357/005/ERR3574315/ERR3574315_2.fastq.gz,ftp.sra.ebi.ac.uk/vol1/run/ERR357/ERR3574315/WTCHG_457712_207179.bam,,WTCHG_457712_207179,RHB01
PRJEB34634,SAMEA5989477,ERX3572554,ERR3574316,749907,sediment metagenome,ftp.sra.ebi.ac.uk/vol1/fastq/ERR357/006/ERR3574316/ERR3574316_1.fastq.gz;ftp.sra.ebi.ac.uk/vol1/fastq/ERR357/006/ERR3574316/ERR3574316_2.fastq.gz,ftp.sra.ebi.ac.uk/vol1/run/ERR357/ERR3574316/WTCHG_457713_207179.bam,,WTCHG_457713_207179,RHB01
PRJEB34634,SAMEA5989477,ERX3572555,ERR3574317,749907,sediment metagenome,ftp.sra.ebi.ac.uk/vol1/fastq/ERR357/007/ERR3574317/ERR3574317_1.fastq.gz;ftp.sra.ebi.ac.uk/vol1/fastq/ERR357/007/ERR3574317/ERR3574317_2.fastq.gz,ftp.sra.ebi.ac.uk/vol1/run/ERR357/ERR3574317/WTCHG_457714_207179.bam,,WTCHG_457714_207179,RHB01
PRJEB34634,SAMEA5989477,ERX3572556,ERR3574318,749907,sediment metagenome,ftp.sra.ebi.ac.uk/vol1/fastq/ERR357/008/ERR3574318/ERR3574318_1.fastq.gz;ftp.sra.ebi.ac.uk/vol1/fastq/ERR357/008/ERR3574318/ERR3574318_2.fastq.gz,ftp.sra.ebi.ac.uk/vol1/run/ERR357/ERR3574318/WTCHG_461227_207179.bam,,WTCHG_461227_207179,RHB01
PRJEB34634,SAMEA5989477,ERX3572557,ERR3574319,749907,sediment metagenome,ftp.sra.ebi.ac.uk/vol1/fastq/ERR357/009/ERR3574319/ERR3574319_1.fastq.gz;ftp.sra.ebi.ac.uk/vol1/fastq/ERR357/009/ERR3574319/ERR3574319_2.fastq.gz,ftp.sra.ebi.ac.uk/vol1/run/ERR357/ERR3574319/WTCHG_461228_207179.bam,,WTCHG_461228_207179,RHB01
PRJEB34634,SAMEA5989477,ERX3572558,ERR3574320,749907,sediment metagenome,ftp.sra.ebi.ac.uk/vol1/fastq/ERR357/000/ERR3574320/ERR3574320_1.fastq.gz;ftp.sra.ebi.ac.uk/vol1/fastq/ERR357/000/ERR3574320/ERR3574320_2.fastq.gz,ftp.sra.ebi.ac.uk/vol1/run/ERR357/ERR3574320/WTCHG_455360_208191.bam,,WTCHG_455360_208191,RHB02
PRJEB34634,SAMEA5989477,ERX3572559,ERR3574321,749907,sediment metagenome,ftp.sra.ebi.ac.uk/vol1/fastq/ERR357/001/ERR3574321/ERR3574321_1.fastq.gz;ftp.sra.ebi.ac.uk/vol1/fastq/ERR357/001/ERR3574321/ERR3574321_2.fastq.gz,ftp.sra.ebi.ac.uk/vol1/run/ERR357/ERR3574321/WTCHG_456624_208191.bam,,WTCHG_456624_208191,RHB02
PRJEB34634,SAMEA5989477,ERX3572560,ERR3574322,749907,sediment metagenome,ftp.sra.ebi.ac.uk/vol1/fastq/ERR357/002/ERR3574322/ERR3574322_1.fastq.gz;ftp.sra.ebi.ac.uk/vol1/fastq/ERR357/002/ERR3574322/ERR3574322_2.fastq.gz,ftp.sra.ebi.ac.uk/vol1/run/ERR357/ERR3574322/WTCHG_457295_208191.bam,,WTCHG_457295_208191,RHB02
PRJEB34634,SAMEA5989477,ERX3572561,ERR3574323,749907,sediment metagenome,ftp.sra.ebi.ac.uk/vol1/fastq/ERR357/003/ERR3574323/ERR3574323_1.fastq.gz;ftp.sra.ebi.ac.uk/vol1/fastq/ERR357/003/ERR3574323/ERR3574323_2.fastq.gz,ftp.sra.ebi.ac.uk/vol1/run/ERR357/ERR3574323/WTCHG_457296_208191.bam,,WTCHG_457296_208191,RHB02
PRJEB34634,SAMEA5989477,ERX3572562,ERR3574324,749907,sediment metagenome,ftp.sra.ebi.ac.uk/vol1/fastq/ERR357/004/ERR3574324/ERR3574324_1.fastq.gz;ftp.sra.ebi.ac.uk/vol1/fastq/ERR357/004/ERR3574324/ERR3574324_2.fastq.gz,ftp.sra.ebi.ac.uk/vol1/run/ERR357/ERR3574324/WTCHG_457297_208191.bam,,WTCHG_457297_208191,RHB02
PRJEB34634,SAMEA5989477,ERX3572563,ERR3574325,749907,sediment metagenome,ftp.sra.ebi.ac.uk/vol1/fastq/ERR357/005/ERR3574325/ERR3574325_1.fastq.gz;ftp.sra.ebi.ac.uk/vol1/fastq/ERR357/005/ERR3574325/ERR3574325_2.fastq.gz,ftp.sra.ebi.ac.uk/vol1/run/ERR357/ERR3574325/WTCHG_457298_208191.bam,,WTCHG_457298_208191,RHB02
PRJEB34634,SAMEA5989477,ERX3572564,ERR3574326,749907,sediment metagenome,ftp.sra.ebi.ac.uk/vol1/fastq/ERR357/006/ERR3574326/ERR3574326_1.fastq.gz;ftp.sra.ebi.ac.uk/vol1/fastq/ERR357/006/ERR3574326/ERR3574326_2.fastq.gz,ftp.sra.ebi.ac.uk/vol1/run/ERR357/ERR3574326/WTCHG_457710_208191.bam,,WTCHG_457710_208191,RHB02
PRJEB34634,SAMEA5989477,ERX3572565,ERR3574327,749907,sediment metagenome,ftp.sra.ebi.ac.uk/vol1/fastq/ERR357/007/ERR3574327/ERR3574327_1.fastq.gz;ftp.sra.ebi.ac.uk/vol1/fastq/ERR357/007/ERR3574327/ERR3574327_2.fastq.gz,ftp.sra.ebi.ac.uk/vol1/run/ERR357/ERR3574327/WTCHG_457711_208191.bam,,WTCHG_457711_208191,RHB02
PRJEB34634,SAMEA5989477,ERX3572566,ERR3574328,749907,sediment metagenome,ftp.sra.ebi.ac.uk/vol1/fastq/ERR357/008/ERR3574328/ERR3574328_1.fastq.gz;ftp.sra.ebi.ac.uk/vol1/fastq/ERR357/008/ERR3574328/ERR3574328_2.fastq.gz,ftp.sra.ebi.ac.uk/vol1/run/ERR357/ERR3574328/WTCHG_457712_208191.bam,,WTCHG_457712_208191,RHB02
PRJEB34634,SAMEA5989477,ERX3572567,ERR3574329,749907,sediment metagenome,ftp.sra.ebi.ac.uk/vol1/fastq/ERR357/009/ERR3574329/ERR3574329_1.fastq.gz;ftp.sra.ebi.ac.uk/vol1/fastq/ERR357/009/ERR3574329/ERR3574329_2.fastq.gz,ftp.sra.ebi.ac.uk/vol1/run/ERR357/ERR3574329/WTCHG_457713_208191.bam,,WTCHG_457713_208191,RHB02
PRJEB34634,SAMEA5989477,ERX3572568,ERR3574330,749907,sediment metagenome,ftp.sra.ebi.ac.uk/vol1/fastq/ERR357/000/ERR3574330/ERR3574330_1.fastq.gz;ftp.sra.ebi.ac.uk/vol1/fastq/ERR357/000/ERR3574330/ERR3574330_2.fastq.gz,ftp.sra.ebi.ac.uk/vol1/run/ERR357/ERR3574330/WTCHG_457714_208191.bam,,WTCHG_457714_208191,RHB02
PRJEB34634,SAMEA5989477,ERX3572569,ERR3574331,749907,sediment metagenome,ftp.sra.ebi.ac.uk/vol1/fastq/ERR357/001/ERR3574331/ERR3574331_1.fastq.gz;ftp.sra.ebi.ac.uk/vol1/fastq/ERR357/001/ERR3574331/ERR3574331_2.fastq.gz,ftp.sra.ebi.ac.uk/vol1/run/ERR357/ERR3574331/WTCHG_461227_208191.bam,,WTCHG_461227_208191,RHB02
PRJEB34634,SAMEA5989477,ERX3572570,ERR3574332,749907,sediment metagenome,ftp.sra.ebi.ac.uk/vol1/fastq/ERR357/002/ERR3574332/ERR3574332_1.fastq.gz;ftp.sra.ebi.ac.uk/vol1/fastq/ERR357/002/ERR3574332/ERR3574332_2.fastq.gz,ftp.sra.ebi.ac.uk/vol1/run/ERR357/ERR3574332/WTCHG_461228_208191.bam,,WTCHG_461228_208191,RHB02
PRJEB34634,SAMEA5989477,ERX3572571,ERR3574333,749907,sediment metagenome,ftp.sra.ebi.ac.uk/vol1/fastq/ERR357/003/ERR3574333/ERR3574333_1.fastq.gz;ftp.sra.ebi.ac.uk/vol1/fastq/ERR357/003/ERR3574333/ERR3574333_2.fastq.gz,ftp.sra.ebi.ac.uk/vol1/run/ERR357/ERR3574333/WTCHG_455360_209108.bam,,WTCHG_455360_209108,RHB03
PRJEB34634,SAMEA5989477,ERX3572572,ERR3574334,749907,sediment metagenome,ftp.sra.ebi.ac.uk/vol1/fastq/ERR357/004/ERR3574334/ERR3574334_1.fastq.gz;ftp.sra.ebi.ac.uk/vol1/fastq/ERR357/004/ERR3574334/ERR3574334_2.fastq.gz,ftp.sra.ebi.ac.uk/vol1/run/ERR357/ERR3574334/WTCHG_456624_209108.bam,,WTCHG_456624_209108,RHB03
PRJEB34634,SAMEA5989477,ERX3572573,ERR3574335,749907,sediment metagenome,ftp.sra.ebi.ac.uk/vol1/fastq/ERR357/005/ERR3574335/ERR3574335_1.fastq.gz;ftp.sra.ebi.ac.uk/vol1/fastq/ERR357/005/ERR3574335/ERR3574335_2.fastq.gz,ftp.sra.ebi.ac.uk/vol1/run/ERR357/ERR3574335/WTCHG_457295_209108.bam,,WTCHG_457295_209108,RHB03
PRJEB34634,SAMEA5989477,ERX3572574,ERR3574336,749907,sediment metagenome,ftp.sra.ebi.ac.uk/vol1/fastq/ERR357/006/ERR3574336/ERR3574336_1.fastq.gz;ftp.sra.ebi.ac.uk/vol1/fastq/ERR357/006/ERR3574336/ERR3574336_2.fastq.gz,ftp.sra.ebi.ac.uk/vol1/run/ERR357/ERR3574336/WTCHG_457296_209108.bam,,WTCHG_457296_209108,RHB03
PRJEB34634,SAMEA5989477,ERX3572575,ERR3574337,749907,sediment metagenome,ftp.sra.ebi.ac.uk/vol1/fastq/ERR357/007/ERR3574337/ERR3574337_1.fastq.gz;ftp.sra.ebi.ac.uk/vol1/fastq/ERR357/007/ERR3574337/ERR3574337_2.fastq.gz,ftp.sra.ebi.ac.uk/vol1/run/ERR357/ERR3574337/WTCHG_457297_209108.bam,,WTCHG_457297_209108,RHB03
PRJEB34634,SAMEA5989477,ERX3572576,ERR3574338,749907,sediment metagenome,ftp.sra.ebi.ac.uk/vol1/fastq/ERR357/008/ERR3574338/ERR3574338_1.fastq.gz;ftp.sra.ebi.ac.uk/vol1/fastq/ERR357/008/ERR3574338/ERR3574338_2.fastq.gz,ftp.sra.ebi.ac.uk/vol1/run/ERR357/ERR3574338/WTCHG_457298_209108.bam,,WTCHG_457298_209108,RHB03
PRJEB34634,SAMEA5989477,ERX3572577,ERR3574339,749907,sediment metagenome,ftp.sra.ebi.ac.uk/vol1/fastq/ERR357/009/ERR3574339/ERR3574339_1.fastq.gz;ftp.sra.ebi.ac.uk/vol1/fastq/ERR357/009/ERR3574339/ERR3574339_2.fastq.gz,ftp.sra.ebi.ac.uk/vol1/run/ERR357/ERR3574339/WTCHG_457710_209108.bam,,WTCHG_457710_209108,RHB03
PRJEB34634,SAMEA5989477,ERX3572578,ERR3574340,749907,sediment metagenome,ftp.sra.ebi.ac.uk/vol1/fastq/ERR357/000/ERR3574340/ERR3574340_1.fastq.gz;ftp.sra.ebi.ac.uk/vol1/fastq/ERR357/000/ERR3574340/ERR3574340_2.fastq.gz,ftp.sra.ebi.ac.uk/vol1/run/ERR357/ERR3574340/WTCHG_457711_209108.bam,,WTCHG_457711_209108,RHB03
PRJEB34634,SAMEA5989477,ERX3572579,ERR3574341,749907,sediment metagenome,ftp.sra.ebi.ac.uk/vol1/fastq/ERR357/001/ERR3574341/ERR3574341_1.fastq.gz;ftp.sra.ebi.ac.uk/vol1/fastq/ERR357/001/ERR3574341/ERR3574341_2.fastq.gz,ftp.sra.ebi.ac.uk/vol1/run/ERR357/ERR3574341/WTCHG_457712_209108.bam,,WTCHG_457712_209108,RHB03
PRJEB34634,SAMEA5989477,ERX3572580,ERR3574342,749907,sediment metagenome,ftp.sra.ebi.ac.uk/vol1/fastq/ERR357/002/ERR3574342/ERR3574342_1.fastq.gz;ftp.sra.ebi.ac.uk/vol1/fastq/ERR357/002/ERR3574342/ERR3574342_2.fastq.gz,ftp.sra.ebi.ac.uk/vol1/run/ERR357/ERR3574342/WTCHG_457713_209108.bam,,WTCHG_457713_209108,RHB03
PRJEB34634,SAMEA5989477,ERX3572581,ERR3574343,749907,sediment metagenome,ftp.sra.ebi.ac.uk/vol1/fastq/ERR357/003/ERR3574343/ERR3574343_1.fastq.gz;ftp.sra.ebi.ac.uk/vol1/fastq/ERR357/003/ERR3574343/ERR3574343_2.fastq.gz,ftp.sra.ebi.ac.uk/vol1/run/ERR357/ERR3574343/WTCHG_457714_209108.bam,,WTCHG_457714_209108,RHB03
PRJEB34634,SAMEA5989477,ERX3572582,ERR3574344,749907,sediment metagenome,ftp.sra.ebi.ac.uk/vol1/fastq/ERR357/004/ERR3574344/ERR3574344_1.fastq.gz;ftp.sra.ebi.ac.uk/vol1/fastq/ERR357/004/ERR3574344/ERR3574344_2.fastq.gz,ftp.sra.ebi.ac.uk/vol1/run/ERR357/ERR3574344/WTCHG_461227_209108.bam,,WTCHG_461227_209108,RHB03
PRJEB34634,SAMEA5989477,ERX3572583,ERR3574345,749907,sediment metagenome,ftp.sra.ebi.ac.uk/vol1/fastq/ERR357/005/ERR3574345/ERR3574345_1.fastq.gz;ftp.sra.ebi.ac.uk/vol1/fastq/ERR357/005/ERR3574345/ERR3574345_2.fastq.gz,ftp.sra.ebi.ac.uk/vol1/run/ERR357/ERR3574345/WTCHG_461228_209108.bam,,WTCHG_461228_209108,RHB03
PRJEB34634,SAMEA5989477,ERX3572584,ERR3574346,749907,sediment metagenome,ftp.sra.ebi.ac.uk/vol1/fastq/ERR357/006/ERR3574346/ERR3574346_1.fastq.gz;ftp.sra.ebi.ac.uk/vol1/fastq/ERR357/006/ERR3574346/ERR3574346_2.fastq.gz,ftp.sra.ebi.ac.uk/vol1/run/ERR357/ERR3574346/WTCHG_455360_210120.bam,,WTCHG_455360_210120,RHB04
PRJEB34634,SAMEA5989477,ERX3572585,ERR3574347,749907,sediment metagenome,ftp.sra.ebi.ac.uk/vol1/fastq/ERR357/007/ERR3574347/ERR3574347_1.fastq.gz;ftp.sra.ebi.ac.uk/vol1/fastq/ERR357/007/ERR3574347/ERR3574347_2.fastq.gz,ftp.sra.ebi.ac.uk/vol1/run/ERR357/ERR3574347/WTCHG_456624_210120.bam,,WTCHG_456624_210120,RHB04
PRJEB34634,SAMEA5989477,ERX3572586,ERR3574348,749907,sediment metagenome,ftp.sra.ebi.ac.uk/vol1/fastq/ERR357/008/ERR3574348/ERR3574348_1.fastq.gz;ftp.sra.ebi.ac.uk/vol1/fastq/ERR357/008/ERR3574348/ERR3574348_2.fastq.gz,ftp.sra.ebi.ac.uk/vol1/run/ERR357/ERR3574348/WTCHG_457295_210120.bam,,WTCHG_457295_210120,RHB04
PRJEB34634,SAMEA5989477,ERX3572587,ERR3574349,749907,sediment metagenome,ftp.sra.ebi.ac.uk/vol1/fastq/ERR357/009/ERR3574349/ERR3574349_1.fastq.gz;ftp.sra.ebi.ac.uk/vol1/fastq/ERR357/009/ERR3574349/ERR3574349_2.fastq.gz,ftp.sra.ebi.ac.uk/vol1/run/ERR357/ERR3574349/WTCHG_457296_210120.bam,,WTCHG_457296_210120,RHB04
PRJEB34634,SAMEA5989477,ERX3572588,ERR3574350,749907,sediment metagenome,ftp.sra.ebi.ac.uk/vol1/fastq/ERR357/000/ERR3574350/ERR3574350_1.fastq.gz;ftp.sra.ebi.ac.uk/vol1/fastq/ERR357/000/ERR3574350/ERR3574350_2.fastq.gz,ftp.sra.ebi.ac.uk/vol1/run/ERR357/ERR3574350/WTCHG_457297_210120.bam,,WTCHG_457297_210120,RHB04
PRJEB34634,SAMEA5989477,ERX3572589,ERR3574351,749907,sediment metagenome,ftp.sra.ebi.ac.uk/vol1/fastq/ERR357/001/ERR3574351/ERR3574351_1.fastq.gz;ftp.sra.ebi.ac.uk/vol1/fastq/ERR357/001/ERR3574351/ERR3574351_2.fastq.gz,ftp.sra.ebi.ac.uk/vol1/run/ERR357/ERR3574351/WTCHG_457298_210120.bam,,WTCHG_457298_210120,RHB04
PRJEB34634,SAMEA5989477,ERX3572590,ERR3574352,749907,sediment metagenome,ftp.sra.ebi.ac.uk/vol1/fastq/ERR357/002/ERR3574352/ERR3574352_1.fastq.gz;ftp.sra.ebi.ac.uk/vol1/fastq/ERR357/002/ERR3574352/ERR3574352_2.fastq.gz,ftp.sra.ebi.ac.uk/vol1/run/ERR357/ERR3574352/WTCHG_457710_210120.bam,,WTCHG_457710_210120,RHB04
PRJEB34634,SAMEA5989477,ERX3572591,ERR3574353,749907,sediment metagenome,ftp.sra.ebi.ac.uk/vol1/fastq/ERR357/003/ERR3574353/ERR3574353_1.fastq.gz;ftp.sra.ebi.ac.uk/vol1/fastq/ERR357/003/ERR3574353/ERR3574353_2.fastq.gz,ftp.sra.ebi.ac.uk/vol1/run/ERR357/ERR3574353/WTCHG_457711_210120.bam,,WTCHG_457711_210120,RHB04
PRJEB34634,SAMEA5989477,ERX3572592,ERR3574354,749907,sediment metagenome,ftp.sra.ebi.ac.uk/vol1/fastq/ERR357/004/ERR3574354/ERR3574354_1.fastq.gz;ftp.sra.ebi.ac.uk/vol1/fastq/ERR357/004/ERR3574354/ERR3574354_2.fastq.gz,ftp.sra.ebi.ac.uk/vol1/run/ERR357/ERR3574354/WTCHG_457712_210120.bam,,WTCHG_457712_210120,RHB04
PRJEB34634,SAMEA5989477,ERX3572593,ERR3574355,749907,sediment metagenome,ftp.sra.ebi.ac.uk/vol1/fastq/ERR357/005/ERR3574355/ERR3574355_1.fastq.gz;ftp.sra.ebi.ac.uk/vol1/fastq/ERR357/005/ERR3574355/ERR3574355_2.fastq.gz,ftp.sra.ebi.ac.uk/vol1/run/ERR357/ERR3574355/WTCHG_457713_210120.bam,,WTCHG_457713_210120,RHB04
PRJEB34634,SAMEA5989477,ERX3572594,ERR3574356,749907,sediment metagenome,ftp.sra.ebi.ac.uk/vol1/fastq/ERR357/006/ERR3574356/ERR3574356_1.fastq.gz;ftp.sra.ebi.ac.uk/vol1/fastq/ERR357/006/ERR3574356/ERR3574356_2.fastq.gz,ftp.sra.ebi.ac.uk/vol1/run/ERR357/ERR3574356/WTCHG_457714_210120.bam,,WTCHG_457714_210120,RHB04
PRJEB34634,SAMEA5989477,ERX3572595,ERR3574357,749907,sediment metagenome,ftp.sra.ebi.ac.uk/vol1/fastq/ERR357/007/ERR3574357/ERR3574357_1.fastq.gz;ftp.sra.ebi.ac.uk/vol1/fastq/ERR357/007/ERR3574357/ERR3574357_2.fastq.gz,ftp.sra.ebi.ac.uk/vol1/run/ERR357/ERR3574357/WTCHG_461227_210120.bam,,WTCHG_461227_210120,RHB04
PRJEB34634,SAMEA5989477,ERX3572596,ERR3574358,749907,sediment metagenome,ftp.sra.ebi.ac.uk/vol1/fastq/ERR357/008/ERR3574358/ERR3574358_1.fastq.gz;ftp.sra.ebi.ac.uk/vol1/fastq/ERR357/008/ERR3574358/ERR3574358_2.fastq.gz,ftp.sra.ebi.ac.uk/vol1/run/ERR357/ERR3574358/WTCHG_461228_210120.bam,,WTCHG_461228_210120,RHB04
PRJEB34634,SAMEA5989477,ERX3572597,ERR3574359,749907,sediment metagenome,ftp.sra.ebi.ac.uk/vol1/fastq/ERR357/009/ERR3574359/ERR3574359_1.fastq.gz;ftp.sra.ebi.ac.uk/vol1/fastq/ERR357/009/ERR3574359/ERR3574359_2.fastq.gz,ftp.sra.ebi.ac.uk/vol1/run/ERR357/ERR3574359/WTCHG_455360_211132.bam,,WTCHG_455360_211132,RHB05
PRJEB34634,SAMEA5989477,ERX3572598,ERR3574360,749907,sediment metagenome,ftp.sra.ebi.ac.uk/vol1/fastq/ERR357/000/ERR3574360/ERR3574360_1.fastq.gz;ftp.sra.ebi.ac.uk/vol1/fastq/ERR357/000/ERR3574360/ERR3574360_2.fastq.gz,ftp.sra.ebi.ac.uk/vol1/run/ERR357/ERR3574360/WTCHG_456624_211132.bam,,WTCHG_456624_211132,RHB05
PRJEB34634,SAMEA5989477,ERX3572599,ERR3574361,749907,sediment metagenome,ftp.sra.ebi.ac.uk/vol1/fastq/ERR357/001/ERR3574361/ERR3574361_1.fastq.gz;ftp.sra.ebi.ac.uk/vol1/fastq/ERR357/001/ERR3574361/ERR3574361_2.fastq.gz,ftp.sra.ebi.ac.uk/vol1/run/ERR357/ERR3574361/WTCHG_457295_211132.bam,,WTCHG_457295_211132,RHB05
PRJEB34634,SAMEA5989477,ERX3572600,ERR3574362,749907,sediment metagenome,ftp.sra.ebi.ac.uk/vol1/fastq/ERR357/002/ERR3574362/ERR3574362_1.fastq.gz;ftp.sra.ebi.ac.uk/vol1/fastq/ERR357/002/ERR3574362/ERR3574362_2.fastq.gz,ftp.sra.ebi.ac.uk/vol1/run/ERR357/ERR3574362/WTCHG_457296_211132.bam,,WTCHG_457296_211132,RHB05
PRJEB34634,SAMEA5989477,ERX3572601,ERR3574363,749907,sediment metagenome,ftp.sra.ebi.ac.uk/vol1/fastq/ERR357/003/ERR3574363/ERR3574363_1.fastq.gz;ftp.sra.ebi.ac.uk/vol1/fastq/ERR357/003/ERR3574363/ERR3574363_2.fastq.gz,ftp.sra.ebi.ac.uk/vol1/run/ERR357/ERR3574363/WTCHG_457297_211132.bam,,WTCHG_457297_211132,RHB05
PRJEB34634,SAMEA5989477,ERX3572602,ERR3574364,749907,sediment metagenome,ftp.sra.ebi.ac.uk/vol1/fastq/ERR357/004/ERR3574364/ERR3574364_1.fastq.gz;ftp.sra.ebi.ac.uk/vol1/fastq/ERR357/004/ERR3574364/ERR3574364_2.fastq.gz,ftp.sra.ebi.ac.uk/vol1/run/ERR357/ERR3574364/WTCHG_457298_211132.bam,,WTCHG_457298_211132,RHB05
PRJEB34634,SAMEA5989477,ERX3572603,ERR3574365,749907,sediment metagenome,ftp.sra.ebi.ac.uk/vol1/fastq/ERR357/005/ERR3574365/ERR3574365_1.fastq.gz;ftp.sra.ebi.ac.uk/vol1/fastq/ERR357/005/ERR3574365/ERR3574365_2.fastq.gz,ftp.sra.ebi.ac.uk/vol1/run/ERR357/ERR3574365/WTCHG_457710_211132.bam,,WTCHG_457710_211132,RHB05
PRJEB34634,SAMEA5989477,ERX3572604,ERR3574366,749907,sediment metagenome,ftp.sra.ebi.ac.uk/vol1/fastq/ERR357/006/ERR3574366/ERR3574366_1.fastq.gz;ftp.sra.ebi.ac.uk/vol1/fastq/ERR357/006/ERR3574366/ERR3574366_2.fastq.gz,ftp.sra.ebi.ac.uk/vol1/run/ERR357/ERR3574366/WTCHG_457711_211132.bam,,WTCHG_457711_211132,RHB05
PRJEB34634,SAMEA5989477,ERX3572605,ERR3574367,749907,sediment metagenome,ftp.sra.ebi.ac.uk/vol1/fastq/ERR357/007/ERR3574367/ERR3574367_1.fastq.gz;ftp.sra.ebi.ac.uk/vol1/fastq/ERR357/007/ERR3574367/ERR3574367_2.fastq.gz,ftp.sra.ebi.ac.uk/vol1/run/ERR357/ERR3574367/WTCHG_457712_211132.bam,,WTCHG_457712_211132,RHB05
PRJEB34634,SAMEA5989477,ERX3572606,ERR3574368,749907,sediment metagenome,ftp.sra.ebi.ac.uk/vol1/fastq/ERR357/008/ERR3574368/ERR3574368_1.fastq.gz;ftp.sra.ebi.ac.uk/vol1/fastq/ERR357/008/ERR3574368/ERR3574368_2.fastq.gz,ftp.sra.ebi.ac.uk/vol1/run/ERR357/ERR3574368/WTCHG_457713_211132.bam,,WTCHG_457713_211132,RHB05
PRJEB34634,SAMEA5989477,ERX3572607,ERR3574369,749907,sediment metagenome,ftp.sra.ebi.ac.uk/vol1/fastq/ERR357/009/ERR3574369/ERR3574369_1.fastq.gz;ftp.sra.ebi.ac.uk/vol1/fastq/ERR357/009/ERR3574369/ERR3574369_2.fastq.gz,ftp.sra.ebi.ac.uk/vol1/run/ERR357/ERR3574369/WTCHG_457714_211132.bam,,WTCHG_457714_211132,RHB05
PRJEB34634,SAMEA5989477,ERX3572608,ERR3574370,749907,sediment metagenome,ftp.sra.ebi.ac.uk/vol1/fastq/ERR357/000/ERR3574370/ERR3574370_1.fastq.gz;ftp.sra.ebi.ac.uk/vol1/fastq/ERR357/000/ERR3574370/ERR3574370_2.fastq.gz,ftp.sra.ebi.ac.uk/vol1/run/ERR357/ERR3574370/WTCHG_461227_211132.bam,,WTCHG_461227_211132,RHB05
PRJEB34634,SAMEA5989477,ERX3572609,ERR3574371,749907,sediment metagenome,ftp.sra.ebi.ac.uk/vol1/fastq/ERR357/001/ERR3574371/ERR3574371_1.fastq.gz;ftp.sra.ebi.ac.uk/vol1/fastq/ERR357/001/ERR3574371/ERR3574371_2.fastq.gz,ftp.sra.ebi.ac.uk/vol1/run/ERR357/ERR3574371/WTCHG_461228_211132.bam,,WTCHG_461228_211132,RHB05
PRJEB34634,SAMEA5989477,ERX3572610,ERR3574372,749907,sediment metagenome,ftp.sra.ebi.ac.uk/vol1/fastq/ERR357/002/ERR3574372/ERR3574372_1.fastq.gz;ftp.sra.ebi.ac.uk/vol1/fastq/ERR357/002/ERR3574372/ERR3574372_2.fastq.gz,ftp.sra.ebi.ac.uk/vol1/run/ERR357/ERR3574372/WTCHG_455360_212144.bam,,WTCHG_455360_212144,RHB06
PRJEB34634,SAMEA5989477,ERX3572611,ERR3574373,749907,sediment metagenome,ftp.sra.ebi.ac.uk/vol1/fastq/ERR357/003/ERR3574373/ERR3574373_1.fastq.gz;ftp.sra.ebi.ac.uk/vol1/fastq/ERR357/003/ERR3574373/ERR3574373_2.fastq.gz,ftp.sra.ebi.ac.uk/vol1/run/ERR357/ERR3574373/WTCHG_456624_212144.bam,,WTCHG_456624_212144,RHB06
PRJEB34634,SAMEA5989477,ERX3572612,ERR3574374,749907,sediment metagenome,ftp.sra.ebi.ac.uk/vol1/fastq/ERR357/004/ERR3574374/ERR3574374_1.fastq.gz;ftp.sra.ebi.ac.uk/vol1/fastq/ERR357/004/ERR3574374/ERR3574374_2.fastq.gz,ftp.sra.ebi.ac.uk/vol1/run/ERR357/ERR3574374/WTCHG_457295_212144.bam,,WTCHG_457295_212144,RHB06
PRJEB34634,SAMEA5989477,ERX3572613,ERR3574375,749907,sediment metagenome,ftp.sra.ebi.ac.uk/vol1/fastq/ERR357/005/ERR3574375/ERR3574375_1.fastq.gz;ftp.sra.ebi.ac.uk/vol1/fastq/ERR357/005/ERR3574375/ERR3574375_2.fastq.gz,ftp.sra.ebi.ac.uk/vol1/run/ERR357/ERR3574375/WTCHG_457296_212144.bam,,WTCHG_457296_212144,RHB06
PRJEB34634,SAMEA5989477,ERX3572614,ERR3574376,749907,sediment metagenome,ftp.sra.ebi.ac.uk/vol1/fastq/ERR357/006/ERR3574376/ERR3574376_1.fastq.gz;ftp.sra.ebi.ac.uk/vol1/fastq/ERR357/006/ERR3574376/ERR3574376_2.fastq.gz,ftp.sra.ebi.ac.uk/vol1/run/ERR357/ERR3574376/WTCHG_457297_212144.bam,,WTCHG_457297_212144,RHB06
PRJEB34634,SAMEA5989477,ERX3572615,ERR3574377,749907,sediment metagenome,ftp.sra.ebi.ac.uk/vol1/fastq/ERR357/007/ERR3574377/ERR3574377_1.fastq.gz;ftp.sra.ebi.ac.uk/vol1/fastq/ERR357/007/ERR3574377/ERR3574377_2.fastq.gz,ftp.sra.ebi.ac.uk/vol1/run/ERR357/ERR3574377/WTCHG_457298_212144.bam,,WTCHG_457298_212144,RHB06
PRJEB34634,SAMEA5989477,ERX3572616,ERR3574378,749907,sediment metagenome,ftp.sra.ebi.ac.uk/vol1/fastq/ERR357/008/ERR3574378/ERR3574378_1.fastq.gz;ftp.sra.ebi.ac.uk/vol1/fastq/ERR357/008/ERR3574378/ERR3574378_2.fastq.gz,ftp.sra.ebi.ac.uk/vol1/run/ERR357/ERR3574378/WTCHG_457710_212144.bam,,WTCHG_457710_212144,RHB06
PRJEB34634,SAMEA5989477,ERX3572617,ERR3574379,749907,sediment metagenome,ftp.sra.ebi.ac.uk/vol1/fastq/ERR357/009/ERR3574379/ERR3574379_1.fastq.gz;ftp.sra.ebi.ac.uk/vol1/fastq/ERR357/009/ERR3574379/ERR3574379_2.fastq.gz,ftp.sra.ebi.ac.uk/vol1/run/ERR357/ERR3574379/WTCHG_457711_212144.bam,,WTCHG_457711_212144,RHB06
PRJEB34634,SAMEA5989477,ERX3572618,ERR3574380,749907,sediment metagenome,ftp.sra.ebi.ac.uk/vol1/fastq/ERR357/000/ERR3574380/ERR3574380_1.fastq.gz;ftp.sra.ebi.ac.uk/vol1/fastq/ERR357/000/ERR3574380/ERR3574380_2.fastq.gz,ftp.sra.ebi.ac.uk/vol1/run/ERR357/ERR3574380/WTCHG_457712_212144.bam,,WTCHG_457712_212144,RHB06
PRJEB34634,SAMEA5989477,ERX3572619,ERR3574381,749907,sediment metagenome,ftp.sra.ebi.ac.uk/vol1/fastq/ERR357/001/ERR3574381/ERR3574381_1.fastq.gz;ftp.sra.ebi.ac.uk/vol1/fastq/ERR357/001/ERR3574381/ERR3574381_2.fastq.gz,ftp.sra.ebi.ac.uk/vol1/run/ERR357/ERR3574381/WTCHG_457713_212144.bam,,WTCHG_457713_212144,RHB06
PRJEB34634,SAMEA5989477,ERX3572620,ERR3574382,749907,sediment metagenome,ftp.sra.ebi.ac.uk/vol1/fastq/ERR357/002/ERR3574382/ERR3574382_1.fastq.gz;ftp.sra.ebi.ac.uk/vol1/fastq/ERR357/002/ERR3574382/ERR3574382_2.fastq.gz,ftp.sra.ebi.ac.uk/vol1/run/ERR357/ERR3574382/WTCHG_457714_212144.bam,,WTCHG_457714_212144,RHB06
PRJEB34634,SAMEA5989477,ERX3572621,ERR3574383,749907,sediment metagenome,ftp.sra.ebi.ac.uk/vol1/fastq/ERR357/003/ERR3574383/ERR3574383_1.fastq.gz;ftp.sra.ebi.ac.uk/vol1/fastq/ERR357/003/ERR3574383/ERR3574383_2.fastq.gz,ftp.sra.ebi.ac.uk/vol1/run/ERR357/ERR3574383/WTCHG_461227_212144.bam,,WTCHG_461227_212144,RHB06
PRJEB34634,SAMEA5989477,ERX3572622,ERR3574384,749907,sediment metagenome,ftp.sra.ebi.ac.uk/vol1/fastq/ERR357/004/ERR3574384/ERR3574384_1.fastq.gz;ftp.sra.ebi.ac.uk/vol1/fastq/ERR357/004/ERR3574384/ERR3574384_2.fastq.gz,ftp.sra.ebi.ac.uk/vol1/run/ERR357/ERR3574384/WTCHG_461228_212144.bam,,WTCHG_461228_212144,RHB06
PRJEB34634,SAMEA5989477,ERX3572623,ERR3574385,749907,sediment metagenome,ftp.sra.ebi.ac.uk/vol1/fastq/ERR357/005/ERR3574385/ERR3574385_1.fastq.gz;ftp.sra.ebi.ac.uk/vol1/fastq/ERR357/005/ERR3574385/ERR3574385_2.fastq.gz,ftp.sra.ebi.ac.uk/vol1/run/ERR357/ERR3574385/WTCHG_455360_213156.bam,,WTCHG_455360_213156,RHB07
PRJEB34634,SAMEA5989477,ERX3572624,ERR3574386,749907,sediment metagenome,ftp.sra.ebi.ac.uk/vol1/fastq/ERR357/006/ERR3574386/ERR3574386_1.fastq.gz;ftp.sra.ebi.ac.uk/vol1/fastq/ERR357/006/ERR3574386/ERR3574386_2.fastq.gz,ftp.sra.ebi.ac.uk/vol1/run/ERR357/ERR3574386/WTCHG_456624_213156.bam,,WTCHG_456624_213156,RHB07
PRJEB34634,SAMEA5989477,ERX3572625,ERR3574387,749907,sediment metagenome,ftp.sra.ebi.ac.uk/vol1/fastq/ERR357/007/ERR3574387/ERR3574387_1.fastq.gz;ftp.sra.ebi.ac.uk/vol1/fastq/ERR357/007/ERR3574387/ERR3574387_2.fastq.gz,ftp.sra.ebi.ac.uk/vol1/run/ERR357/ERR3574387/WTCHG_457295_213156.bam,,WTCHG_457295_213156,RHB07
PRJEB34634,SAMEA5989477,ERX3572626,ERR3574388,749907,sediment metagenome,ftp.sra.ebi.ac.uk/vol1/fastq/ERR357/008/ERR3574388/ERR3574388_1.fastq.gz;ftp.sra.ebi.ac.uk/vol1/fastq/ERR357/008/ERR3574388/ERR3574388_2.fastq.gz,ftp.sra.ebi.ac.uk/vol1/run/ERR357/ERR3574388/WTCHG_457296_213156.bam,,WTCHG_457296_213156,RHB07
PRJEB34634,SAMEA5989477,ERX3572627,ERR3574389,749907,sediment metagenome,ftp.sra.ebi.ac.uk/vol1/fastq/ERR357/009/ERR3574389/ERR3574389_1.fastq.gz;ftp.sra.ebi.ac.uk/vol1/fastq/ERR357/009/ERR3574389/ERR3574389_2.fastq.gz,ftp.sra.ebi.ac.uk/vol1/run/ERR357/ERR3574389/WTCHG_457297_213156.bam,,WTCHG_457297_213156,RHB07
PRJEB34634,SAMEA5989477,ERX3572628,ERR3574390,749907,sediment metagenome,ftp.sra.ebi.ac.uk/vol1/fastq/ERR357/000/ERR3574390/ERR3574390_1.fastq.gz;ftp.sra.ebi.ac.uk/vol1/fastq/ERR357/000/ERR3574390/ERR3574390_2.fastq.gz,ftp.sra.ebi.ac.uk/vol1/run/ERR357/ERR3574390/WTCHG_457298_213156.bam,,WTCHG_457298_213156,RHB07
PRJEB34634,SAMEA5989477,ERX3572629,ERR3574391,749907,sediment metagenome,ftp.sra.ebi.ac.uk/vol1/fastq/ERR357/001/ERR3574391/ERR3574391_1.fastq.gz;ftp.sra.ebi.ac.uk/vol1/fastq/ERR357/001/ERR3574391/ERR3574391_2.fastq.gz,ftp.sra.ebi.ac.uk/vol1/run/ERR357/ERR3574391/WTCHG_457710_213156.bam,,WTCHG_457710_213156,RHB07
PRJEB34634,SAMEA5989477,ERX3572630,ERR3574392,749907,sediment metagenome,ftp.sra.ebi.ac.uk/vol1/fastq/ERR357/002/ERR3574392/ERR3574392_1.fastq.gz;ftp.sra.ebi.ac.uk/vol1/fastq/ERR357/002/ERR3574392/ERR3574392_2.fastq.gz,ftp.sra.ebi.ac.uk/vol1/run/ERR357/ERR3574392/WTCHG_457711_213156.bam,,WTCHG_457711_213156,RHB07
PRJEB34634,SAMEA5989477,ERX3572631,ERR3574393,749907,sediment metagenome,ftp.sra.ebi.ac.uk/vol1/fastq/ERR357/003/ERR3574393/ERR3574393_1.fastq.gz;ftp.sra.ebi.ac.uk/vol1/fastq/ERR357/003/ERR3574393/ERR3574393_2.fastq.gz,ftp.sra.ebi.ac.uk/vol1/run/ERR357/ERR3574393/WTCHG_457712_213156.bam,,WTCHG_457712_213156,RHB07
PRJEB34634,SAMEA5989477,ERX3572632,ERR3574394,749907,sediment metagenome,ftp.sra.ebi.ac.uk/vol1/fastq/ERR357/004/ERR3574394/ERR3574394_1.fastq.gz;ftp.sra.ebi.ac.uk/vol1/fastq/ERR357/004/ERR3574394/ERR3574394_2.fastq.gz,ftp.sra.ebi.ac.uk/vol1/run/ERR357/ERR3574394/WTCHG_457713_213156.bam,,WTCHG_457713_213156,RHB07
PRJEB34634,SAMEA5989477,ERX3572633,ERR3574395,749907,sediment metagenome,ftp.sra.ebi.ac.uk/vol1/fastq/ERR357/005/ERR3574395/ERR3574395_1.fastq.gz;ftp.sra.ebi.ac.uk/vol1/fastq/ERR357/005/ERR3574395/ERR3574395_2.fastq.gz,ftp.sra.ebi.ac.uk/vol1/run/ERR357/ERR3574395/WTCHG_457714_213156.bam,,WTCHG_457714_213156,RHB07
PRJEB34634,SAMEA5989477,ERX3572634,ERR3574396,749907,sediment metagenome,ftp.sra.ebi.ac.uk/vol1/fastq/ERR357/006/ERR3574396/ERR3574396_1.fastq.gz;ftp.sra.ebi.ac.uk/vol1/fastq/ERR357/006/ERR3574396/ERR3574396_2.fastq.gz,ftp.sra.ebi.ac.uk/vol1/run/ERR357/ERR3574396/WTCHG_461227_213156.bam,,WTCHG_461227_213156,RHB07
PRJEB34634,SAMEA5989477,ERX3572635,ERR3574397,749907,sediment metagenome,ftp.sra.ebi.ac.uk/vol1/fastq/ERR357/007/ERR3574397/ERR3574397_1.fastq.gz;ftp.sra.ebi.ac.uk/vol1/fastq/ERR357/007/ERR3574397/ERR3574397_2.fastq.gz,ftp.sra.ebi.ac.uk/vol1/run/ERR357/ERR3574397/WTCHG_461228_213156.bam,,WTCHG_461228_213156,RHB07
PRJEB34634,SAMEA5989477,ERX3572636,ERR3574398,749907,sediment metagenome,ftp.sra.ebi.ac.uk/vol1/fastq/ERR357/008/ERR3574398/ERR3574398_1.fastq.gz;ftp.sra.ebi.ac.uk/vol1/fastq/ERR357/008/ERR3574398/ERR3574398_2.fastq.gz,ftp.sra.ebi.ac.uk/vol1/run/ERR357/ERR3574398/WTCHG_455360_214168.bam,,WTCHG_455360_214168,RHB08
PRJEB34634,SAMEA5989477,ERX3572637,ERR3574399,749907,sediment metagenome,ftp.sra.ebi.ac.uk/vol1/fastq/ERR357/009/ERR3574399/ERR3574399_1.fastq.gz;ftp.sra.ebi.ac.uk/vol1/fastq/ERR357/009/ERR3574399/ERR3574399_2.fastq.gz,ftp.sra.ebi.ac.uk/vol1/run/ERR357/ERR3574399/WTCHG_456624_214168.bam,,WTCHG_456624_214168,RHB08
PRJEB34634,SAMEA5989477,ERX3572638,ERR3574400,749907,sediment metagenome,ftp.sra.ebi.ac.uk/vol1/fastq/ERR357/000/ERR3574400/ERR3574400_1.fastq.gz;ftp.sra.ebi.ac.uk/vol1/fastq/ERR357/000/ERR3574400/ERR3574400_2.fastq.gz,ftp.sra.ebi.ac.uk/vol1/run/ERR357/ERR3574400/WTCHG_457295_214168.bam,,WTCHG_457295_214168,RHB08
PRJEB34634,SAMEA5989477,ERX3572639,ERR3574401,749907,sediment metagenome,ftp.sra.ebi.ac.uk/vol1/fastq/ERR357/001/ERR3574401/ERR3574401_1.fastq.gz;ftp.sra.ebi.ac.uk/vol1/fastq/ERR357/001/ERR3574401/ERR3574401_2.fastq.gz,ftp.sra.ebi.ac.uk/vol1/run/ERR357/ERR3574401/WTCHG_457296_214168.bam,,WTCHG_457296_214168,RHB08
PRJEB34634,SAMEA5989477,ERX3572640,ERR3574402,749907,sediment metagenome,ftp.sra.ebi.ac.uk/vol1/fastq/ERR357/002/ERR3574402/ERR3574402_1.fastq.gz;ftp.sra.ebi.ac.uk/vol1/fastq/ERR357/002/ERR3574402/ERR3574402_2.fastq.gz,ftp.sra.ebi.ac.uk/vol1/run/ERR357/ERR3574402/WTCHG_457297_214168.bam,,WTCHG_457297_214168,RHB08
PRJEB34634,SAMEA5989477,ERX3572641,ERR3574403,749907,sediment metagenome,ftp.sra.ebi.ac.uk/vol1/fastq/ERR357/003/ERR3574403/ERR3574403_1.fastq.gz;ftp.sra.ebi.ac.uk/vol1/fastq/ERR357/003/ERR3574403/ERR3574403_2.fastq.gz,ftp.sra.ebi.ac.uk/vol1/run/ERR357/ERR3574403/WTCHG_457298_214168.bam,,WTCHG_457298_214168,RHB08
PRJEB34634,SAMEA5989477,ERX3572642,ERR3574404,749907,sediment metagenome,ftp.sra.ebi.ac.uk/vol1/fastq/ERR357/004/ERR3574404/ERR3574404_1.fastq.gz;ftp.sra.ebi.ac.uk/vol1/fastq/ERR357/004/ERR3574404/ERR3574404_2.fastq.gz,ftp.sra.ebi.ac.uk/vol1/run/ERR357/ERR3574404/WTCHG_457710_214168.bam,,WTCHG_457710_214168,RHB08
PRJEB34634,SAMEA5989477,ERX3572643,ERR3574405,749907,sediment metagenome,ftp.sra.ebi.ac.uk/vol1/fastq/ERR357/005/ERR3574405/ERR3574405_1.fastq.gz;ftp.sra.ebi.ac.uk/vol1/fastq/ERR357/005/ERR3574405/ERR3574405_2.fastq.gz,ftp.sra.ebi.ac.uk/vol1/run/ERR357/ERR3574405/WTCHG_457711_214168.bam,,WTCHG_457711_214168,RHB08
PRJEB34634,SAMEA5989477,ERX3572644,ERR3574406,749907,sediment metagenome,ftp.sra.ebi.ac.uk/vol1/fastq/ERR357/006/ERR3574406/ERR3574406_1.fastq.gz;ftp.sra.ebi.ac.uk/vol1/fastq/ERR357/006/ERR3574406/ERR3574406_2.fastq.gz,ftp.sra.ebi.ac.uk/vol1/run/ERR357/ERR3574406/WTCHG_457712_214168.bam,,WTCHG_457712_214168,RHB08
PRJEB34634,SAMEA5989477,ERX3572645,ERR3574407,749907,sediment metagenome,ftp.sra.ebi.ac.uk/vol1/fastq/ERR357/007/ERR3574407/ERR3574407_1.fastq.gz;ftp.sra.ebi.ac.uk/vol1/fastq/ERR357/007/ERR3574407/ERR3574407_2.fastq.gz,ftp.sra.ebi.ac.uk/vol1/run/ERR357/ERR3574407/WTCHG_457713_214168.bam,,WTCHG_457713_214168,RHB08
PRJEB34634,SAMEA5989477,ERX3572646,ERR3574408,749907,sediment metagenome,ftp.sra.ebi.ac.uk/vol1/fastq/ERR357/008/ERR3574408/ERR3574408_1.fastq.gz;ftp.sra.ebi.ac.uk/vol1/fastq/ERR357/008/ERR3574408/ERR3574408_2.fastq.gz,ftp.sra.ebi.ac.uk/vol1/run/ERR357/ERR3574408/WTCHG_457714_214168.bam,,WTCHG_457714_214168,RHB08
PRJEB34634,SAMEA5989477,ERX3572647,ERR3574409,749907,sediment metagenome,ftp.sra.ebi.ac.uk/vol1/fastq/ERR357/009/ERR3574409/ERR3574409_1.fastq.gz;ftp.sra.ebi.ac.uk/vol1/fastq/ERR357/009/ERR3574409/ERR3574409_2.fastq.gz,ftp.sra.ebi.ac.uk/vol1/run/ERR357/ERR3574409/WTCHG_461227_214168.bam,,WTCHG_461227_214168,RHB08
PRJEB34634,SAMEA5989477,ERX3572648,ERR3574410,749907,sediment metagenome,ftp.sra.ebi.ac.uk/vol1/fastq/ERR357/000/ERR3574410/ERR3574410_1.fastq.gz;ftp.sra.ebi.ac.uk/vol1/fastq/ERR357/000/ERR3574410/ERR3574410_2.fastq.gz,ftp.sra.ebi.ac.uk/vol1/run/ERR357/ERR3574410/WTCHG_461228_214168.bam,,WTCHG_461228_214168,RHB08
PRJEB34634,SAMEA5989477,ERX3572649,ERR3574411,749907,sediment metagenome,ftp.sra.ebi.ac.uk/vol1/fastq/ERR357/001/ERR3574411/ERR3574411_1.fastq.gz;ftp.sra.ebi.ac.uk/vol1/fastq/ERR357/001/ERR3574411/ERR3574411_2.fastq.gz,ftp.sra.ebi.ac.uk/vol1/run/ERR357/ERR3574411/WTCHG_455360_215180.bam,,WTCHG_455360_215180,RHB09
PRJEB34634,SAMEA5989477,ERX3572650,ERR3574412,749907,sediment metagenome,ftp.sra.ebi.ac.uk/vol1/fastq/ERR357/002/ERR3574412/ERR3574412_1.fastq.gz;ftp.sra.ebi.ac.uk/vol1/fastq/ERR357/002/ERR3574412/ERR3574412_2.fastq.gz,ftp.sra.ebi.ac.uk/vol1/run/ERR357/ERR3574412/WTCHG_456624_215180.bam,,WTCHG_456624_215180,RHB09
PRJEB34634,SAMEA5989477,ERX3572651,ERR3574413,749907,sediment metagenome,ftp.sra.ebi.ac.uk/vol1/fastq/ERR357/003/ERR3574413/ERR3574413_1.fastq.gz;ftp.sra.ebi.ac.uk/vol1/fastq/ERR357/003/ERR3574413/ERR3574413_2.fastq.gz,ftp.sra.ebi.ac.uk/vol1/run/ERR357/ERR3574413/WTCHG_457295_215180.bam,,WTCHG_457295_215180,RHB09
PRJEB34634,SAMEA5989477,ERX3572652,ERR3574414,749907,sediment metagenome,ftp.sra.ebi.ac.uk/vol1/fastq/ERR357/004/ERR3574414/ERR3574414_1.fastq.gz;ftp.sra.ebi.ac.uk/vol1/fastq/ERR357/004/ERR3574414/ERR3574414_2.fastq.gz,ftp.sra.ebi.ac.uk/vol1/run/ERR357/ERR3574414/WTCHG_457296_215180.bam,,WTCHG_457296_215180,RHB09
PRJEB34634,SAMEA5989477,ERX3572653,ERR3574415,749907,sediment metagenome,ftp.sra.ebi.ac.uk/vol1/fastq/ERR357/005/ERR3574415/ERR3574415_1.fastq.gz;ftp.sra.ebi.ac.uk/vol1/fastq/ERR357/005/ERR3574415/ERR3574415_2.fastq.gz,ftp.sra.ebi.ac.uk/vol1/run/ERR357/ERR3574415/WTCHG_457297_215180.bam,,WTCHG_457297_215180,RHB09
PRJEB34634,SAMEA5989477,ERX3572654,ERR3574416,749907,sediment metagenome,ftp.sra.ebi.ac.uk/vol1/fastq/ERR357/006/ERR3574416/ERR3574416_1.fastq.gz;ftp.sra.ebi.ac.uk/vol1/fastq/ERR357/006/ERR3574416/ERR3574416_2.fastq.gz,ftp.sra.ebi.ac.uk/vol1/run/ERR357/ERR3574416/WTCHG_457298_215180.bam,,WTCHG_457298_215180,RHB09
PRJEB34634,SAMEA5989477,ERX3572655,ERR3574417,749907,sediment metagenome,ftp.sra.ebi.ac.uk/vol1/fastq/ERR357/007/ERR3574417/ERR3574417_1.fastq.gz;ftp.sra.ebi.ac.uk/vol1/fastq/ERR357/007/ERR3574417/ERR3574417_2.fastq.gz,ftp.sra.ebi.ac.uk/vol1/run/ERR357/ERR3574417/WTCHG_457710_215180.bam,,WTCHG_457710_215180,RHB09
PRJEB34634,SAMEA5989477,ERX3572656,ERR3574418,749907,sediment metagenome,ftp.sra.ebi.ac.uk/vol1/fastq/ERR357/008/ERR3574418/ERR3574418_1.fastq.gz;ftp.sra.ebi.ac.uk/vol1/fastq/ERR357/008/ERR3574418/ERR3574418_2.fastq.gz,ftp.sra.ebi.ac.uk/vol1/run/ERR357/ERR3574418/WTCHG_457711_215180.bam,,WTCHG_457711_215180,RHB09
PRJEB34634,SAMEA5989477,ERX3572657,ERR3574419,749907,sediment metagenome,ftp.sra.ebi.ac.uk/vol1/fastq/ERR357/009/ERR3574419/ERR3574419_1.fastq.gz;ftp.sra.ebi.ac.uk/vol1/fastq/ERR357/009/ERR3574419/ERR3574419_2.fastq.gz,ftp.sra.ebi.ac.uk/vol1/run/ERR357/ERR3574419/WTCHG_457712_215180.bam,,WTCHG_457712_215180,RHB09
PRJEB34634,SAMEA5989477,ERX3572658,ERR3574420,749907,sediment metagenome,ftp.sra.ebi.ac.uk/vol1/fastq/ERR357/000/ERR3574420/ERR3574420_1.fastq.gz;ftp.sra.ebi.ac.uk/vol1/fastq/ERR357/000/ERR3574420/ERR3574420_2.fastq.gz,ftp.sra.ebi.ac.uk/vol1/run/ERR357/ERR3574420/WTCHG_457713_215180.bam,,WTCHG_457713_215180,RHB09
PRJEB34634,SAMEA5989477,ERX3572659,ERR3574421,749907,sediment metagenome,ftp.sra.ebi.ac.uk/vol1/fastq/ERR357/001/ERR3574421/ERR3574421_1.fastq.gz;ftp.sra.ebi.ac.uk/vol1/fastq/ERR357/001/ERR3574421/ERR3574421_2.fastq.gz,ftp.sra.ebi.ac.uk/vol1/run/ERR357/ERR3574421/WTCHG_457714_215180.bam,,WTCHG_457714_215180,RHB09
PRJEB34634,SAMEA5989477,ERX3572660,ERR3574422,749907,sediment metagenome,ftp.sra.ebi.ac.uk/vol1/fastq/ERR357/002/ERR3574422/ERR3574422_1.fastq.gz;ftp.sra.ebi.ac.uk/vol1/fastq/ERR357/002/ERR3574422/ERR3574422_2.fastq.gz,ftp.sra.ebi.ac.uk/vol1/run/ERR357/ERR3574422/WTCHG_461227_215180.bam,,WTCHG_461227_215180,RHB09
PRJEB34634,SAMEA5989477,ERX3572661,ERR3574423,749907,sediment metagenome,ftp.sra.ebi.ac.uk/vol1/fastq/ERR357/003/ERR3574423/ERR3574423_1.fastq.gz;ftp.sra.ebi.ac.uk/vol1/fastq/ERR357/003/ERR3574423/ERR3574423_2.fastq.gz,ftp.sra.ebi.ac.uk/vol1/run/ERR357/ERR3574423/WTCHG_461228_215180.bam,,WTCHG_461228_215180,RHB09
PRJEB34634,SAMEA5989477,ERX3572662,ERR3574424,749907,sediment metagenome,ftp.sra.ebi.ac.uk/vol1/fastq/ERR357/004/ERR3574424/ERR3574424_1.fastq.gz;ftp.sra.ebi.ac.uk/vol1/fastq/ERR357/004/ERR3574424/ERR3574424_2.fastq.gz,ftp.sra.ebi.ac.uk/vol1/run/ERR357/ERR3574424/WTCHG_455360_216192.bam,,WTCHG_455360_216192,RHB10
PRJEB34634,SAMEA5989477,ERX3572663,ERR3574425,749907,sediment metagenome,ftp.sra.ebi.ac.uk/vol1/fastq/ERR357/005/ERR3574425/ERR3574425_1.fastq.gz;ftp.sra.ebi.ac.uk/vol1/fastq/ERR357/005/ERR3574425/ERR3574425_2.fastq.gz,ftp.sra.ebi.ac.uk/vol1/run/ERR357/ERR3574425/WTCHG_456624_216192.bam,,WTCHG_456624_216192,RHB10
PRJEB34634,SAMEA5989477,ERX3572664,ERR3574426,749907,sediment metagenome,ftp.sra.ebi.ac.uk/vol1/fastq/ERR357/006/ERR3574426/ERR3574426_1.fastq.gz;ftp.sra.ebi.ac.uk/vol1/fastq/ERR357/006/ERR3574426/ERR3574426_2.fastq.gz,ftp.sra.ebi.ac.uk/vol1/run/ERR357/ERR3574426/WTCHG_457295_216192.bam,,WTCHG_457295_216192,RHB10
PRJEB34634,SAMEA5989477,ERX3572665,ERR3574427,749907,sediment metagenome,ftp.sra.ebi.ac.uk/vol1/fastq/ERR357/007/ERR3574427/ERR3574427_1.fastq.gz;ftp.sra.ebi.ac.uk/vol1/fastq/ERR357/007/ERR3574427/ERR3574427_2.fastq.gz,ftp.sra.ebi.ac.uk/vol1/run/ERR357/ERR3574427/WTCHG_457296_216192.bam,,WTCHG_457296_216192,RHB10
PRJEB34634,SAMEA5989477,ERX3572666,ERR3574428,749907,sediment metagenome,ftp.sra.ebi.ac.uk/vol1/fastq/ERR357/008/ERR3574428/ERR3574428_1.fastq.gz;ftp.sra.ebi.ac.uk/vol1/fastq/ERR357/008/ERR3574428/ERR3574428_2.fastq.gz,ftp.sra.ebi.ac.uk/vol1/run/ERR357/ERR3574428/WTCHG_457297_216192.bam,,WTCHG_457297_216192,RHB10
PRJEB34634,SAMEA5989477,ERX3572667,ERR3574429,749907,sediment metagenome,ftp.sra.ebi.ac.uk/vol1/fastq/ERR357/009/ERR3574429/ERR3574429_1.fastq.gz;ftp.sra.ebi.ac.uk/vol1/fastq/ERR357/009/ERR3574429/ERR3574429_2.fastq.gz,ftp.sra.ebi.ac.uk/vol1/run/ERR357/ERR3574429/WTCHG_457298_216192.bam,,WTCHG_457298_216192,RHB10
PRJEB34634,SAMEA5989477,ERX3572668,ERR3574430,749907,sediment metagenome,ftp.sra.ebi.ac.uk/vol1/fastq/ERR357/000/ERR3574430/ERR3574430_1.fastq.gz;ftp.sra.ebi.ac.uk/vol1/fastq/ERR357/000/ERR3574430/ERR3574430_2.fastq.gz,ftp.sra.ebi.ac.uk/vol1/run/ERR357/ERR3574430/WTCHG_457710_216192.bam,,WTCHG_457710_216192,RHB10
PRJEB34634,SAMEA5989477,ERX3572669,ERR3574431,749907,sediment metagenome,ftp.sra.ebi.ac.uk/vol1/fastq/ERR357/001/ERR3574431/ERR3574431_1.fastq.gz;ftp.sra.ebi.ac.uk/vol1/fastq/ERR357/001/ERR3574431/ERR3574431_2.fastq.gz,ftp.sra.ebi.ac.uk/vol1/run/ERR357/ERR3574431/WTCHG_457711_216192.bam,,WTCHG_457711_216192,RHB10
PRJEB34634,SAMEA5989477,ERX3572670,ERR3574432,749907,sediment metagenome,ftp.sra.ebi.ac.uk/vol1/fastq/ERR357/002/ERR3574432/ERR3574432_1.fastq.gz;ftp.sra.ebi.ac.uk/vol1/fastq/ERR357/002/ERR3574432/ERR3574432_2.fastq.gz,ftp.sra.ebi.ac.uk/vol1/run/ERR357/ERR3574432/WTCHG_457712_216192.bam,,WTCHG_457712_216192,RHB10
PRJEB34634,SAMEA5989477,ERX3572671,ERR3574433,749907,sediment metagenome,ftp.sra.ebi.ac.uk/vol1/fastq/ERR357/003/ERR3574433/ERR3574433_1.fastq.gz;ftp.sra.ebi.ac.uk/vol1/fastq/ERR357/003/ERR3574433/ERR3574433_2.fastq.gz,ftp.sra.ebi.ac.uk/vol1/run/ERR357/ERR3574433/WTCHG_457713_216192.bam,,WTCHG_457713_216192,RHB10
PRJEB34634,SAMEA5989477,ERX3572672,ERR3574434,749907,sediment metagenome,ftp.sra.ebi.ac.uk/vol1/fastq/ERR357/004/ERR3574434/ERR3574434_1.fastq.gz;ftp.sra.ebi.ac.uk/vol1/fastq/ERR357/004/ERR3574434/ERR3574434_2.fastq.gz,ftp.sra.ebi.ac.uk/vol1/run/ERR357/ERR3574434/WTCHG_457714_216192.bam,,WTCHG_457714_216192,RHB10
PRJEB34634,SAMEA5989477,ERX3572673,ERR3574435,749907,sediment metagenome,ftp.sra.ebi.ac.uk/vol1/fastq/ERR357/005/ERR3574435/ERR3574435_1.fastq.gz;ftp.sra.ebi.ac.uk/vol1/fastq/ERR357/005/ERR3574435/ERR3574435_2.fastq.gz,ftp.sra.ebi.ac.uk/vol1/run/ERR357/ERR3574435/WTCHG_461227_216192.bam,,WTCHG_461227_216192,RHB10
PRJEB34634,SAMEA5989477,ERX3572674,ERR3574436,749907,sediment metagenome,ftp.sra.ebi.ac.uk/vol1/fastq/ERR357/006/ERR3574436/ERR3574436_1.fastq.gz;ftp.sra.ebi.ac.uk/vol1/fastq/ERR357/006/ERR3574436/ERR3574436_2.fastq.gz,ftp.sra.ebi.ac.uk/vol1/run/ERR357/ERR3574436/WTCHG_461228_216192.bam,,WTCHG_461228_216192,RHB10
PRJEB34634,SAMEA5989477,ERX3572675,ERR3574437,749907,sediment metagenome,ftp.sra.ebi.ac.uk/vol1/fastq/ERR357/007/ERR3574437/ERR3574437_1.fastq.gz;ftp.sra.ebi.ac.uk/vol1/fastq/ERR357/007/ERR3574437/ERR3574437_2.fastq.gz,ftp.sra.ebi.ac.uk/vol1/run/ERR357/ERR3574437/WTCHG_455360_217109.bam,,WTCHG_455360_217109,RHB11
PRJEB34634,SAMEA5989477,ERX3572676,ERR3574438,749907,sediment metagenome,ftp.sra.ebi.ac.uk/vol1/fastq/ERR357/008/ERR3574438/ERR3574438_1.fastq.gz;ftp.sra.ebi.ac.uk/vol1/fastq/ERR357/008/ERR3574438/ERR3574438_2.fastq.gz,ftp.sra.ebi.ac.uk/vol1/run/ERR357/ERR3574438/WTCHG_456624_217109.bam,,WTCHG_456624_217109,RHB11
PRJEB34634,SAMEA5989477,ERX3572677,ERR3574439,749907,sediment metagenome,ftp.sra.ebi.ac.uk/vol1/fastq/ERR357/009/ERR3574439/ERR3574439_1.fastq.gz;ftp.sra.ebi.ac.uk/vol1/fastq/ERR357/009/ERR3574439/ERR3574439_2.fastq.gz,ftp.sra.ebi.ac.uk/vol1/run/ERR357/ERR3574439/WTCHG_457295_217109.bam,,WTCHG_457295_217109,RHB11
PRJEB34634,SAMEA5989477,ERX3572678,ERR3574440,749907,sediment metagenome,ftp.sra.ebi.ac.uk/vol1/fastq/ERR357/000/ERR3574440/ERR3574440_1.fastq.gz;ftp.sra.ebi.ac.uk/vol1/fastq/ERR357/000/ERR3574440/ERR3574440_2.fastq.gz,ftp.sra.ebi.ac.uk/vol1/run/ERR357/ERR3574440/WTCHG_457296_217109.bam,,WTCHG_457296_217109,RHB11
PRJEB34634,SAMEA5989477,ERX3572679,ERR3574441,749907,sediment metagenome,ftp.sra.ebi.ac.uk/vol1/fastq/ERR357/001/ERR3574441/ERR3574441_1.fastq.gz;ftp.sra.ebi.ac.uk/vol1/fastq/ERR357/001/ERR3574441/ERR3574441_2.fastq.gz,ftp.sra.ebi.ac.uk/vol1/run/ERR357/ERR3574441/WTCHG_457297_217109.bam,,WTCHG_457297_217109,RHB11
PRJEB34634,SAMEA5989477,ERX3572680,ERR3574442,749907,sediment metagenome,ftp.sra.ebi.ac.uk/vol1/fastq/ERR357/002/ERR3574442/ERR3574442_1.fastq.gz;ftp.sra.ebi.ac.uk/vol1/fastq/ERR357/002/ERR3574442/ERR3574442_2.fastq.gz,ftp.sra.ebi.ac.uk/vol1/run/ERR357/ERR3574442/WTCHG_457298_217109.bam,,WTCHG_457298_217109,RHB11
PRJEB34634,SAMEA5989477,ERX3572681,ERR3574443,749907,sediment metagenome,ftp.sra.ebi.ac.uk/vol1/fastq/ERR357/003/ERR3574443/ERR3574443_1.fastq.gz;ftp.sra.ebi.ac.uk/vol1/fastq/ERR357/003/ERR3574443/ERR3574443_2.fastq.gz,ftp.sra.ebi.ac.uk/vol1/run/ERR357/ERR3574443/WTCHG_457710_217109.bam,,WTCHG_457710_217109,RHB11
PRJEB34634,SAMEA5989477,ERX3572682,ERR3574444,749907,sediment metagenome,ftp.sra.ebi.ac.uk/vol1/fastq/ERR357/004/ERR3574444/ERR3574444_1.fastq.gz;ftp.sra.ebi.ac.uk/vol1/fastq/ERR357/004/ERR3574444/ERR3574444_2.fastq.gz,ftp.sra.ebi.ac.uk/vol1/run/ERR357/ERR3574444/WTCHG_457711_217109.bam,,WTCHG_457711_217109,RHB11
PRJEB34634,SAMEA5989477,ERX3572683,ERR3574445,749907,sediment metagenome,ftp.sra.ebi.ac.uk/vol1/fastq/ERR357/005/ERR3574445/ERR3574445_1.fastq.gz;ftp.sra.ebi.ac.uk/vol1/fastq/ERR357/005/ERR3574445/ERR3574445_2.fastq.gz,ftp.sra.ebi.ac.uk/vol1/run/ERR357/ERR3574445/WTCHG_457712_217109.bam,,WTCHG_457712_217109,RHB11
PRJEB34634,SAMEA5989477,ERX3572684,ERR3574446,749907,sediment metagenome,ftp.sra.ebi.ac.uk/vol1/fastq/ERR357/006/ERR3574446/ERR3574446_1.fastq.gz;ftp.sra.ebi.ac.uk/vol1/fastq/ERR357/006/ERR3574446/ERR3574446_2.fastq.gz,ftp.sra.ebi.ac.uk/vol1/run/ERR357/ERR3574446/WTCHG_457713_217109.bam,,WTCHG_457713_217109,RHB11
PRJEB34634,SAMEA5989477,ERX3572685,ERR3574447,749907,sediment metagenome,ftp.sra.ebi.ac.uk/vol1/fastq/ERR357/007/ERR3574447/ERR3574447_1.fastq.gz;ftp.sra.ebi.ac.uk/vol1/fastq/ERR357/007/ERR3574447/ERR3574447_2.fastq.gz,ftp.sra.ebi.ac.uk/vol1/run/ERR357/ERR3574447/WTCHG_457714_217109.bam,,WTCHG_457714_217109,RHB11
PRJEB34634,SAMEA5989477,ERX3572686,ERR3574448,749907,sediment metagenome,ftp.sra.ebi.ac.uk/vol1/fastq/ERR357/008/ERR3574448/ERR3574448_1.fastq.gz;ftp.sra.ebi.ac.uk/vol1/fastq/ERR357/008/ERR3574448/ERR3574448_2.fastq.gz,ftp.sra.ebi.ac.uk/vol1/run/ERR357/ERR3574448/WTCHG_461227_217109.bam,,WTCHG_461227_217109,RHB11
PRJEB34634,SAMEA5989477,ERX3572687,ERR3574449,749907,sediment metagenome,ftp.sra.ebi.ac.uk/vol1/fastq/ERR357/009/ERR3574449/ERR3574449_1.fastq.gz;ftp.sra.ebi.ac.uk/vol1/fastq/ERR357/009/ERR3574449/ERR3574449_2.fastq.gz,ftp.sra.ebi.ac.uk/vol1/run/ERR357/ERR3574449/WTCHG_461228_217109.bam,,WTCHG_461228_217109,RHB11
PRJEB34634,SAMEA5989477,ERX3572688,ERR3574450,749907,sediment metagenome,ftp.sra.ebi.ac.uk/vol1/fastq/ERR357/000/ERR3574450/ERR3574450_1.fastq.gz;ftp.sra.ebi.ac.uk/vol1/fastq/ERR357/000/ERR3574450/ERR3574450_2.fastq.gz,ftp.sra.ebi.ac.uk/vol1/run/ERR357/ERR3574450/WTCHG_455360_218121.bam,,WTCHG_455360_218121,RHB12
PRJEB34634,SAMEA5989477,ERX3572689,ERR3574451,749907,sediment metagenome,ftp.sra.ebi.ac.uk/vol1/fastq/ERR357/001/ERR3574451/ERR3574451_1.fastq.gz;ftp.sra.ebi.ac.uk/vol1/fastq/ERR357/001/ERR3574451/ERR3574451_2.fastq.gz,ftp.sra.ebi.ac.uk/vol1/run/ERR357/ERR3574451/WTCHG_456624_218121.bam,,WTCHG_456624_218121,RHB12
PRJEB34634,SAMEA5989477,ERX3572690,ERR3574452,749907,sediment metagenome,ftp.sra.ebi.ac.uk/vol1/fastq/ERR357/002/ERR3574452/ERR3574452_1.fastq.gz;ftp.sra.ebi.ac.uk/vol1/fastq/ERR357/002/ERR3574452/ERR3574452_2.fastq.gz,ftp.sra.ebi.ac.uk/vol1/run/ERR357/ERR3574452/WTCHG_457295_218121.bam,,WTCHG_457295_218121,RHB12
PRJEB34634,SAMEA5989477,ERX3572691,ERR3574453,749907,sediment metagenome,ftp.sra.ebi.ac.uk/vol1/fastq/ERR357/003/ERR3574453/ERR3574453_1.fastq.gz;ftp.sra.ebi.ac.uk/vol1/fastq/ERR357/003/ERR3574453/ERR3574453_2.fastq.gz,ftp.sra.ebi.ac.uk/vol1/run/ERR357/ERR3574453/WTCHG_457296_218121.bam,,WTCHG_457296_218121,RHB12
PRJEB34634,SAMEA5989477,ERX3572692,ERR3574454,749907,sediment metagenome,ftp.sra.ebi.ac.uk/vol1/fastq/ERR357/004/ERR3574454/ERR3574454_1.fastq.gz;ftp.sra.ebi.ac.uk/vol1/fastq/ERR357/004/ERR3574454/ERR3574454_2.fastq.gz,ftp.sra.ebi.ac.uk/vol1/run/ERR357/ERR3574454/WTCHG_457297_218121.bam,,WTCHG_457297_218121,RHB12
PRJEB34634,SAMEA5989477,ERX3572693,ERR3574455,749907,sediment metagenome,ftp.sra.ebi.ac.uk/vol1/fastq/ERR357/005/ERR3574455/ERR3574455_1.fastq.gz;ftp.sra.ebi.ac.uk/vol1/fastq/ERR357/005/ERR3574455/ERR3574455_2.fastq.gz,ftp.sra.ebi.ac.uk/vol1/run/ERR357/ERR3574455/WTCHG_457298_218121.bam,,WTCHG_457298_218121,RHB12
PRJEB34634,SAMEA5989477,ERX3572694,ERR3574456,749907,sediment metagenome,ftp.sra.ebi.ac.uk/vol1/fastq/ERR357/006/ERR3574456/ERR3574456_1.fastq.gz;ftp.sra.ebi.ac.uk/vol1/fastq/ERR357/006/ERR3574456/ERR3574456_2.fastq.gz,ftp.sra.ebi.ac.uk/vol1/run/ERR357/ERR3574456/WTCHG_457710_218121.bam,,WTCHG_457710_218121,RHB12
PRJEB34634,SAMEA5989477,ERX3572695,ERR3574457,749907,sediment metagenome,ftp.sra.ebi.ac.uk/vol1/fastq/ERR357/007/ERR3574457/ERR3574457_1.fastq.gz;ftp.sra.ebi.ac.uk/vol1/fastq/ERR357/007/ERR3574457/ERR3574457_2.fastq.gz,ftp.sra.ebi.ac.uk/vol1/run/ERR357/ERR3574457/WTCHG_457711_218121.bam,,WTCHG_457711_218121,RHB12
PRJEB34634,SAMEA5989477,ERX3572696,ERR3574458,749907,sediment metagenome,ftp.sra.ebi.ac.uk/vol1/fastq/ERR357/008/ERR3574458/ERR3574458_1.fastq.gz;ftp.sra.ebi.ac.uk/vol1/fastq/ERR357/008/ERR3574458/ERR3574458_2.fastq.gz,ftp.sra.ebi.ac.uk/vol1/run/ERR357/ERR3574458/WTCHG_457712_218121.bam,,WTCHG_457712_218121,RHB12
PRJEB34634,SAMEA5989477,ERX3572697,ERR3574459,749907,sediment metagenome,ftp.sra.ebi.ac.uk/vol1/fastq/ERR357/009/ERR3574459/ERR3574459_1.fastq.gz;ftp.sra.ebi.ac.uk/vol1/fastq/ERR357/009/ERR3574459/ERR3574459_2.fastq.gz,ftp.sra.ebi.ac.uk/vol1/run/ERR357/ERR3574459/WTCHG_457713_218121.bam,,WTCHG_457713_218121,RHB12
PRJEB34634,SAMEA5989477,ERX3572698,ERR3574460,749907,sediment metagenome,ftp.sra.ebi.ac.uk/vol1/fastq/ERR357/000/ERR3574460/ERR3574460_1.fastq.gz;ftp.sra.ebi.ac.uk/vol1/fastq/ERR357/000/ERR3574460/ERR3574460_2.fastq.gz,ftp.sra.ebi.ac.uk/vol1/run/ERR357/ERR3574460/WTCHG_457714_218121.bam,,WTCHG_457714_218121,RHB12
PRJEB34634,SAMEA5989477,ERX3572699,ERR3574461,749907,sediment metagenome,ftp.sra.ebi.ac.uk/vol1/fastq/ERR357/001/ERR3574461/ERR3574461_1.fastq.gz;ftp.sra.ebi.ac.uk/vol1/fastq/ERR357/001/ERR3574461/ERR3574461_2.fastq.gz,ftp.sra.ebi.ac.uk/vol1/run/ERR357/ERR3574461/WTCHG_461227_218121.bam,,WTCHG_461227_218121,RHB12
PRJEB34634,SAMEA5989477,ERX3572700,ERR3574462,749907,sediment metagenome,ftp.sra.ebi.ac.uk/vol1/fastq/ERR357/002/ERR3574462/ERR3574462_1.fastq.gz;ftp.sra.ebi.ac.uk/vol1/fastq/ERR357/002/ERR3574462/ERR3574462_2.fastq.gz,ftp.sra.ebi.ac.uk/vol1/run/ERR357/ERR3574462/WTCHG_461228_218121.bam,,WTCHG_461228_218121,RHB12
PRJEB34634,SAMEA5989477,ERX3572701,ERR3574463,749907,sediment metagenome,ftp.sra.ebi.ac.uk/vol1/fastq/ERR357/003/ERR3574463/ERR3574463_1.fastq.gz;ftp.sra.ebi.ac.uk/vol1/fastq/ERR357/003/ERR3574463/ERR3574463_2.fastq.gz,ftp.sra.ebi.ac.uk/vol1/run/ERR357/ERR3574463/WTCHG_455360_219133.bam,,WTCHG_455360_219133,RHB13
PRJEB34634,SAMEA5989477,ERX3572702,ERR3574464,749907,sediment metagenome,ftp.sra.ebi.ac.uk/vol1/fastq/ERR357/004/ERR3574464/ERR3574464_1.fastq.gz;ftp.sra.ebi.ac.uk/vol1/fastq/ERR357/004/ERR3574464/ERR3574464_2.fastq.gz,ftp.sra.ebi.ac.uk/vol1/run/ERR357/ERR3574464/WTCHG_456624_219133.bam,,WTCHG_456624_219133,RHB13
PRJEB34634,SAMEA5989477,ERX3572703,ERR3574465,749907,sediment metagenome,ftp.sra.ebi.ac.uk/vol1/fastq/ERR357/005/ERR3574465/ERR3574465_1.fastq.gz;ftp.sra.ebi.ac.uk/vol1/fastq/ERR357/005/ERR3574465/ERR3574465_2.fastq.gz,ftp.sra.ebi.ac.uk/vol1/run/ERR357/ERR3574465/WTCHG_457295_219133.bam,,WTCHG_457295_219133,RHB13
PRJEB34634,SAMEA5989477,ERX3572704,ERR3574466,749907,sediment metagenome,ftp.sra.ebi.ac.uk/vol1/fastq/ERR357/006/ERR3574466/ERR3574466_1.fastq.gz;ftp.sra.ebi.ac.uk/vol1/fastq/ERR357/006/ERR3574466/ERR3574466_2.fastq.gz,ftp.sra.ebi.ac.uk/vol1/run/ERR357/ERR3574466/WTCHG_457296_219133.bam,,WTCHG_457296_219133,RHB13
PRJEB34634,SAMEA5989477,ERX3572705,ERR3574467,749907,sediment metagenome,ftp.sra.ebi.ac.uk/vol1/fastq/ERR357/007/ERR3574467/ERR3574467_1.fastq.gz;ftp.sra.ebi.ac.uk/vol1/fastq/ERR357/007/ERR3574467/ERR3574467_2.fastq.gz,ftp.sra.ebi.ac.uk/vol1/run/ERR357/ERR3574467/WTCHG_457297_219133.bam,,WTCHG_457297_219133,RHB13
PRJEB34634,SAMEA5989477,ERX3572706,ERR3574468,749907,sediment metagenome,ftp.sra.ebi.ac.uk/vol1/fastq/ERR357/008/ERR3574468/ERR3574468_1.fastq.gz;ftp.sra.ebi.ac.uk/vol1/fastq/ERR357/008/ERR3574468/ERR3574468_2.fastq.gz,ftp.sra.ebi.ac.uk/vol1/run/ERR357/ERR3574468/WTCHG_457298_219133.bam,,WTCHG_457298_219133,RHB13
PRJEB34634,SAMEA5989477,ERX3572707,ERR3574469,749907,sediment metagenome,ftp.sra.ebi.ac.uk/vol1/fastq/ERR357/009/ERR3574469/ERR3574469_1.fastq.gz;ftp.sra.ebi.ac.uk/vol1/fastq/ERR357/009/ERR3574469/ERR3574469_2.fastq.gz,ftp.sra.ebi.ac.uk/vol1/run/ERR357/ERR3574469/WTCHG_457710_219133.bam,,WTCHG_457710_219133,RHB13
PRJEB34634,SAMEA5989477,ERX3572708,ERR3574470,749907,sediment metagenome,ftp.sra.ebi.ac.uk/vol1/fastq/ERR357/000/ERR3574470/ERR3574470_1.fastq.gz;ftp.sra.ebi.ac.uk/vol1/fastq/ERR357/000/ERR3574470/ERR3574470_2.fastq.gz,ftp.sra.ebi.ac.uk/vol1/run/ERR357/ERR3574470/WTCHG_457711_219133.bam,,WTCHG_457711_219133,RHB13
PRJEB34634,SAMEA5989477,ERX3572709,ERR3574471,749907,sediment metagenome,ftp.sra.ebi.ac.uk/vol1/fastq/ERR357/001/ERR3574471/ERR3574471_1.fastq.gz;ftp.sra.ebi.ac.uk/vol1/fastq/ERR357/001/ERR3574471/ERR3574471_2.fastq.gz,ftp.sra.ebi.ac.uk/vol1/run/ERR357/ERR3574471/WTCHG_457712_219133.bam,,WTCHG_457712_219133,RHB13
PRJEB34634,SAMEA5989477,ERX3572710,ERR3574472,749907,sediment metagenome,ftp.sra.ebi.ac.uk/vol1/fastq/ERR357/002/ERR3574472/ERR3574472_1.fastq.gz;ftp.sra.ebi.ac.uk/vol1/fastq/ERR357/002/ERR3574472/ERR3574472_2.fastq.gz,ftp.sra.ebi.ac.uk/vol1/run/ERR357/ERR3574472/WTCHG_457713_219133.bam,,WTCHG_457713_219133,RHB13
PRJEB34634,SAMEA5989477,ERX3572711,ERR3574473,749907,sediment metagenome,ftp.sra.ebi.ac.uk/vol1/fastq/ERR357/003/ERR3574473/ERR3574473_1.fastq.gz;ftp.sra.ebi.ac.uk/vol1/fastq/ERR357/003/ERR3574473/ERR3574473_2.fastq.gz,ftp.sra.ebi.ac.uk/vol1/run/ERR357/ERR3574473/WTCHG_457714_219133.bam,,WTCHG_457714_219133,RHB13
PRJEB34634,SAMEA5989477,ERX3572712,ERR3574474,749907,sediment metagenome,ftp.sra.ebi.ac.uk/vol1/fastq/ERR357/004/ERR3574474/ERR3574474_1.fastq.gz;ftp.sra.ebi.ac.uk/vol1/fastq/ERR357/004/ERR3574474/ERR3574474_2.fastq.gz,ftp.sra.ebi.ac.uk/vol1/run/ERR357/ERR3574474/WTCHG_461227_219133.bam,,WTCHG_461227_219133,RHB13
PRJEB34634,SAMEA5989477,ERX3572713,ERR3574475,749907,sediment metagenome,ftp.sra.ebi.ac.uk/vol1/fastq/ERR357/005/ERR3574475/ERR3574475_1.fastq.gz;ftp.sra.ebi.ac.uk/vol1/fastq/ERR357/005/ERR3574475/ERR3574475_2.fastq.gz,ftp.sra.ebi.ac.uk/vol1/run/ERR357/ERR3574475/WTCHG_461228_219133.bam,,WTCHG_461228_219133,RHB13
PRJEB34634,SAMEA5989477,ERX3572714,ERR3574476,749907,sediment metagenome,ftp.sra.ebi.ac.uk/vol1/fastq/ERR357/006/ERR3574476/ERR3574476_1.fastq.gz;ftp.sra.ebi.ac.uk/vol1/fastq/ERR357/006/ERR3574476/ERR3574476_2.fastq.gz,ftp.sra.ebi.ac.uk/vol1/run/ERR357/ERR3574476/WTCHG_455360_220145.bam,,WTCHG_455360_220145,RHB14
PRJEB34634,SAMEA5989477,ERX3572715,ERR3574477,749907,sediment metagenome,ftp.sra.ebi.ac.uk/vol1/fastq/ERR357/007/ERR3574477/ERR3574477_1.fastq.gz;ftp.sra.ebi.ac.uk/vol1/fastq/ERR357/007/ERR3574477/ERR3574477_2.fastq.gz,ftp.sra.ebi.ac.uk/vol1/run/ERR357/ERR3574477/WTCHG_456624_220145.bam,,WTCHG_456624_220145,RHB14
PRJEB34634,SAMEA5989477,ERX3572716,ERR3574478,749907,sediment metagenome,ftp.sra.ebi.ac.uk/vol1/fastq/ERR357/008/ERR3574478/ERR3574478_1.fastq.gz;ftp.sra.ebi.ac.uk/vol1/fastq/ERR357/008/ERR3574478/ERR3574478_2.fastq.gz,ftp.sra.ebi.ac.uk/vol1/run/ERR357/ERR3574478/WTCHG_457295_220145.bam,,WTCHG_457295_220145,RHB14
PRJEB34634,SAMEA5989477,ERX3572717,ERR3574479,749907,sediment metagenome,ftp.sra.ebi.ac.uk/vol1/fastq/ERR357/009/ERR3574479/ERR3574479_1.fastq.gz;ftp.sra.ebi.ac.uk/vol1/fastq/ERR357/009/ERR3574479/ERR3574479_2.fastq.gz,ftp.sra.ebi.ac.uk/vol1/run/ERR357/ERR3574479/WTCHG_457296_220145.bam,,WTCHG_457296_220145,RHB14
PRJEB34634,SAMEA5989477,ERX3572718,ERR3574480,749907,sediment metagenome,ftp.sra.ebi.ac.uk/vol1/fastq/ERR357/000/ERR3574480/ERR3574480_1.fastq.gz;ftp.sra.ebi.ac.uk/vol1/fastq/ERR357/000/ERR3574480/ERR3574480_2.fastq.gz,ftp.sra.ebi.ac.uk/vol1/run/ERR357/ERR3574480/WTCHG_457297_220145.bam,,WTCHG_457297_220145,RHB14
PRJEB34634,SAMEA5989477,ERX3572719,ERR3574481,749907,sediment metagenome,ftp.sra.ebi.ac.uk/vol1/fastq/ERR357/001/ERR3574481/ERR3574481_1.fastq.gz;ftp.sra.ebi.ac.uk/vol1/fastq/ERR357/001/ERR3574481/ERR3574481_2.fastq.gz,ftp.sra.ebi.ac.uk/vol1/run/ERR357/ERR3574481/WTCHG_457298_220145.bam,,WTCHG_457298_220145,RHB14
PRJEB34634,SAMEA5989477,ERX3572720,ERR3574482,749907,sediment metagenome,ftp.sra.ebi.ac.uk/vol1/fastq/ERR357/002/ERR3574482/ERR3574482_1.fastq.gz;ftp.sra.ebi.ac.uk/vol1/fastq/ERR357/002/ERR3574482/ERR3574482_2.fastq.gz,ftp.sra.ebi.ac.uk/vol1/run/ERR357/ERR3574482/WTCHG_457710_220145.bam,,WTCHG_457710_220145,RHB14
PRJEB34634,SAMEA5989477,ERX3572721,ERR3574483,749907,sediment metagenome,ftp.sra.ebi.ac.uk/vol1/fastq/ERR357/003/ERR3574483/ERR3574483_1.fastq.gz;ftp.sra.ebi.ac.uk/vol1/fastq/ERR357/003/ERR3574483/ERR3574483_2.fastq.gz,ftp.sra.ebi.ac.uk/vol1/run/ERR357/ERR3574483/WTCHG_457711_220145.bam,,WTCHG_457711_220145,RHB14
PRJEB34634,SAMEA5989477,ERX3572722,ERR3574484,749907,sediment metagenome,ftp.sra.ebi.ac.uk/vol1/fastq/ERR357/004/ERR3574484/ERR3574484_1.fastq.gz;ftp.sra.ebi.ac.uk/vol1/fastq/ERR357/004/ERR3574484/ERR3574484_2.fastq.gz,ftp.sra.ebi.ac.uk/vol1/run/ERR357/ERR3574484/WTCHG_457712_220145.bam,,WTCHG_457712_220145,RHB14
PRJEB34634,SAMEA5989477,ERX3572723,ERR3574485,749907,sediment metagenome,ftp.sra.ebi.ac.uk/vol1/fastq/ERR357/005/ERR3574485/ERR3574485_1.fastq.gz;ftp.sra.ebi.ac.uk/vol1/fastq/ERR357/005/ERR3574485/ERR3574485_2.fastq.gz,ftp.sra.ebi.ac.uk/vol1/run/ERR357/ERR3574485/WTCHG_457713_220145.bam,,WTCHG_457713_220145,RHB14
PRJEB34634,SAMEA5989477,ERX3572724,ERR3574486,749907,sediment metagenome,ftp.sra.ebi.ac.uk/vol1/fastq/ERR357/006/ERR3574486/ERR3574486_1.fastq.gz;ftp.sra.ebi.ac.uk/vol1/fastq/ERR357/006/ERR3574486/ERR3574486_2.fastq.gz,ftp.sra.ebi.ac.uk/vol1/run/ERR357/ERR3574486/WTCHG_457714_220145.bam,,WTCHG_457714_220145,RHB14
PRJEB34634,SAMEA5989477,ERX3572725,ERR3574487,749907,sediment metagenome,ftp.sra.ebi.ac.uk/vol1/fastq/ERR357/007/ERR3574487/ERR3574487_1.fastq.gz;ftp.sra.ebi.ac.uk/vol1/fastq/ERR357/007/ERR3574487/ERR3574487_2.fastq.gz,ftp.sra.ebi.ac.uk/vol1/run/ERR357/ERR3574487/WTCHG_461227_220145.bam,,WTCHG_461227_220145,RHB14
PRJEB34634,SAMEA5989477,ERX3572726,ERR3574488,749907,sediment metagenome,ftp.sra.ebi.ac.uk/vol1/fastq/ERR357/008/ERR3574488/ERR3574488_1.fastq.gz;ftp.sra.ebi.ac.uk/vol1/fastq/ERR357/008/ERR3574488/ERR3574488_2.fastq.gz,ftp.sra.ebi.ac.uk/vol1/run/ERR357/ERR3574488/WTCHG_461228_220145.bam,,WTCHG_461228_220145,RHB14
PRJEB34634,SAMEA5989477,ERX3572727,ERR3574489,749907,sediment metagenome,ftp.sra.ebi.ac.uk/vol1/fastq/ERR357/009/ERR3574489/ERR3574489_1.fastq.gz;ftp.sra.ebi.ac.uk/vol1/fastq/ERR357/009/ERR3574489/ERR3574489_2.fastq.gz,ftp.sra.ebi.ac.uk/vol1/run/ERR357/ERR3574489/WTCHG_455360_221157.bam,,WTCHG_455360_221157,RHB15
PRJEB34634,SAMEA5989477,ERX3572728,ERR3574490,749907,sediment metagenome,ftp.sra.ebi.ac.uk/vol1/fastq/ERR357/000/ERR3574490/ERR3574490_1.fastq.gz;ftp.sra.ebi.ac.uk/vol1/fastq/ERR357/000/ERR3574490/ERR3574490_2.fastq.gz,ftp.sra.ebi.ac.uk/vol1/run/ERR357/ERR3574490/WTCHG_456624_221157.bam,,WTCHG_456624_221157,RHB15
PRJEB34634,SAMEA5989477,ERX3572729,ERR3574491,749907,sediment metagenome,ftp.sra.ebi.ac.uk/vol1/fastq/ERR357/001/ERR3574491/ERR3574491_1.fastq.gz;ftp.sra.ebi.ac.uk/vol1/fastq/ERR357/001/ERR3574491/ERR3574491_2.fastq.gz,ftp.sra.ebi.ac.uk/vol1/run/ERR357/ERR3574491/WTCHG_457295_221157.bam,,WTCHG_457295_221157,RHB15
PRJEB34634,SAMEA5989477,ERX3572730,ERR3574492,749907,sediment metagenome,ftp.sra.ebi.ac.uk/vol1/fastq/ERR357/002/ERR3574492/ERR3574492_1.fastq.gz;ftp.sra.ebi.ac.uk/vol1/fastq/ERR357/002/ERR3574492/ERR3574492_2.fastq.gz,ftp.sra.ebi.ac.uk/vol1/run/ERR357/ERR3574492/WTCHG_457296_221157.bam,,WTCHG_457296_221157,RHB15
PRJEB34634,SAMEA5989477,ERX3572731,ERR3574493,749907,sediment metagenome,ftp.sra.ebi.ac.uk/vol1/fastq/ERR357/003/ERR3574493/ERR3574493_1.fastq.gz;ftp.sra.ebi.ac.uk/vol1/fastq/ERR357/003/ERR3574493/ERR3574493_2.fastq.gz,ftp.sra.ebi.ac.uk/vol1/run/ERR357/ERR3574493/WTCHG_457297_221157.bam,,WTCHG_457297_221157,RHB15
PRJEB34634,SAMEA5989477,ERX3572732,ERR3574494,749907,sediment metagenome,ftp.sra.ebi.ac.uk/vol1/fastq/ERR357/004/ERR3574494/ERR3574494_1.fastq.gz;ftp.sra.ebi.ac.uk/vol1/fastq/ERR357/004/ERR3574494/ERR3574494_2.fastq.gz,ftp.sra.ebi.ac.uk/vol1/run/ERR357/ERR3574494/WTCHG_457298_221157.bam,,WTCHG_457298_221157,RHB15
PRJEB34634,SAMEA5989477,ERX3572733,ERR3574495,749907,sediment metagenome,ftp.sra.ebi.ac.uk/vol1/fastq/ERR357/005/ERR3574495/ERR3574495_1.fastq.gz;ftp.sra.ebi.ac.uk/vol1/fastq/ERR357/005/ERR3574495/ERR3574495_2.fastq.gz,ftp.sra.ebi.ac.uk/vol1/run/ERR357/ERR3574495/WTCHG_457710_221157.bam,,WTCHG_457710_221157,RHB15
PRJEB34634,SAMEA5989477,ERX3572734,ERR3574496,749907,sediment metagenome,ftp.sra.ebi.ac.uk/vol1/fastq/ERR357/006/ERR3574496/ERR3574496_1.fastq.gz;ftp.sra.ebi.ac.uk/vol1/fastq/ERR357/006/ERR3574496/ERR3574496_2.fastq.gz,ftp.sra.ebi.ac.uk/vol1/run/ERR357/ERR3574496/WTCHG_457711_221157.bam,,WTCHG_457711_221157,RHB15
PRJEB34634,SAMEA5989477,ERX3572735,ERR3574497,749907,sediment metagenome,ftp.sra.ebi.ac.uk/vol1/fastq/ERR357/007/ERR3574497/ERR3574497_1.fastq.gz;ftp.sra.ebi.ac.uk/vol1/fastq/ERR357/007/ERR3574497/ERR3574497_2.fastq.gz,ftp.sra.ebi.ac.uk/vol1/run/ERR357/ERR3574497/WTCHG_457712_221157.bam,,WTCHG_457712_221157,RHB15
PRJEB34634,SAMEA5989477,ERX3572736,ERR3574498,749907,sediment metagenome,ftp.sra.ebi.ac.uk/vol1/fastq/ERR357/008/ERR3574498/ERR3574498_1.fastq.gz;ftp.sra.ebi.ac.uk/vol1/fastq/ERR357/008/ERR3574498/ERR3574498_2.fastq.gz,ftp.sra.ebi.ac.uk/vol1/run/ERR357/ERR3574498/WTCHG_457713_221157.bam,,WTCHG_457713_221157,RHB15
PRJEB34634,SAMEA5989477,ERX3572737,ERR3574499,749907,sediment metagenome,ftp.sra.ebi.ac.uk/vol1/fastq/ERR357/009/ERR3574499/ERR3574499_1.fastq.gz;ftp.sra.ebi.ac.uk/vol1/fastq/ERR357/009/ERR3574499/ERR3574499_2.fastq.gz,ftp.sra.ebi.ac.uk/vol1/run/ERR357/ERR3574499/WTCHG_457714_221157.bam,,WTCHG_457714_221157,RHB15
PRJEB34634,SAMEA5989477,ERX3572738,ERR3574500,749907,sediment metagenome,ftp.sra.ebi.ac.uk/vol1/fastq/ERR357/000/ERR3574500/ERR3574500_1.fastq.gz;ftp.sra.ebi.ac.uk/vol1/fastq/ERR357/000/ERR3574500/ERR3574500_2.fastq.gz,ftp.sra.ebi.ac.uk/vol1/run/ERR357/ERR3574500/WTCHG_461227_221157.bam,,WTCHG_461227_221157,RHB15
PRJEB34634,SAMEA5989477,ERX3572739,ERR3574501,749907,sediment metagenome,ftp.sra.ebi.ac.uk/vol1/fastq/ERR357/001/ERR3574501/ERR3574501_1.fastq.gz;ftp.sra.ebi.ac.uk/vol1/fastq/ERR357/001/ERR3574501/ERR3574501_2.fastq.gz,ftp.sra.ebi.ac.uk/vol1/run/ERR357/ERR3574501/WTCHG_461228_221157.bam,,WTCHG_461228_221157,RHB15
PRJEB34634,SAMEA5989477,ERX3572740,ERR3574502,749907,sediment metagenome,ftp.sra.ebi.ac.uk/vol1/fastq/ERR357/002/ERR3574502/ERR3574502_1.fastq.gz;ftp.sra.ebi.ac.uk/vol1/fastq/ERR357/002/ERR3574502/ERR3574502_2.fastq.gz,ftp.sra.ebi.ac.uk/vol1/run/ERR357/ERR3574502/WTCHG_455360_222169.bam,,WTCHG_455360_222169,RHB16
PRJEB34634,SAMEA5989477,ERX3572741,ERR3574503,749907,sediment metagenome,ftp.sra.ebi.ac.uk/vol1/fastq/ERR357/003/ERR3574503/ERR3574503_1.fastq.gz;ftp.sra.ebi.ac.uk/vol1/fastq/ERR357/003/ERR3574503/ERR3574503_2.fastq.gz,ftp.sra.ebi.ac.uk/vol1/run/ERR357/ERR3574503/WTCHG_456624_222169.bam,,WTCHG_456624_222169,RHB16
PRJEB34634,SAMEA5989477,ERX3572742,ERR3574504,749907,sediment metagenome,ftp.sra.ebi.ac.uk/vol1/fastq/ERR357/004/ERR3574504/ERR3574504_1.fastq.gz;ftp.sra.ebi.ac.uk/vol1/fastq/ERR357/004/ERR3574504/ERR3574504_2.fastq.gz,ftp.sra.ebi.ac.uk/vol1/run/ERR357/ERR3574504/WTCHG_457295_222169.bam,,WTCHG_457295_222169,RHB16
PRJEB34634,SAMEA5989477,ERX3572743,ERR3574505,749907,sediment metagenome,ftp.sra.ebi.ac.uk/vol1/fastq/ERR357/005/ERR3574505/ERR3574505_1.fastq.gz;ftp.sra.ebi.ac.uk/vol1/fastq/ERR357/005/ERR3574505/ERR3574505_2.fastq.gz,ftp.sra.ebi.ac.uk/vol1/run/ERR357/ERR3574505/WTCHG_457296_222169.bam,,WTCHG_457296_222169,RHB16
PRJEB34634,SAMEA5989477,ERX3572744,ERR3574506,749907,sediment metagenome,ftp.sra.ebi.ac.uk/vol1/fastq/ERR357/006/ERR3574506/ERR3574506_1.fastq.gz;ftp.sra.ebi.ac.uk/vol1/fastq/ERR357/006/ERR3574506/ERR3574506_2.fastq.gz,ftp.sra.ebi.ac.uk/vol1/run/ERR357/ERR3574506/WTCHG_457297_222169.bam,,WTCHG_457297_222169,RHB16
PRJEB34634,SAMEA5989477,ERX3572745,ERR3574507,749907,sediment metagenome,ftp.sra.ebi.ac.uk/vol1/fastq/ERR357/007/ERR3574507/ERR3574507_1.fastq.gz;ftp.sra.ebi.ac.uk/vol1/fastq/ERR357/007/ERR3574507/ERR3574507_2.fastq.gz,ftp.sra.ebi.ac.uk/vol1/run/ERR357/ERR3574507/WTCHG_457298_222169.bam,,WTCHG_457298_222169,RHB16
PRJEB34634,SAMEA5989477,ERX3572746,ERR3574508,749907,sediment metagenome,ftp.sra.ebi.ac.uk/vol1/fastq/ERR357/008/ERR3574508/ERR3574508_1.fastq.gz;ftp.sra.ebi.ac.uk/vol1/fastq/ERR357/008/ERR3574508/ERR3574508_2.fastq.gz,ftp.sra.ebi.ac.uk/vol1/run/ERR357/ERR3574508/WTCHG_457710_222169.bam,,WTCHG_457710_222169,RHB16
PRJEB34634,SAMEA5989477,ERX3572747,ERR3574509,749907,sediment metagenome,ftp.sra.ebi.ac.uk/vol1/fastq/ERR357/009/ERR3574509/ERR3574509_1.fastq.gz;ftp.sra.ebi.ac.uk/vol1/fastq/ERR357/009/ERR3574509/ERR3574509_2.fastq.gz,ftp.sra.ebi.ac.uk/vol1/run/ERR357/ERR3574509/WTCHG_457711_222169.bam,,WTCHG_457711_222169,RHB16
PRJEB34634,SAMEA5989477,ERX3572748,ERR3574510,749907,sediment metagenome,ftp.sra.ebi.ac.uk/vol1/fastq/ERR357/000/ERR3574510/ERR3574510_1.fastq.gz;ftp.sra.ebi.ac.uk/vol1/fastq/ERR357/000/ERR3574510/ERR3574510_2.fastq.gz,ftp.sra.ebi.ac.uk/vol1/run/ERR357/ERR3574510/WTCHG_457712_222169.bam,,WTCHG_457712_222169,RHB16
PRJEB34634,SAMEA5989477,ERX3572749,ERR3574511,749907,sediment metagenome,ftp.sra.ebi.ac.uk/vol1/fastq/ERR357/001/ERR3574511/ERR3574511_1.fastq.gz;ftp.sra.ebi.ac.uk/vol1/fastq/ERR357/001/ERR3574511/ERR3574511_2.fastq.gz,ftp.sra.ebi.ac.uk/vol1/run/ERR357/ERR3574511/WTCHG_457713_222169.bam,,WTCHG_457713_222169,RHB16
PRJEB34634,SAMEA5989477,ERX3572750,ERR3574512,749907,sediment metagenome,ftp.sra.ebi.ac.uk/vol1/fastq/ERR357/002/ERR3574512/ERR3574512_1.fastq.gz;ftp.sra.ebi.ac.uk/vol1/fastq/ERR357/002/ERR3574512/ERR3574512_2.fastq.gz,ftp.sra.ebi.ac.uk/vol1/run/ERR357/ERR3574512/WTCHG_457714_222169.bam,,WTCHG_457714_222169,RHB16
PRJEB34634,SAMEA5989477,ERX3572751,ERR3574513,749907,sediment metagenome,ftp.sra.ebi.ac.uk/vol1/fastq/ERR357/003/ERR3574513/ERR3574513_1.fastq.gz;ftp.sra.ebi.ac.uk/vol1/fastq/ERR357/003/ERR3574513/ERR3574513_2.fastq.gz,ftp.sra.ebi.ac.uk/vol1/run/ERR357/ERR3574513/WTCHG_461227_222169.bam,,WTCHG_461227_222169,RHB16
PRJEB34634,SAMEA5989477,ERX3572752,ERR3574514,749907,sediment metagenome,ftp.sra.ebi.ac.uk/vol1/fastq/ERR357/004/ERR3574514/ERR3574514_1.fastq.gz;ftp.sra.ebi.ac.uk/vol1/fastq/ERR357/004/ERR3574514/ERR3574514_2.fastq.gz,ftp.sra.ebi.ac.uk/vol1/run/ERR357/ERR3574514/WTCHG_461228_222169.bam,,WTCHG_461228_222169,RHB16
PRJEB34634,SAMEA5989477,ERX3572753,ERR3574515,749907,sediment metagenome,ftp.sra.ebi.ac.uk/vol1/fastq/ERR357/005/ERR3574515/ERR3574515_1.fastq.gz;ftp.sra.ebi.ac.uk/vol1/fastq/ERR357/005/ERR3574515/ERR3574515_2.fastq.gz,ftp.sra.ebi.ac.uk/vol1/run/ERR357/ERR3574515/WTCHG_455360_223181.bam,,WTCHG_455360_223181,RHB17
PRJEB34634,SAMEA5989477,ERX3572754,ERR3574516,749907,sediment metagenome,ftp.sra.ebi.ac.uk/vol1/fastq/ERR357/006/ERR3574516/ERR3574516_1.fastq.gz;ftp.sra.ebi.ac.uk/vol1/fastq/ERR357/006/ERR3574516/ERR3574516_2.fastq.gz,ftp.sra.ebi.ac.uk/vol1/run/ERR357/ERR3574516/WTCHG_456624_223181.bam,,WTCHG_456624_223181,RHB17
PRJEB34634,SAMEA5989477,ERX3572755,ERR3574517,749907,sediment metagenome,ftp.sra.ebi.ac.uk/vol1/fastq/ERR357/007/ERR3574517/ERR3574517_1.fastq.gz;ftp.sra.ebi.ac.uk/vol1/fastq/ERR357/007/ERR3574517/ERR3574517_2.fastq.gz,ftp.sra.ebi.ac.uk/vol1/run/ERR357/ERR3574517/WTCHG_457295_223181.bam,,WTCHG_457295_223181,RHB17
PRJEB34634,SAMEA5989477,ERX3572756,ERR3574518,749907,sediment metagenome,ftp.sra.ebi.ac.uk/vol1/fastq/ERR357/008/ERR3574518/ERR3574518_1.fastq.gz;ftp.sra.ebi.ac.uk/vol1/fastq/ERR357/008/ERR3574518/ERR3574518_2.fastq.gz,ftp.sra.ebi.ac.uk/vol1/run/ERR357/ERR3574518/WTCHG_457296_223181.bam,,WTCHG_457296_223181,RHB17
PRJEB34634,SAMEA5989477,ERX3572757,ERR3574519,749907,sediment metagenome,ftp.sra.ebi.ac.uk/vol1/fastq/ERR357/009/ERR3574519/ERR3574519_1.fastq.gz;ftp.sra.ebi.ac.uk/vol1/fastq/ERR357/009/ERR3574519/ERR3574519_2.fastq.gz,ftp.sra.ebi.ac.uk/vol1/run/ERR357/ERR3574519/WTCHG_457297_223181.bam,,WTCHG_457297_223181,RHB17
PRJEB34634,SAMEA5989477,ERX3572758,ERR3574520,749907,sediment metagenome,ftp.sra.ebi.ac.uk/vol1/fastq/ERR357/000/ERR3574520/ERR3574520_1.fastq.gz;ftp.sra.ebi.ac.uk/vol1/fastq/ERR357/000/ERR3574520/ERR3574520_2.fastq.gz,ftp.sra.ebi.ac.uk/vol1/run/ERR357/ERR3574520/WTCHG_457298_223181.bam,,WTCHG_457298_223181,RHB17
PRJEB34634,SAMEA5989477,ERX3572759,ERR3574521,749907,sediment metagenome,ftp.sra.ebi.ac.uk/vol1/fastq/ERR357/001/ERR3574521/ERR3574521_1.fastq.gz;ftp.sra.ebi.ac.uk/vol1/fastq/ERR357/001/ERR3574521/ERR3574521_2.fastq.gz,ftp.sra.ebi.ac.uk/vol1/run/ERR357/ERR3574521/WTCHG_457710_223181.bam,,WTCHG_457710_223181,RHB17
PRJEB34634,SAMEA5989477,ERX3572760,ERR3574522,749907,sediment metagenome,ftp.sra.ebi.ac.uk/vol1/fastq/ERR357/002/ERR3574522/ERR3574522_1.fastq.gz;ftp.sra.ebi.ac.uk/vol1/fastq/ERR357/002/ERR3574522/ERR3574522_2.fastq.gz,ftp.sra.ebi.ac.uk/vol1/run/ERR357/ERR3574522/WTCHG_457711_223181.bam,,WTCHG_457711_223181,RHB17
PRJEB34634,SAMEA5989477,ERX3572761,ERR3574523,749907,sediment metagenome,ftp.sra.ebi.ac.uk/vol1/fastq/ERR357/003/ERR3574523/ERR3574523_1.fastq.gz;ftp.sra.ebi.ac.uk/vol1/fastq/ERR357/003/ERR3574523/ERR3574523_2.fastq.gz,ftp.sra.ebi.ac.uk/vol1/run/ERR357/ERR3574523/WTCHG_457712_223181.bam,,WTCHG_457712_223181,RHB17
PRJEB34634,SAMEA5989477,ERX3572762,ERR3574524,749907,sediment metagenome,ftp.sra.ebi.ac.uk/vol1/fastq/ERR357/004/ERR3574524/ERR3574524_1.fastq.gz;ftp.sra.ebi.ac.uk/vol1/fastq/ERR357/004/ERR3574524/ERR3574524_2.fastq.gz,ftp.sra.ebi.ac.uk/vol1/run/ERR357/ERR3574524/WTCHG_457713_223181.bam,,WTCHG_457713_223181,RHB17
PRJEB34634,SAMEA5989477,ERX3572763,ERR3574525,749907,sediment metagenome,ftp.sra.ebi.ac.uk/vol1/fastq/ERR357/005/ERR3574525/ERR3574525_1.fastq.gz;ftp.sra.ebi.ac.uk/vol1/fastq/ERR357/005/ERR3574525/ERR3574525_2.fastq.gz,ftp.sra.ebi.ac.uk/vol1/run/ERR357/ERR3574525/WTCHG_457714_223181.bam,,WTCHG_457714_223181,RHB17
PRJEB34634,SAMEA5989477,ERX3572764,ERR3574526,749907,sediment metagenome,ftp.sra.ebi.ac.uk/vol1/fastq/ERR357/006/ERR3574526/ERR3574526_1.fastq.gz;ftp.sra.ebi.ac.uk/vol1/fastq/ERR357/006/ERR3574526/ERR3574526_2.fastq.gz,ftp.sra.ebi.ac.uk/vol1/run/ERR357/ERR3574526/WTCHG_461227_223181.bam,,WTCHG_461227_223181,RHB17
PRJEB34634,SAMEA5989477,ERX3572765,ERR3574527,749907,sediment metagenome,ftp.sra.ebi.ac.uk/vol1/fastq/ERR357/007/ERR3574527/ERR3574527_1.fastq.gz;ftp.sra.ebi.ac.uk/vol1/fastq/ERR357/007/ERR3574527/ERR3574527_2.fastq.gz,ftp.sra.ebi.ac.uk/vol1/run/ERR357/ERR3574527/WTCHG_461228_223181.bam,,WTCHG_461228_223181,RHB17
PRJEB34634,SAMEA5989477,ERX3572766,ERR3574528,749907,sediment metagenome,ftp.sra.ebi.ac.uk/vol1/fastq/ERR357/008/ERR3574528/ERR3574528_1.fastq.gz;ftp.sra.ebi.ac.uk/vol1/fastq/ERR357/008/ERR3574528/ERR3574528_2.fastq.gz,ftp.sra.ebi.ac.uk/vol1/run/ERR357/ERR3574528/WTCHG_455360_224193.bam,,WTCHG_455360_224193,RHB18
PRJEB34634,SAMEA5989477,ERX3572767,ERR3574529,749907,sediment metagenome,ftp.sra.ebi.ac.uk/vol1/fastq/ERR357/009/ERR3574529/ERR3574529_1.fastq.gz;ftp.sra.ebi.ac.uk/vol1/fastq/ERR357/009/ERR3574529/ERR3574529_2.fastq.gz,ftp.sra.ebi.ac.uk/vol1/run/ERR357/ERR3574529/WTCHG_456624_224193.bam,,WTCHG_456624_224193,RHB18
PRJEB34634,SAMEA5989477,ERX3572768,ERR3574530,749907,sediment metagenome,ftp.sra.ebi.ac.uk/vol1/fastq/ERR357/000/ERR3574530/ERR3574530_1.fastq.gz;ftp.sra.ebi.ac.uk/vol1/fastq/ERR357/000/ERR3574530/ERR3574530_2.fastq.gz,ftp.sra.ebi.ac.uk/vol1/run/ERR357/ERR3574530/WTCHG_457295_224193.bam,,WTCHG_457295_224193,RHB18
PRJEB34634,SAMEA5989477,ERX3572769,ERR3574531,749907,sediment metagenome,ftp.sra.ebi.ac.uk/vol1/fastq/ERR357/001/ERR3574531/ERR3574531_1.fastq.gz;ftp.sra.ebi.ac.uk/vol1/fastq/ERR357/001/ERR3574531/ERR3574531_2.fastq.gz,ftp.sra.ebi.ac.uk/vol1/run/ERR357/ERR3574531/WTCHG_457296_224193.bam,,WTCHG_457296_224193,RHB18
PRJEB34634,SAMEA5989477,ERX3572770,ERR3574532,749907,sediment metagenome,ftp.sra.ebi.ac.uk/vol1/fastq/ERR357/002/ERR3574532/ERR3574532_1.fastq.gz;ftp.sra.ebi.ac.uk/vol1/fastq/ERR357/002/ERR3574532/ERR3574532_2.fastq.gz,ftp.sra.ebi.ac.uk/vol1/run/ERR357/ERR3574532/WTCHG_457297_224193.bam,,WTCHG_457297_224193,RHB18
PRJEB34634,SAMEA5989477,ERX3572771,ERR3574533,749907,sediment metagenome,ftp.sra.ebi.ac.uk/vol1/fastq/ERR357/003/ERR3574533/ERR3574533_1.fastq.gz;ftp.sra.ebi.ac.uk/vol1/fastq/ERR357/003/ERR3574533/ERR3574533_2.fastq.gz,ftp.sra.ebi.ac.uk/vol1/run/ERR357/ERR3574533/WTCHG_457298_224193.bam,,WTCHG_457298_224193,RHB18
PRJEB34634,SAMEA5989477,ERX3572772,ERR3574534,749907,sediment metagenome,ftp.sra.ebi.ac.uk/vol1/fastq/ERR357/004/ERR3574534/ERR3574534_1.fastq.gz;ftp.sra.ebi.ac.uk/vol1/fastq/ERR357/004/ERR3574534/ERR3574534_2.fastq.gz,ftp.sra.ebi.ac.uk/vol1/run/ERR357/ERR3574534/WTCHG_457710_224193.bam,,WTCHG_457710_224193,RHB18
PRJEB34634,SAMEA5989477,ERX3572773,ERR3574535,749907,sediment metagenome,ftp.sra.ebi.ac.uk/vol1/fastq/ERR357/005/ERR3574535/ERR3574535_1.fastq.gz;ftp.sra.ebi.ac.uk/vol1/fastq/ERR357/005/ERR3574535/ERR3574535_2.fastq.gz,ftp.sra.ebi.ac.uk/vol1/run/ERR357/ERR3574535/WTCHG_457711_224193.bam,,WTCHG_457711_224193,RHB18
PRJEB34634,SAMEA5989477,ERX3572774,ERR3574536,749907,sediment metagenome,ftp.sra.ebi.ac.uk/vol1/fastq/ERR357/006/ERR3574536/ERR3574536_1.fastq.gz;ftp.sra.ebi.ac.uk/vol1/fastq/ERR357/006/ERR3574536/ERR3574536_2.fastq.gz,ftp.sra.ebi.ac.uk/vol1/run/ERR357/ERR3574536/WTCHG_457712_224193.bam,,WTCHG_457712_224193,RHB18
PRJEB34634,SAMEA5989477,ERX3572775,ERR3574537,749907,sediment metagenome,ftp.sra.ebi.ac.uk/vol1/fastq/ERR357/007/ERR3574537/ERR3574537_1.fastq.gz;ftp.sra.ebi.ac.uk/vol1/fastq/ERR357/007/ERR3574537/ERR3574537_2.fastq.gz,ftp.sra.ebi.ac.uk/vol1/run/ERR357/ERR3574537/WTCHG_457713_224193.bam,,WTCHG_457713_224193,RHB18
PRJEB34634,SAMEA5989477,ERX3572776,ERR3574538,749907,sediment metagenome,ftp.sra.ebi.ac.uk/vol1/fastq/ERR357/008/ERR3574538/ERR3574538_1.fastq.gz;ftp.sra.ebi.ac.uk/vol1/fastq/ERR357/008/ERR3574538/ERR3574538_2.fastq.gz,ftp.sra.ebi.ac.uk/vol1/run/ERR357/ERR3574538/WTCHG_457714_224193.bam,,WTCHG_457714_224193,RHB18
PRJEB34634,SAMEA5989477,ERX3572777,ERR3574539,749907,sediment metagenome,ftp.sra.ebi.ac.uk/vol1/fastq/ERR357/009/ERR3574539/ERR3574539_1.fastq.gz;ftp.sra.ebi.ac.uk/vol1/fastq/ERR357/009/ERR3574539/ERR3574539_2.fastq.gz,ftp.sra.ebi.ac.uk/vol1/run/ERR357/ERR3574539/WTCHG_461227_224193.bam,,WTCHG_461227_224193,RHB18
PRJEB34634,SAMEA5989477,ERX3572778,ERR3574540,749907,sediment metagenome,ftp.sra.ebi.ac.uk/vol1/fastq/ERR357/000/ERR3574540/ERR3574540_1.fastq.gz;ftp.sra.ebi.ac.uk/vol1/fastq/ERR357/000/ERR3574540/ERR3574540_2.fastq.gz,ftp.sra.ebi.ac.uk/vol1/run/ERR357/ERR3574540/WTCHG_461228_224193.bam,,WTCHG_461228_224193,RHB18
PRJEB34634,SAMEA5989477,ERX3572779,ERR3574541,749907,sediment metagenome,ftp.sra.ebi.ac.uk/vol1/fastq/ERR357/001/ERR3574541/ERR3574541_1.fastq.gz;ftp.sra.ebi.ac.uk/vol1/fastq/ERR357/001/ERR3574541/ERR3574541_2.fastq.gz,ftp.sra.ebi.ac.uk/vol1/run/ERR357/ERR3574541/WTCHG_455360_225110.bam,,WTCHG_455360_225110,RHB19
PRJEB34634,SAMEA5989477,ERX3572780,ERR3574542,749907,sediment metagenome,ftp.sra.ebi.ac.uk/vol1/fastq/ERR357/002/ERR3574542/ERR3574542_1.fastq.gz;ftp.sra.ebi.ac.uk/vol1/fastq/ERR357/002/ERR3574542/ERR3574542_2.fastq.gz,ftp.sra.ebi.ac.uk/vol1/run/ERR357/ERR3574542/WTCHG_456624_225110.bam,,WTCHG_456624_225110,RHB19
PRJEB34634,SAMEA5989477,ERX3572781,ERR3574543,749907,sediment metagenome,ftp.sra.ebi.ac.uk/vol1/fastq/ERR357/003/ERR3574543/ERR3574543_1.fastq.gz;ftp.sra.ebi.ac.uk/vol1/fastq/ERR357/003/ERR3574543/ERR3574543_2.fastq.gz,ftp.sra.ebi.ac.uk/vol1/run/ERR357/ERR3574543/WTCHG_457295_225110.bam,,WTCHG_457295_225110,RHB19
PRJEB34634,SAMEA5989477,ERX3572782,ERR3574544,749907,sediment metagenome,ftp.sra.ebi.ac.uk/vol1/fastq/ERR357/004/ERR3574544/ERR3574544_1.fastq.gz;ftp.sra.ebi.ac.uk/vol1/fastq/ERR357/004/ERR3574544/ERR3574544_2.fastq.gz,ftp.sra.ebi.ac.uk/vol1/run/ERR357/ERR3574544/WTCHG_457296_225110.bam,,WTCHG_457296_225110,RHB19
PRJEB34634,SAMEA5989477,ERX3572783,ERR3574545,749907,sediment metagenome,ftp.sra.ebi.ac.uk/vol1/fastq/ERR357/005/ERR3574545/ERR3574545_1.fastq.gz;ftp.sra.ebi.ac.uk/vol1/fastq/ERR357/005/ERR3574545/ERR3574545_2.fastq.gz,ftp.sra.ebi.ac.uk/vol1/run/ERR357/ERR3574545/WTCHG_457297_225110.bam,,WTCHG_457297_225110,RHB19
PRJEB34634,SAMEA5989477,ERX3572784,ERR3574546,749907,sediment metagenome,ftp.sra.ebi.ac.uk/vol1/fastq/ERR357/006/ERR3574546/ERR3574546_1.fastq.gz;ftp.sra.ebi.ac.uk/vol1/fastq/ERR357/006/ERR3574546/ERR3574546_2.fastq.gz,ftp.sra.ebi.ac.uk/vol1/run/ERR357/ERR3574546/WTCHG_457298_225110.bam,,WTCHG_457298_225110,RHB19
PRJEB34634,SAMEA5989477,ERX3572785,ERR3574547,749907,sediment metagenome,ftp.sra.ebi.ac.uk/vol1/fastq/ERR357/007/ERR3574547/ERR3574547_1.fastq.gz;ftp.sra.ebi.ac.uk/vol1/fastq/ERR357/007/ERR3574547/ERR3574547_2.fastq.gz,ftp.sra.ebi.ac.uk/vol1/run/ERR357/ERR3574547/WTCHG_457710_225110.bam,,WTCHG_457710_225110,RHB19
PRJEB34634,SAMEA5989477,ERX3572786,ERR3574548,749907,sediment metagenome,ftp.sra.ebi.ac.uk/vol1/fastq/ERR357/008/ERR3574548/ERR3574548_1.fastq.gz;ftp.sra.ebi.ac.uk/vol1/fastq/ERR357/008/ERR3574548/ERR3574548_2.fastq.gz,ftp.sra.ebi.ac.uk/vol1/run/ERR357/ERR3574548/WTCHG_457711_225110.bam,,WTCHG_457711_225110,RHB19
PRJEB34634,SAMEA5989477,ERX3572787,ERR3574549,749907,sediment metagenome,ftp.sra.ebi.ac.uk/vol1/fastq/ERR357/009/ERR3574549/ERR3574549_1.fastq.gz;ftp.sra.ebi.ac.uk/vol1/fastq/ERR357/009/ERR3574549/ERR3574549_2.fastq.gz,ftp.sra.ebi.ac.uk/vol1/run/ERR357/ERR3574549/WTCHG_457712_225110.bam,,WTCHG_457712_225110,RHB19
PRJEB34634,SAMEA5989477,ERX3572788,ERR3574550,749907,sediment metagenome,ftp.sra.ebi.ac.uk/vol1/fastq/ERR357/000/ERR3574550/ERR3574550_1.fastq.gz;ftp.sra.ebi.ac.uk/vol1/fastq/ERR357/000/ERR3574550/ERR3574550_2.fastq.gz,ftp.sra.ebi.ac.uk/vol1/run/ERR357/ERR3574550/WTCHG_457713_225110.bam,,WTCHG_457713_225110,RHB19
PRJEB34634,SAMEA5989477,ERX3572789,ERR3574551,749907,sediment metagenome,ftp.sra.ebi.ac.uk/vol1/fastq/ERR357/001/ERR3574551/ERR3574551_1.fastq.gz;ftp.sra.ebi.ac.uk/vol1/fastq/ERR357/001/ERR3574551/ERR3574551_2.fastq.gz,ftp.sra.ebi.ac.uk/vol1/run/ERR357/ERR3574551/WTCHG_457714_225110.bam,,WTCHG_457714_225110,RHB19
PRJEB34634,SAMEA5989477,ERX3572790,ERR3574552,749907,sediment metagenome,ftp.sra.ebi.ac.uk/vol1/fastq/ERR357/002/ERR3574552/ERR3574552_1.fastq.gz;ftp.sra.ebi.ac.uk/vol1/fastq/ERR357/002/ERR3574552/ERR3574552_2.fastq.gz,ftp.sra.ebi.ac.uk/vol1/run/ERR357/ERR3574552/WTCHG_461227_225110.bam,,WTCHG_461227_225110,RHB19
PRJEB34634,SAMEA5989477,ERX3572791,ERR3574553,749907,sediment metagenome,ftp.sra.ebi.ac.uk/vol1/fastq/ERR357/003/ERR3574553/ERR3574553_1.fastq.gz;ftp.sra.ebi.ac.uk/vol1/fastq/ERR357/003/ERR3574553/ERR3574553_2.fastq.gz,ftp.sra.ebi.ac.uk/vol1/run/ERR357/ERR3574553/WTCHG_461228_225110.bam,,WTCHG_461228_225110,RHB19
PRJEB34634,SAMEA5989477,ERX3572792,ERR3574554,749907,sediment metagenome,ftp.sra.ebi.ac.uk/vol1/fastq/ERR357/004/ERR3574554/ERR3574554_1.fastq.gz;ftp.sra.ebi.ac.uk/vol1/fastq/ERR357/004/ERR3574554/ERR3574554_2.fastq.gz,ftp.sra.ebi.ac.uk/vol1/run/ERR357/ERR3574554/WTCHG_455360_226122.bam,,WTCHG_455360_226122,RHB20
PRJEB34634,SAMEA5989477,ERX3572793,ERR3574555,749907,sediment metagenome,ftp.sra.ebi.ac.uk/vol1/fastq/ERR357/005/ERR3574555/ERR3574555_1.fastq.gz;ftp.sra.ebi.ac.uk/vol1/fastq/ERR357/005/ERR3574555/ERR3574555_2.fastq.gz,ftp.sra.ebi.ac.uk/vol1/run/ERR357/ERR3574555/WTCHG_456624_226122.bam,,WTCHG_456624_226122,RHB20
PRJEB34634,SAMEA5989477,ERX3572794,ERR3574556,749907,sediment metagenome,ftp.sra.ebi.ac.uk/vol1/fastq/ERR357/006/ERR3574556/ERR3574556_1.fastq.gz;ftp.sra.ebi.ac.uk/vol1/fastq/ERR357/006/ERR3574556/ERR3574556_2.fastq.gz,ftp.sra.ebi.ac.uk/vol1/run/ERR357/ERR3574556/WTCHG_457295_226122.bam,,WTCHG_457295_226122,RHB20
PRJEB34634,SAMEA5989477,ERX3572795,ERR3574557,749907,sediment metagenome,ftp.sra.ebi.ac.uk/vol1/fastq/ERR357/007/ERR3574557/ERR3574557_1.fastq.gz;ftp.sra.ebi.ac.uk/vol1/fastq/ERR357/007/ERR3574557/ERR3574557_2.fastq.gz,ftp.sra.ebi.ac.uk/vol1/run/ERR357/ERR3574557/WTCHG_457296_226122.bam,,WTCHG_457296_226122,RHB20
PRJEB34634,SAMEA5989477,ERX3572796,ERR3574558,749907,sediment metagenome,ftp.sra.ebi.ac.uk/vol1/fastq/ERR357/008/ERR3574558/ERR3574558_1.fastq.gz;ftp.sra.ebi.ac.uk/vol1/fastq/ERR357/008/ERR3574558/ERR3574558_2.fastq.gz,ftp.sra.ebi.ac.uk/vol1/run/ERR357/ERR3574558/WTCHG_457297_226122.bam,,WTCHG_457297_226122,RHB20
PRJEB34634,SAMEA5989477,ERX3572797,ERR3574559,749907,sediment metagenome,ftp.sra.ebi.ac.uk/vol1/fastq/ERR357/009/ERR3574559/ERR3574559_1.fastq.gz;ftp.sra.ebi.ac.uk/vol1/fastq/ERR357/009/ERR3574559/ERR3574559_2.fastq.gz,ftp.sra.ebi.ac.uk/vol1/run/ERR357/ERR3574559/WTCHG_457298_226122.bam,,WTCHG_457298_226122,RHB20
PRJEB34634,SAMEA5989477,ERX3572798,ERR3574560,749907,sediment metagenome,ftp.sra.ebi.ac.uk/vol1/fastq/ERR357/000/ERR3574560/ERR3574560_1.fastq.gz;ftp.sra.ebi.ac.uk/vol1/fastq/ERR357/000/ERR3574560/ERR3574560_2.fastq.gz,ftp.sra.ebi.ac.uk/vol1/run/ERR357/ERR3574560/WTCHG_457710_226122.bam,,WTCHG_457710_226122,RHB20
PRJEB34634,SAMEA5989477,ERX3572799,ERR3574561,749907,sediment metagenome,ftp.sra.ebi.ac.uk/vol1/fastq/ERR357/001/ERR3574561/ERR3574561_1.fastq.gz;ftp.sra.ebi.ac.uk/vol1/fastq/ERR357/001/ERR3574561/ERR3574561_2.fastq.gz,ftp.sra.ebi.ac.uk/vol1/run/ERR357/ERR3574561/WTCHG_457711_226122.bam,,WTCHG_457711_226122,RHB20
PRJEB34634,SAMEA5989477,ERX3572800,ERR3574562,749907,sediment metagenome,ftp.sra.ebi.ac.uk/vol1/fastq/ERR357/002/ERR3574562/ERR3574562_1.fastq.gz;ftp.sra.ebi.ac.uk/vol1/fastq/ERR357/002/ERR3574562/ERR3574562_2.fastq.gz,ftp.sra.ebi.ac.uk/vol1/run/ERR357/ERR3574562/WTCHG_457712_226122.bam,,WTCHG_457712_226122,RHB20
PRJEB34634,SAMEA5989477,ERX3572801,ERR3574563,749907,sediment metagenome,ftp.sra.ebi.ac.uk/vol1/fastq/ERR357/003/ERR3574563/ERR3574563_1.fastq.gz;ftp.sra.ebi.ac.uk/vol1/fastq/ERR357/003/ERR3574563/ERR3574563_2.fastq.gz,ftp.sra.ebi.ac.uk/vol1/run/ERR357/ERR3574563/WTCHG_457713_226122.bam,,WTCHG_457713_226122,RHB20
PRJEB34634,SAMEA5989477,ERX3572802,ERR3574564,749907,sediment metagenome,ftp.sra.ebi.ac.uk/vol1/fastq/ERR357/004/ERR3574564/ERR3574564_1.fastq.gz;ftp.sra.ebi.ac.uk/vol1/fastq/ERR357/004/ERR3574564/ERR3574564_2.fastq.gz,ftp.sra.ebi.ac.uk/vol1/run/ERR357/ERR3574564/WTCHG_457714_226122.bam,,WTCHG_457714_226122,RHB20
PRJEB34634,SAMEA5989477,ERX3572803,ERR3574565,749907,sediment metagenome,ftp.sra.ebi.ac.uk/vol1/fastq/ERR357/005/ERR3574565/ERR3574565_1.fastq.gz;ftp.sra.ebi.ac.uk/vol1/fastq/ERR357/005/ERR3574565/ERR3574565_2.fastq.gz,ftp.sra.ebi.ac.uk/vol1/run/ERR357/ERR3574565/WTCHG_461227_226122.bam,,WTCHG_461227_226122,RHB20
PRJEB34634,SAMEA5989477,ERX3572804,ERR3574566,749907,sediment metagenome,ftp.sra.ebi.ac.uk/vol1/fastq/ERR357/006/ERR3574566/ERR3574566_1.fastq.gz;ftp.sra.ebi.ac.uk/vol1/fastq/ERR357/006/ERR3574566/ERR3574566_2.fastq.gz,ftp.sra.ebi.ac.uk/vol1/run/ERR357/ERR3574566/WTCHG_461228_226122.bam,,WTCHG_461228_226122,RHB20
PRJEB34634,SAMEA5989477,ERX3572805,ERR3574567,749907,sediment metagenome,ftp.sra.ebi.ac.uk/vol1/fastq/ERR357/007/ERR3574567/ERR3574567_1.fastq.gz;ftp.sra.ebi.ac.uk/vol1/fastq/ERR357/007/ERR3574567/ERR3574567_2.fastq.gz,ftp.sra.ebi.ac.uk/vol1/run/ERR357/ERR3574567/WTCHG_455360_227134.bam,,WTCHG_455360_227134,RHB21
PRJEB34634,SAMEA5989477,ERX3572806,ERR3574568,749907,sediment metagenome,ftp.sra.ebi.ac.uk/vol1/fastq/ERR357/008/ERR3574568/ERR3574568_1.fastq.gz;ftp.sra.ebi.ac.uk/vol1/fastq/ERR357/008/ERR3574568/ERR3574568_2.fastq.gz,ftp.sra.ebi.ac.uk/vol1/run/ERR357/ERR3574568/WTCHG_456624_227134.bam,,WTCHG_456624_227134,RHB21
PRJEB34634,SAMEA5989477,ERX3572807,ERR3574569,749907,sediment metagenome,ftp.sra.ebi.ac.uk/vol1/fastq/ERR357/009/ERR3574569/ERR3574569_1.fastq.gz;ftp.sra.ebi.ac.uk/vol1/fastq/ERR357/009/ERR3574569/ERR3574569_2.fastq.gz,ftp.sra.ebi.ac.uk/vol1/run/ERR357/ERR3574569/WTCHG_457295_227134.bam,,WTCHG_457295_227134,RHB21
PRJEB34634,SAMEA5989477,ERX3572808,ERR3574570,749907,sediment metagenome,ftp.sra.ebi.ac.uk/vol1/fastq/ERR357/000/ERR3574570/ERR3574570_1.fastq.gz;ftp.sra.ebi.ac.uk/vol1/fastq/ERR357/000/ERR3574570/ERR3574570_2.fastq.gz,ftp.sra.ebi.ac.uk/vol1/run/ERR357/ERR3574570/WTCHG_457296_227134.bam,,WTCHG_457296_227134,RHB21
PRJEB34634,SAMEA5989477,ERX3572809,ERR3574571,749907,sediment metagenome,ftp.sra.ebi.ac.uk/vol1/fastq/ERR357/001/ERR3574571/ERR3574571_1.fastq.gz;ftp.sra.ebi.ac.uk/vol1/fastq/ERR357/001/ERR3574571/ERR3574571_2.fastq.gz,ftp.sra.ebi.ac.uk/vol1/run/ERR357/ERR3574571/WTCHG_457297_227134.bam,,WTCHG_457297_227134,RHB21
PRJEB34634,SAMEA5989477,ERX3572810,ERR3574572,749907,sediment metagenome,ftp.sra.ebi.ac.uk/vol1/fastq/ERR357/002/ERR3574572/ERR3574572_1.fastq.gz;ftp.sra.ebi.ac.uk/vol1/fastq/ERR357/002/ERR3574572/ERR3574572_2.fastq.gz,ftp.sra.ebi.ac.uk/vol1/run/ERR357/ERR3574572/WTCHG_457298_227134.bam,,WTCHG_457298_227134,RHB21
PRJEB34634,SAMEA5989477,ERX3572811,ERR3574573,749907,sediment metagenome,ftp.sra.ebi.ac.uk/vol1/fastq/ERR357/003/ERR3574573/ERR3574573_1.fastq.gz;ftp.sra.ebi.ac.uk/vol1/fastq/ERR357/003/ERR3574573/ERR3574573_2.fastq.gz,ftp.sra.ebi.ac.uk/vol1/run/ERR357/ERR3574573/WTCHG_457710_227134.bam,,WTCHG_457710_227134,RHB21
PRJEB34634,SAMEA5989477,ERX3572812,ERR3574574,749907,sediment metagenome,ftp.sra.ebi.ac.uk/vol1/fastq/ERR357/004/ERR3574574/ERR3574574_1.fastq.gz;ftp.sra.ebi.ac.uk/vol1/fastq/ERR357/004/ERR3574574/ERR3574574_2.fastq.gz,ftp.sra.ebi.ac.uk/vol1/run/ERR357/ERR3574574/WTCHG_457711_227134.bam,,WTCHG_457711_227134,RHB21
PRJEB34634,SAMEA5989477,ERX3572813,ERR3574575,749907,sediment metagenome,ftp.sra.ebi.ac.uk/vol1/fastq/ERR357/005/ERR3574575/ERR3574575_1.fastq.gz;ftp.sra.ebi.ac.uk/vol1/fastq/ERR357/005/ERR3574575/ERR3574575_2.fastq.gz,ftp.sra.ebi.ac.uk/vol1/run/ERR357/ERR3574575/WTCHG_457712_227134.bam,,WTCHG_457712_227134,RHB21
PRJEB34634,SAMEA5989477,ERX3572814,ERR3574576,749907,sediment metagenome,ftp.sra.ebi.ac.uk/vol1/fastq/ERR357/006/ERR3574576/ERR3574576_1.fastq.gz;ftp.sra.ebi.ac.uk/vol1/fastq/ERR357/006/ERR3574576/ERR3574576_2.fastq.gz,ftp.sra.ebi.ac.uk/vol1/run/ERR357/ERR3574576/WTCHG_457713_227134.bam,,WTCHG_457713_227134,RHB21
PRJEB34634,SAMEA5989477,ERX3572815,ERR3574577,749907,sediment metagenome,ftp.sra.ebi.ac.uk/vol1/fastq/ERR357/007/ERR3574577/ERR3574577_1.fastq.gz;ftp.sra.ebi.ac.uk/vol1/fastq/ERR357/007/ERR3574577/ERR3574577_2.fastq.gz,ftp.sra.ebi.ac.uk/vol1/run/ERR357/ERR3574577/WTCHG_457714_227134.bam,,WTCHG_457714_227134,RHB21
PRJEB34634,SAMEA5989477,ERX3572816,ERR3574578,749907,sediment metagenome,ftp.sra.ebi.ac.uk/vol1/fastq/ERR357/008/ERR3574578/ERR3574578_1.fastq.gz;ftp.sra.ebi.ac.uk/vol1/fastq/ERR357/008/ERR3574578/ERR3574578_2.fastq.gz,ftp.sra.ebi.ac.uk/vol1/run/ERR357/ERR3574578/WTCHG_461227_227134.bam,,WTCHG_461227_227134,RHB21
PRJEB34634,SAMEA5989477,ERX3572817,ERR3574579,749907,sediment metagenome,ftp.sra.ebi.ac.uk/vol1/fastq/ERR357/009/ERR3574579/ERR3574579_1.fastq.gz;ftp.sra.ebi.ac.uk/vol1/fastq/ERR357/009/ERR3574579/ERR3574579_2.fastq.gz,ftp.sra.ebi.ac.uk/vol1/run/ERR357/ERR3574579/WTCHG_461228_227134.bam,,WTCHG_461228_227134,RHB21
PRJEB34634,SAMEA5989477,ERX3572818,ERR3574580,749907,sediment metagenome,ftp.sra.ebi.ac.uk/vol1/fastq/ERR357/000/ERR3574580/ERR3574580_1.fastq.gz;ftp.sra.ebi.ac.uk/vol1/fastq/ERR357/000/ERR3574580/ERR3574580_2.fastq.gz,ftp.sra.ebi.ac.uk/vol1/run/ERR357/ERR3574580/WTCHG_455360_228146.bam,,WTCHG_455360_228146,RHB22
PRJEB34634,SAMEA5989477,ERX3572819,ERR3574581,749907,sediment metagenome,ftp.sra.ebi.ac.uk/vol1/fastq/ERR357/001/ERR3574581/ERR3574581_1.fastq.gz;ftp.sra.ebi.ac.uk/vol1/fastq/ERR357/001/ERR3574581/ERR3574581_2.fastq.gz,ftp.sra.ebi.ac.uk/vol1/run/ERR357/ERR3574581/WTCHG_456624_228146.bam,,WTCHG_456624_228146,RHB22
PRJEB34634,SAMEA5989477,ERX3572820,ERR3574582,749907,sediment metagenome,ftp.sra.ebi.ac.uk/vol1/fastq/ERR357/002/ERR3574582/ERR3574582_1.fastq.gz;ftp.sra.ebi.ac.uk/vol1/fastq/ERR357/002/ERR3574582/ERR3574582_2.fastq.gz,ftp.sra.ebi.ac.uk/vol1/run/ERR357/ERR3574582/WTCHG_457295_228146.bam,,WTCHG_457295_228146,RHB22
PRJEB34634,SAMEA5989477,ERX3572821,ERR3574583,749907,sediment metagenome,ftp.sra.ebi.ac.uk/vol1/fastq/ERR357/003/ERR3574583/ERR3574583_1.fastq.gz;ftp.sra.ebi.ac.uk/vol1/fastq/ERR357/003/ERR3574583/ERR3574583_2.fastq.gz,ftp.sra.ebi.ac.uk/vol1/run/ERR357/ERR3574583/WTCHG_457296_228146.bam,,WTCHG_457296_228146,RHB22
PRJEB34634,SAMEA5989477,ERX3572822,ERR3574584,749907,sediment metagenome,ftp.sra.ebi.ac.uk/vol1/fastq/ERR357/004/ERR3574584/ERR3574584_1.fastq.gz;ftp.sra.ebi.ac.uk/vol1/fastq/ERR357/004/ERR3574584/ERR3574584_2.fastq.gz,ftp.sra.ebi.ac.uk/vol1/run/ERR357/ERR3574584/WTCHG_457297_228146.bam,,WTCHG_457297_228146,RHB22
PRJEB34634,SAMEA5989477,ERX3572823,ERR3574585,749907,sediment metagenome,ftp.sra.ebi.ac.uk/vol1/fastq/ERR357/005/ERR3574585/ERR3574585_1.fastq.gz;ftp.sra.ebi.ac.uk/vol1/fastq/ERR357/005/ERR3574585/ERR3574585_2.fastq.gz,ftp.sra.ebi.ac.uk/vol1/run/ERR357/ERR3574585/WTCHG_457298_228146.bam,,WTCHG_457298_228146,RHB22
PRJEB34634,SAMEA5989477,ERX3572824,ERR3574586,749907,sediment metagenome,ftp.sra.ebi.ac.uk/vol1/fastq/ERR357/006/ERR3574586/ERR3574586_1.fastq.gz;ftp.sra.ebi.ac.uk/vol1/fastq/ERR357/006/ERR3574586/ERR3574586_2.fastq.gz,ftp.sra.ebi.ac.uk/vol1/run/ERR357/ERR3574586/WTCHG_457710_228146.bam,,WTCHG_457710_228146,RHB22
PRJEB34634,SAMEA5989477,ERX3572825,ERR3574587,749907,sediment metagenome,ftp.sra.ebi.ac.uk/vol1/fastq/ERR357/007/ERR3574587/ERR3574587_1.fastq.gz;ftp.sra.ebi.ac.uk/vol1/fastq/ERR357/007/ERR3574587/ERR3574587_2.fastq.gz,ftp.sra.ebi.ac.uk/vol1/run/ERR357/ERR3574587/WTCHG_457711_228146.bam,,WTCHG_457711_228146,RHB22
PRJEB34634,SAMEA5989477,ERX3572826,ERR3574588,749907,sediment metagenome,ftp.sra.ebi.ac.uk/vol1/fastq/ERR357/008/ERR3574588/ERR3574588_1.fastq.gz;ftp.sra.ebi.ac.uk/vol1/fastq/ERR357/008/ERR3574588/ERR3574588_2.fastq.gz,ftp.sra.ebi.ac.uk/vol1/run/ERR357/ERR3574588/WTCHG_457712_228146.bam,,WTCHG_457712_228146,RHB22
PRJEB34634,SAMEA5989477,ERX3572827,ERR3574589,749907,sediment metagenome,ftp.sra.ebi.ac.uk/vol1/fastq/ERR357/009/ERR3574589/ERR3574589_1.fastq.gz;ftp.sra.ebi.ac.uk/vol1/fastq/ERR357/009/ERR3574589/ERR3574589_2.fastq.gz,ftp.sra.ebi.ac.uk/vol1/run/ERR357/ERR3574589/WTCHG_457713_228146.bam,,WTCHG_457713_228146,RHB22
PRJEB34634,SAMEA5989477,ERX3572828,ERR3574590,749907,sediment metagenome,ftp.sra.ebi.ac.uk/vol1/fastq/ERR357/000/ERR3574590/ERR3574590_1.fastq.gz;ftp.sra.ebi.ac.uk/vol1/fastq/ERR357/000/ERR3574590/ERR3574590_2.fastq.gz,ftp.sra.ebi.ac.uk/vol1/run/ERR357/ERR3574590/WTCHG_457714_228146.bam,,WTCHG_457714_228146,RHB22
PRJEB34634,SAMEA5989477,ERX3572829,ERR3574591,749907,sediment metagenome,ftp.sra.ebi.ac.uk/vol1/fastq/ERR357/001/ERR3574591/ERR3574591_1.fastq.gz;ftp.sra.ebi.ac.uk/vol1/fastq/ERR357/001/ERR3574591/ERR3574591_2.fastq.gz,ftp.sra.ebi.ac.uk/vol1/run/ERR357/ERR3574591/WTCHG_461227_228146.bam,,WTCHG_461227_228146,RHB22
PRJEB34634,SAMEA5989477,ERX3572830,ERR3574592,749907,sediment metagenome,ftp.sra.ebi.ac.uk/vol1/fastq/ERR357/002/ERR3574592/ERR3574592_1.fastq.gz;ftp.sra.ebi.ac.uk/vol1/fastq/ERR357/002/ERR3574592/ERR3574592_2.fastq.gz,ftp.sra.ebi.ac.uk/vol1/run/ERR357/ERR3574592/WTCHG_461228_228146.bam,,WTCHG_461228_228146,RHB22
PRJEB34634,SAMEA5989477,ERX3572831,ERR3574593,749907,sediment metagenome,ftp.sra.ebi.ac.uk/vol1/fastq/ERR357/003/ERR3574593/ERR3574593_1.fastq.gz;ftp.sra.ebi.ac.uk/vol1/fastq/ERR357/003/ERR3574593/ERR3574593_2.fastq.gz,ftp.sra.ebi.ac.uk/vol1/run/ERR357/ERR3574593/WTCHG_455360_229158.bam,,WTCHG_455360_229158,RHB23
PRJEB34634,SAMEA5989477,ERX3572832,ERR3574594,749907,sediment metagenome,ftp.sra.ebi.ac.uk/vol1/fastq/ERR357/004/ERR3574594/ERR3574594_1.fastq.gz;ftp.sra.ebi.ac.uk/vol1/fastq/ERR357/004/ERR3574594/ERR3574594_2.fastq.gz,ftp.sra.ebi.ac.uk/vol1/run/ERR357/ERR3574594/WTCHG_456624_229158.bam,,WTCHG_456624_229158,RHB23
PRJEB34634,SAMEA5989477,ERX3572833,ERR3574595,749907,sediment metagenome,ftp.sra.ebi.ac.uk/vol1/fastq/ERR357/005/ERR3574595/ERR3574595_1.fastq.gz;ftp.sra.ebi.ac.uk/vol1/fastq/ERR357/005/ERR3574595/ERR3574595_2.fastq.gz,ftp.sra.ebi.ac.uk/vol1/run/ERR357/ERR3574595/WTCHG_457295_229158.bam,,WTCHG_457295_229158,RHB23
PRJEB34634,SAMEA5989477,ERX3572834,ERR3574596,749907,sediment metagenome,ftp.sra.ebi.ac.uk/vol1/fastq/ERR357/006/ERR3574596/ERR3574596_1.fastq.gz;ftp.sra.ebi.ac.uk/vol1/fastq/ERR357/006/ERR3574596/ERR3574596_2.fastq.gz,ftp.sra.ebi.ac.uk/vol1/run/ERR357/ERR3574596/WTCHG_457296_229158.bam,,WTCHG_457296_229158,RHB23
PRJEB34634,SAMEA5989477,ERX3572835,ERR3574597,749907,sediment metagenome,ftp.sra.ebi.ac.uk/vol1/fastq/ERR357/007/ERR3574597/ERR3574597_1.fastq.gz;ftp.sra.ebi.ac.uk/vol1/fastq/ERR357/007/ERR3574597/ERR3574597_2.fastq.gz,ftp.sra.ebi.ac.uk/vol1/run/ERR357/ERR3574597/WTCHG_457297_229158.bam,,WTCHG_457297_229158,RHB23
PRJEB34634,SAMEA5989477,ERX3572836,ERR3574598,749907,sediment metagenome,ftp.sra.ebi.ac.uk/vol1/fastq/ERR357/008/ERR3574598/ERR3574598_1.fastq.gz;ftp.sra.ebi.ac.uk/vol1/fastq/ERR357/008/ERR3574598/ERR3574598_2.fastq.gz,ftp.sra.ebi.ac.uk/vol1/run/ERR357/ERR3574598/WTCHG_457298_229158.bam,,WTCHG_457298_229158,RHB23
PRJEB34634,SAMEA5989477,ERX3572837,ERR3574599,749907,sediment metagenome,ftp.sra.ebi.ac.uk/vol1/fastq/ERR357/009/ERR3574599/ERR3574599_1.fastq.gz;ftp.sra.ebi.ac.uk/vol1/fastq/ERR357/009/ERR3574599/ERR3574599_2.fastq.gz,ftp.sra.ebi.ac.uk/vol1/run/ERR357/ERR3574599/WTCHG_457710_229158.bam,,WTCHG_457710_229158,RHB23
PRJEB34634,SAMEA5989477,ERX3572838,ERR3574600,749907,sediment metagenome,ftp.sra.ebi.ac.uk/vol1/fastq/ERR357/000/ERR3574600/ERR3574600_1.fastq.gz;ftp.sra.ebi.ac.uk/vol1/fastq/ERR357/000/ERR3574600/ERR3574600_2.fastq.gz,ftp.sra.ebi.ac.uk/vol1/run/ERR357/ERR3574600/WTCHG_457711_229158.bam,,WTCHG_457711_229158,RHB23
PRJEB34634,SAMEA5989477,ERX3572839,ERR3574601,749907,sediment metagenome,ftp.sra.ebi.ac.uk/vol1/fastq/ERR357/001/ERR3574601/ERR3574601_1.fastq.gz;ftp.sra.ebi.ac.uk/vol1/fastq/ERR357/001/ERR3574601/ERR3574601_2.fastq.gz,ftp.sra.ebi.ac.uk/vol1/run/ERR357/ERR3574601/WTCHG_457712_229158.bam,,WTCHG_457712_229158,RHB23
PRJEB34634,SAMEA5989477,ERX3572840,ERR3574602,749907,sediment metagenome,ftp.sra.ebi.ac.uk/vol1/fastq/ERR357/002/ERR3574602/ERR3574602_1.fastq.gz;ftp.sra.ebi.ac.uk/vol1/fastq/ERR357/002/ERR3574602/ERR3574602_2.fastq.gz,ftp.sra.ebi.ac.uk/vol1/run/ERR357/ERR3574602/WTCHG_457713_229158.bam,,WTCHG_457713_229158,RHB23
PRJEB34634,SAMEA5989477,ERX3572841,ERR3574603,749907,sediment metagenome,ftp.sra.ebi.ac.uk/vol1/fastq/ERR357/003/ERR3574603/ERR3574603_1.fastq.gz;ftp.sra.ebi.ac.uk/vol1/fastq/ERR357/003/ERR3574603/ERR3574603_2.fastq.gz,ftp.sra.ebi.ac.uk/vol1/run/ERR357/ERR3574603/WTCHG_457714_229158.bam,,WTCHG_457714_229158,RHB23
PRJEB34634,SAMEA5989477,ERX3572842,ERR3574604,749907,sediment metagenome,ftp.sra.ebi.ac.uk/vol1/fastq/ERR357/004/ERR3574604/ERR3574604_1.fastq.gz;ftp.sra.ebi.ac.uk/vol1/fastq/ERR357/004/ERR3574604/ERR3574604_2.fastq.gz,ftp.sra.ebi.ac.uk/vol1/run/ERR357/ERR3574604/WTCHG_461227_229158.bam,,WTCHG_461227_229158,RHB23
PRJEB34634,SAMEA5989477,ERX3572843,ERR3574605,749907,sediment metagenome,ftp.sra.ebi.ac.uk/vol1/fastq/ERR357/005/ERR3574605/ERR3574605_1.fastq.gz;ftp.sra.ebi.ac.uk/vol1/fastq/ERR357/005/ERR3574605/ERR3574605_2.fastq.gz,ftp.sra.ebi.ac.uk/vol1/run/ERR357/ERR3574605/WTCHG_461228_229158.bam,,WTCHG_461228_229158,RHB23
PRJEB34634,SAMEA5989477,ERX3572844,ERR3574606,749907,sediment metagenome,ftp.sra.ebi.ac.uk/vol1/fastq/ERR357/006/ERR3574606/ERR3574606_1.fastq.gz;ftp.sra.ebi.ac.uk/vol1/fastq/ERR357/006/ERR3574606/ERR3574606_2.fastq.gz,ftp.sra.ebi.ac.uk/vol1/run/ERR357/ERR3574606/WTCHG_455360_230170.bam,,WTCHG_455360_230170,RHB24
PRJEB34634,SAMEA5989477,ERX3572845,ERR3574607,749907,sediment metagenome,ftp.sra.ebi.ac.uk/vol1/fastq/ERR357/007/ERR3574607/ERR3574607_1.fastq.gz;ftp.sra.ebi.ac.uk/vol1/fastq/ERR357/007/ERR3574607/ERR3574607_2.fastq.gz,ftp.sra.ebi.ac.uk/vol1/run/ERR357/ERR3574607/WTCHG_456624_230170.bam,,WTCHG_456624_230170,RHB24
PRJEB34634,SAMEA5989477,ERX3572846,ERR3574608,749907,sediment metagenome,ftp.sra.ebi.ac.uk/vol1/fastq/ERR357/008/ERR3574608/ERR3574608_1.fastq.gz;ftp.sra.ebi.ac.uk/vol1/fastq/ERR357/008/ERR3574608/ERR3574608_2.fastq.gz,ftp.sra.ebi.ac.uk/vol1/run/ERR357/ERR3574608/WTCHG_457295_230170.bam,,WTCHG_457295_230170,RHB24
PRJEB34634,SAMEA5989477,ERX3572847,ERR3574609,749907,sediment metagenome,ftp.sra.ebi.ac.uk/vol1/fastq/ERR357/009/ERR3574609/ERR3574609_1.fastq.gz;ftp.sra.ebi.ac.uk/vol1/fastq/ERR357/009/ERR3574609/ERR3574609_2.fastq.gz,ftp.sra.ebi.ac.uk/vol1/run/ERR357/ERR3574609/WTCHG_457296_230170.bam,,WTCHG_457296_230170,RHB24
PRJEB34634,SAMEA5989477,ERX3572848,ERR3574610,749907,sediment metagenome,ftp.sra.ebi.ac.uk/vol1/fastq/ERR357/000/ERR3574610/ERR3574610_1.fastq.gz;ftp.sra.ebi.ac.uk/vol1/fastq/ERR357/000/ERR3574610/ERR3574610_2.fastq.gz,ftp.sra.ebi.ac.uk/vol1/run/ERR357/ERR3574610/WTCHG_457297_230170.bam,,WTCHG_457297_230170,RHB24
PRJEB34634,SAMEA5989477,ERX3572849,ERR3574611,749907,sediment metagenome,ftp.sra.ebi.ac.uk/vol1/fastq/ERR357/001/ERR3574611/ERR3574611_1.fastq.gz;ftp.sra.ebi.ac.uk/vol1/fastq/ERR357/001/ERR3574611/ERR3574611_2.fastq.gz,ftp.sra.ebi.ac.uk/vol1/run/ERR357/ERR3574611/WTCHG_457298_230170.bam,,WTCHG_457298_230170,RHB24
PRJEB34634,SAMEA5989477,ERX3572850,ERR3574612,749907,sediment metagenome,ftp.sra.ebi.ac.uk/vol1/fastq/ERR357/002/ERR3574612/ERR3574612_1.fastq.gz;ftp.sra.ebi.ac.uk/vol1/fastq/ERR357/002/ERR3574612/ERR3574612_2.fastq.gz,ftp.sra.ebi.ac.uk/vol1/run/ERR357/ERR3574612/WTCHG_457710_230170.bam,,WTCHG_457710_230170,RHB24
PRJEB34634,SAMEA5989477,ERX3572851,ERR3574613,749907,sediment metagenome,ftp.sra.ebi.ac.uk/vol1/fastq/ERR357/003/ERR3574613/ERR3574613_1.fastq.gz;ftp.sra.ebi.ac.uk/vol1/fastq/ERR357/003/ERR3574613/ERR3574613_2.fastq.gz,ftp.sra.ebi.ac.uk/vol1/run/ERR357/ERR3574613/WTCHG_457711_230170.bam,,WTCHG_457711_230170,RHB24
PRJEB34634,SAMEA5989477,ERX3572852,ERR3574614,749907,sediment metagenome,ftp.sra.ebi.ac.uk/vol1/fastq/ERR357/004/ERR3574614/ERR3574614_1.fastq.gz;ftp.sra.ebi.ac.uk/vol1/fastq/ERR357/004/ERR3574614/ERR3574614_2.fastq.gz,ftp.sra.ebi.ac.uk/vol1/run/ERR357/ERR3574614/WTCHG_457712_230170.bam,,WTCHG_457712_230170,RHB24
PRJEB34634,SAMEA5989477,ERX3572853,ERR3574615,749907,sediment metagenome,ftp.sra.ebi.ac.uk/vol1/fastq/ERR357/005/ERR3574615/ERR3574615_1.fastq.gz;ftp.sra.ebi.ac.uk/vol1/fastq/ERR357/005/ERR3574615/ERR3574615_2.fastq.gz,ftp.sra.ebi.ac.uk/vol1/run/ERR357/ERR3574615/WTCHG_457713_230170.bam,,WTCHG_457713_230170,RHB24
PRJEB34634,SAMEA5989477,ERX3572854,ERR3574616,749907,sediment metagenome,ftp.sra.ebi.ac.uk/vol1/fastq/ERR357/006/ERR3574616/ERR3574616_1.fastq.gz;ftp.sra.ebi.ac.uk/vol1/fastq/ERR357/006/ERR3574616/ERR3574616_2.fastq.gz,ftp.sra.ebi.ac.uk/vol1/run/ERR357/ERR3574616/WTCHG_457714_230170.bam,,WTCHG_457714_230170,RHB24
PRJEB34634,SAMEA5989477,ERX3572855,ERR3574617,749907,sediment metagenome,ftp.sra.ebi.ac.uk/vol1/fastq/ERR357/007/ERR3574617/ERR3574617_1.fastq.gz;ftp.sra.ebi.ac.uk/vol1/fastq/ERR357/007/ERR3574617/ERR3574617_2.fastq.gz,ftp.sra.ebi.ac.uk/vol1/run/ERR357/ERR3574617/WTCHG_461227_230170.bam,,WTCHG_461227_230170,RHB24
PRJEB34634,SAMEA5989477,ERX3572856,ERR3574618,749907,sediment metagenome,ftp.sra.ebi.ac.uk/vol1/fastq/ERR357/008/ERR3574618/ERR3574618_1.fastq.gz;ftp.sra.ebi.ac.uk/vol1/fastq/ERR357/008/ERR3574618/ERR3574618_2.fastq.gz,ftp.sra.ebi.ac.uk/vol1/run/ERR357/ERR3574618/WTCHG_461228_230170.bam,,WTCHG_461228_230170,RHB24
PRJEB34634,SAMEA5989477,ERX3572857,ERR3574619,749907,sediment metagenome,ftp.sra.ebi.ac.uk/vol1/fastq/ERR357/009/ERR3574619/ERR3574619_1.fastq.gz;ftp.sra.ebi.ac.uk/vol1/fastq/ERR357/009/ERR3574619/ERR3574619_2.fastq.gz,ftp.sra.ebi.ac.uk/vol1/run/ERR357/ERR3574619/WTCHG_455360_231182.bam,,WTCHG_455360_231182,RHB25
PRJEB34634,SAMEA5989477,ERX3572858,ERR3574620,749907,sediment metagenome,ftp.sra.ebi.ac.uk/vol1/fastq/ERR357/000/ERR3574620/ERR3574620_1.fastq.gz;ftp.sra.ebi.ac.uk/vol1/fastq/ERR357/000/ERR3574620/ERR3574620_2.fastq.gz,ftp.sra.ebi.ac.uk/vol1/run/ERR357/ERR3574620/WTCHG_456624_231182.bam,,WTCHG_456624_231182,RHB25
PRJEB34634,SAMEA5989477,ERX3572859,ERR3574621,749907,sediment metagenome,ftp.sra.ebi.ac.uk/vol1/fastq/ERR357/001/ERR3574621/ERR3574621_1.fastq.gz;ftp.sra.ebi.ac.uk/vol1/fastq/ERR357/001/ERR3574621/ERR3574621_2.fastq.gz,ftp.sra.ebi.ac.uk/vol1/run/ERR357/ERR3574621/WTCHG_457295_231182.bam,,WTCHG_457295_231182,RHB25
PRJEB34634,SAMEA5989477,ERX3572860,ERR3574622,749907,sediment metagenome,ftp.sra.ebi.ac.uk/vol1/fastq/ERR357/002/ERR3574622/ERR3574622_1.fastq.gz;ftp.sra.ebi.ac.uk/vol1/fastq/ERR357/002/ERR3574622/ERR3574622_2.fastq.gz,ftp.sra.ebi.ac.uk/vol1/run/ERR357/ERR3574622/WTCHG_457296_231182.bam,,WTCHG_457296_231182,RHB25
PRJEB34634,SAMEA5989477,ERX3572861,ERR3574623,749907,sediment metagenome,ftp.sra.ebi.ac.uk/vol1/fastq/ERR357/003/ERR3574623/ERR3574623_1.fastq.gz;ftp.sra.ebi.ac.uk/vol1/fastq/ERR357/003/ERR3574623/ERR3574623_2.fastq.gz,ftp.sra.ebi.ac.uk/vol1/run/ERR357/ERR3574623/WTCHG_457297_231182.bam,,WTCHG_457297_231182,RHB25
PRJEB34634,SAMEA5989477,ERX3572862,ERR3574624,749907,sediment metagenome,ftp.sra.ebi.ac.uk/vol1/fastq/ERR357/004/ERR3574624/ERR3574624_1.fastq.gz;ftp.sra.ebi.ac.uk/vol1/fastq/ERR357/004/ERR3574624/ERR3574624_2.fastq.gz,ftp.sra.ebi.ac.uk/vol1/run/ERR357/ERR3574624/WTCHG_457298_231182.bam,,WTCHG_457298_231182,RHB25
PRJEB34634,SAMEA5989477,ERX3572863,ERR3574625,749907,sediment metagenome,ftp.sra.ebi.ac.uk/vol1/fastq/ERR357/005/ERR3574625/ERR3574625_1.fastq.gz;ftp.sra.ebi.ac.uk/vol1/fastq/ERR357/005/ERR3574625/ERR3574625_2.fastq.gz,ftp.sra.ebi.ac.uk/vol1/run/ERR357/ERR3574625/WTCHG_457710_231182.bam,,WTCHG_457710_231182,RHB25
PRJEB34634,SAMEA5989477,ERX3572864,ERR3574626,749907,sediment metagenome,ftp.sra.ebi.ac.uk/vol1/fastq/ERR357/006/ERR3574626/ERR3574626_1.fastq.gz;ftp.sra.ebi.ac.uk/vol1/fastq/ERR357/006/ERR3574626/ERR3574626_2.fastq.gz,ftp.sra.ebi.ac.uk/vol1/run/ERR357/ERR3574626/WTCHG_457711_231182.bam,,WTCHG_457711_231182,RHB25
PRJEB34634,SAMEA5989477,ERX3572865,ERR3574627,749907,sediment metagenome,ftp.sra.ebi.ac.uk/vol1/fastq/ERR357/007/ERR3574627/ERR3574627_1.fastq.gz;ftp.sra.ebi.ac.uk/vol1/fastq/ERR357/007/ERR3574627/ERR3574627_2.fastq.gz,ftp.sra.ebi.ac.uk/vol1/run/ERR357/ERR3574627/WTCHG_457712_231182.bam,,WTCHG_457712_231182,RHB25
PRJEB34634,SAMEA5989477,ERX3572866,ERR3574628,749907,sediment metagenome,ftp.sra.ebi.ac.uk/vol1/fastq/ERR357/008/ERR3574628/ERR3574628_1.fastq.gz;ftp.sra.ebi.ac.uk/vol1/fastq/ERR357/008/ERR3574628/ERR3574628_2.fastq.gz,ftp.sra.ebi.ac.uk/vol1/run/ERR357/ERR3574628/WTCHG_457713_231182.bam,,WTCHG_457713_231182,RHB25
PRJEB34634,SAMEA5989477,ERX3572867,ERR3574629,749907,sediment metagenome,ftp.sra.ebi.ac.uk/vol1/fastq/ERR357/009/ERR3574629/ERR3574629_1.fastq.gz;ftp.sra.ebi.ac.uk/vol1/fastq/ERR357/009/ERR3574629/ERR3574629_2.fastq.gz,ftp.sra.ebi.ac.uk/vol1/run/ERR357/ERR3574629/WTCHG_457714_231182.bam,,WTCHG_457714_231182,RHB25
PRJEB34634,SAMEA5989477,ERX3572868,ERR3574630,749907,sediment metagenome,ftp.sra.ebi.ac.uk/vol1/fastq/ERR357/000/ERR3574630/ERR3574630_1.fastq.gz;ftp.sra.ebi.ac.uk/vol1/fastq/ERR357/000/ERR3574630/ERR3574630_2.fastq.gz,ftp.sra.ebi.ac.uk/vol1/run/ERR357/ERR3574630/WTCHG_461227_231182.bam,,WTCHG_461227_231182,RHB25
PRJEB34634,SAMEA5989477,ERX3572869,ERR3574631,749907,sediment metagenome,ftp.sra.ebi.ac.uk/vol1/fastq/ERR357/001/ERR3574631/ERR3574631_1.fastq.gz;ftp.sra.ebi.ac.uk/vol1/fastq/ERR357/001/ERR3574631/ERR3574631_2.fastq.gz,ftp.sra.ebi.ac.uk/vol1/run/ERR357/ERR3574631/WTCHG_461228_231182.bam,,WTCHG_461228_231182,RHB25
PRJEB34634,SAMEA5989477,ERX3572870,ERR3574632,749907,sediment metagenome,ftp.sra.ebi.ac.uk/vol1/fastq/ERR357/002/ERR3574632/ERR3574632_1.fastq.gz;ftp.sra.ebi.ac.uk/vol1/fastq/ERR357/002/ERR3574632/ERR3574632_2.fastq.gz,ftp.sra.ebi.ac.uk/vol1/run/ERR357/ERR3574632/WTCHG_455360_232194.bam,,WTCHG_455360_232194,RHB26
PRJEB34634,SAMEA5989477,ERX3572871,ERR3574633,749907,sediment metagenome,ftp.sra.ebi.ac.uk/vol1/fastq/ERR357/003/ERR3574633/ERR3574633_1.fastq.gz;ftp.sra.ebi.ac.uk/vol1/fastq/ERR357/003/ERR3574633/ERR3574633_2.fastq.gz,ftp.sra.ebi.ac.uk/vol1/run/ERR357/ERR3574633/WTCHG_456624_232194.bam,,WTCHG_456624_232194,RHB26
PRJEB34634,SAMEA5989477,ERX3572872,ERR3574634,749907,sediment metagenome,ftp.sra.ebi.ac.uk/vol1/fastq/ERR357/004/ERR3574634/ERR3574634_1.fastq.gz;ftp.sra.ebi.ac.uk/vol1/fastq/ERR357/004/ERR3574634/ERR3574634_2.fastq.gz,ftp.sra.ebi.ac.uk/vol1/run/ERR357/ERR3574634/WTCHG_457295_232194.bam,,WTCHG_457295_232194,RHB26
PRJEB34634,SAMEA5989477,ERX3572873,ERR3574635,749907,sediment metagenome,ftp.sra.ebi.ac.uk/vol1/fastq/ERR357/005/ERR3574635/ERR3574635_1.fastq.gz;ftp.sra.ebi.ac.uk/vol1/fastq/ERR357/005/ERR3574635/ERR3574635_2.fastq.gz,ftp.sra.ebi.ac.uk/vol1/run/ERR357/ERR3574635/WTCHG_457296_232194.bam,,WTCHG_457296_232194,RHB26
PRJEB34634,SAMEA5989477,ERX3572874,ERR3574636,749907,sediment metagenome,ftp.sra.ebi.ac.uk/vol1/fastq/ERR357/006/ERR3574636/ERR3574636_1.fastq.gz;ftp.sra.ebi.ac.uk/vol1/fastq/ERR357/006/ERR3574636/ERR3574636_2.fastq.gz,ftp.sra.ebi.ac.uk/vol1/run/ERR357/ERR3574636/WTCHG_457297_232194.bam,,WTCHG_457297_232194,RHB26
PRJEB34634,SAMEA5989477,ERX3572875,ERR3574637,749907,sediment metagenome,ftp.sra.ebi.ac.uk/vol1/fastq/ERR357/007/ERR3574637/ERR3574637_1.fastq.gz;ftp.sra.ebi.ac.uk/vol1/fastq/ERR357/007/ERR3574637/ERR3574637_2.fastq.gz,ftp.sra.ebi.ac.uk/vol1/run/ERR357/ERR3574637/WTCHG_457298_232194.bam,,WTCHG_457298_232194,RHB26
PRJEB34634,SAMEA5989477,ERX3572876,ERR3574638,749907,sediment metagenome,ftp.sra.ebi.ac.uk/vol1/fastq/ERR357/008/ERR3574638/ERR3574638_1.fastq.gz;ftp.sra.ebi.ac.uk/vol1/fastq/ERR357/008/ERR3574638/ERR3574638_2.fastq.gz,ftp.sra.ebi.ac.uk/vol1/run/ERR357/ERR3574638/WTCHG_457710_232194.bam,,WTCHG_457710_232194,RHB26
PRJEB34634,SAMEA5989477,ERX3572877,ERR3574639,749907,sediment metagenome,ftp.sra.ebi.ac.uk/vol1/fastq/ERR357/009/ERR3574639/ERR3574639_1.fastq.gz;ftp.sra.ebi.ac.uk/vol1/fastq/ERR357/009/ERR3574639/ERR3574639_2.fastq.gz,ftp.sra.ebi.ac.uk/vol1/run/ERR357/ERR3574639/WTCHG_457711_232194.bam,,WTCHG_457711_232194,RHB26
PRJEB34634,SAMEA5989477,ERX3572878,ERR3574640,749907,sediment metagenome,ftp.sra.ebi.ac.uk/vol1/fastq/ERR357/000/ERR3574640/ERR3574640_1.fastq.gz;ftp.sra.ebi.ac.uk/vol1/fastq/ERR357/000/ERR3574640/ERR3574640_2.fastq.gz,ftp.sra.ebi.ac.uk/vol1/run/ERR357/ERR3574640/WTCHG_457712_232194.bam,,WTCHG_457712_232194,RHB26
PRJEB34634,SAMEA5989477,ERX3572879,ERR3574641,749907,sediment metagenome,ftp.sra.ebi.ac.uk/vol1/fastq/ERR357/001/ERR3574641/ERR3574641_1.fastq.gz;ftp.sra.ebi.ac.uk/vol1/fastq/ERR357/001/ERR3574641/ERR3574641_2.fastq.gz,ftp.sra.ebi.ac.uk/vol1/run/ERR357/ERR3574641/WTCHG_457713_232194.bam,,WTCHG_457713_232194,RHB26
PRJEB34634,SAMEA5989477,ERX3572880,ERR3574642,749907,sediment metagenome,ftp.sra.ebi.ac.uk/vol1/fastq/ERR357/002/ERR3574642/ERR3574642_1.fastq.gz;ftp.sra.ebi.ac.uk/vol1/fastq/ERR357/002/ERR3574642/ERR3574642_2.fastq.gz,ftp.sra.ebi.ac.uk/vol1/run/ERR357/ERR3574642/WTCHG_457714_232194.bam,,WTCHG_457714_232194,RHB26
PRJEB34634,SAMEA5989477,ERX3572881,ERR3574643,749907,sediment metagenome,ftp.sra.ebi.ac.uk/vol1/fastq/ERR357/003/ERR3574643/ERR3574643_1.fastq.gz;ftp.sra.ebi.ac.uk/vol1/fastq/ERR357/003/ERR3574643/ERR3574643_2.fastq.gz,ftp.sra.ebi.ac.uk/vol1/run/ERR357/ERR3574643/WTCHG_461227_232194.bam,,WTCHG_461227_232194,RHB26
PRJEB34634,SAMEA5989477,ERX3572882,ERR3574644,749907,sediment metagenome,ftp.sra.ebi.ac.uk/vol1/fastq/ERR357/004/ERR3574644/ERR3574644_1.fastq.gz;ftp.sra.ebi.ac.uk/vol1/fastq/ERR357/004/ERR3574644/ERR3574644_2.fastq.gz,ftp.sra.ebi.ac.uk/vol1/run/ERR357/ERR3574644/WTCHG_461228_232194.bam,,WTCHG_461228_232194,RHB26
PRJEB34634,SAMEA5989477,ERX3572883,ERR3574645,749907,sediment metagenome,ftp.sra.ebi.ac.uk/vol1/fastq/ERR357/005/ERR3574645/ERR3574645_1.fastq.gz;ftp.sra.ebi.ac.uk/vol1/fastq/ERR357/005/ERR3574645/ERR3574645_2.fastq.gz,ftp.sra.ebi.ac.uk/vol1/run/ERR357/ERR3574645/WTCHG_455360_233111.bam,,WTCHG_455360_233111,RHB27
PRJEB34634,SAMEA5989477,ERX3572884,ERR3574646,749907,sediment metagenome,ftp.sra.ebi.ac.uk/vol1/fastq/ERR357/006/ERR3574646/ERR3574646_1.fastq.gz;ftp.sra.ebi.ac.uk/vol1/fastq/ERR357/006/ERR3574646/ERR3574646_2.fastq.gz,ftp.sra.ebi.ac.uk/vol1/run/ERR357/ERR3574646/WTCHG_456624_233111.bam,,WTCHG_456624_233111,RHB27
PRJEB34634,SAMEA5989477,ERX3572885,ERR3574647,749907,sediment metagenome,ftp.sra.ebi.ac.uk/vol1/fastq/ERR357/007/ERR3574647/ERR3574647_1.fastq.gz;ftp.sra.ebi.ac.uk/vol1/fastq/ERR357/007/ERR3574647/ERR3574647_2.fastq.gz,ftp.sra.ebi.ac.uk/vol1/run/ERR357/ERR3574647/WTCHG_457295_233111.bam,,WTCHG_457295_233111,RHB27
PRJEB34634,SAMEA5989477,ERX3572886,ERR3574648,749907,sediment metagenome,ftp.sra.ebi.ac.uk/vol1/fastq/ERR357/008/ERR3574648/ERR3574648_1.fastq.gz;ftp.sra.ebi.ac.uk/vol1/fastq/ERR357/008/ERR3574648/ERR3574648_2.fastq.gz,ftp.sra.ebi.ac.uk/vol1/run/ERR357/ERR3574648/WTCHG_457296_233111.bam,,WTCHG_457296_233111,RHB27
PRJEB34634,SAMEA5989477,ERX3572887,ERR3574649,749907,sediment metagenome,ftp.sra.ebi.ac.uk/vol1/fastq/ERR357/009/ERR3574649/ERR3574649_1.fastq.gz;ftp.sra.ebi.ac.uk/vol1/fastq/ERR357/009/ERR3574649/ERR3574649_2.fastq.gz,ftp.sra.ebi.ac.uk/vol1/run/ERR357/ERR3574649/WTCHG_457297_233111.bam,,WTCHG_457297_233111,RHB27
PRJEB34634,SAMEA5989477,ERX3572888,ERR3574650,749907,sediment metagenome,ftp.sra.ebi.ac.uk/vol1/fastq/ERR357/000/ERR3574650/ERR3574650_1.fastq.gz;ftp.sra.ebi.ac.uk/vol1/fastq/ERR357/000/ERR3574650/ERR3574650_2.fastq.gz,ftp.sra.ebi.ac.uk/vol1/run/ERR357/ERR3574650/WTCHG_457298_233111.bam,,WTCHG_457298_233111,RHB27
PRJEB34634,SAMEA5989477,ERX3572889,ERR3574651,749907,sediment metagenome,ftp.sra.ebi.ac.uk/vol1/fastq/ERR357/001/ERR3574651/ERR3574651_1.fastq.gz;ftp.sra.ebi.ac.uk/vol1/fastq/ERR357/001/ERR3574651/ERR3574651_2.fastq.gz,ftp.sra.ebi.ac.uk/vol1/run/ERR357/ERR3574651/WTCHG_457710_233111.bam,,WTCHG_457710_233111,RHB27
PRJEB34634,SAMEA5989477,ERX3572890,ERR3574652,749907,sediment metagenome,ftp.sra.ebi.ac.uk/vol1/fastq/ERR357/002/ERR3574652/ERR3574652_1.fastq.gz;ftp.sra.ebi.ac.uk/vol1/fastq/ERR357/002/ERR3574652/ERR3574652_2.fastq.gz,ftp.sra.ebi.ac.uk/vol1/run/ERR357/ERR3574652/WTCHG_457711_233111.bam,,WTCHG_457711_233111,RHB27
PRJEB34634,SAMEA5989477,ERX3572891,ERR3574653,749907,sediment metagenome,ftp.sra.ebi.ac.uk/vol1/fastq/ERR357/003/ERR3574653/ERR3574653_1.fastq.gz;ftp.sra.ebi.ac.uk/vol1/fastq/ERR357/003/ERR3574653/ERR3574653_2.fastq.gz,ftp.sra.ebi.ac.uk/vol1/run/ERR357/ERR3574653/WTCHG_457712_233111.bam,,WTCHG_457712_233111,RHB27
PRJEB34634,SAMEA5989477,ERX3572892,ERR3574654,749907,sediment metagenome,ftp.sra.ebi.ac.uk/vol1/fastq/ERR357/004/ERR3574654/ERR3574654_1.fastq.gz;ftp.sra.ebi.ac.uk/vol1/fastq/ERR357/004/ERR3574654/ERR3574654_2.fastq.gz,ftp.sra.ebi.ac.uk/vol1/run/ERR357/ERR3574654/WTCHG_457713_233111.bam,,WTCHG_457713_233111,RHB27
PRJEB34634,SAMEA5989477,ERX3572893,ERR3574655,749907,sediment metagenome,ftp.sra.ebi.ac.uk/vol1/fastq/ERR357/005/ERR3574655/ERR3574655_1.fastq.gz;ftp.sra.ebi.ac.uk/vol1/fastq/ERR357/005/ERR3574655/ERR3574655_2.fastq.gz,ftp.sra.ebi.ac.uk/vol1/run/ERR357/ERR3574655/WTCHG_457714_233111.bam,,WTCHG_457714_233111,RHB27
PRJEB34634,SAMEA5989477,ERX3572894,ERR3574656,749907,sediment metagenome,ftp.sra.ebi.ac.uk/vol1/fastq/ERR357/006/ERR3574656/ERR3574656_1.fastq.gz;ftp.sra.ebi.ac.uk/vol1/fastq/ERR357/006/ERR3574656/ERR3574656_2.fastq.gz,ftp.sra.ebi.ac.uk/vol1/run/ERR357/ERR3574656/WTCHG_461227_233111.bam,,WTCHG_461227_233111,RHB27
PRJEB34634,SAMEA5989477,ERX3572895,ERR3574657,749907,sediment metagenome,ftp.sra.ebi.ac.uk/vol1/fastq/ERR357/007/ERR3574657/ERR3574657_1.fastq.gz;ftp.sra.ebi.ac.uk/vol1/fastq/ERR357/007/ERR3574657/ERR3574657_2.fastq.gz,ftp.sra.ebi.ac.uk/vol1/run/ERR357/ERR3574657/WTCHG_461228_233111.bam,,WTCHG_461228_233111,RHB27
PRJEB34634,SAMEA5989477,ERX3572896,ERR3574658,749907,sediment metagenome,ftp.sra.ebi.ac.uk/vol1/fastq/ERR357/008/ERR3574658/ERR3574658_1.fastq.gz;ftp.sra.ebi.ac.uk/vol1/fastq/ERR357/008/ERR3574658/ERR3574658_2.fastq.gz,ftp.sra.ebi.ac.uk/vol1/run/ERR357/ERR3574658/WTCHG_455360_234123.bam,,WTCHG_455360_234123,RHB28
PRJEB34634,SAMEA5989477,ERX3572897,ERR3574659,749907,sediment metagenome,ftp.sra.ebi.ac.uk/vol1/fastq/ERR357/009/ERR3574659/ERR3574659_1.fastq.gz;ftp.sra.ebi.ac.uk/vol1/fastq/ERR357/009/ERR3574659/ERR3574659_2.fastq.gz,ftp.sra.ebi.ac.uk/vol1/run/ERR357/ERR3574659/WTCHG_456624_234123.bam,,WTCHG_456624_234123,RHB28
PRJEB34634,SAMEA5989477,ERX3572898,ERR3574660,749907,sediment metagenome,ftp.sra.ebi.ac.uk/vol1/fastq/ERR357/000/ERR3574660/ERR3574660_1.fastq.gz;ftp.sra.ebi.ac.uk/vol1/fastq/ERR357/000/ERR3574660/ERR3574660_2.fastq.gz,ftp.sra.ebi.ac.uk/vol1/run/ERR357/ERR3574660/WTCHG_457295_234123.bam,,WTCHG_457295_234123,RHB28
PRJEB34634,SAMEA5989477,ERX3572899,ERR3574661,749907,sediment metagenome,ftp.sra.ebi.ac.uk/vol1/fastq/ERR357/001/ERR3574661/ERR3574661_1.fastq.gz;ftp.sra.ebi.ac.uk/vol1/fastq/ERR357/001/ERR3574661/ERR3574661_2.fastq.gz,ftp.sra.ebi.ac.uk/vol1/run/ERR357/ERR3574661/WTCHG_457296_234123.bam,,WTCHG_457296_234123,RHB28
PRJEB34634,SAMEA5989477,ERX3572900,ERR3574662,749907,sediment metagenome,ftp.sra.ebi.ac.uk/vol1/fastq/ERR357/002/ERR3574662/ERR3574662_1.fastq.gz;ftp.sra.ebi.ac.uk/vol1/fastq/ERR357/002/ERR3574662/ERR3574662_2.fastq.gz,ftp.sra.ebi.ac.uk/vol1/run/ERR357/ERR3574662/WTCHG_457297_234123.bam,,WTCHG_457297_234123,RHB28
PRJEB34634,SAMEA5989477,ERX3572901,ERR3574663,749907,sediment metagenome,ftp.sra.ebi.ac.uk/vol1/fastq/ERR357/003/ERR3574663/ERR3574663_1.fastq.gz;ftp.sra.ebi.ac.uk/vol1/fastq/ERR357/003/ERR3574663/ERR3574663_2.fastq.gz,ftp.sra.ebi.ac.uk/vol1/run/ERR357/ERR3574663/WTCHG_457298_234123.bam,,WTCHG_457298_234123,RHB28
PRJEB34634,SAMEA5989477,ERX3572902,ERR3574664,749907,sediment metagenome,ftp.sra.ebi.ac.uk/vol1/fastq/ERR357/004/ERR3574664/ERR3574664_1.fastq.gz;ftp.sra.ebi.ac.uk/vol1/fastq/ERR357/004/ERR3574664/ERR3574664_2.fastq.gz,ftp.sra.ebi.ac.uk/vol1/run/ERR357/ERR3574664/WTCHG_457710_234123.bam,,WTCHG_457710_234123,RHB28
PRJEB34634,SAMEA5989477,ERX3572903,ERR3574665,749907,sediment metagenome,ftp.sra.ebi.ac.uk/vol1/fastq/ERR357/005/ERR3574665/ERR3574665_1.fastq.gz;ftp.sra.ebi.ac.uk/vol1/fastq/ERR357/005/ERR3574665/ERR3574665_2.fastq.gz,ftp.sra.ebi.ac.uk/vol1/run/ERR357/ERR3574665/WTCHG_457711_234123.bam,,WTCHG_457711_234123,RHB28
PRJEB34634,SAMEA5989477,ERX3572904,ERR3574666,749907,sediment metagenome,ftp.sra.ebi.ac.uk/vol1/fastq/ERR357/006/ERR3574666/ERR3574666_1.fastq.gz;ftp.sra.ebi.ac.uk/vol1/fastq/ERR357/006/ERR3574666/ERR3574666_2.fastq.gz,ftp.sra.ebi.ac.uk/vol1/run/ERR357/ERR3574666/WTCHG_457712_234123.bam,,WTCHG_457712_234123,RHB28
PRJEB34634,SAMEA5989477,ERX3572905,ERR3574667,749907,sediment metagenome,ftp.sra.ebi.ac.uk/vol1/fastq/ERR357/007/ERR3574667/ERR3574667_1.fastq.gz;ftp.sra.ebi.ac.uk/vol1/fastq/ERR357/007/ERR3574667/ERR3574667_2.fastq.gz,ftp.sra.ebi.ac.uk/vol1/run/ERR357/ERR3574667/WTCHG_457713_234123.bam,,WTCHG_457713_234123,RHB28
PRJEB34634,SAMEA5989477,ERX3572906,ERR3574668,749907,sediment metagenome,ftp.sra.ebi.ac.uk/vol1/fastq/ERR357/008/ERR3574668/ERR3574668_1.fastq.gz;ftp.sra.ebi.ac.uk/vol1/fastq/ERR357/008/ERR3574668/ERR3574668_2.fastq.gz,ftp.sra.ebi.ac.uk/vol1/run/ERR357/ERR3574668/WTCHG_457714_234123.bam,,WTCHG_457714_234123,RHB28
PRJEB34634,SAMEA5989477,ERX3572907,ERR3574669,749907,sediment metagenome,ftp.sra.ebi.ac.uk/vol1/fastq/ERR357/009/ERR3574669/ERR3574669_1.fastq.gz;ftp.sra.ebi.ac.uk/vol1/fastq/ERR357/009/ERR3574669/ERR3574669_2.fastq.gz,ftp.sra.ebi.ac.uk/vol1/run/ERR357/ERR3574669/WTCHG_461227_234123.bam,,WTCHG_461227_234123,RHB28
PRJEB34634,SAMEA5989477,ERX3572908,ERR3574670,749907,sediment metagenome,ftp.sra.ebi.ac.uk/vol1/fastq/ERR357/000/ERR3574670/ERR3574670_1.fastq.gz;ftp.sra.ebi.ac.uk/vol1/fastq/ERR357/000/ERR3574670/ERR3574670_2.fastq.gz,ftp.sra.ebi.ac.uk/vol1/run/ERR357/ERR3574670/WTCHG_461228_234123.bam,,WTCHG_461228_234123,RHB28
PRJEB34634,SAMEA5989477,ERX3572909,ERR3574671,749907,sediment metagenome,ftp.sra.ebi.ac.uk/vol1/fastq/ERR357/001/ERR3574671/ERR3574671_1.fastq.gz;ftp.sra.ebi.ac.uk/vol1/fastq/ERR357/001/ERR3574671/ERR3574671_2.fastq.gz,ftp.sra.ebi.ac.uk/vol1/run/ERR357/ERR3574671/WTCHG_550636_216191.bam,,WTCHG_550636_216191,RHB29
PRJEB34634,SAMEA5989477,ERX3572910,ERR3574672,749907,sediment metagenome,ftp.sra.ebi.ac.uk/vol1/fastq/ERR357/002/ERR3574672/ERR3574672_1.fastq.gz;ftp.sra.ebi.ac.uk/vol1/fastq/ERR357/002/ERR3574672/ERR3574672_2.fastq.gz,ftp.sra.ebi.ac.uk/vol1/run/ERR357/ERR3574672/WTCHG_551514_216191.bam,,WTCHG_551514_216191,RHB29
PRJEB34634,SAMEA5989477,ERX3572911,ERR3574673,749907,sediment metagenome,ftp.sra.ebi.ac.uk/vol1/fastq/ERR357/003/ERR3574673/ERR3574673_1.fastq.gz;ftp.sra.ebi.ac.uk/vol1/fastq/ERR357/003/ERR3574673/ERR3574673_2.fastq.gz,ftp.sra.ebi.ac.uk/vol1/run/ERR357/ERR3574673/WTCHG_551515_216191.bam,,WTCHG_551515_216191,RHB29
PRJEB34634,SAMEA5989477,ERX3572912,ERR3574674,749907,sediment metagenome,ftp.sra.ebi.ac.uk/vol1/fastq/ERR357/004/ERR3574674/ERR3574674_1.fastq.gz;ftp.sra.ebi.ac.uk/vol1/fastq/ERR357/004/ERR3574674/ERR3574674_2.fastq.gz,ftp.sra.ebi.ac.uk/vol1/run/ERR357/ERR3574674/WTCHG_554367_216191.bam,,WTCHG_554367_216191,RHB29
PRJEB34634,SAMEA5989477,ERX3572913,ERR3574675,749907,sediment metagenome,ftp.sra.ebi.ac.uk/vol1/fastq/ERR357/005/ERR3574675/ERR3574675_1.fastq.gz;ftp.sra.ebi.ac.uk/vol1/fastq/ERR357/005/ERR3574675/ERR3574675_2.fastq.gz,ftp.sra.ebi.ac.uk/vol1/run/ERR357/ERR3574675/WTCHG_554366_216191.bam,,WTCHG_554366_216191,RHB29
PRJEB34634,SAMEA5989477,ERX3572914,ERR3574676,749907,sediment metagenome,ftp.sra.ebi.ac.uk/vol1/fastq/ERR357/006/ERR3574676/ERR3574676_1.fastq.gz;ftp.sra.ebi.ac.uk/vol1/fastq/ERR357/006/ERR3574676/ERR3574676_2.fastq.gz,ftp.sra.ebi.ac.uk/vol1/run/ERR357/ERR3574676/WTCHG_555220_216191.bam,,WTCHG_555220_216191,RHB29
PRJEB34634,SAMEA5989477,ERX3572915,ERR3574677,749907,sediment metagenome,ftp.sra.ebi.ac.uk/vol1/fastq/ERR357/007/ERR3574677/ERR3574677_1.fastq.gz;ftp.sra.ebi.ac.uk/vol1/fastq/ERR357/007/ERR3574677/ERR3574677_2.fastq.gz,ftp.sra.ebi.ac.uk/vol1/run/ERR357/ERR3574677/WTCHG_555214_216191.bam,,WTCHG_555214_216191,RHB29
PRJEB34634,SAMEA5989477,ERX3572916,ERR3574678,749907,sediment metagenome,ftp.sra.ebi.ac.uk/vol1/fastq/ERR357/008/ERR3574678/ERR3574678_1.fastq.gz;ftp.sra.ebi.ac.uk/vol1/fastq/ERR357/008/ERR3574678/ERR3574678_2.fastq.gz,ftp.sra.ebi.ac.uk/vol1/run/ERR357/ERR3574678/WTCHG_555218_216191.bam,,WTCHG_555218_216191,RHB29
PRJEB34634,SAMEA5989477,ERX3572917,ERR3574679,749907,sediment metagenome,ftp.sra.ebi.ac.uk/vol1/fastq/ERR357/009/ERR3574679/ERR3574679_1.fastq.gz;ftp.sra.ebi.ac.uk/vol1/fastq/ERR357/009/ERR3574679/ERR3574679_2.fastq.gz,ftp.sra.ebi.ac.uk/vol1/run/ERR357/ERR3574679/WTCHG_555217_216191.bam,,WTCHG_555217_216191,RHB29
PRJEB34634,SAMEA5989477,ERX3572918,ERR3574680,749907,sediment metagenome,ftp.sra.ebi.ac.uk/vol1/fastq/ERR357/000/ERR3574680/ERR3574680_1.fastq.gz;ftp.sra.ebi.ac.uk/vol1/fastq/ERR357/000/ERR3574680/ERR3574680_2.fastq.gz,ftp.sra.ebi.ac.uk/vol1/run/ERR357/ERR3574680/WTCHG_555215_216191.bam,,WTCHG_555215_216191,RHB29
PRJEB34634,SAMEA5989477,ERX3572919,ERR3574681,749907,sediment metagenome,ftp.sra.ebi.ac.uk/vol1/fastq/ERR357/001/ERR3574681/ERR3574681_1.fastq.gz;ftp.sra.ebi.ac.uk/vol1/fastq/ERR357/001/ERR3574681/ERR3574681_2.fastq.gz,ftp.sra.ebi.ac.uk/vol1/run/ERR357/ERR3574681/WTCHG_555219_216191.bam,,WTCHG_555219_216191,RHB29
PRJEB34634,SAMEA5989477,ERX3572920,ERR3574682,749907,sediment metagenome,ftp.sra.ebi.ac.uk/vol1/fastq/ERR357/002/ERR3574682/ERR3574682_1.fastq.gz;ftp.sra.ebi.ac.uk/vol1/fastq/ERR357/002/ERR3574682/ERR3574682_2.fastq.gz,ftp.sra.ebi.ac.uk/vol1/run/ERR357/ERR3574682/WTCHG_555221_216191.bam,,WTCHG_555221_216191,RHB29
PRJEB34634,SAMEA5989477,ERX3572921,ERR3574683,749907,sediment metagenome,ftp.sra.ebi.ac.uk/vol1/fastq/ERR357/003/ERR3574683/ERR3574683_1.fastq.gz;ftp.sra.ebi.ac.uk/vol1/fastq/ERR357/003/ERR3574683/ERR3574683_2.fastq.gz,ftp.sra.ebi.ac.uk/vol1/run/ERR357/ERR3574683/WTCHG_555216_216191.bam,,WTCHG_555216_216191,RHB29
PRJEB34634,SAMEA5989477,ERX3572922,ERR3574684,749907,sediment metagenome,ftp.sra.ebi.ac.uk/vol1/fastq/ERR357/004/ERR3574684/ERR3574684_1.fastq.gz;ftp.sra.ebi.ac.uk/vol1/fastq/ERR357/004/ERR3574684/ERR3574684_2.fastq.gz,ftp.sra.ebi.ac.uk/vol1/run/ERR357/ERR3574684/WTCHG_559240_216191.bam,,WTCHG_559240_216191,RHB29
PRJEB34634,SAMEA5989477,ERX3572923,ERR3574685,749907,sediment metagenome,ftp.sra.ebi.ac.uk/vol1/fastq/ERR357/005/ERR3574685/ERR3574685_1.fastq.gz;ftp.sra.ebi.ac.uk/vol1/fastq/ERR357/005/ERR3574685/ERR3574685_2.fastq.gz,ftp.sra.ebi.ac.uk/vol1/run/ERR357/ERR3574685/WTCHG_559241_216191.bam,,WTCHG_559241_216191,RHB29
PRJEB34634,SAMEA5989477,ERX3572924,ERR3574686,749907,sediment metagenome,ftp.sra.ebi.ac.uk/vol1/fastq/ERR357/006/ERR3574686/ERR3574686_1.fastq.gz;ftp.sra.ebi.ac.uk/vol1/fastq/ERR357/006/ERR3574686/ERR3574686_2.fastq.gz,ftp.sra.ebi.ac.uk/vol1/run/ERR357/ERR3574686/WTCHG_559242_216191.bam,,WTCHG_559242_216191,RHB29
PRJEB34634,SAMEA5989477,ERX3572925,ERR3574687,749907,sediment metagenome,ftp.sra.ebi.ac.uk/vol1/fastq/ERR357/007/ERR3574687/ERR3574687_1.fastq.gz;ftp.sra.ebi.ac.uk/vol1/fastq/ERR357/007/ERR3574687/ERR3574687_2.fastq.gz,ftp.sra.ebi.ac.uk/vol1/run/ERR357/ERR3574687/WTCHG_559244_216191.bam,,WTCHG_559244_216191,RHB29
PRJEB34634,SAMEA5989477,ERX3572926,ERR3574688,749907,sediment metagenome,ftp.sra.ebi.ac.uk/vol1/fastq/ERR357/008/ERR3574688/ERR3574688_1.fastq.gz;ftp.sra.ebi.ac.uk/vol1/fastq/ERR357/008/ERR3574688/ERR3574688_2.fastq.gz,ftp.sra.ebi.ac.uk/vol1/run/ERR357/ERR3574688/WTCHG_559243_216191.bam,,WTCHG_559243_216191,RHB29
PRJEB34634,SAMEA5989477,ERX3572927,ERR3574689,749907,sediment metagenome,ftp.sra.ebi.ac.uk/vol1/fastq/ERR357/009/ERR3574689/ERR3574689_1.fastq.gz;ftp.sra.ebi.ac.uk/vol1/fastq/ERR357/009/ERR3574689/ERR3574689_2.fastq.gz,ftp.sra.ebi.ac.uk/vol1/run/ERR357/ERR3574689/WTCHG_550636_217108.bam,,WTCHG_550636_217108,RHB30
PRJEB34634,SAMEA5989477,ERX3572928,ERR3574690,749907,sediment metagenome,ftp.sra.ebi.ac.uk/vol1/fastq/ERR357/000/ERR3574690/ERR3574690_1.fastq.gz;ftp.sra.ebi.ac.uk/vol1/fastq/ERR357/000/ERR3574690/ERR3574690_2.fastq.gz,ftp.sra.ebi.ac.uk/vol1/run/ERR357/ERR3574690/WTCHG_551514_217108.bam,,WTCHG_551514_217108,RHB30
PRJEB34634,SAMEA5989477,ERX3572929,ERR3574691,749907,sediment metagenome,ftp.sra.ebi.ac.uk/vol1/fastq/ERR357/001/ERR3574691/ERR3574691_1.fastq.gz;ftp.sra.ebi.ac.uk/vol1/fastq/ERR357/001/ERR3574691/ERR3574691_2.fastq.gz,ftp.sra.ebi.ac.uk/vol1/run/ERR357/ERR3574691/WTCHG_551515_217108.bam,,WTCHG_551515_217108,RHB30
PRJEB34634,SAMEA5989477,ERX3572930,ERR3574692,749907,sediment metagenome,ftp.sra.ebi.ac.uk/vol1/fastq/ERR357/002/ERR3574692/ERR3574692_1.fastq.gz;ftp.sra.ebi.ac.uk/vol1/fastq/ERR357/002/ERR3574692/ERR3574692_2.fastq.gz,ftp.sra.ebi.ac.uk/vol1/run/ERR357/ERR3574692/WTCHG_554366_217108.bam,,WTCHG_554366_217108,RHB30
PRJEB34634,SAMEA5989477,ERX3572931,ERR3574693,749907,sediment metagenome,ftp.sra.ebi.ac.uk/vol1/fastq/ERR357/003/ERR3574693/ERR3574693_1.fastq.gz;ftp.sra.ebi.ac.uk/vol1/fastq/ERR357/003/ERR3574693/ERR3574693_2.fastq.gz,ftp.sra.ebi.ac.uk/vol1/run/ERR357/ERR3574693/WTCHG_554367_217108.bam,,WTCHG_554367_217108,RHB30
PRJEB34634,SAMEA5989477,ERX3572932,ERR3574694,749907,sediment metagenome,ftp.sra.ebi.ac.uk/vol1/fastq/ERR357/004/ERR3574694/ERR3574694_1.fastq.gz;ftp.sra.ebi.ac.uk/vol1/fastq/ERR357/004/ERR3574694/ERR3574694_2.fastq.gz,ftp.sra.ebi.ac.uk/vol1/run/ERR357/ERR3574694/WTCHG_555216_217108.bam,,WTCHG_555216_217108,RHB30
PRJEB34634,SAMEA5989477,ERX3572933,ERR3574695,749907,sediment metagenome,ftp.sra.ebi.ac.uk/vol1/fastq/ERR357/005/ERR3574695/ERR3574695_1.fastq.gz;ftp.sra.ebi.ac.uk/vol1/fastq/ERR357/005/ERR3574695/ERR3574695_2.fastq.gz,ftp.sra.ebi.ac.uk/vol1/run/ERR357/ERR3574695/WTCHG_555214_217108.bam,,WTCHG_555214_217108,RHB30
PRJEB34634,SAMEA5989477,ERX3572934,ERR3574696,749907,sediment metagenome,ftp.sra.ebi.ac.uk/vol1/fastq/ERR357/006/ERR3574696/ERR3574696_1.fastq.gz;ftp.sra.ebi.ac.uk/vol1/fastq/ERR357/006/ERR3574696/ERR3574696_2.fastq.gz,ftp.sra.ebi.ac.uk/vol1/run/ERR357/ERR3574696/WTCHG_555218_217108.bam,,WTCHG_555218_217108,RHB30
PRJEB34634,SAMEA5989477,ERX3572935,ERR3574697,749907,sediment metagenome,ftp.sra.ebi.ac.uk/vol1/fastq/ERR357/007/ERR3574697/ERR3574697_1.fastq.gz;ftp.sra.ebi.ac.uk/vol1/fastq/ERR357/007/ERR3574697/ERR3574697_2.fastq.gz,ftp.sra.ebi.ac.uk/vol1/run/ERR357/ERR3574697/WTCHG_555220_217108.bam,,WTCHG_555220_217108,RHB30
PRJEB34634,SAMEA5989477,ERX3572936,ERR3574698,749907,sediment metagenome,ftp.sra.ebi.ac.uk/vol1/fastq/ERR357/008/ERR3574698/ERR3574698_1.fastq.gz;ftp.sra.ebi.ac.uk/vol1/fastq/ERR357/008/ERR3574698/ERR3574698_2.fastq.gz,ftp.sra.ebi.ac.uk/vol1/run/ERR357/ERR3574698/WTCHG_555215_217108.bam,,WTCHG_555215_217108,RHB30
PRJEB34634,SAMEA5989477,ERX3572937,ERR3574699,749907,sediment metagenome,ftp.sra.ebi.ac.uk/vol1/fastq/ERR357/009/ERR3574699/ERR3574699_1.fastq.gz;ftp.sra.ebi.ac.uk/vol1/fastq/ERR357/009/ERR3574699/ERR3574699_2.fastq.gz,ftp.sra.ebi.ac.uk/vol1/run/ERR357/ERR3574699/WTCHG_555221_217108.bam,,WTCHG_555221_217108,RHB30
PRJEB34634,SAMEA5989477,ERX3572938,ERR3574700,749907,sediment metagenome,ftp.sra.ebi.ac.uk/vol1/fastq/ERR357/000/ERR3574700/ERR3574700_1.fastq.gz;ftp.sra.ebi.ac.uk/vol1/fastq/ERR357/000/ERR3574700/ERR3574700_2.fastq.gz,ftp.sra.ebi.ac.uk/vol1/run/ERR357/ERR3574700/WTCHG_555217_217108.bam,,WTCHG_555217_217108,RHB30
PRJEB34634,SAMEA5989477,ERX3572939,ERR3574701,749907,sediment metagenome,ftp.sra.ebi.ac.uk/vol1/fastq/ERR357/001/ERR3574701/ERR3574701_1.fastq.gz;ftp.sra.ebi.ac.uk/vol1/fastq/ERR357/001/ERR3574701/ERR3574701_2.fastq.gz,ftp.sra.ebi.ac.uk/vol1/run/ERR357/ERR3574701/WTCHG_555219_217108.bam,,WTCHG_555219_217108,RHB30
PRJEB34634,SAMEA5989477,ERX3572940,ERR3574702,749907,sediment metagenome,ftp.sra.ebi.ac.uk/vol1/fastq/ERR357/002/ERR3574702/ERR3574702_1.fastq.gz;ftp.sra.ebi.ac.uk/vol1/fastq/ERR357/002/ERR3574702/ERR3574702_2.fastq.gz,ftp.sra.ebi.ac.uk/vol1/run/ERR357/ERR3574702/WTCHG_559241_217108.bam,,WTCHG_559241_217108,RHB30
PRJEB34634,SAMEA5989477,ERX3572941,ERR3574703,749907,sediment metagenome,ftp.sra.ebi.ac.uk/vol1/fastq/ERR357/003/ERR3574703/ERR3574703_1.fastq.gz;ftp.sra.ebi.ac.uk/vol1/fastq/ERR357/003/ERR3574703/ERR3574703_2.fastq.gz,ftp.sra.ebi.ac.uk/vol1/run/ERR357/ERR3574703/WTCHG_559242_217108.bam,,WTCHG_559242_217108,RHB30
PRJEB34634,SAMEA5989477,ERX3572942,ERR3574704,749907,sediment metagenome,ftp.sra.ebi.ac.uk/vol1/fastq/ERR357/004/ERR3574704/ERR3574704_1.fastq.gz;ftp.sra.ebi.ac.uk/vol1/fastq/ERR357/004/ERR3574704/ERR3574704_2.fastq.gz,ftp.sra.ebi.ac.uk/vol1/run/ERR357/ERR3574704/WTCHG_559240_217108.bam,,WTCHG_559240_217108,RHB30
PRJEB34634,SAMEA5989477,ERX3572943,ERR3574705,749907,sediment metagenome,ftp.sra.ebi.ac.uk/vol1/fastq/ERR357/005/ERR3574705/ERR3574705_1.fastq.gz;ftp.sra.ebi.ac.uk/vol1/fastq/ERR357/005/ERR3574705/ERR3574705_2.fastq.gz,ftp.sra.ebi.ac.uk/vol1/run/ERR357/ERR3574705/WTCHG_559244_217108.bam,,WTCHG_559244_217108,RHB30
PRJEB34634,SAMEA5989477,ERX3572944,ERR3574706,749907,sediment metagenome,ftp.sra.ebi.ac.uk/vol1/fastq/ERR357/006/ERR3574706/ERR3574706_1.fastq.gz;ftp.sra.ebi.ac.uk/vol1/fastq/ERR357/006/ERR3574706/ERR3574706_2.fastq.gz,ftp.sra.ebi.ac.uk/vol1/run/ERR357/ERR3574706/WTCHG_559243_217108.bam,,WTCHG_559243_217108,RHB30
PRJEB34634,SAMEA5989477,ERX3572945,ERR3574707,749907,sediment metagenome,ftp.sra.ebi.ac.uk/vol1/fastq/ERR357/007/ERR3574707/ERR3574707_1.fastq.gz;ftp.sra.ebi.ac.uk/vol1/fastq/ERR357/007/ERR3574707/ERR3574707_2.fastq.gz,ftp.sra.ebi.ac.uk/vol1/run/ERR357/ERR3574707/WTCHG_550636_218120.bam,,WTCHG_550636_218120,RHB31
PRJEB34634,SAMEA5989477,ERX3572946,ERR3574708,749907,sediment metagenome,ftp.sra.ebi.ac.uk/vol1/fastq/ERR357/008/ERR3574708/ERR3574708_1.fastq.gz;ftp.sra.ebi.ac.uk/vol1/fastq/ERR357/008/ERR3574708/ERR3574708_2.fastq.gz,ftp.sra.ebi.ac.uk/vol1/run/ERR357/ERR3574708/WTCHG_551514_218120.bam,,WTCHG_551514_218120,RHB31
PRJEB34634,SAMEA5989477,ERX3572947,ERR3574709,749907,sediment metagenome,ftp.sra.ebi.ac.uk/vol1/fastq/ERR357/009/ERR3574709/ERR3574709_1.fastq.gz;ftp.sra.ebi.ac.uk/vol1/fastq/ERR357/009/ERR3574709/ERR3574709_2.fastq.gz,ftp.sra.ebi.ac.uk/vol1/run/ERR357/ERR3574709/WTCHG_551515_218120.bam,,WTCHG_551515_218120,RHB31
PRJEB34634,SAMEA5989477,ERX3572948,ERR3574710,749907,sediment metagenome,ftp.sra.ebi.ac.uk/vol1/fastq/ERR357/000/ERR3574710/ERR3574710_1.fastq.gz;ftp.sra.ebi.ac.uk/vol1/fastq/ERR357/000/ERR3574710/ERR3574710_2.fastq.gz,ftp.sra.ebi.ac.uk/vol1/run/ERR357/ERR3574710/WTCHG_554367_218120.bam,,WTCHG_554367_218120,RHB31
PRJEB34634,SAMEA5989477,ERX3572949,ERR3574711,749907,sediment metagenome,ftp.sra.ebi.ac.uk/vol1/fastq/ERR357/001/ERR3574711/ERR3574711_1.fastq.gz;ftp.sra.ebi.ac.uk/vol1/fastq/ERR357/001/ERR3574711/ERR3574711_2.fastq.gz,ftp.sra.ebi.ac.uk/vol1/run/ERR357/ERR3574711/WTCHG_554366_218120.bam,,WTCHG_554366_218120,RHB31
PRJEB34634,SAMEA5989477,ERX3572950,ERR3574712,749907,sediment metagenome,ftp.sra.ebi.ac.uk/vol1/fastq/ERR357/002/ERR3574712/ERR3574712_1.fastq.gz;ftp.sra.ebi.ac.uk/vol1/fastq/ERR357/002/ERR3574712/ERR3574712_2.fastq.gz,ftp.sra.ebi.ac.uk/vol1/run/ERR357/ERR3574712/WTCHG_555218_218120.bam,,WTCHG_555218_218120,RHB31
PRJEB34634,SAMEA5989477,ERX3572951,ERR3574713,749907,sediment metagenome,ftp.sra.ebi.ac.uk/vol1/fastq/ERR357/003/ERR3574713/ERR3574713_1.fastq.gz;ftp.sra.ebi.ac.uk/vol1/fastq/ERR357/003/ERR3574713/ERR3574713_2.fastq.gz,ftp.sra.ebi.ac.uk/vol1/run/ERR357/ERR3574713/WTCHG_555221_218120.bam,,WTCHG_555221_218120,RHB31
PRJEB34634,SAMEA5989477,ERX3572952,ERR3574714,749907,sediment metagenome,ftp.sra.ebi.ac.uk/vol1/fastq/ERR357/004/ERR3574714/ERR3574714_1.fastq.gz;ftp.sra.ebi.ac.uk/vol1/fastq/ERR357/004/ERR3574714/ERR3574714_2.fastq.gz,ftp.sra.ebi.ac.uk/vol1/run/ERR357/ERR3574714/WTCHG_555217_218120.bam,,WTCHG_555217_218120,RHB31
PRJEB34634,SAMEA5989477,ERX3572953,ERR3574715,749907,sediment metagenome,ftp.sra.ebi.ac.uk/vol1/fastq/ERR357/005/ERR3574715/ERR3574715_1.fastq.gz;ftp.sra.ebi.ac.uk/vol1/fastq/ERR357/005/ERR3574715/ERR3574715_2.fastq.gz,ftp.sra.ebi.ac.uk/vol1/run/ERR357/ERR3574715/WTCHG_555215_218120.bam,,WTCHG_555215_218120,RHB31
PRJEB34634,SAMEA5989477,ERX3572954,ERR3574716,749907,sediment metagenome,ftp.sra.ebi.ac.uk/vol1/fastq/ERR357/006/ERR3574716/ERR3574716_1.fastq.gz;ftp.sra.ebi.ac.uk/vol1/fastq/ERR357/006/ERR3574716/ERR3574716_2.fastq.gz,ftp.sra.ebi.ac.uk/vol1/run/ERR357/ERR3574716/WTCHG_555220_218120.bam,,WTCHG_555220_218120,RHB31
PRJEB34634,SAMEA5989477,ERX3572955,ERR3574717,749907,sediment metagenome,ftp.sra.ebi.ac.uk/vol1/fastq/ERR357/007/ERR3574717/ERR3574717_1.fastq.gz;ftp.sra.ebi.ac.uk/vol1/fastq/ERR357/007/ERR3574717/ERR3574717_2.fastq.gz,ftp.sra.ebi.ac.uk/vol1/run/ERR357/ERR3574717/WTCHG_555214_218120.bam,,WTCHG_555214_218120,RHB31
PRJEB34634,SAMEA5989477,ERX3572956,ERR3574718,749907,sediment metagenome,ftp.sra.ebi.ac.uk/vol1/fastq/ERR357/008/ERR3574718/ERR3574718_1.fastq.gz;ftp.sra.ebi.ac.uk/vol1/fastq/ERR357/008/ERR3574718/ERR3574718_2.fastq.gz,ftp.sra.ebi.ac.uk/vol1/run/ERR357/ERR3574718/WTCHG_555216_218120.bam,,WTCHG_555216_218120,RHB31
PRJEB34634,SAMEA5989477,ERX3572957,ERR3574719,749907,sediment metagenome,ftp.sra.ebi.ac.uk/vol1/fastq/ERR357/009/ERR3574719/ERR3574719_1.fastq.gz;ftp.sra.ebi.ac.uk/vol1/fastq/ERR357/009/ERR3574719/ERR3574719_2.fastq.gz,ftp.sra.ebi.ac.uk/vol1/run/ERR357/ERR3574719/WTCHG_555219_218120.bam,,WTCHG_555219_218120,RHB31
PRJEB34634,SAMEA5989477,ERX3572958,ERR3574720,749907,sediment metagenome,ftp.sra.ebi.ac.uk/vol1/fastq/ERR357/000/ERR3574720/ERR3574720_1.fastq.gz;ftp.sra.ebi.ac.uk/vol1/fastq/ERR357/000/ERR3574720/ERR3574720_2.fastq.gz,ftp.sra.ebi.ac.uk/vol1/run/ERR357/ERR3574720/WTCHG_559241_218120.bam,,WTCHG_559241_218120,RHB31
PRJEB34634,SAMEA5989477,ERX3572959,ERR3574721,749907,sediment metagenome,ftp.sra.ebi.ac.uk/vol1/fastq/ERR357/001/ERR3574721/ERR3574721_1.fastq.gz;ftp.sra.ebi.ac.uk/vol1/fastq/ERR357/001/ERR3574721/ERR3574721_2.fastq.gz,ftp.sra.ebi.ac.uk/vol1/run/ERR357/ERR3574721/WTCHG_559242_218120.bam,,WTCHG_559242_218120,RHB31
PRJEB34634,SAMEA5989477,ERX3572960,ERR3574722,749907,sediment metagenome,ftp.sra.ebi.ac.uk/vol1/fastq/ERR357/002/ERR3574722/ERR3574722_1.fastq.gz;ftp.sra.ebi.ac.uk/vol1/fastq/ERR357/002/ERR3574722/ERR3574722_2.fastq.gz,ftp.sra.ebi.ac.uk/vol1/run/ERR357/ERR3574722/WTCHG_559244_218120.bam,,WTCHG_559244_218120,RHB31
PRJEB34634,SAMEA5989477,ERX3572961,ERR3574723,749907,sediment metagenome,ftp.sra.ebi.ac.uk/vol1/fastq/ERR357/003/ERR3574723/ERR3574723_1.fastq.gz;ftp.sra.ebi.ac.uk/vol1/fastq/ERR357/003/ERR3574723/ERR3574723_2.fastq.gz,ftp.sra.ebi.ac.uk/vol1/run/ERR357/ERR3574723/WTCHG_559240_218120.bam,,WTCHG_559240_218120,RHB31
PRJEB34634,SAMEA5989477,ERX3572962,ERR3574724,749907,sediment metagenome,ftp.sra.ebi.ac.uk/vol1/fastq/ERR357/004/ERR3574724/ERR3574724_1.fastq.gz;ftp.sra.ebi.ac.uk/vol1/fastq/ERR357/004/ERR3574724/ERR3574724_2.fastq.gz,ftp.sra.ebi.ac.uk/vol1/run/ERR357/ERR3574724/WTCHG_559243_218120.bam,,WTCHG_559243_218120,RHB31
PRJEB34634,SAMEA5989477,ERX3572963,ERR3574725,749907,sediment metagenome,ftp.sra.ebi.ac.uk/vol1/fastq/ERR357/005/ERR3574725/ERR3574725_1.fastq.gz;ftp.sra.ebi.ac.uk/vol1/fastq/ERR357/005/ERR3574725/ERR3574725_2.fastq.gz,ftp.sra.ebi.ac.uk/vol1/run/ERR357/ERR3574725/WTCHG_550636_219132.bam,,WTCHG_550636_219132,RHB32
PRJEB34634,SAMEA5989477,ERX3572964,ERR3574726,749907,sediment metagenome,ftp.sra.ebi.ac.uk/vol1/fastq/ERR357/006/ERR3574726/ERR3574726_1.fastq.gz;ftp.sra.ebi.ac.uk/vol1/fastq/ERR357/006/ERR3574726/ERR3574726_2.fastq.gz,ftp.sra.ebi.ac.uk/vol1/run/ERR357/ERR3574726/WTCHG_551514_219132.bam,,WTCHG_551514_219132,RHB32
PRJEB34634,SAMEA5989477,ERX3572965,ERR3574727,749907,sediment metagenome,ftp.sra.ebi.ac.uk/vol1/fastq/ERR357/007/ERR3574727/ERR3574727_1.fastq.gz;ftp.sra.ebi.ac.uk/vol1/fastq/ERR357/007/ERR3574727/ERR3574727_2.fastq.gz,ftp.sra.ebi.ac.uk/vol1/run/ERR357/ERR3574727/WTCHG_551515_219132.bam,,WTCHG_551515_219132,RHB32
PRJEB34634,SAMEA5989477,ERX3572966,ERR3574728,749907,sediment metagenome,ftp.sra.ebi.ac.uk/vol1/fastq/ERR357/008/ERR3574728/ERR3574728_1.fastq.gz;ftp.sra.ebi.ac.uk/vol1/fastq/ERR357/008/ERR3574728/ERR3574728_2.fastq.gz,ftp.sra.ebi.ac.uk/vol1/run/ERR357/ERR3574728/WTCHG_554367_219132.bam,,WTCHG_554367_219132,RHB32
PRJEB34634,SAMEA5989477,ERX3572967,ERR3574729,749907,sediment metagenome,ftp.sra.ebi.ac.uk/vol1/fastq/ERR357/009/ERR3574729/ERR3574729_1.fastq.gz;ftp.sra.ebi.ac.uk/vol1/fastq/ERR357/009/ERR3574729/ERR3574729_2.fastq.gz,ftp.sra.ebi.ac.uk/vol1/run/ERR357/ERR3574729/WTCHG_554366_219132.bam,,WTCHG_554366_219132,RHB32
PRJEB34634,SAMEA5989477,ERX3572968,ERR3574730,749907,sediment metagenome,ftp.sra.ebi.ac.uk/vol1/fastq/ERR357/000/ERR3574730/ERR3574730_1.fastq.gz;ftp.sra.ebi.ac.uk/vol1/fastq/ERR357/000/ERR3574730/ERR3574730_2.fastq.gz,ftp.sra.ebi.ac.uk/vol1/run/ERR357/ERR3574730/WTCHG_555219_219132.bam,,WTCHG_555219_219132,RHB32
PRJEB34634,SAMEA5989477,ERX3572969,ERR3574731,749907,sediment metagenome,ftp.sra.ebi.ac.uk/vol1/fastq/ERR357/001/ERR3574731/ERR3574731_1.fastq.gz;ftp.sra.ebi.ac.uk/vol1/fastq/ERR357/001/ERR3574731/ERR3574731_2.fastq.gz,ftp.sra.ebi.ac.uk/vol1/run/ERR357/ERR3574731/WTCHG_555214_219132.bam,,WTCHG_555214_219132,RHB32
PRJEB34634,SAMEA5989477,ERX3572970,ERR3574732,749907,sediment metagenome,ftp.sra.ebi.ac.uk/vol1/fastq/ERR357/002/ERR3574732/ERR3574732_1.fastq.gz;ftp.sra.ebi.ac.uk/vol1/fastq/ERR357/002/ERR3574732/ERR3574732_2.fastq.gz,ftp.sra.ebi.ac.uk/vol1/run/ERR357/ERR3574732/WTCHG_555215_219132.bam,,WTCHG_555215_219132,RHB32
PRJEB34634,SAMEA5989477,ERX3572971,ERR3574733,749907,sediment metagenome,ftp.sra.ebi.ac.uk/vol1/fastq/ERR357/003/ERR3574733/ERR3574733_1.fastq.gz;ftp.sra.ebi.ac.uk/vol1/fastq/ERR357/003/ERR3574733/ERR3574733_2.fastq.gz,ftp.sra.ebi.ac.uk/vol1/run/ERR357/ERR3574733/WTCHG_555220_219132.bam,,WTCHG_555220_219132,RHB32
PRJEB34634,SAMEA5989477,ERX3572972,ERR3574734,749907,sediment metagenome,ftp.sra.ebi.ac.uk/vol1/fastq/ERR357/004/ERR3574734/ERR3574734_1.fastq.gz;ftp.sra.ebi.ac.uk/vol1/fastq/ERR357/004/ERR3574734/ERR3574734_2.fastq.gz,ftp.sra.ebi.ac.uk/vol1/run/ERR357/ERR3574734/WTCHG_555217_219132.bam,,WTCHG_555217_219132,RHB32
PRJEB34634,SAMEA5989477,ERX3572973,ERR3574735,749907,sediment metagenome,ftp.sra.ebi.ac.uk/vol1/fastq/ERR357/005/ERR3574735/ERR3574735_1.fastq.gz;ftp.sra.ebi.ac.uk/vol1/fastq/ERR357/005/ERR3574735/ERR3574735_2.fastq.gz,ftp.sra.ebi.ac.uk/vol1/run/ERR357/ERR3574735/WTCHG_555221_219132.bam,,WTCHG_555221_219132,RHB32
PRJEB34634,SAMEA5989477,ERX3572974,ERR3574736,749907,sediment metagenome,ftp.sra.ebi.ac.uk/vol1/fastq/ERR357/006/ERR3574736/ERR3574736_1.fastq.gz;ftp.sra.ebi.ac.uk/vol1/fastq/ERR357/006/ERR3574736/ERR3574736_2.fastq.gz,ftp.sra.ebi.ac.uk/vol1/run/ERR357/ERR3574736/WTCHG_555218_219132.bam,,WTCHG_555218_219132,RHB32
PRJEB34634,SAMEA5989477,ERX3572975,ERR3574737,749907,sediment metagenome,ftp.sra.ebi.ac.uk/vol1/fastq/ERR357/007/ERR3574737/ERR3574737_1.fastq.gz;ftp.sra.ebi.ac.uk/vol1/fastq/ERR357/007/ERR3574737/ERR3574737_2.fastq.gz,ftp.sra.ebi.ac.uk/vol1/run/ERR357/ERR3574737/WTCHG_555216_219132.bam,,WTCHG_555216_219132,RHB32
PRJEB34634,SAMEA5989477,ERX3572976,ERR3574738,749907,sediment metagenome,ftp.sra.ebi.ac.uk/vol1/fastq/ERR357/008/ERR3574738/ERR3574738_1.fastq.gz;ftp.sra.ebi.ac.uk/vol1/fastq/ERR357/008/ERR3574738/ERR3574738_2.fastq.gz,ftp.sra.ebi.ac.uk/vol1/run/ERR357/ERR3574738/WTCHG_559240_219132.bam,,WTCHG_559240_219132,RHB32
PRJEB34634,SAMEA5989477,ERX3572977,ERR3574739,749907,sediment metagenome,ftp.sra.ebi.ac.uk/vol1/fastq/ERR357/009/ERR3574739/ERR3574739_1.fastq.gz;ftp.sra.ebi.ac.uk/vol1/fastq/ERR357/009/ERR3574739/ERR3574739_2.fastq.gz,ftp.sra.ebi.ac.uk/vol1/run/ERR357/ERR3574739/WTCHG_559243_219132.bam,,WTCHG_559243_219132,RHB32
PRJEB34634,SAMEA5989477,ERX3572978,ERR3574740,749907,sediment metagenome,ftp.sra.ebi.ac.uk/vol1/fastq/ERR357/000/ERR3574740/ERR3574740_1.fastq.gz;ftp.sra.ebi.ac.uk/vol1/fastq/ERR357/000/ERR3574740/ERR3574740_2.fastq.gz,ftp.sra.ebi.ac.uk/vol1/run/ERR357/ERR3574740/WTCHG_559241_219132.bam,,WTCHG_559241_219132,RHB32
PRJEB34634,SAMEA5989477,ERX3572979,ERR3574741,749907,sediment metagenome,ftp.sra.ebi.ac.uk/vol1/fastq/ERR357/001/ERR3574741/ERR3574741_1.fastq.gz;ftp.sra.ebi.ac.uk/vol1/fastq/ERR357/001/ERR3574741/ERR3574741_2.fastq.gz,ftp.sra.ebi.ac.uk/vol1/run/ERR357/ERR3574741/WTCHG_559242_219132.bam,,WTCHG_559242_219132,RHB32
PRJEB34634,SAMEA5989477,ERX3572980,ERR3574742,749907,sediment metagenome,ftp.sra.ebi.ac.uk/vol1/fastq/ERR357/002/ERR3574742/ERR3574742_1.fastq.gz;ftp.sra.ebi.ac.uk/vol1/fastq/ERR357/002/ERR3574742/ERR3574742_2.fastq.gz,ftp.sra.ebi.ac.uk/vol1/run/ERR357/ERR3574742/WTCHG_559244_219132.bam,,WTCHG_559244_219132,RHB32
PRJEB34634,SAMEA5989477,ERX3572981,ERR3574743,749907,sediment metagenome,ftp.sra.ebi.ac.uk/vol1/fastq/ERR357/003/ERR3574743/ERR3574743_1.fastq.gz;ftp.sra.ebi.ac.uk/vol1/fastq/ERR357/003/ERR3574743/ERR3574743_2.fastq.gz,ftp.sra.ebi.ac.uk/vol1/run/ERR357/ERR3574743/WTCHG_550636_220144.bam,,WTCHG_550636_220144,RHB33
PRJEB34634,SAMEA5989477,ERX3572982,ERR3574744,749907,sediment metagenome,ftp.sra.ebi.ac.uk/vol1/fastq/ERR357/004/ERR3574744/ERR3574744_1.fastq.gz;ftp.sra.ebi.ac.uk/vol1/fastq/ERR357/004/ERR3574744/ERR3574744_2.fastq.gz,ftp.sra.ebi.ac.uk/vol1/run/ERR357/ERR3574744/WTCHG_551515_220144.bam,,WTCHG_551515_220144,RHB33
PRJEB34634,SAMEA5989477,ERX3572983,ERR3574745,749907,sediment metagenome,ftp.sra.ebi.ac.uk/vol1/fastq/ERR357/005/ERR3574745/ERR3574745_1.fastq.gz;ftp.sra.ebi.ac.uk/vol1/fastq/ERR357/005/ERR3574745/ERR3574745_2.fastq.gz,ftp.sra.ebi.ac.uk/vol1/run/ERR357/ERR3574745/WTCHG_551514_220144.bam,,WTCHG_551514_220144,RHB33
PRJEB34634,SAMEA5989477,ERX3572984,ERR3574746,749907,sediment metagenome,ftp.sra.ebi.ac.uk/vol1/fastq/ERR357/006/ERR3574746/ERR3574746_1.fastq.gz;ftp.sra.ebi.ac.uk/vol1/fastq/ERR357/006/ERR3574746/ERR3574746_2.fastq.gz,ftp.sra.ebi.ac.uk/vol1/run/ERR357/ERR3574746/WTCHG_554367_220144.bam,,WTCHG_554367_220144,RHB33
PRJEB34634,SAMEA5989477,ERX3572985,ERR3574747,749907,sediment metagenome,ftp.sra.ebi.ac.uk/vol1/fastq/ERR357/007/ERR3574747/ERR3574747_1.fastq.gz;ftp.sra.ebi.ac.uk/vol1/fastq/ERR357/007/ERR3574747/ERR3574747_2.fastq.gz,ftp.sra.ebi.ac.uk/vol1/run/ERR357/ERR3574747/WTCHG_554366_220144.bam,,WTCHG_554366_220144,RHB33
PRJEB34634,SAMEA5989477,ERX3572986,ERR3574748,749907,sediment metagenome,ftp.sra.ebi.ac.uk/vol1/fastq/ERR357/008/ERR3574748/ERR3574748_1.fastq.gz;ftp.sra.ebi.ac.uk/vol1/fastq/ERR357/008/ERR3574748/ERR3574748_2.fastq.gz,ftp.sra.ebi.ac.uk/vol1/run/ERR357/ERR3574748/WTCHG_555221_220144.bam,,WTCHG_555221_220144,RHB33
PRJEB34634,SAMEA5989477,ERX3572987,ERR3574749,749907,sediment metagenome,ftp.sra.ebi.ac.uk/vol1/fastq/ERR357/009/ERR3574749/ERR3574749_1.fastq.gz;ftp.sra.ebi.ac.uk/vol1/fastq/ERR357/009/ERR3574749/ERR3574749_2.fastq.gz,ftp.sra.ebi.ac.uk/vol1/run/ERR357/ERR3574749/WTCHG_555220_220144.bam,,WTCHG_555220_220144,RHB33
PRJEB34634,SAMEA5989477,ERX3572988,ERR3574750,749907,sediment metagenome,ftp.sra.ebi.ac.uk/vol1/fastq/ERR357/000/ERR3574750/ERR3574750_1.fastq.gz;ftp.sra.ebi.ac.uk/vol1/fastq/ERR357/000/ERR3574750/ERR3574750_2.fastq.gz,ftp.sra.ebi.ac.uk/vol1/run/ERR357/ERR3574750/WTCHG_555214_220144.bam,,WTCHG_555214_220144,RHB33
PRJEB34634,SAMEA5989477,ERX3572989,ERR3574751,749907,sediment metagenome,ftp.sra.ebi.ac.uk/vol1/fastq/ERR357/001/ERR3574751/ERR3574751_1.fastq.gz;ftp.sra.ebi.ac.uk/vol1/fastq/ERR357/001/ERR3574751/ERR3574751_2.fastq.gz,ftp.sra.ebi.ac.uk/vol1/run/ERR357/ERR3574751/WTCHG_555219_220144.bam,,WTCHG_555219_220144,RHB33
PRJEB34634,SAMEA5989477,ERX3572990,ERR3574752,749907,sediment metagenome,ftp.sra.ebi.ac.uk/vol1/fastq/ERR357/002/ERR3574752/ERR3574752_1.fastq.gz;ftp.sra.ebi.ac.uk/vol1/fastq/ERR357/002/ERR3574752/ERR3574752_2.fastq.gz,ftp.sra.ebi.ac.uk/vol1/run/ERR357/ERR3574752/WTCHG_555218_220144.bam,,WTCHG_555218_220144,RHB33
PRJEB34634,SAMEA5989477,ERX3572991,ERR3574753,749907,sediment metagenome,ftp.sra.ebi.ac.uk/vol1/fastq/ERR357/003/ERR3574753/ERR3574753_1.fastq.gz;ftp.sra.ebi.ac.uk/vol1/fastq/ERR357/003/ERR3574753/ERR3574753_2.fastq.gz,ftp.sra.ebi.ac.uk/vol1/run/ERR357/ERR3574753/WTCHG_555217_220144.bam,,WTCHG_555217_220144,RHB33
PRJEB34634,SAMEA5989477,ERX3572992,ERR3574754,749907,sediment metagenome,ftp.sra.ebi.ac.uk/vol1/fastq/ERR357/004/ERR3574754/ERR3574754_1.fastq.gz;ftp.sra.ebi.ac.uk/vol1/fastq/ERR357/004/ERR3574754/ERR3574754_2.fastq.gz,ftp.sra.ebi.ac.uk/vol1/run/ERR357/ERR3574754/WTCHG_555215_220144.bam,,WTCHG_555215_220144,RHB33
PRJEB34634,SAMEA5989477,ERX3572993,ERR3574755,749907,sediment metagenome,ftp.sra.ebi.ac.uk/vol1/fastq/ERR357/005/ERR3574755/ERR3574755_1.fastq.gz;ftp.sra.ebi.ac.uk/vol1/fastq/ERR357/005/ERR3574755/ERR3574755_2.fastq.gz,ftp.sra.ebi.ac.uk/vol1/run/ERR357/ERR3574755/WTCHG_555216_220144.bam,,WTCHG_555216_220144,RHB33
PRJEB34634,SAMEA5989477,ERX3572994,ERR3574756,749907,sediment metagenome,ftp.sra.ebi.ac.uk/vol1/fastq/ERR357/006/ERR3574756/ERR3574756_1.fastq.gz;ftp.sra.ebi.ac.uk/vol1/fastq/ERR357/006/ERR3574756/ERR3574756_2.fastq.gz,ftp.sra.ebi.ac.uk/vol1/run/ERR357/ERR3574756/WTCHG_559243_220144.bam,,WTCHG_559243_220144,RHB33
PRJEB34634,SAMEA5989477,ERX3572995,ERR3574757,749907,sediment metagenome,ftp.sra.ebi.ac.uk/vol1/fastq/ERR357/007/ERR3574757/ERR3574757_1.fastq.gz;ftp.sra.ebi.ac.uk/vol1/fastq/ERR357/007/ERR3574757/ERR3574757_2.fastq.gz,ftp.sra.ebi.ac.uk/vol1/run/ERR357/ERR3574757/WTCHG_559241_220144.bam,,WTCHG_559241_220144,RHB33
PRJEB34634,SAMEA5989477,ERX3572996,ERR3574758,749907,sediment metagenome,ftp.sra.ebi.ac.uk/vol1/fastq/ERR357/008/ERR3574758/ERR3574758_1.fastq.gz;ftp.sra.ebi.ac.uk/vol1/fastq/ERR357/008/ERR3574758/ERR3574758_2.fastq.gz,ftp.sra.ebi.ac.uk/vol1/run/ERR357/ERR3574758/WTCHG_559244_220144.bam,,WTCHG_559244_220144,RHB33
PRJEB34634,SAMEA5989477,ERX3572997,ERR3574759,749907,sediment metagenome,ftp.sra.ebi.ac.uk/vol1/fastq/ERR357/009/ERR3574759/ERR3574759_1.fastq.gz;ftp.sra.ebi.ac.uk/vol1/fastq/ERR357/009/ERR3574759/ERR3574759_2.fastq.gz,ftp.sra.ebi.ac.uk/vol1/run/ERR357/ERR3574759/WTCHG_559242_220144.bam,,WTCHG_559242_220144,RHB33
PRJEB34634,SAMEA5989477,ERX3572998,ERR3574760,749907,sediment metagenome,ftp.sra.ebi.ac.uk/vol1/fastq/ERR357/000/ERR3574760/ERR3574760_1.fastq.gz;ftp.sra.ebi.ac.uk/vol1/fastq/ERR357/000/ERR3574760/ERR3574760_2.fastq.gz,ftp.sra.ebi.ac.uk/vol1/run/ERR357/ERR3574760/WTCHG_559240_220144.bam,,WTCHG_559240_220144,RHB33
PRJEB34634,SAMEA5989477,ERX3572999,ERR3574761,749907,sediment metagenome,ftp.sra.ebi.ac.uk/vol1/fastq/ERR357/001/ERR3574761/ERR3574761_1.fastq.gz;ftp.sra.ebi.ac.uk/vol1/fastq/ERR357/001/ERR3574761/ERR3574761_2.fastq.gz,ftp.sra.ebi.ac.uk/vol1/run/ERR357/ERR3574761/WTCHG_550636_221156.bam,,WTCHG_550636_221156,RHB34
PRJEB34634,SAMEA5989477,ERX3573000,ERR3574762,749907,sediment metagenome,ftp.sra.ebi.ac.uk/vol1/fastq/ERR357/002/ERR3574762/ERR3574762_1.fastq.gz;ftp.sra.ebi.ac.uk/vol1/fastq/ERR357/002/ERR3574762/ERR3574762_2.fastq.gz,ftp.sra.ebi.ac.uk/vol1/run/ERR357/ERR3574762/WTCHG_551514_221156.bam,,WTCHG_551514_221156,RHB34
PRJEB34634,SAMEA5989477,ERX3573001,ERR3574763,749907,sediment metagenome,ftp.sra.ebi.ac.uk/vol1/fastq/ERR357/003/ERR3574763/ERR3574763_1.fastq.gz;ftp.sra.ebi.ac.uk/vol1/fastq/ERR357/003/ERR3574763/ERR3574763_2.fastq.gz,ftp.sra.ebi.ac.uk/vol1/run/ERR357/ERR3574763/WTCHG_551515_221156.bam,,WTCHG_551515_221156,RHB34
PRJEB34634,SAMEA5989477,ERX3573002,ERR3574764,749907,sediment metagenome,ftp.sra.ebi.ac.uk/vol1/fastq/ERR357/004/ERR3574764/ERR3574764_1.fastq.gz;ftp.sra.ebi.ac.uk/vol1/fastq/ERR357/004/ERR3574764/ERR3574764_2.fastq.gz,ftp.sra.ebi.ac.uk/vol1/run/ERR357/ERR3574764/WTCHG_554367_221156.bam,,WTCHG_554367_221156,RHB34
PRJEB34634,SAMEA5989477,ERX3573003,ERR3574765,749907,sediment metagenome,ftp.sra.ebi.ac.uk/vol1/fastq/ERR357/005/ERR3574765/ERR3574765_1.fastq.gz;ftp.sra.ebi.ac.uk/vol1/fastq/ERR357/005/ERR3574765/ERR3574765_2.fastq.gz,ftp.sra.ebi.ac.uk/vol1/run/ERR357/ERR3574765/WTCHG_554366_221156.bam,,WTCHG_554366_221156,RHB34
PRJEB34634,SAMEA5989477,ERX3573004,ERR3574766,749907,sediment metagenome,ftp.sra.ebi.ac.uk/vol1/fastq/ERR357/006/ERR3574766/ERR3574766_1.fastq.gz;ftp.sra.ebi.ac.uk/vol1/fastq/ERR357/006/ERR3574766/ERR3574766_2.fastq.gz,ftp.sra.ebi.ac.uk/vol1/run/ERR357/ERR3574766/WTCHG_555221_221156.bam,,WTCHG_555221_221156,RHB34
PRJEB34634,SAMEA5989477,ERX3573005,ERR3574767,749907,sediment metagenome,ftp.sra.ebi.ac.uk/vol1/fastq/ERR357/007/ERR3574767/ERR3574767_1.fastq.gz;ftp.sra.ebi.ac.uk/vol1/fastq/ERR357/007/ERR3574767/ERR3574767_2.fastq.gz,ftp.sra.ebi.ac.uk/vol1/run/ERR357/ERR3574767/WTCHG_555220_221156.bam,,WTCHG_555220_221156,RHB34
PRJEB34634,SAMEA5989477,ERX3573006,ERR3574768,749907,sediment metagenome,ftp.sra.ebi.ac.uk/vol1/fastq/ERR357/008/ERR3574768/ERR3574768_1.fastq.gz;ftp.sra.ebi.ac.uk/vol1/fastq/ERR357/008/ERR3574768/ERR3574768_2.fastq.gz,ftp.sra.ebi.ac.uk/vol1/run/ERR357/ERR3574768/WTCHG_555219_221156.bam,,WTCHG_555219_221156,RHB34
PRJEB34634,SAMEA5989477,ERX3573007,ERR3574769,749907,sediment metagenome,ftp.sra.ebi.ac.uk/vol1/fastq/ERR357/009/ERR3574769/ERR3574769_1.fastq.gz;ftp.sra.ebi.ac.uk/vol1/fastq/ERR357/009/ERR3574769/ERR3574769_2.fastq.gz,ftp.sra.ebi.ac.uk/vol1/run/ERR357/ERR3574769/WTCHG_555217_221156.bam,,WTCHG_555217_221156,RHB34
PRJEB34634,SAMEA5989477,ERX3573008,ERR3574770,749907,sediment metagenome,ftp.sra.ebi.ac.uk/vol1/fastq/ERR357/000/ERR3574770/ERR3574770_1.fastq.gz;ftp.sra.ebi.ac.uk/vol1/fastq/ERR357/000/ERR3574770/ERR3574770_2.fastq.gz,ftp.sra.ebi.ac.uk/vol1/run/ERR357/ERR3574770/WTCHG_555214_221156.bam,,WTCHG_555214_221156,RHB34
PRJEB34634,SAMEA5989477,ERX3573009,ERR3574771,749907,sediment metagenome,ftp.sra.ebi.ac.uk/vol1/fastq/ERR357/001/ERR3574771/ERR3574771_1.fastq.gz;ftp.sra.ebi.ac.uk/vol1/fastq/ERR357/001/ERR3574771/ERR3574771_2.fastq.gz,ftp.sra.ebi.ac.uk/vol1/run/ERR357/ERR3574771/WTCHG_555218_221156.bam,,WTCHG_555218_221156,RHB34
PRJEB34634,SAMEA5989477,ERX3573010,ERR3574772,749907,sediment metagenome,ftp.sra.ebi.ac.uk/vol1/fastq/ERR357/002/ERR3574772/ERR3574772_1.fastq.gz;ftp.sra.ebi.ac.uk/vol1/fastq/ERR357/002/ERR3574772/ERR3574772_2.fastq.gz,ftp.sra.ebi.ac.uk/vol1/run/ERR357/ERR3574772/WTCHG_555216_221156.bam,,WTCHG_555216_221156,RHB34
PRJEB34634,SAMEA5989477,ERX3573011,ERR3574773,749907,sediment metagenome,ftp.sra.ebi.ac.uk/vol1/fastq/ERR357/003/ERR3574773/ERR3574773_1.fastq.gz;ftp.sra.ebi.ac.uk/vol1/fastq/ERR357/003/ERR3574773/ERR3574773_2.fastq.gz,ftp.sra.ebi.ac.uk/vol1/run/ERR357/ERR3574773/WTCHG_555215_221156.bam,,WTCHG_555215_221156,RHB34
PRJEB34634,SAMEA5989477,ERX3573012,ERR3574774,749907,sediment metagenome,ftp.sra.ebi.ac.uk/vol1/fastq/ERR357/004/ERR3574774/ERR3574774_1.fastq.gz;ftp.sra.ebi.ac.uk/vol1/fastq/ERR357/004/ERR3574774/ERR3574774_2.fastq.gz,ftp.sra.ebi.ac.uk/vol1/run/ERR357/ERR3574774/WTCHG_559241_221156.bam,,WTCHG_559241_221156,RHB34
PRJEB34634,SAMEA5989477,ERX3573013,ERR3574775,749907,sediment metagenome,ftp.sra.ebi.ac.uk/vol1/fastq/ERR357/005/ERR3574775/ERR3574775_1.fastq.gz;ftp.sra.ebi.ac.uk/vol1/fastq/ERR357/005/ERR3574775/ERR3574775_2.fastq.gz,ftp.sra.ebi.ac.uk/vol1/run/ERR357/ERR3574775/WTCHG_559244_221156.bam,,WTCHG_559244_221156,RHB34
PRJEB34634,SAMEA5989477,ERX3573014,ERR3574776,749907,sediment metagenome,ftp.sra.ebi.ac.uk/vol1/fastq/ERR357/006/ERR3574776/ERR3574776_1.fastq.gz;ftp.sra.ebi.ac.uk/vol1/fastq/ERR357/006/ERR3574776/ERR3574776_2.fastq.gz,ftp.sra.ebi.ac.uk/vol1/run/ERR357/ERR3574776/WTCHG_559240_221156.bam,,WTCHG_559240_221156,RHB34
PRJEB34634,SAMEA5989477,ERX3573015,ERR3574777,749907,sediment metagenome,ftp.sra.ebi.ac.uk/vol1/fastq/ERR357/007/ERR3574777/ERR3574777_1.fastq.gz;ftp.sra.ebi.ac.uk/vol1/fastq/ERR357/007/ERR3574777/ERR3574777_2.fastq.gz,ftp.sra.ebi.ac.uk/vol1/run/ERR357/ERR3574777/WTCHG_559243_221156.bam,,WTCHG_559243_221156,RHB34
PRJEB34634,SAMEA5989477,ERX3573016,ERR3574778,749907,sediment metagenome,ftp.sra.ebi.ac.uk/vol1/fastq/ERR357/008/ERR3574778/ERR3574778_1.fastq.gz;ftp.sra.ebi.ac.uk/vol1/fastq/ERR357/008/ERR3574778/ERR3574778_2.fastq.gz,ftp.sra.ebi.ac.uk/vol1/run/ERR357/ERR3574778/WTCHG_559242_221156.bam,,WTCHG_559242_221156,RHB34
PRJEB34634,SAMEA5989477,ERX3573017,ERR3574779,749907,sediment metagenome,ftp.sra.ebi.ac.uk/vol1/fastq/ERR357/009/ERR3574779/ERR3574779_1.fastq.gz;ftp.sra.ebi.ac.uk/vol1/fastq/ERR357/009/ERR3574779/ERR3574779_2.fastq.gz,ftp.sra.ebi.ac.uk/vol1/run/ERR357/ERR3574779/WTCHG_550636_222168.bam,,WTCHG_550636_222168,RHB35
PRJEB34634,SAMEA5989477,ERX3573018,ERR3574780,749907,sediment metagenome,ftp.sra.ebi.ac.uk/vol1/fastq/ERR357/000/ERR3574780/ERR3574780_1.fastq.gz;ftp.sra.ebi.ac.uk/vol1/fastq/ERR357/000/ERR3574780/ERR3574780_2.fastq.gz,ftp.sra.ebi.ac.uk/vol1/run/ERR357/ERR3574780/WTCHG_551514_222168.bam,,WTCHG_551514_222168,RHB35
PRJEB34634,SAMEA5989477,ERX3573019,ERR3574781,749907,sediment metagenome,ftp.sra.ebi.ac.uk/vol1/fastq/ERR357/001/ERR3574781/ERR3574781_1.fastq.gz;ftp.sra.ebi.ac.uk/vol1/fastq/ERR357/001/ERR3574781/ERR3574781_2.fastq.gz,ftp.sra.ebi.ac.uk/vol1/run/ERR357/ERR3574781/WTCHG_551515_222168.bam,,WTCHG_551515_222168,RHB35
PRJEB34634,SAMEA5989477,ERX3573020,ERR3574782,749907,sediment metagenome,ftp.sra.ebi.ac.uk/vol1/fastq/ERR357/002/ERR3574782/ERR3574782_1.fastq.gz;ftp.sra.ebi.ac.uk/vol1/fastq/ERR357/002/ERR3574782/ERR3574782_2.fastq.gz,ftp.sra.ebi.ac.uk/vol1/run/ERR357/ERR3574782/WTCHG_554366_222168.bam,,WTCHG_554366_222168,RHB35
PRJEB34634,SAMEA5989477,ERX3573021,ERR3574783,749907,sediment metagenome,ftp.sra.ebi.ac.uk/vol1/fastq/ERR357/003/ERR3574783/ERR3574783_1.fastq.gz;ftp.sra.ebi.ac.uk/vol1/fastq/ERR357/003/ERR3574783/ERR3574783_2.fastq.gz,ftp.sra.ebi.ac.uk/vol1/run/ERR357/ERR3574783/WTCHG_554367_222168.bam,,WTCHG_554367_222168,RHB35
PRJEB34634,SAMEA5989477,ERX3573022,ERR3574784,749907,sediment metagenome,ftp.sra.ebi.ac.uk/vol1/fastq/ERR357/004/ERR3574784/ERR3574784_1.fastq.gz;ftp.sra.ebi.ac.uk/vol1/fastq/ERR357/004/ERR3574784/ERR3574784_2.fastq.gz,ftp.sra.ebi.ac.uk/vol1/run/ERR357/ERR3574784/WTCHG_555219_222168.bam,,WTCHG_555219_222168,RHB35
PRJEB34634,SAMEA5989477,ERX3573023,ERR3574785,749907,sediment metagenome,ftp.sra.ebi.ac.uk/vol1/fastq/ERR357/005/ERR3574785/ERR3574785_1.fastq.gz;ftp.sra.ebi.ac.uk/vol1/fastq/ERR357/005/ERR3574785/ERR3574785_2.fastq.gz,ftp.sra.ebi.ac.uk/vol1/run/ERR357/ERR3574785/WTCHG_555220_222168.bam,,WTCHG_555220_222168,RHB35
PRJEB34634,SAMEA5989477,ERX3573024,ERR3574786,749907,sediment metagenome,ftp.sra.ebi.ac.uk/vol1/fastq/ERR357/006/ERR3574786/ERR3574786_1.fastq.gz;ftp.sra.ebi.ac.uk/vol1/fastq/ERR357/006/ERR3574786/ERR3574786_2.fastq.gz,ftp.sra.ebi.ac.uk/vol1/run/ERR357/ERR3574786/WTCHG_555215_222168.bam,,WTCHG_555215_222168,RHB35
PRJEB34634,SAMEA5989477,ERX3573025,ERR3574787,749907,sediment metagenome,ftp.sra.ebi.ac.uk/vol1/fastq/ERR357/007/ERR3574787/ERR3574787_1.fastq.gz;ftp.sra.ebi.ac.uk/vol1/fastq/ERR357/007/ERR3574787/ERR3574787_2.fastq.gz,ftp.sra.ebi.ac.uk/vol1/run/ERR357/ERR3574787/WTCHG_555217_222168.bam,,WTCHG_555217_222168,RHB35
PRJEB34634,SAMEA5989477,ERX3573026,ERR3574788,749907,sediment metagenome,ftp.sra.ebi.ac.uk/vol1/fastq/ERR357/008/ERR3574788/ERR3574788_1.fastq.gz;ftp.sra.ebi.ac.uk/vol1/fastq/ERR357/008/ERR3574788/ERR3574788_2.fastq.gz,ftp.sra.ebi.ac.uk/vol1/run/ERR357/ERR3574788/WTCHG_555214_222168.bam,,WTCHG_555214_222168,RHB35
PRJEB34634,SAMEA5989477,ERX3573027,ERR3574789,749907,sediment metagenome,ftp.sra.ebi.ac.uk/vol1/fastq/ERR357/009/ERR3574789/ERR3574789_1.fastq.gz;ftp.sra.ebi.ac.uk/vol1/fastq/ERR357/009/ERR3574789/ERR3574789_2.fastq.gz,ftp.sra.ebi.ac.uk/vol1/run/ERR357/ERR3574789/WTCHG_555218_222168.bam,,WTCHG_555218_222168,RHB35
PRJEB34634,SAMEA5989477,ERX3573028,ERR3574790,749907,sediment metagenome,ftp.sra.ebi.ac.uk/vol1/fastq/ERR357/000/ERR3574790/ERR3574790_1.fastq.gz;ftp.sra.ebi.ac.uk/vol1/fastq/ERR357/000/ERR3574790/ERR3574790_2.fastq.gz,ftp.sra.ebi.ac.uk/vol1/run/ERR357/ERR3574790/WTCHG_555221_222168.bam,,WTCHG_555221_222168,RHB35
PRJEB34634,SAMEA5989477,ERX3573029,ERR3574791,749907,sediment metagenome,ftp.sra.ebi.ac.uk/vol1/fastq/ERR357/001/ERR3574791/ERR3574791_1.fastq.gz;ftp.sra.ebi.ac.uk/vol1/fastq/ERR357/001/ERR3574791/ERR3574791_2.fastq.gz,ftp.sra.ebi.ac.uk/vol1/run/ERR357/ERR3574791/WTCHG_555216_222168.bam,,WTCHG_555216_222168,RHB35
PRJEB34634,SAMEA5989477,ERX3573030,ERR3574792,749907,sediment metagenome,ftp.sra.ebi.ac.uk/vol1/fastq/ERR357/002/ERR3574792/ERR3574792_1.fastq.gz;ftp.sra.ebi.ac.uk/vol1/fastq/ERR357/002/ERR3574792/ERR3574792_2.fastq.gz,ftp.sra.ebi.ac.uk/vol1/run/ERR357/ERR3574792/WTCHG_559243_222168.bam,,WTCHG_559243_222168,RHB35
PRJEB34634,SAMEA5989477,ERX3573031,ERR3574793,749907,sediment metagenome,ftp.sra.ebi.ac.uk/vol1/fastq/ERR357/003/ERR3574793/ERR3574793_1.fastq.gz;ftp.sra.ebi.ac.uk/vol1/fastq/ERR357/003/ERR3574793/ERR3574793_2.fastq.gz,ftp.sra.ebi.ac.uk/vol1/run/ERR357/ERR3574793/WTCHG_559242_222168.bam,,WTCHG_559242_222168,RHB35
PRJEB34634,SAMEA5989477,ERX3573032,ERR3574794,749907,sediment metagenome,ftp.sra.ebi.ac.uk/vol1/fastq/ERR357/004/ERR3574794/ERR3574794_1.fastq.gz;ftp.sra.ebi.ac.uk/vol1/fastq/ERR357/004/ERR3574794/ERR3574794_2.fastq.gz,ftp.sra.ebi.ac.uk/vol1/run/ERR357/ERR3574794/WTCHG_559241_222168.bam,,WTCHG_559241_222168,RHB35
PRJEB34634,SAMEA5989477,ERX3573033,ERR3574795,749907,sediment metagenome,ftp.sra.ebi.ac.uk/vol1/fastq/ERR357/005/ERR3574795/ERR3574795_1.fastq.gz;ftp.sra.ebi.ac.uk/vol1/fastq/ERR357/005/ERR3574795/ERR3574795_2.fastq.gz,ftp.sra.ebi.ac.uk/vol1/run/ERR357/ERR3574795/WTCHG_559240_222168.bam,,WTCHG_559240_222168,RHB35
PRJEB34634,SAMEA5989477,ERX3573034,ERR3574796,749907,sediment metagenome,ftp.sra.ebi.ac.uk/vol1/fastq/ERR357/006/ERR3574796/ERR3574796_1.fastq.gz;ftp.sra.ebi.ac.uk/vol1/fastq/ERR357/006/ERR3574796/ERR3574796_2.fastq.gz,ftp.sra.ebi.ac.uk/vol1/run/ERR357/ERR3574796/WTCHG_559244_222168.bam,,WTCHG_559244_222168,RHB35
PRJEB34634,SAMEA5989477,ERX3573035,ERR3574797,749907,sediment metagenome,ftp.sra.ebi.ac.uk/vol1/fastq/ERR357/007/ERR3574797/ERR3574797_1.fastq.gz;ftp.sra.ebi.ac.uk/vol1/fastq/ERR357/007/ERR3574797/ERR3574797_2.fastq.gz,ftp.sra.ebi.ac.uk/vol1/run/ERR357/ERR3574797/WTCHG_550636_223180.bam,,WTCHG_550636_223180,RHB36
PRJEB34634,SAMEA5989477,ERX3573036,ERR3574798,749907,sediment metagenome,ftp.sra.ebi.ac.uk/vol1/fastq/ERR357/008/ERR3574798/ERR3574798_1.fastq.gz;ftp.sra.ebi.ac.uk/vol1/fastq/ERR357/008/ERR3574798/ERR3574798_2.fastq.gz,ftp.sra.ebi.ac.uk/vol1/run/ERR357/ERR3574798/WTCHG_551514_223180.bam,,WTCHG_551514_223180,RHB36
PRJEB34634,SAMEA5989477,ERX3573037,ERR3574799,749907,sediment metagenome,ftp.sra.ebi.ac.uk/vol1/fastq/ERR357/009/ERR3574799/ERR3574799_1.fastq.gz;ftp.sra.ebi.ac.uk/vol1/fastq/ERR357/009/ERR3574799/ERR3574799_2.fastq.gz,ftp.sra.ebi.ac.uk/vol1/run/ERR357/ERR3574799/WTCHG_551515_223180.bam,,WTCHG_551515_223180,RHB36
PRJEB34634,SAMEA5989477,ERX3573038,ERR3574800,749907,sediment metagenome,ftp.sra.ebi.ac.uk/vol1/fastq/ERR357/000/ERR3574800/ERR3574800_1.fastq.gz;ftp.sra.ebi.ac.uk/vol1/fastq/ERR357/000/ERR3574800/ERR3574800_2.fastq.gz,ftp.sra.ebi.ac.uk/vol1/run/ERR357/ERR3574800/WTCHG_554367_223180.bam,,WTCHG_554367_223180,RHB36
PRJEB34634,SAMEA5989477,ERX3573039,ERR3574801,749907,sediment metagenome,ftp.sra.ebi.ac.uk/vol1/fastq/ERR357/001/ERR3574801/ERR3574801_1.fastq.gz;ftp.sra.ebi.ac.uk/vol1/fastq/ERR357/001/ERR3574801/ERR3574801_2.fastq.gz,ftp.sra.ebi.ac.uk/vol1/run/ERR357/ERR3574801/WTCHG_554366_223180.bam,,WTCHG_554366_223180,RHB36
PRJEB34634,SAMEA5989477,ERX3573040,ERR3574802,749907,sediment metagenome,ftp.sra.ebi.ac.uk/vol1/fastq/ERR357/002/ERR3574802/ERR3574802_1.fastq.gz;ftp.sra.ebi.ac.uk/vol1/fastq/ERR357/002/ERR3574802/ERR3574802_2.fastq.gz,ftp.sra.ebi.ac.uk/vol1/run/ERR357/ERR3574802/WTCHG_555220_223180.bam,,WTCHG_555220_223180,RHB36
PRJEB34634,SAMEA5989477,ERX3573041,ERR3574803,749907,sediment metagenome,ftp.sra.ebi.ac.uk/vol1/fastq/ERR357/003/ERR3574803/ERR3574803_1.fastq.gz;ftp.sra.ebi.ac.uk/vol1/fastq/ERR357/003/ERR3574803/ERR3574803_2.fastq.gz,ftp.sra.ebi.ac.uk/vol1/run/ERR357/ERR3574803/WTCHG_555214_223180.bam,,WTCHG_555214_223180,RHB36
PRJEB34634,SAMEA5989477,ERX3573042,ERR3574804,749907,sediment metagenome,ftp.sra.ebi.ac.uk/vol1/fastq/ERR357/004/ERR3574804/ERR3574804_1.fastq.gz;ftp.sra.ebi.ac.uk/vol1/fastq/ERR357/004/ERR3574804/ERR3574804_2.fastq.gz,ftp.sra.ebi.ac.uk/vol1/run/ERR357/ERR3574804/WTCHG_555221_223180.bam,,WTCHG_555221_223180,RHB36
PRJEB34634,SAMEA5989477,ERX3573043,ERR3574805,749907,sediment metagenome,ftp.sra.ebi.ac.uk/vol1/fastq/ERR357/005/ERR3574805/ERR3574805_1.fastq.gz;ftp.sra.ebi.ac.uk/vol1/fastq/ERR357/005/ERR3574805/ERR3574805_2.fastq.gz,ftp.sra.ebi.ac.uk/vol1/run/ERR357/ERR3574805/WTCHG_555216_223180.bam,,WTCHG_555216_223180,RHB36
PRJEB34634,SAMEA5989477,ERX3573044,ERR3574806,749907,sediment metagenome,ftp.sra.ebi.ac.uk/vol1/fastq/ERR357/006/ERR3574806/ERR3574806_1.fastq.gz;ftp.sra.ebi.ac.uk/vol1/fastq/ERR357/006/ERR3574806/ERR3574806_2.fastq.gz,ftp.sra.ebi.ac.uk/vol1/run/ERR357/ERR3574806/WTCHG_555217_223180.bam,,WTCHG_555217_223180,RHB36
PRJEB34634,SAMEA5989477,ERX3573045,ERR3574807,749907,sediment metagenome,ftp.sra.ebi.ac.uk/vol1/fastq/ERR357/007/ERR3574807/ERR3574807_1.fastq.gz;ftp.sra.ebi.ac.uk/vol1/fastq/ERR357/007/ERR3574807/ERR3574807_2.fastq.gz,ftp.sra.ebi.ac.uk/vol1/run/ERR357/ERR3574807/WTCHG_555218_223180.bam,,WTCHG_555218_223180,RHB36
PRJEB34634,SAMEA5989477,ERX3573046,ERR3574808,749907,sediment metagenome,ftp.sra.ebi.ac.uk/vol1/fastq/ERR357/008/ERR3574808/ERR3574808_1.fastq.gz;ftp.sra.ebi.ac.uk/vol1/fastq/ERR357/008/ERR3574808/ERR3574808_2.fastq.gz,ftp.sra.ebi.ac.uk/vol1/run/ERR357/ERR3574808/WTCHG_555219_223180.bam,,WTCHG_555219_223180,RHB36
PRJEB34634,SAMEA5989477,ERX3573047,ERR3574809,749907,sediment metagenome,ftp.sra.ebi.ac.uk/vol1/fastq/ERR357/009/ERR3574809/ERR3574809_1.fastq.gz;ftp.sra.ebi.ac.uk/vol1/fastq/ERR357/009/ERR3574809/ERR3574809_2.fastq.gz,ftp.sra.ebi.ac.uk/vol1/run/ERR357/ERR3574809/WTCHG_555215_223180.bam,,WTCHG_555215_223180,RHB36
PRJEB34634,SAMEA5989477,ERX3573048,ERR3574810,749907,sediment metagenome,ftp.sra.ebi.ac.uk/vol1/fastq/ERR357/000/ERR3574810/ERR3574810_1.fastq.gz;ftp.sra.ebi.ac.uk/vol1/fastq/ERR357/000/ERR3574810/ERR3574810_2.fastq.gz,ftp.sra.ebi.ac.uk/vol1/run/ERR357/ERR3574810/WTCHG_559243_223180.bam,,WTCHG_559243_223180,RHB36
PRJEB34634,SAMEA5989477,ERX3573049,ERR3574811,749907,sediment metagenome,ftp.sra.ebi.ac.uk/vol1/fastq/ERR357/001/ERR3574811/ERR3574811_1.fastq.gz;ftp.sra.ebi.ac.uk/vol1/fastq/ERR357/001/ERR3574811/ERR3574811_2.fastq.gz,ftp.sra.ebi.ac.uk/vol1/run/ERR357/ERR3574811/WTCHG_559244_223180.bam,,WTCHG_559244_223180,RHB36
PRJEB34634,SAMEA5989477,ERX3573050,ERR3574812,749907,sediment metagenome,ftp.sra.ebi.ac.uk/vol1/fastq/ERR357/002/ERR3574812/ERR3574812_1.fastq.gz;ftp.sra.ebi.ac.uk/vol1/fastq/ERR357/002/ERR3574812/ERR3574812_2.fastq.gz,ftp.sra.ebi.ac.uk/vol1/run/ERR357/ERR3574812/WTCHG_559242_223180.bam,,WTCHG_559242_223180,RHB36
PRJEB34634,SAMEA5989477,ERX3573051,ERR3574813,749907,sediment metagenome,ftp.sra.ebi.ac.uk/vol1/fastq/ERR357/003/ERR3574813/ERR3574813_1.fastq.gz;ftp.sra.ebi.ac.uk/vol1/fastq/ERR357/003/ERR3574813/ERR3574813_2.fastq.gz,ftp.sra.ebi.ac.uk/vol1/run/ERR357/ERR3574813/WTCHG_559241_223180.bam,,WTCHG_559241_223180,RHB36
PRJEB34634,SAMEA5989477,ERX3573052,ERR3574814,749907,sediment metagenome,ftp.sra.ebi.ac.uk/vol1/fastq/ERR357/004/ERR3574814/ERR3574814_1.fastq.gz;ftp.sra.ebi.ac.uk/vol1/fastq/ERR357/004/ERR3574814/ERR3574814_2.fastq.gz,ftp.sra.ebi.ac.uk/vol1/run/ERR357/ERR3574814/WTCHG_559240_223180.bam,,WTCHG_559240_223180,RHB36
PRJEB34634,SAMEA5989477,ERX3573053,ERR3574815,749907,sediment metagenome,ftp.sra.ebi.ac.uk/vol1/fastq/ERR357/005/ERR3574815/ERR3574815_1.fastq.gz;ftp.sra.ebi.ac.uk/vol1/fastq/ERR357/005/ERR3574815/ERR3574815_2.fastq.gz,ftp.sra.ebi.ac.uk/vol1/run/ERR357/ERR3574815/WTCHG_550636_224192.bam,,WTCHG_550636_224192,RHB37
PRJEB34634,SAMEA5989477,ERX3573054,ERR3574816,749907,sediment metagenome,ftp.sra.ebi.ac.uk/vol1/fastq/ERR357/006/ERR3574816/ERR3574816_1.fastq.gz;ftp.sra.ebi.ac.uk/vol1/fastq/ERR357/006/ERR3574816/ERR3574816_2.fastq.gz,ftp.sra.ebi.ac.uk/vol1/run/ERR357/ERR3574816/WTCHG_551514_224192.bam,,WTCHG_551514_224192,RHB37
PRJEB34634,SAMEA5989477,ERX3573055,ERR3574817,749907,sediment metagenome,ftp.sra.ebi.ac.uk/vol1/fastq/ERR357/007/ERR3574817/ERR3574817_1.fastq.gz;ftp.sra.ebi.ac.uk/vol1/fastq/ERR357/007/ERR3574817/ERR3574817_2.fastq.gz,ftp.sra.ebi.ac.uk/vol1/run/ERR357/ERR3574817/WTCHG_551515_224192.bam,,WTCHG_551515_224192,RHB37
PRJEB34634,SAMEA5989477,ERX3573056,ERR3574818,749907,sediment metagenome,ftp.sra.ebi.ac.uk/vol1/fastq/ERR357/008/ERR3574818/ERR3574818_1.fastq.gz;ftp.sra.ebi.ac.uk/vol1/fastq/ERR357/008/ERR3574818/ERR3574818_2.fastq.gz,ftp.sra.ebi.ac.uk/vol1/run/ERR357/ERR3574818/WTCHG_554367_224192.bam,,WTCHG_554367_224192,RHB37
PRJEB34634,SAMEA5989477,ERX3573057,ERR3574819,749907,sediment metagenome,ftp.sra.ebi.ac.uk/vol1/fastq/ERR357/009/ERR3574819/ERR3574819_1.fastq.gz;ftp.sra.ebi.ac.uk/vol1/fastq/ERR357/009/ERR3574819/ERR3574819_2.fastq.gz,ftp.sra.ebi.ac.uk/vol1/run/ERR357/ERR3574819/WTCHG_554366_224192.bam,,WTCHG_554366_224192,RHB37
PRJEB34634,SAMEA5989477,ERX3573058,ERR3574820,749907,sediment metagenome,ftp.sra.ebi.ac.uk/vol1/fastq/ERR357/000/ERR3574820/ERR3574820_1.fastq.gz;ftp.sra.ebi.ac.uk/vol1/fastq/ERR357/000/ERR3574820/ERR3574820_2.fastq.gz,ftp.sra.ebi.ac.uk/vol1/run/ERR357/ERR3574820/WTCHG_555217_224192.bam,,WTCHG_555217_224192,RHB37
PRJEB34634,SAMEA5989477,ERX3573059,ERR3574821,749907,sediment metagenome,ftp.sra.ebi.ac.uk/vol1/fastq/ERR357/001/ERR3574821/ERR3574821_1.fastq.gz;ftp.sra.ebi.ac.uk/vol1/fastq/ERR357/001/ERR3574821/ERR3574821_2.fastq.gz,ftp.sra.ebi.ac.uk/vol1/run/ERR357/ERR3574821/WTCHG_555220_224192.bam,,WTCHG_555220_224192,RHB37
PRJEB34634,SAMEA5989477,ERX3573060,ERR3574822,749907,sediment metagenome,ftp.sra.ebi.ac.uk/vol1/fastq/ERR357/002/ERR3574822/ERR3574822_1.fastq.gz;ftp.sra.ebi.ac.uk/vol1/fastq/ERR357/002/ERR3574822/ERR3574822_2.fastq.gz,ftp.sra.ebi.ac.uk/vol1/run/ERR357/ERR3574822/WTCHG_555218_224192.bam,,WTCHG_555218_224192,RHB37
PRJEB34634,SAMEA5989477,ERX3573061,ERR3574823,749907,sediment metagenome,ftp.sra.ebi.ac.uk/vol1/fastq/ERR357/003/ERR3574823/ERR3574823_1.fastq.gz;ftp.sra.ebi.ac.uk/vol1/fastq/ERR357/003/ERR3574823/ERR3574823_2.fastq.gz,ftp.sra.ebi.ac.uk/vol1/run/ERR357/ERR3574823/WTCHG_555216_224192.bam,,WTCHG_555216_224192,RHB37
PRJEB34634,SAMEA5989477,ERX3573062,ERR3574824,749907,sediment metagenome,ftp.sra.ebi.ac.uk/vol1/fastq/ERR357/004/ERR3574824/ERR3574824_1.fastq.gz;ftp.sra.ebi.ac.uk/vol1/fastq/ERR357/004/ERR3574824/ERR3574824_2.fastq.gz,ftp.sra.ebi.ac.uk/vol1/run/ERR357/ERR3574824/WTCHG_555215_224192.bam,,WTCHG_555215_224192,RHB37
PRJEB34634,SAMEA5989477,ERX3573063,ERR3574825,749907,sediment metagenome,ftp.sra.ebi.ac.uk/vol1/fastq/ERR357/005/ERR3574825/ERR3574825_1.fastq.gz;ftp.sra.ebi.ac.uk/vol1/fastq/ERR357/005/ERR3574825/ERR3574825_2.fastq.gz,ftp.sra.ebi.ac.uk/vol1/run/ERR357/ERR3574825/WTCHG_555221_224192.bam,,WTCHG_555221_224192,RHB37
PRJEB34634,SAMEA5989477,ERX3573064,ERR3574826,749907,sediment metagenome,ftp.sra.ebi.ac.uk/vol1/fastq/ERR357/006/ERR3574826/ERR3574826_1.fastq.gz;ftp.sra.ebi.ac.uk/vol1/fastq/ERR357/006/ERR3574826/ERR3574826_2.fastq.gz,ftp.sra.ebi.ac.uk/vol1/run/ERR357/ERR3574826/WTCHG_555219_224192.bam,,WTCHG_555219_224192,RHB37
PRJEB34634,SAMEA5989477,ERX3573065,ERR3574827,749907,sediment metagenome,ftp.sra.ebi.ac.uk/vol1/fastq/ERR357/007/ERR3574827/ERR3574827_1.fastq.gz;ftp.sra.ebi.ac.uk/vol1/fastq/ERR357/007/ERR3574827/ERR3574827_2.fastq.gz,ftp.sra.ebi.ac.uk/vol1/run/ERR357/ERR3574827/WTCHG_555214_224192.bam,,WTCHG_555214_224192,RHB37
PRJEB34634,SAMEA5989477,ERX3573066,ERR3574828,749907,sediment metagenome,ftp.sra.ebi.ac.uk/vol1/fastq/ERR357/008/ERR3574828/ERR3574828_1.fastq.gz;ftp.sra.ebi.ac.uk/vol1/fastq/ERR357/008/ERR3574828/ERR3574828_2.fastq.gz,ftp.sra.ebi.ac.uk/vol1/run/ERR357/ERR3574828/WTCHG_559242_224192.bam,,WTCHG_559242_224192,RHB37
PRJEB34634,SAMEA5989477,ERX3573067,ERR3574829,749907,sediment metagenome,ftp.sra.ebi.ac.uk/vol1/fastq/ERR357/009/ERR3574829/ERR3574829_1.fastq.gz;ftp.sra.ebi.ac.uk/vol1/fastq/ERR357/009/ERR3574829/ERR3574829_2.fastq.gz,ftp.sra.ebi.ac.uk/vol1/run/ERR357/ERR3574829/WTCHG_559240_224192.bam,,WTCHG_559240_224192,RHB37
PRJEB34634,SAMEA5989477,ERX3573068,ERR3574830,749907,sediment metagenome,ftp.sra.ebi.ac.uk/vol1/fastq/ERR357/000/ERR3574830/ERR3574830_1.fastq.gz;ftp.sra.ebi.ac.uk/vol1/fastq/ERR357/000/ERR3574830/ERR3574830_2.fastq.gz,ftp.sra.ebi.ac.uk/vol1/run/ERR357/ERR3574830/WTCHG_559244_224192.bam,,WTCHG_559244_224192,RHB37
PRJEB34634,SAMEA5989477,ERX3573069,ERR3574831,749907,sediment metagenome,ftp.sra.ebi.ac.uk/vol1/fastq/ERR357/001/ERR3574831/ERR3574831_1.fastq.gz;ftp.sra.ebi.ac.uk/vol1/fastq/ERR357/001/ERR3574831/ERR3574831_2.fastq.gz,ftp.sra.ebi.ac.uk/vol1/run/ERR357/ERR3574831/WTCHG_559243_224192.bam,,WTCHG_559243_224192,RHB37
PRJEB34634,SAMEA5989477,ERX3573070,ERR3574832,749907,sediment metagenome,ftp.sra.ebi.ac.uk/vol1/fastq/ERR357/002/ERR3574832/ERR3574832_1.fastq.gz;ftp.sra.ebi.ac.uk/vol1/fastq/ERR357/002/ERR3574832/ERR3574832_2.fastq.gz,ftp.sra.ebi.ac.uk/vol1/run/ERR357/ERR3574832/WTCHG_559241_224192.bam,,WTCHG_559241_224192,RHB37
PRJEB34634,SAMEA5989477,ERX3573071,ERR3574833,749907,sediment metagenome,ftp.sra.ebi.ac.uk/vol1/fastq/ERR357/003/ERR3574833/ERR3574833_1.fastq.gz;ftp.sra.ebi.ac.uk/vol1/fastq/ERR357/003/ERR3574833/ERR3574833_2.fastq.gz,ftp.sra.ebi.ac.uk/vol1/run/ERR357/ERR3574833/WTCHG_550636_225109.bam,,WTCHG_550636_225109,RHB38
PRJEB34634,SAMEA5989477,ERX3573072,ERR3574834,749907,sediment metagenome,ftp.sra.ebi.ac.uk/vol1/fastq/ERR357/004/ERR3574834/ERR3574834_1.fastq.gz;ftp.sra.ebi.ac.uk/vol1/fastq/ERR357/004/ERR3574834/ERR3574834_2.fastq.gz,ftp.sra.ebi.ac.uk/vol1/run/ERR357/ERR3574834/WTCHG_551515_225109.bam,,WTCHG_551515_225109,RHB38
PRJEB34634,SAMEA5989477,ERX3573073,ERR3574835,749907,sediment metagenome,ftp.sra.ebi.ac.uk/vol1/fastq/ERR357/005/ERR3574835/ERR3574835_1.fastq.gz;ftp.sra.ebi.ac.uk/vol1/fastq/ERR357/005/ERR3574835/ERR3574835_2.fastq.gz,ftp.sra.ebi.ac.uk/vol1/run/ERR357/ERR3574835/WTCHG_551514_225109.bam,,WTCHG_551514_225109,RHB38
PRJEB34634,SAMEA5989477,ERX3573074,ERR3574836,749907,sediment metagenome,ftp.sra.ebi.ac.uk/vol1/fastq/ERR357/006/ERR3574836/ERR3574836_1.fastq.gz;ftp.sra.ebi.ac.uk/vol1/fastq/ERR357/006/ERR3574836/ERR3574836_2.fastq.gz,ftp.sra.ebi.ac.uk/vol1/run/ERR357/ERR3574836/WTCHG_554366_225109.bam,,WTCHG_554366_225109,RHB38
PRJEB34634,SAMEA5989477,ERX3573075,ERR3574837,749907,sediment metagenome,ftp.sra.ebi.ac.uk/vol1/fastq/ERR357/007/ERR3574837/ERR3574837_1.fastq.gz;ftp.sra.ebi.ac.uk/vol1/fastq/ERR357/007/ERR3574837/ERR3574837_2.fastq.gz,ftp.sra.ebi.ac.uk/vol1/run/ERR357/ERR3574837/WTCHG_554367_225109.bam,,WTCHG_554367_225109,RHB38
PRJEB34634,SAMEA5989477,ERX3573076,ERR3574838,749907,sediment metagenome,ftp.sra.ebi.ac.uk/vol1/fastq/ERR357/008/ERR3574838/ERR3574838_1.fastq.gz;ftp.sra.ebi.ac.uk/vol1/fastq/ERR357/008/ERR3574838/ERR3574838_2.fastq.gz,ftp.sra.ebi.ac.uk/vol1/run/ERR357/ERR3574838/WTCHG_555220_225109.bam,,WTCHG_555220_225109,RHB38
PRJEB34634,SAMEA5989477,ERX3573077,ERR3574839,749907,sediment metagenome,ftp.sra.ebi.ac.uk/vol1/fastq/ERR357/009/ERR3574839/ERR3574839_1.fastq.gz;ftp.sra.ebi.ac.uk/vol1/fastq/ERR357/009/ERR3574839/ERR3574839_2.fastq.gz,ftp.sra.ebi.ac.uk/vol1/run/ERR357/ERR3574839/WTCHG_555215_225109.bam,,WTCHG_555215_225109,RHB38
PRJEB34634,SAMEA5989477,ERX3573078,ERR3574840,749907,sediment metagenome,ftp.sra.ebi.ac.uk/vol1/fastq/ERR357/000/ERR3574840/ERR3574840_1.fastq.gz;ftp.sra.ebi.ac.uk/vol1/fastq/ERR357/000/ERR3574840/ERR3574840_2.fastq.gz,ftp.sra.ebi.ac.uk/vol1/run/ERR357/ERR3574840/WTCHG_555221_225109.bam,,WTCHG_555221_225109,RHB38
PRJEB34634,SAMEA5989477,ERX3573079,ERR3574841,749907,sediment metagenome,ftp.sra.ebi.ac.uk/vol1/fastq/ERR357/001/ERR3574841/ERR3574841_1.fastq.gz;ftp.sra.ebi.ac.uk/vol1/fastq/ERR357/001/ERR3574841/ERR3574841_2.fastq.gz,ftp.sra.ebi.ac.uk/vol1/run/ERR357/ERR3574841/WTCHG_555216_225109.bam,,WTCHG_555216_225109,RHB38
PRJEB34634,SAMEA5989477,ERX3573080,ERR3574842,749907,sediment metagenome,ftp.sra.ebi.ac.uk/vol1/fastq/ERR357/002/ERR3574842/ERR3574842_1.fastq.gz;ftp.sra.ebi.ac.uk/vol1/fastq/ERR357/002/ERR3574842/ERR3574842_2.fastq.gz,ftp.sra.ebi.ac.uk/vol1/run/ERR357/ERR3574842/WTCHG_555214_225109.bam,,WTCHG_555214_225109,RHB38
PRJEB34634,SAMEA5989477,ERX3573081,ERR3574843,749907,sediment metagenome,ftp.sra.ebi.ac.uk/vol1/fastq/ERR357/003/ERR3574843/ERR3574843_1.fastq.gz;ftp.sra.ebi.ac.uk/vol1/fastq/ERR357/003/ERR3574843/ERR3574843_2.fastq.gz,ftp.sra.ebi.ac.uk/vol1/run/ERR357/ERR3574843/WTCHG_555219_225109.bam,,WTCHG_555219_225109,RHB38
PRJEB34634,SAMEA5989477,ERX3573082,ERR3574844,749907,sediment metagenome,ftp.sra.ebi.ac.uk/vol1/fastq/ERR357/004/ERR3574844/ERR3574844_1.fastq.gz;ftp.sra.ebi.ac.uk/vol1/fastq/ERR357/004/ERR3574844/ERR3574844_2.fastq.gz,ftp.sra.ebi.ac.uk/vol1/run/ERR357/ERR3574844/WTCHG_555218_225109.bam,,WTCHG_555218_225109,RHB38
PRJEB34634,SAMEA5989477,ERX3573083,ERR3574845,749907,sediment metagenome,ftp.sra.ebi.ac.uk/vol1/fastq/ERR357/005/ERR3574845/ERR3574845_1.fastq.gz;ftp.sra.ebi.ac.uk/vol1/fastq/ERR357/005/ERR3574845/ERR3574845_2.fastq.gz,ftp.sra.ebi.ac.uk/vol1/run/ERR357/ERR3574845/WTCHG_555217_225109.bam,,WTCHG_555217_225109,RHB38
PRJEB34634,SAMEA5989477,ERX3573084,ERR3574846,749907,sediment metagenome,ftp.sra.ebi.ac.uk/vol1/fastq/ERR357/006/ERR3574846/ERR3574846_1.fastq.gz;ftp.sra.ebi.ac.uk/vol1/fastq/ERR357/006/ERR3574846/ERR3574846_2.fastq.gz,ftp.sra.ebi.ac.uk/vol1/run/ERR357/ERR3574846/WTCHG_559242_225109.bam,,WTCHG_559242_225109,RHB38
PRJEB34634,SAMEA5989477,ERX3573085,ERR3574847,749907,sediment metagenome,ftp.sra.ebi.ac.uk/vol1/fastq/ERR357/007/ERR3574847/ERR3574847_1.fastq.gz;ftp.sra.ebi.ac.uk/vol1/fastq/ERR357/007/ERR3574847/ERR3574847_2.fastq.gz,ftp.sra.ebi.ac.uk/vol1/run/ERR357/ERR3574847/WTCHG_559240_225109.bam,,WTCHG_559240_225109,RHB38
PRJEB34634,SAMEA5989477,ERX3573086,ERR3574848,749907,sediment metagenome,ftp.sra.ebi.ac.uk/vol1/fastq/ERR357/008/ERR3574848/ERR3574848_1.fastq.gz;ftp.sra.ebi.ac.uk/vol1/fastq/ERR357/008/ERR3574848/ERR3574848_2.fastq.gz,ftp.sra.ebi.ac.uk/vol1/run/ERR357/ERR3574848/WTCHG_559244_225109.bam,,WTCHG_559244_225109,RHB38
PRJEB34634,SAMEA5989477,ERX3573087,ERR3574849,749907,sediment metagenome,ftp.sra.ebi.ac.uk/vol1/fastq/ERR357/009/ERR3574849/ERR3574849_1.fastq.gz;ftp.sra.ebi.ac.uk/vol1/fastq/ERR357/009/ERR3574849/ERR3574849_2.fastq.gz,ftp.sra.ebi.ac.uk/vol1/run/ERR357/ERR3574849/WTCHG_559243_225109.bam,,WTCHG_559243_225109,RHB38
PRJEB34634,SAMEA5989477,ERX3573088,ERR3574850,749907,sediment metagenome,ftp.sra.ebi.ac.uk/vol1/fastq/ERR357/000/ERR3574850/ERR3574850_1.fastq.gz;ftp.sra.ebi.ac.uk/vol1/fastq/ERR357/000/ERR3574850/ERR3574850_2.fastq.gz,ftp.sra.ebi.ac.uk/vol1/run/ERR357/ERR3574850/WTCHG_559241_225109.bam,,WTCHG_559241_225109,RHB38
PRJEB34634,SAMEA5989477,ERX3573089,ERR3574851,749907,sediment metagenome,ftp.sra.ebi.ac.uk/vol1/fastq/ERR357/001/ERR3574851/ERR3574851_1.fastq.gz;ftp.sra.ebi.ac.uk/vol1/fastq/ERR357/001/ERR3574851/ERR3574851_2.fastq.gz,ftp.sra.ebi.ac.uk/vol1/run/ERR357/ERR3574851/WTCHG_550636_226121.bam,,WTCHG_550636_226121,RHB39
PRJEB34634,SAMEA5989477,ERX3573090,ERR3574852,749907,sediment metagenome,ftp.sra.ebi.ac.uk/vol1/fastq/ERR357/002/ERR3574852/ERR3574852_1.fastq.gz;ftp.sra.ebi.ac.uk/vol1/fastq/ERR357/002/ERR3574852/ERR3574852_2.fastq.gz,ftp.sra.ebi.ac.uk/vol1/run/ERR357/ERR3574852/WTCHG_551515_226121.bam,,WTCHG_551515_226121,RHB39
PRJEB34634,SAMEA5989477,ERX3573091,ERR3574853,749907,sediment metagenome,ftp.sra.ebi.ac.uk/vol1/fastq/ERR357/003/ERR3574853/ERR3574853_1.fastq.gz;ftp.sra.ebi.ac.uk/vol1/fastq/ERR357/003/ERR3574853/ERR3574853_2.fastq.gz,ftp.sra.ebi.ac.uk/vol1/run/ERR357/ERR3574853/WTCHG_551514_226121.bam,,WTCHG_551514_226121,RHB39
PRJEB34634,SAMEA5989477,ERX3573092,ERR3574854,749907,sediment metagenome,ftp.sra.ebi.ac.uk/vol1/fastq/ERR357/004/ERR3574854/ERR3574854_1.fastq.gz;ftp.sra.ebi.ac.uk/vol1/fastq/ERR357/004/ERR3574854/ERR3574854_2.fastq.gz,ftp.sra.ebi.ac.uk/vol1/run/ERR357/ERR3574854/WTCHG_554366_226121.bam,,WTCHG_554366_226121,RHB39
PRJEB34634,SAMEA5989477,ERX3573093,ERR3574855,749907,sediment metagenome,ftp.sra.ebi.ac.uk/vol1/fastq/ERR357/005/ERR3574855/ERR3574855_1.fastq.gz;ftp.sra.ebi.ac.uk/vol1/fastq/ERR357/005/ERR3574855/ERR3574855_2.fastq.gz,ftp.sra.ebi.ac.uk/vol1/run/ERR357/ERR3574855/WTCHG_554367_226121.bam,,WTCHG_554367_226121,RHB39
PRJEB34634,SAMEA5989477,ERX3573094,ERR3574856,749907,sediment metagenome,ftp.sra.ebi.ac.uk/vol1/fastq/ERR357/006/ERR3574856/ERR3574856_1.fastq.gz;ftp.sra.ebi.ac.uk/vol1/fastq/ERR357/006/ERR3574856/ERR3574856_2.fastq.gz,ftp.sra.ebi.ac.uk/vol1/run/ERR357/ERR3574856/WTCHG_555214_226121.bam,,WTCHG_555214_226121,RHB39
PRJEB34634,SAMEA5989477,ERX3573095,ERR3574857,749907,sediment metagenome,ftp.sra.ebi.ac.uk/vol1/fastq/ERR357/007/ERR3574857/ERR3574857_1.fastq.gz;ftp.sra.ebi.ac.uk/vol1/fastq/ERR357/007/ERR3574857/ERR3574857_2.fastq.gz,ftp.sra.ebi.ac.uk/vol1/run/ERR357/ERR3574857/WTCHG_555218_226121.bam,,WTCHG_555218_226121,RHB39
PRJEB34634,SAMEA5989477,ERX3573096,ERR3574858,749907,sediment metagenome,ftp.sra.ebi.ac.uk/vol1/fastq/ERR357/008/ERR3574858/ERR3574858_1.fastq.gz;ftp.sra.ebi.ac.uk/vol1/fastq/ERR357/008/ERR3574858/ERR3574858_2.fastq.gz,ftp.sra.ebi.ac.uk/vol1/run/ERR357/ERR3574858/WTCHG_555220_226121.bam,,WTCHG_555220_226121,RHB39
PRJEB34634,SAMEA5989477,ERX3573097,ERR3574859,749907,sediment metagenome,ftp.sra.ebi.ac.uk/vol1/fastq/ERR357/009/ERR3574859/ERR3574859_1.fastq.gz;ftp.sra.ebi.ac.uk/vol1/fastq/ERR357/009/ERR3574859/ERR3574859_2.fastq.gz,ftp.sra.ebi.ac.uk/vol1/run/ERR357/ERR3574859/WTCHG_555219_226121.bam,,WTCHG_555219_226121,RHB39
PRJEB34634,SAMEA5989477,ERX3573098,ERR3574860,749907,sediment metagenome,ftp.sra.ebi.ac.uk/vol1/fastq/ERR357/000/ERR3574860/ERR3574860_1.fastq.gz;ftp.sra.ebi.ac.uk/vol1/fastq/ERR357/000/ERR3574860/ERR3574860_2.fastq.gz,ftp.sra.ebi.ac.uk/vol1/run/ERR357/ERR3574860/WTCHG_555221_226121.bam,,WTCHG_555221_226121,RHB39
PRJEB34634,SAMEA5989477,ERX3573099,ERR3574861,749907,sediment metagenome,ftp.sra.ebi.ac.uk/vol1/fastq/ERR357/001/ERR3574861/ERR3574861_1.fastq.gz;ftp.sra.ebi.ac.uk/vol1/fastq/ERR357/001/ERR3574861/ERR3574861_2.fastq.gz,ftp.sra.ebi.ac.uk/vol1/run/ERR357/ERR3574861/WTCHG_555217_226121.bam,,WTCHG_555217_226121,RHB39
PRJEB34634,SAMEA5989477,ERX3573100,ERR3574862,749907,sediment metagenome,ftp.sra.ebi.ac.uk/vol1/fastq/ERR357/002/ERR3574862/ERR3574862_1.fastq.gz;ftp.sra.ebi.ac.uk/vol1/fastq/ERR357/002/ERR3574862/ERR3574862_2.fastq.gz,ftp.sra.ebi.ac.uk/vol1/run/ERR357/ERR3574862/WTCHG_555216_226121.bam,,WTCHG_555216_226121,RHB39
PRJEB34634,SAMEA5989477,ERX3573101,ERR3574863,749907,sediment metagenome,ftp.sra.ebi.ac.uk/vol1/fastq/ERR357/003/ERR3574863/ERR3574863_1.fastq.gz;ftp.sra.ebi.ac.uk/vol1/fastq/ERR357/003/ERR3574863/ERR3574863_2.fastq.gz,ftp.sra.ebi.ac.uk/vol1/run/ERR357/ERR3574863/WTCHG_555215_226121.bam,,WTCHG_555215_226121,RHB39
PRJEB34634,SAMEA5989477,ERX3573102,ERR3574864,749907,sediment metagenome,ftp.sra.ebi.ac.uk/vol1/fastq/ERR357/004/ERR3574864/ERR3574864_1.fastq.gz;ftp.sra.ebi.ac.uk/vol1/fastq/ERR357/004/ERR3574864/ERR3574864_2.fastq.gz,ftp.sra.ebi.ac.uk/vol1/run/ERR357/ERR3574864/WTCHG_559241_226121.bam,,WTCHG_559241_226121,RHB39
PRJEB34634,SAMEA5989477,ERX3573103,ERR3574865,749907,sediment metagenome,ftp.sra.ebi.ac.uk/vol1/fastq/ERR357/005/ERR3574865/ERR3574865_1.fastq.gz;ftp.sra.ebi.ac.uk/vol1/fastq/ERR357/005/ERR3574865/ERR3574865_2.fastq.gz,ftp.sra.ebi.ac.uk/vol1/run/ERR357/ERR3574865/WTCHG_559240_226121.bam,,WTCHG_559240_226121,RHB39
PRJEB34634,SAMEA5989477,ERX3573104,ERR3574866,749907,sediment metagenome,ftp.sra.ebi.ac.uk/vol1/fastq/ERR357/006/ERR3574866/ERR3574866_1.fastq.gz;ftp.sra.ebi.ac.uk/vol1/fastq/ERR357/006/ERR3574866/ERR3574866_2.fastq.gz,ftp.sra.ebi.ac.uk/vol1/run/ERR357/ERR3574866/WTCHG_559244_226121.bam,,WTCHG_559244_226121,RHB39
PRJEB34634,SAMEA5989477,ERX3573105,ERR3574867,749907,sediment metagenome,ftp.sra.ebi.ac.uk/vol1/fastq/ERR357/007/ERR3574867/ERR3574867_1.fastq.gz;ftp.sra.ebi.ac.uk/vol1/fastq/ERR357/007/ERR3574867/ERR3574867_2.fastq.gz,ftp.sra.ebi.ac.uk/vol1/run/ERR357/ERR3574867/WTCHG_559242_226121.bam,,WTCHG_559242_226121,RHB39
PRJEB34634,SAMEA5989477,ERX3573106,ERR3574868,749907,sediment metagenome,ftp.sra.ebi.ac.uk/vol1/fastq/ERR357/008/ERR3574868/ERR3574868_1.fastq.gz;ftp.sra.ebi.ac.uk/vol1/fastq/ERR357/008/ERR3574868/ERR3574868_2.fastq.gz,ftp.sra.ebi.ac.uk/vol1/run/ERR357/ERR3574868/WTCHG_559243_226121.bam,,WTCHG_559243_226121,RHB39
PRJEB34634,SAMEA5989477,ERX3573107,ERR3574869,749907,sediment metagenome,ftp.sra.ebi.ac.uk/vol1/fastq/ERR357/009/ERR3574869/ERR3574869_1.fastq.gz;ftp.sra.ebi.ac.uk/vol1/fastq/ERR357/009/ERR3574869/ERR3574869_2.fastq.gz,ftp.sra.ebi.ac.uk/vol1/run/ERR357/ERR3574869/WTCHG_550636_227133.bam,,WTCHG_550636_227133,RHB40
PRJEB34634,SAMEA5989477,ERX3573108,ERR3574870,749907,sediment metagenome,ftp.sra.ebi.ac.uk/vol1/fastq/ERR357/000/ERR3574870/ERR3574870_1.fastq.gz;ftp.sra.ebi.ac.uk/vol1/fastq/ERR357/000/ERR3574870/ERR3574870_2.fastq.gz,ftp.sra.ebi.ac.uk/vol1/run/ERR357/ERR3574870/WTCHG_551514_227133.bam,,WTCHG_551514_227133,RHB40
PRJEB34634,SAMEA5989477,ERX3573109,ERR3574871,749907,sediment metagenome,ftp.sra.ebi.ac.uk/vol1/fastq/ERR357/001/ERR3574871/ERR3574871_1.fastq.gz;ftp.sra.ebi.ac.uk/vol1/fastq/ERR357/001/ERR3574871/ERR3574871_2.fastq.gz,ftp.sra.ebi.ac.uk/vol1/run/ERR357/ERR3574871/WTCHG_551515_227133.bam,,WTCHG_551515_227133,RHB40
PRJEB34634,SAMEA5989477,ERX3573110,ERR3574872,749907,sediment metagenome,ftp.sra.ebi.ac.uk/vol1/fastq/ERR357/002/ERR3574872/ERR3574872_1.fastq.gz;ftp.sra.ebi.ac.uk/vol1/fastq/ERR357/002/ERR3574872/ERR3574872_2.fastq.gz,ftp.sra.ebi.ac.uk/vol1/run/ERR357/ERR3574872/WTCHG_554366_227133.bam,,WTCHG_554366_227133,RHB40
PRJEB34634,SAMEA5989477,ERX3573111,ERR3574873,749907,sediment metagenome,ftp.sra.ebi.ac.uk/vol1/fastq/ERR357/003/ERR3574873/ERR3574873_1.fastq.gz;ftp.sra.ebi.ac.uk/vol1/fastq/ERR357/003/ERR3574873/ERR3574873_2.fastq.gz,ftp.sra.ebi.ac.uk/vol1/run/ERR357/ERR3574873/WTCHG_554367_227133.bam,,WTCHG_554367_227133,RHB40
PRJEB34634,SAMEA5989477,ERX3573112,ERR3574874,749907,sediment metagenome,ftp.sra.ebi.ac.uk/vol1/fastq/ERR357/004/ERR3574874/ERR3574874_1.fastq.gz;ftp.sra.ebi.ac.uk/vol1/fastq/ERR357/004/ERR3574874/ERR3574874_2.fastq.gz,ftp.sra.ebi.ac.uk/vol1/run/ERR357/ERR3574874/WTCHG_555220_227133.bam,,WTCHG_555220_227133,RHB40
PRJEB34634,SAMEA5989477,ERX3573113,ERR3574875,749907,sediment metagenome,ftp.sra.ebi.ac.uk/vol1/fastq/ERR357/005/ERR3574875/ERR3574875_1.fastq.gz;ftp.sra.ebi.ac.uk/vol1/fastq/ERR357/005/ERR3574875/ERR3574875_2.fastq.gz,ftp.sra.ebi.ac.uk/vol1/run/ERR357/ERR3574875/WTCHG_555216_227133.bam,,WTCHG_555216_227133,RHB40
PRJEB34634,SAMEA5989477,ERX3573114,ERR3574876,749907,sediment metagenome,ftp.sra.ebi.ac.uk/vol1/fastq/ERR357/006/ERR3574876/ERR3574876_1.fastq.gz;ftp.sra.ebi.ac.uk/vol1/fastq/ERR357/006/ERR3574876/ERR3574876_2.fastq.gz,ftp.sra.ebi.ac.uk/vol1/run/ERR357/ERR3574876/WTCHG_555214_227133.bam,,WTCHG_555214_227133,RHB40
PRJEB34634,SAMEA5989477,ERX3573115,ERR3574877,749907,sediment metagenome,ftp.sra.ebi.ac.uk/vol1/fastq/ERR357/007/ERR3574877/ERR3574877_1.fastq.gz;ftp.sra.ebi.ac.uk/vol1/fastq/ERR357/007/ERR3574877/ERR3574877_2.fastq.gz,ftp.sra.ebi.ac.uk/vol1/run/ERR357/ERR3574877/WTCHG_555217_227133.bam,,WTCHG_555217_227133,RHB40
PRJEB34634,SAMEA5989477,ERX3573116,ERR3574878,749907,sediment metagenome,ftp.sra.ebi.ac.uk/vol1/fastq/ERR357/008/ERR3574878/ERR3574878_1.fastq.gz;ftp.sra.ebi.ac.uk/vol1/fastq/ERR357/008/ERR3574878/ERR3574878_2.fastq.gz,ftp.sra.ebi.ac.uk/vol1/run/ERR357/ERR3574878/WTCHG_555219_227133.bam,,WTCHG_555219_227133,RHB40
PRJEB34634,SAMEA5989477,ERX3573117,ERR3574879,749907,sediment metagenome,ftp.sra.ebi.ac.uk/vol1/fastq/ERR357/009/ERR3574879/ERR3574879_1.fastq.gz;ftp.sra.ebi.ac.uk/vol1/fastq/ERR357/009/ERR3574879/ERR3574879_2.fastq.gz,ftp.sra.ebi.ac.uk/vol1/run/ERR357/ERR3574879/WTCHG_555221_227133.bam,,WTCHG_555221_227133,RHB40
PRJEB34634,SAMEA5989477,ERX3573118,ERR3574880,749907,sediment metagenome,ftp.sra.ebi.ac.uk/vol1/fastq/ERR357/000/ERR3574880/ERR3574880_1.fastq.gz;ftp.sra.ebi.ac.uk/vol1/fastq/ERR357/000/ERR3574880/ERR3574880_2.fastq.gz,ftp.sra.ebi.ac.uk/vol1/run/ERR357/ERR3574880/WTCHG_555215_227133.bam,,WTCHG_555215_227133,RHB40
PRJEB34634,SAMEA5989477,ERX3573119,ERR3574881,749907,sediment metagenome,ftp.sra.ebi.ac.uk/vol1/fastq/ERR357/001/ERR3574881/ERR3574881_1.fastq.gz;ftp.sra.ebi.ac.uk/vol1/fastq/ERR357/001/ERR3574881/ERR3574881_2.fastq.gz,ftp.sra.ebi.ac.uk/vol1/run/ERR357/ERR3574881/WTCHG_555218_227133.bam,,WTCHG_555218_227133,RHB40
PRJEB34634,SAMEA5989477,ERX3573120,ERR3574882,749907,sediment metagenome,ftp.sra.ebi.ac.uk/vol1/fastq/ERR357/002/ERR3574882/ERR3574882_1.fastq.gz;ftp.sra.ebi.ac.uk/vol1/fastq/ERR357/002/ERR3574882/ERR3574882_2.fastq.gz,ftp.sra.ebi.ac.uk/vol1/run/ERR357/ERR3574882/WTCHG_559242_227133.bam,,WTCHG_559242_227133,RHB40
PRJEB34634,SAMEA5989477,ERX3573121,ERR3574883,749907,sediment metagenome,ftp.sra.ebi.ac.uk/vol1/fastq/ERR357/003/ERR3574883/ERR3574883_1.fastq.gz;ftp.sra.ebi.ac.uk/vol1/fastq/ERR357/003/ERR3574883/ERR3574883_2.fastq.gz,ftp.sra.ebi.ac.uk/vol1/run/ERR357/ERR3574883/WTCHG_559241_227133.bam,,WTCHG_559241_227133,RHB40
PRJEB34634,SAMEA5989477,ERX3573122,ERR3574884,749907,sediment metagenome,ftp.sra.ebi.ac.uk/vol1/fastq/ERR357/004/ERR3574884/ERR3574884_1.fastq.gz;ftp.sra.ebi.ac.uk/vol1/fastq/ERR357/004/ERR3574884/ERR3574884_2.fastq.gz,ftp.sra.ebi.ac.uk/vol1/run/ERR357/ERR3574884/WTCHG_559244_227133.bam,,WTCHG_559244_227133,RHB40
PRJEB34634,SAMEA5989477,ERX3573123,ERR3574885,749907,sediment metagenome,ftp.sra.ebi.ac.uk/vol1/fastq/ERR357/005/ERR3574885/ERR3574885_1.fastq.gz;ftp.sra.ebi.ac.uk/vol1/fastq/ERR357/005/ERR3574885/ERR3574885_2.fastq.gz,ftp.sra.ebi.ac.uk/vol1/run/ERR357/ERR3574885/WTCHG_559240_227133.bam,,WTCHG_559240_227133,RHB40
PRJEB34634,SAMEA5989477,ERX3573124,ERR3574886,749907,sediment metagenome,ftp.sra.ebi.ac.uk/vol1/fastq/ERR357/006/ERR3574886/ERR3574886_1.fastq.gz;ftp.sra.ebi.ac.uk/vol1/fastq/ERR357/006/ERR3574886/ERR3574886_2.fastq.gz,ftp.sra.ebi.ac.uk/vol1/run/ERR357/ERR3574886/WTCHG_559243_227133.bam,,WTCHG_559243_227133,RHB40
PRJEB34634,SAMEA5989477,ERX3573125,ERR3574887,749907,sediment metagenome,ftp.sra.ebi.ac.uk/vol1/fastq/ERR357/007/ERR3574887/ERR3574887_1.fastq.gz;ftp.sra.ebi.ac.uk/vol1/fastq/ERR357/007/ERR3574887/ERR3574887_2.fastq.gz,ftp.sra.ebi.ac.uk/vol1/run/ERR357/ERR3574887/WTCHG_550636_228145.bam,,WTCHG_550636_228145,RHB41
PRJEB34634,SAMEA5989477,ERX3573126,ERR3574888,749907,sediment metagenome,ftp.sra.ebi.ac.uk/vol1/fastq/ERR357/008/ERR3574888/ERR3574888_1.fastq.gz;ftp.sra.ebi.ac.uk/vol1/fastq/ERR357/008/ERR3574888/ERR3574888_2.fastq.gz,ftp.sra.ebi.ac.uk/vol1/run/ERR357/ERR3574888/WTCHG_551515_228145.bam,,WTCHG_551515_228145,RHB41
PRJEB34634,SAMEA5989477,ERX3573127,ERR3574889,749907,sediment metagenome,ftp.sra.ebi.ac.uk/vol1/fastq/ERR357/009/ERR3574889/ERR3574889_1.fastq.gz;ftp.sra.ebi.ac.uk/vol1/fastq/ERR357/009/ERR3574889/ERR3574889_2.fastq.gz,ftp.sra.ebi.ac.uk/vol1/run/ERR357/ERR3574889/WTCHG_551514_228145.bam,,WTCHG_551514_228145,RHB41
PRJEB34634,SAMEA5989477,ERX3573128,ERR3574890,749907,sediment metagenome,ftp.sra.ebi.ac.uk/vol1/fastq/ERR357/000/ERR3574890/ERR3574890_1.fastq.gz;ftp.sra.ebi.ac.uk/vol1/fastq/ERR357/000/ERR3574890/ERR3574890_2.fastq.gz,ftp.sra.ebi.ac.uk/vol1/run/ERR357/ERR3574890/WTCHG_554366_228145.bam,,WTCHG_554366_228145,RHB41
PRJEB34634,SAMEA5989477,ERX3573129,ERR3574891,749907,sediment metagenome,ftp.sra.ebi.ac.uk/vol1/fastq/ERR357/001/ERR3574891/ERR3574891_1.fastq.gz;ftp.sra.ebi.ac.uk/vol1/fastq/ERR357/001/ERR3574891/ERR3574891_2.fastq.gz,ftp.sra.ebi.ac.uk/vol1/run/ERR357/ERR3574891/WTCHG_554367_228145.bam,,WTCHG_554367_228145,RHB41
PRJEB34634,SAMEA5989477,ERX3573130,ERR3574892,749907,sediment metagenome,ftp.sra.ebi.ac.uk/vol1/fastq/ERR357/002/ERR3574892/ERR3574892_1.fastq.gz;ftp.sra.ebi.ac.uk/vol1/fastq/ERR357/002/ERR3574892/ERR3574892_2.fastq.gz,ftp.sra.ebi.ac.uk/vol1/run/ERR357/ERR3574892/WTCHG_555221_228145.bam,,WTCHG_555221_228145,RHB41
PRJEB34634,SAMEA5989477,ERX3573131,ERR3574893,749907,sediment metagenome,ftp.sra.ebi.ac.uk/vol1/fastq/ERR357/003/ERR3574893/ERR3574893_1.fastq.gz;ftp.sra.ebi.ac.uk/vol1/fastq/ERR357/003/ERR3574893/ERR3574893_2.fastq.gz,ftp.sra.ebi.ac.uk/vol1/run/ERR357/ERR3574893/WTCHG_555219_228145.bam,,WTCHG_555219_228145,RHB41
PRJEB34634,SAMEA5989477,ERX3573132,ERR3574894,749907,sediment metagenome,ftp.sra.ebi.ac.uk/vol1/fastq/ERR357/004/ERR3574894/ERR3574894_1.fastq.gz;ftp.sra.ebi.ac.uk/vol1/fastq/ERR357/004/ERR3574894/ERR3574894_2.fastq.gz,ftp.sra.ebi.ac.uk/vol1/run/ERR357/ERR3574894/WTCHG_555218_228145.bam,,WTCHG_555218_228145,RHB41
PRJEB34634,SAMEA5989477,ERX3573133,ERR3574895,749907,sediment metagenome,ftp.sra.ebi.ac.uk/vol1/fastq/ERR357/005/ERR3574895/ERR3574895_1.fastq.gz;ftp.sra.ebi.ac.uk/vol1/fastq/ERR357/005/ERR3574895/ERR3574895_2.fastq.gz,ftp.sra.ebi.ac.uk/vol1/run/ERR357/ERR3574895/WTCHG_555215_228145.bam,,WTCHG_555215_228145,RHB41
PRJEB34634,SAMEA5989477,ERX3573134,ERR3574896,749907,sediment metagenome,ftp.sra.ebi.ac.uk/vol1/fastq/ERR357/006/ERR3574896/ERR3574896_1.fastq.gz;ftp.sra.ebi.ac.uk/vol1/fastq/ERR357/006/ERR3574896/ERR3574896_2.fastq.gz,ftp.sra.ebi.ac.uk/vol1/run/ERR357/ERR3574896/WTCHG_555217_228145.bam,,WTCHG_555217_228145,RHB41
PRJEB34634,SAMEA5989477,ERX3573135,ERR3574897,749907,sediment metagenome,ftp.sra.ebi.ac.uk/vol1/fastq/ERR357/007/ERR3574897/ERR3574897_1.fastq.gz;ftp.sra.ebi.ac.uk/vol1/fastq/ERR357/007/ERR3574897/ERR3574897_2.fastq.gz,ftp.sra.ebi.ac.uk/vol1/run/ERR357/ERR3574897/WTCHG_555220_228145.bam,,WTCHG_555220_228145,RHB41
PRJEB34634,SAMEA5989477,ERX3573136,ERR3574898,749907,sediment metagenome,ftp.sra.ebi.ac.uk/vol1/fastq/ERR357/008/ERR3574898/ERR3574898_1.fastq.gz;ftp.sra.ebi.ac.uk/vol1/fastq/ERR357/008/ERR3574898/ERR3574898_2.fastq.gz,ftp.sra.ebi.ac.uk/vol1/run/ERR357/ERR3574898/WTCHG_555214_228145.bam,,WTCHG_555214_228145,RHB41
PRJEB34634,SAMEA5989477,ERX3573137,ERR3574899,749907,sediment metagenome,ftp.sra.ebi.ac.uk/vol1/fastq/ERR357/009/ERR3574899/ERR3574899_1.fastq.gz;ftp.sra.ebi.ac.uk/vol1/fastq/ERR357/009/ERR3574899/ERR3574899_2.fastq.gz,ftp.sra.ebi.ac.uk/vol1/run/ERR357/ERR3574899/WTCHG_555216_228145.bam,,WTCHG_555216_228145,RHB41
PRJEB34634,SAMEA5989477,ERX3573138,ERR3574900,749907,sediment metagenome,ftp.sra.ebi.ac.uk/vol1/fastq/ERR357/000/ERR3574900/ERR3574900_1.fastq.gz;ftp.sra.ebi.ac.uk/vol1/fastq/ERR357/000/ERR3574900/ERR3574900_2.fastq.gz,ftp.sra.ebi.ac.uk/vol1/run/ERR357/ERR3574900/WTCHG_559243_228145.bam,,WTCHG_559243_228145,RHB41
PRJEB34634,SAMEA5989477,ERX3573139,ERR3574901,749907,sediment metagenome,ftp.sra.ebi.ac.uk/vol1/fastq/ERR357/001/ERR3574901/ERR3574901_1.fastq.gz;ftp.sra.ebi.ac.uk/vol1/fastq/ERR357/001/ERR3574901/ERR3574901_2.fastq.gz,ftp.sra.ebi.ac.uk/vol1/run/ERR357/ERR3574901/WTCHG_559242_228145.bam,,WTCHG_559242_228145,RHB41
PRJEB34634,SAMEA5989477,ERX3573140,ERR3574902,749907,sediment metagenome,ftp.sra.ebi.ac.uk/vol1/fastq/ERR357/002/ERR3574902/ERR3574902_1.fastq.gz;ftp.sra.ebi.ac.uk/vol1/fastq/ERR357/002/ERR3574902/ERR3574902_2.fastq.gz,ftp.sra.ebi.ac.uk/vol1/run/ERR357/ERR3574902/WTCHG_559241_228145.bam,,WTCHG_559241_228145,RHB41
PRJEB34634,SAMEA5989477,ERX3573141,ERR3574903,749907,sediment metagenome,ftp.sra.ebi.ac.uk/vol1/fastq/ERR357/003/ERR3574903/ERR3574903_1.fastq.gz;ftp.sra.ebi.ac.uk/vol1/fastq/ERR357/003/ERR3574903/ERR3574903_2.fastq.gz,ftp.sra.ebi.ac.uk/vol1/run/ERR357/ERR3574903/WTCHG_559244_228145.bam,,WTCHG_559244_228145,RHB41
PRJEB34634,SAMEA5989477,ERX3573142,ERR3574904,749907,sediment metagenome,ftp.sra.ebi.ac.uk/vol1/fastq/ERR357/004/ERR3574904/ERR3574904_1.fastq.gz;ftp.sra.ebi.ac.uk/vol1/fastq/ERR357/004/ERR3574904/ERR3574904_2.fastq.gz,ftp.sra.ebi.ac.uk/vol1/run/ERR357/ERR3574904/WTCHG_559240_228145.bam,,WTCHG_559240_228145,RHB41
PRJEB34634,SAMEA5989477,ERX3573143,ERR3574905,749907,sediment metagenome,ftp.sra.ebi.ac.uk/vol1/fastq/ERR357/005/ERR3574905/ERR3574905_1.fastq.gz;ftp.sra.ebi.ac.uk/vol1/fastq/ERR357/005/ERR3574905/ERR3574905_2.fastq.gz,ftp.sra.ebi.ac.uk/vol1/run/ERR357/ERR3574905/WTCHG_550636_229157.bam,,WTCHG_550636_229157,RHB42
PRJEB34634,SAMEA5989477,ERX3573144,ERR3574906,749907,sediment metagenome,ftp.sra.ebi.ac.uk/vol1/fastq/ERR357/006/ERR3574906/ERR3574906_1.fastq.gz;ftp.sra.ebi.ac.uk/vol1/fastq/ERR357/006/ERR3574906/ERR3574906_2.fastq.gz,ftp.sra.ebi.ac.uk/vol1/run/ERR357/ERR3574906/WTCHG_551514_229157.bam,,WTCHG_551514_229157,RHB42
PRJEB34634,SAMEA5989477,ERX3573145,ERR3574907,749907,sediment metagenome,ftp.sra.ebi.ac.uk/vol1/fastq/ERR357/007/ERR3574907/ERR3574907_1.fastq.gz;ftp.sra.ebi.ac.uk/vol1/fastq/ERR357/007/ERR3574907/ERR3574907_2.fastq.gz,ftp.sra.ebi.ac.uk/vol1/run/ERR357/ERR3574907/WTCHG_551515_229157.bam,,WTCHG_551515_229157,RHB42
PRJEB34634,SAMEA5989477,ERX3573146,ERR3574908,749907,sediment metagenome,ftp.sra.ebi.ac.uk/vol1/fastq/ERR357/008/ERR3574908/ERR3574908_1.fastq.gz;ftp.sra.ebi.ac.uk/vol1/fastq/ERR357/008/ERR3574908/ERR3574908_2.fastq.gz,ftp.sra.ebi.ac.uk/vol1/run/ERR357/ERR3574908/WTCHG_554366_229157.bam,,WTCHG_554366_229157,RHB42
PRJEB34634,SAMEA5989477,ERX3573147,ERR3574909,749907,sediment metagenome,ftp.sra.ebi.ac.uk/vol1/fastq/ERR357/009/ERR3574909/ERR3574909_1.fastq.gz;ftp.sra.ebi.ac.uk/vol1/fastq/ERR357/009/ERR3574909/ERR3574909_2.fastq.gz,ftp.sra.ebi.ac.uk/vol1/run/ERR357/ERR3574909/WTCHG_554367_229157.bam,,WTCHG_554367_229157,RHB42
PRJEB34634,SAMEA5989477,ERX3573148,ERR3574910,749907,sediment metagenome,ftp.sra.ebi.ac.uk/vol1/fastq/ERR357/000/ERR3574910/ERR3574910_1.fastq.gz;ftp.sra.ebi.ac.uk/vol1/fastq/ERR357/000/ERR3574910/ERR3574910_2.fastq.gz,ftp.sra.ebi.ac.uk/vol1/run/ERR357/ERR3574910/WTCHG_555214_229157.bam,,WTCHG_555214_229157,RHB42
PRJEB34634,SAMEA5989477,ERX3573149,ERR3574911,749907,sediment metagenome,ftp.sra.ebi.ac.uk/vol1/fastq/ERR357/001/ERR3574911/ERR3574911_1.fastq.gz;ftp.sra.ebi.ac.uk/vol1/fastq/ERR357/001/ERR3574911/ERR3574911_2.fastq.gz,ftp.sra.ebi.ac.uk/vol1/run/ERR357/ERR3574911/WTCHG_555219_229157.bam,,WTCHG_555219_229157,RHB42
PRJEB34634,SAMEA5989477,ERX3573150,ERR3574912,749907,sediment metagenome,ftp.sra.ebi.ac.uk/vol1/fastq/ERR357/002/ERR3574912/ERR3574912_1.fastq.gz;ftp.sra.ebi.ac.uk/vol1/fastq/ERR357/002/ERR3574912/ERR3574912_2.fastq.gz,ftp.sra.ebi.ac.uk/vol1/run/ERR357/ERR3574912/WTCHG_555215_229157.bam,,WTCHG_555215_229157,RHB42
PRJEB34634,SAMEA5989477,ERX3573151,ERR3574913,749907,sediment metagenome,ftp.sra.ebi.ac.uk/vol1/fastq/ERR357/003/ERR3574913/ERR3574913_1.fastq.gz;ftp.sra.ebi.ac.uk/vol1/fastq/ERR357/003/ERR3574913/ERR3574913_2.fastq.gz,ftp.sra.ebi.ac.uk/vol1/run/ERR357/ERR3574913/WTCHG_555217_229157.bam,,WTCHG_555217_229157,RHB42
PRJEB34634,SAMEA5989477,ERX3573152,ERR3574914,749907,sediment metagenome,ftp.sra.ebi.ac.uk/vol1/fastq/ERR357/004/ERR3574914/ERR3574914_1.fastq.gz;ftp.sra.ebi.ac.uk/vol1/fastq/ERR357/004/ERR3574914/ERR3574914_2.fastq.gz,ftp.sra.ebi.ac.uk/vol1/run/ERR357/ERR3574914/WTCHG_555216_229157.bam,,WTCHG_555216_229157,RHB42
PRJEB34634,SAMEA5989477,ERX3573153,ERR3574915,749907,sediment metagenome,ftp.sra.ebi.ac.uk/vol1/fastq/ERR357/005/ERR3574915/ERR3574915_1.fastq.gz;ftp.sra.ebi.ac.uk/vol1/fastq/ERR357/005/ERR3574915/ERR3574915_2.fastq.gz,ftp.sra.ebi.ac.uk/vol1/run/ERR357/ERR3574915/WTCHG_555220_229157.bam,,WTCHG_555220_229157,RHB42
PRJEB34634,SAMEA5989477,ERX3573154,ERR3574916,749907,sediment metagenome,ftp.sra.ebi.ac.uk/vol1/fastq/ERR357/006/ERR3574916/ERR3574916_1.fastq.gz;ftp.sra.ebi.ac.uk/vol1/fastq/ERR357/006/ERR3574916/ERR3574916_2.fastq.gz,ftp.sra.ebi.ac.uk/vol1/run/ERR357/ERR3574916/WTCHG_555221_229157.bam,,WTCHG_555221_229157,RHB42
PRJEB34634,SAMEA5989477,ERX3573155,ERR3574917,749907,sediment metagenome,ftp.sra.ebi.ac.uk/vol1/fastq/ERR357/007/ERR3574917/ERR3574917_1.fastq.gz;ftp.sra.ebi.ac.uk/vol1/fastq/ERR357/007/ERR3574917/ERR3574917_2.fastq.gz,ftp.sra.ebi.ac.uk/vol1/run/ERR357/ERR3574917/WTCHG_555218_229157.bam,,WTCHG_555218_229157,RHB42
PRJEB34634,SAMEA5989477,ERX3573156,ERR3574918,749907,sediment metagenome,ftp.sra.ebi.ac.uk/vol1/fastq/ERR357/008/ERR3574918/ERR3574918_1.fastq.gz;ftp.sra.ebi.ac.uk/vol1/fastq/ERR357/008/ERR3574918/ERR3574918_2.fastq.gz,ftp.sra.ebi.ac.uk/vol1/run/ERR357/ERR3574918/WTCHG_559244_229157.bam,,WTCHG_559244_229157,RHB42
PRJEB34634,SAMEA5989477,ERX3573157,ERR3574919,749907,sediment metagenome,ftp.sra.ebi.ac.uk/vol1/fastq/ERR357/009/ERR3574919/ERR3574919_1.fastq.gz;ftp.sra.ebi.ac.uk/vol1/fastq/ERR357/009/ERR3574919/ERR3574919_2.fastq.gz,ftp.sra.ebi.ac.uk/vol1/run/ERR357/ERR3574919/WTCHG_559241_229157.bam,,WTCHG_559241_229157,RHB42
PRJEB34634,SAMEA5989477,ERX3573158,ERR3574920,749907,sediment metagenome,ftp.sra.ebi.ac.uk/vol1/fastq/ERR357/000/ERR3574920/ERR3574920_1.fastq.gz;ftp.sra.ebi.ac.uk/vol1/fastq/ERR357/000/ERR3574920/ERR3574920_2.fastq.gz,ftp.sra.ebi.ac.uk/vol1/run/ERR357/ERR3574920/WTCHG_559240_229157.bam,,WTCHG_559240_229157,RHB42
PRJEB34634,SAMEA5989477,ERX3573159,ERR3574921,749907,sediment metagenome,ftp.sra.ebi.ac.uk/vol1/fastq/ERR357/001/ERR3574921/ERR3574921_1.fastq.gz;ftp.sra.ebi.ac.uk/vol1/fastq/ERR357/001/ERR3574921/ERR3574921_2.fastq.gz,ftp.sra.ebi.ac.uk/vol1/run/ERR357/ERR3574921/WTCHG_559243_229157.bam,,WTCHG_559243_229157,RHB42
PRJEB34634,SAMEA5989477,ERX3573160,ERR3574922,749907,sediment metagenome,ftp.sra.ebi.ac.uk/vol1/fastq/ERR357/002/ERR3574922/ERR3574922_1.fastq.gz;ftp.sra.ebi.ac.uk/vol1/fastq/ERR357/002/ERR3574922/ERR3574922_2.fastq.gz,ftp.sra.ebi.ac.uk/vol1/run/ERR357/ERR3574922/WTCHG_559242_229157.bam,,WTCHG_559242_229157,RHB42
